document_id,parser,chunker,query_id,question_type,n_evidence,n_present_in_corpus,coverage,n_chunks
D1,normal,basic,D1-Q001,exact_fact,1,1,1.0,126
D1,normal,basic,D1-Q002,temporal,1,1,1.0,126
D1,normal,basic,D1-Q003,list_membership,11,11,1.0,126
D1,normal,basic,D1-Q004,exact_fact,1,1,1.0,126
D1,normal,basic,D1-Q005,exact_fact,1,1,1.0,126
D1,normal,basic,D1-Q006,exact_fact,1,1,1.0,126
D1,normal,basic,D1-Q007,paraphrase,1,1,1.0,126
D1,normal,basic,D1-Q008,exact_fact,1,1,1.0,126
D1,normal,basic,D1-Q009,list_membership,1,1,1.0,126
D1,normal,basic,D1-Q010,exact_fact,1,1,1.0,126
D1,normal,basic,D1-Q011,exact_fact,1,1,1.0,126
D1,normal,basic,D1-Q012,exact_fact,1,1,1.0,126
D1,normal,basic,D1-Q013,list_membership,3,2,0.6666666666666666,126
D1,normal,basic,D1-Q014,exact_fact,1,1,1.0,126
D1,normal,basic,D1-Q015,exact_fact,1,1,1.0,126
D1,normal,basic,D1-Q016,list_membership,3,3,1.0,126
D1,normal,basic,D1-Q017,exact_fact,1,1,1.0,126
D1,normal,basic,D1-Q018,exact_fact,1,1,1.0,126
D1,normal,basic,D1-Q019,conditional_exception,1,1,1.0,126
D1,normal,basic,D1-Q020,procedural,1,1,1.0,126
D1,normal,basic,D1-Q021,conditional_exception,1,1,1.0,126
D1,normal,basic,D1-Q022,numerical,1,1,1.0,126
D1,normal,basic,D1-Q023,negation,1,1,1.0,126
D1,normal,basic,D1-Q024,conditional_exception,1,1,1.0,126
D1,normal,basic,D1-Q025,negation,1,1,1.0,126
D1,normal,basic,D1-Q026,paraphrase,1,1,1.0,126
D1,normal,basic,D1-Q027,exact_fact,1,1,1.0,126
D1,normal,basic,D1-Q028,conditional_exception,1,1,1.0,126
D1,normal,basic,D1-Q029,exact_fact,1,1,1.0,126
D1,normal,basic,D1-Q030,exact_fact,1,1,1.0,126
D1,normal,basic,D1-Q031,negation,1,1,1.0,126
D1,normal,basic,D1-Q032,temporal,1,1,1.0,126
D1,normal,basic,D1-Q033,exact_fact,1,1,1.0,126
D1,normal,basic,D1-Q034,negation,1,1,1.0,126
D1,normal,basic,D1-Q035,numerical,1,1,1.0,126
D1,normal,basic,D1-Q036,conditional_exception,1,1,1.0,126
D1,normal,basic,D1-Q037,conditional_exception,1,1,1.0,126
D1,normal,basic,D1-Q038,negation,1,1,1.0,126
D1,normal,basic,D1-Q039,exact_fact,1,1,1.0,126
D1,normal,basic,D1-Q040,exact_fact,1,1,1.0,126
D1,normal,basic,D1-Q041,negation,1,1,1.0,126
D1,normal,basic,D1-Q042,exact_fact,1,1,1.0,126
D1,normal,basic,D1-Q043,list_membership,1,1,1.0,126
D1,normal,basic,D1-Q044,exact_fact,1,1,1.0,126
D1,normal,basic,D1-Q045,exact_fact,1,1,1.0,126
D1,normal,basic,D1-Q046,procedural,1,1,1.0,126
D1,normal,basic,D1-Q047,numerical,1,1,1.0,126
D1,normal,basic,D1-Q048,negation,1,1,1.0,126
D1,normal,basic,D1-Q049,procedural,1,1,1.0,126
D1,normal,basic,D1-Q050,procedural,1,1,1.0,126
D1,normal,basic,D1-Q051,list_membership,3,3,1.0,126
D1,normal,basic,D1-Q052,negation,1,1,1.0,126
D1,normal,basic,D1-Q053,numerical,1,1,1.0,126
D1,normal,basic,D1-Q054,exact_fact,1,1,1.0,126
D1,normal,basic,D1-Q055,conditional_exception,1,1,1.0,126
D1,normal,basic,D1-Q056,procedural,1,1,1.0,126
D1,normal,basic,D1-Q057,exact_fact,1,1,1.0,126
D1,normal,basic,D1-Q058,negation,1,1,1.0,126
D1,normal,basic,D1-Q059,procedural,1,1,1.0,126
D1,normal,basic,D1-Q060,negation,1,1,1.0,126
D1,normal,basic,D1-Q061,procedural,1,1,1.0,126
D1,normal,basic,D1-Q062,numerical,1,1,1.0,126
D1,normal,basic,D1-Q063,numerical,1,1,1.0,126
D1,normal,basic,D1-Q064,numerical,1,1,1.0,126
D1,normal,basic,D1-Q065,numerical,1,1,1.0,126
D1,normal,basic,D1-Q066,list_membership,1,1,1.0,126
D1,normal,basic,D1-Q067,numerical,1,1,1.0,126
D1,normal,basic,D1-Q068,numerical,1,1,1.0,126
D1,normal,basic,D1-Q069,numerical,1,1,1.0,126
D1,normal,basic,D1-Q070,numerical,1,1,1.0,126
D1,normal,basic,D1-Q071,numerical,1,1,1.0,126
D1,normal,basic,D1-Q072,numerical,1,1,1.0,126
D1,normal,basic,D1-Q073,numerical,1,1,1.0,126
D1,normal,basic,D1-Q074,numerical,1,1,1.0,126
D1,normal,basic,D1-Q075,numerical,1,1,1.0,126
D1,normal,basic,D1-Q076,numerical,1,1,1.0,126
D1,normal,basic,D1-Q077,numerical,1,1,1.0,126
D1,normal,basic,D1-Q078,conditional_exception,1,1,1.0,126
D1,normal,basic,D1-Q079,conditional_exception,3,3,1.0,126
D1,normal,basic,D1-Q080,numerical,2,2,1.0,126
D1,normal,basic,D1-Q081,numerical,1,1,1.0,126
D1,normal,basic,D1-Q082,procedural,1,1,1.0,126
D1,normal,basic,D1-Q083,numerical,2,2,1.0,126
D1,normal,basic,D1-Q084,exact_fact,1,1,1.0,126
D1,normal,basic,D1-Q085,numerical,1,1,1.0,126
D1,normal,basic,D1-Q086,negation,1,1,1.0,126
D1,normal,basic,D1-Q087,numerical,1,1,1.0,126
D1,normal,basic,D1-Q088,numerical,1,1,1.0,126
D1,normal,basic,D1-Q089,numerical,1,1,1.0,126
D1,normal,basic,D1-Q090,numerical,1,1,1.0,126
D1,normal,basic,D1-Q091,numerical,1,1,1.0,126
D1,normal,basic,D1-Q092,procedural,1,0,0.0,126
D1,normal,basic,D1-Q093,numerical,1,1,1.0,126
D1,normal,basic,D1-Q094,exact_fact,1,1,1.0,126
D1,normal,basic,D1-Q095,exact_fact,1,1,1.0,126
D1,normal,basic,D1-Q096,negation,1,1,1.0,126
D1,normal,basic,D1-Q097,exact_fact,1,1,1.0,126
D1,normal,basic,D1-Q098,numerical,1,1,1.0,126
D1,normal,basic,D1-Q099,numerical,1,1,1.0,126
D1,normal,basic,D1-Q100,exact_fact,1,1,1.0,126
D1,normal,basic,D1-Q101,numerical,1,1,1.0,126
D1,normal,basic,D1-Q102,negation,1,1,1.0,126
D1,normal,basic,D1-Q103,numerical,1,1,1.0,126
D1,normal,basic,D1-Q104,negation,1,1,1.0,126
D1,normal,basic,D1-Q105,numerical,1,1,1.0,126
D1,normal,basic,D1-Q106,numerical,1,1,1.0,126
D1,normal,basic,D1-Q107,numerical,1,1,1.0,126
D1,normal,basic,D1-Q108,numerical,1,1,1.0,126
D1,normal,basic,D1-Q109,numerical,1,1,1.0,126
D1,normal,basic,D1-Q110,exact_fact,1,1,1.0,126
D1,normal,basic,D1-Q111,exact_fact,1,1,1.0,126
D1,normal,basic,D1-Q112,numerical,1,1,1.0,126
D1,normal,basic,D1-Q113,numerical,1,1,1.0,126
D1,normal,basic,D1-Q114,numerical,1,1,1.0,126
D1,normal,basic,D1-Q115,negation,1,1,1.0,126
D1,normal,basic,D1-Q116,list_membership,3,3,1.0,126
D1,normal,basic,D1-Q117,numerical,1,1,1.0,126
D1,normal,basic,D1-Q118,negation,1,1,1.0,126
D1,normal,basic,D1-Q119,exact_fact,1,1,1.0,126
D1,normal,basic,D1-Q120,numerical,2,2,1.0,126
D1,normal,basic,D1-Q121,numerical,1,1,1.0,126
D1,normal,basic,D1-Q122,numerical,1,1,1.0,126
D1,normal,basic,D1-Q123,procedural,1,1,1.0,126
D1,normal,basic,D1-Q124,exact_fact,1,1,1.0,126
D1,normal,basic,D1-Q125,exact_fact,1,1,1.0,126
D1,normal,basic,D1-Q126,negation,1,1,1.0,126
D1,normal,basic,D1-Q127,numerical,1,1,1.0,126
D1,normal,basic,D1-Q128,numerical,1,1,1.0,126
D1,normal,basic,D1-Q129,exact_fact,1,1,1.0,126
D1,normal,basic,D1-Q130,numerical,1,1,1.0,126
D1,normal,basic,D1-Q131,negation,1,1,1.0,126
D1,normal,basic,D1-Q132,negation,1,1,1.0,126
D1,normal,basic,D1-Q133,procedural,3,3,1.0,126
D1,normal,basic,D1-Q134,exact_fact,1,1,1.0,126
D1,normal,basic,D1-Q135,conditional_exception,1,1,1.0,126
D1,normal,basic,D1-Q136,exact_fact,1,1,1.0,126
D1,normal,basic,D1-Q137,table_lookup,6,5,0.8333333333333334,126
D1,normal,basic,D1-Q138,table_context,3,3,1.0,126
D1,normal,basic,D1-Q139,heading_context,1,1,1.0,126
D1,normal,basic,D1-Q140,exact_fact,1,1,1.0,126
D1,normal,basic,D1-Q141,exact_fact,1,1,1.0,126
D1,normal,basic,D1-Q142,exact_fact,1,1,1.0,126
D1,normal,basic,D1-Q143,exact_fact,1,1,1.0,126
D1,normal,basic,D1-Q144,exact_fact,1,1,1.0,126
D1,normal,basic,D1-Q145,exact_fact,1,1,1.0,126
D1,normal,basic,D1-Q146,exact_fact,1,1,1.0,126
D1,normal,basic,D1-Q147,exact_fact,1,1,1.0,126
D1,normal,basic,D1-Q148,exact_fact,1,1,1.0,126
D1,normal,basic,D1-Q149,exact_fact,1,1,1.0,126
D1,normal,basic,D1-Q150,numerical,1,1,1.0,126
D1,normal,basic,D1-Q151,numerical,2,2,1.0,126
D1,normal,basic,D1-Q152,numerical,1,1,1.0,126
D1,normal,basic,D1-Q153,numerical,1,1,1.0,126
D1,normal,basic,D1-Q154,numerical,1,1,1.0,126
D1,normal,basic,D1-Q155,numerical,1,1,1.0,126
D1,normal,basic,D1-Q156,numerical,1,1,1.0,126
D1,normal,basic,D1-Q157,numerical,1,1,1.0,126
D1,normal,basic,D1-Q158,numerical,1,1,1.0,126
D1,normal,basic,D1-Q159,procedural,1,1,1.0,126
D1,normal,basic,D1-Q160,exact_fact,1,1,1.0,126
D1,normal,basic,D1-Q161,numerical,1,1,1.0,126
D1,normal,basic,D1-Q162,procedural,1,1,1.0,126
D1,normal,basic,D1-Q163,exact_fact,1,0,0.0,126
D1,normal,basic,D1-Q164,procedural,1,1,1.0,126
D1,normal,basic,D1-Q165,exact_fact,1,1,1.0,126
D1,normal,basic,D1-Q166,negation,1,1,1.0,126
D1,normal,basic,D1-Q167,numerical,1,1,1.0,126
D1,normal,basic,D1-Q168,procedural,1,1,1.0,126
D1,normal,basic,D1-Q169,exact_fact,1,1,1.0,126
D1,normal,basic,D1-Q170,temporal,1,1,1.0,126
D1,normal,basic,D1-Q171,temporal,1,1,1.0,126
D1,normal,basic,D1-Q172,exact_fact,1,1,1.0,126
D1,normal,basic,D1-Q173,procedural,1,1,1.0,126
D1,normal,basic,D1-Q174,conditional_exception,1,1,1.0,126
D1,normal,basic,D1-Q175,negation,1,1,1.0,126
D1,normal,basic,D1-Q176,procedural,1,1,1.0,126
D1,normal,basic,D1-Q177,exact_fact,1,1,1.0,126
D1,normal,basic,D1-Q178,negation,1,1,1.0,126
D1,normal,basic,D1-Q179,exact_fact,1,1,1.0,126
D1,normal,basic,D1-Q180,exact_fact,1,1,1.0,126
D1,normal,basic,D1-Q181,procedural,1,1,1.0,126
D1,normal,basic,D1-Q182,conditional_exception,1,1,1.0,126
D1,normal,basic,D1-Q183,conditional_exception,1,1,1.0,126
D1,normal,basic,D1-Q184,numerical,1,1,1.0,126
D1,normal,basic,D1-Q185,procedural,1,1,1.0,126
D1,normal,basic,D1-Q186,conditional_exception,1,1,1.0,126
D1,normal,basic,D1-Q187,numerical,1,1,1.0,126
D1,normal,basic,D1-Q188,numerical,1,1,1.0,126
D1,normal,basic,D1-Q189,exact_fact,1,1,1.0,126
D1,normal,basic,D1-Q190,conditional_exception,1,1,1.0,126
D1,normal,basic,D1-Q191,conditional_exception,1,1,1.0,126
D1,normal,basic,D1-Q192,list_membership,1,1,1.0,126
D1,normal,basic,D1-Q193,procedural,1,1,1.0,126
D1,normal,basic,D1-Q194,procedural,1,1,1.0,126
D1,normal,basic,D1-Q195,conditional_exception,1,1,1.0,126
D1,normal,basic,D1-Q196,exact_fact,1,1,1.0,126
D1,normal,basic,D1-Q197,procedural,1,1,1.0,126
D1,normal,basic,D1-Q198,conditional_exception,1,1,1.0,126
D1,normal,basic,D1-Q199,conditional_exception,1,1,1.0,126
D1,normal,basic,D1-Q200,numerical,1,0,0.0,126
D1,normal,medium,D1-Q001,exact_fact,1,1,1.0,619
D1,normal,medium,D1-Q002,temporal,1,1,1.0,619
D1,normal,medium,D1-Q003,list_membership,11,11,1.0,619
D1,normal,medium,D1-Q004,exact_fact,1,1,1.0,619
D1,normal,medium,D1-Q005,exact_fact,1,1,1.0,619
D1,normal,medium,D1-Q006,exact_fact,1,1,1.0,619
D1,normal,medium,D1-Q007,paraphrase,1,1,1.0,619
D1,normal,medium,D1-Q008,exact_fact,1,1,1.0,619
D1,normal,medium,D1-Q009,list_membership,1,1,1.0,619
D1,normal,medium,D1-Q010,exact_fact,1,1,1.0,619
D1,normal,medium,D1-Q011,exact_fact,1,1,1.0,619
D1,normal,medium,D1-Q012,exact_fact,1,1,1.0,619
D1,normal,medium,D1-Q013,list_membership,3,2,0.6666666666666666,619
D1,normal,medium,D1-Q014,exact_fact,1,1,1.0,619
D1,normal,medium,D1-Q015,exact_fact,1,1,1.0,619
D1,normal,medium,D1-Q016,list_membership,3,3,1.0,619
D1,normal,medium,D1-Q017,exact_fact,1,1,1.0,619
D1,normal,medium,D1-Q018,exact_fact,1,1,1.0,619
D1,normal,medium,D1-Q019,conditional_exception,1,1,1.0,619
D1,normal,medium,D1-Q020,procedural,1,1,1.0,619
D1,normal,medium,D1-Q021,conditional_exception,1,1,1.0,619
D1,normal,medium,D1-Q022,numerical,1,1,1.0,619
D1,normal,medium,D1-Q023,negation,1,1,1.0,619
D1,normal,medium,D1-Q024,conditional_exception,1,1,1.0,619
D1,normal,medium,D1-Q025,negation,1,1,1.0,619
D1,normal,medium,D1-Q026,paraphrase,1,1,1.0,619
D1,normal,medium,D1-Q027,exact_fact,1,1,1.0,619
D1,normal,medium,D1-Q028,conditional_exception,1,1,1.0,619
D1,normal,medium,D1-Q029,exact_fact,1,1,1.0,619
D1,normal,medium,D1-Q030,exact_fact,1,1,1.0,619
D1,normal,medium,D1-Q031,negation,1,1,1.0,619
D1,normal,medium,D1-Q032,temporal,1,1,1.0,619
D1,normal,medium,D1-Q033,exact_fact,1,1,1.0,619
D1,normal,medium,D1-Q034,negation,1,1,1.0,619
D1,normal,medium,D1-Q035,numerical,1,1,1.0,619
D1,normal,medium,D1-Q036,conditional_exception,1,1,1.0,619
D1,normal,medium,D1-Q037,conditional_exception,1,1,1.0,619
D1,normal,medium,D1-Q038,negation,1,1,1.0,619
D1,normal,medium,D1-Q039,exact_fact,1,1,1.0,619
D1,normal,medium,D1-Q040,exact_fact,1,1,1.0,619
D1,normal,medium,D1-Q041,negation,1,1,1.0,619
D1,normal,medium,D1-Q042,exact_fact,1,1,1.0,619
D1,normal,medium,D1-Q043,list_membership,1,1,1.0,619
D1,normal,medium,D1-Q044,exact_fact,1,1,1.0,619
D1,normal,medium,D1-Q045,exact_fact,1,1,1.0,619
D1,normal,medium,D1-Q046,procedural,1,1,1.0,619
D1,normal,medium,D1-Q047,numerical,1,1,1.0,619
D1,normal,medium,D1-Q048,negation,1,1,1.0,619
D1,normal,medium,D1-Q049,procedural,1,1,1.0,619
D1,normal,medium,D1-Q050,procedural,1,1,1.0,619
D1,normal,medium,D1-Q051,list_membership,3,3,1.0,619
D1,normal,medium,D1-Q052,negation,1,1,1.0,619
D1,normal,medium,D1-Q053,numerical,1,1,1.0,619
D1,normal,medium,D1-Q054,exact_fact,1,1,1.0,619
D1,normal,medium,D1-Q055,conditional_exception,1,1,1.0,619
D1,normal,medium,D1-Q056,procedural,1,1,1.0,619
D1,normal,medium,D1-Q057,exact_fact,1,1,1.0,619
D1,normal,medium,D1-Q058,negation,1,1,1.0,619
D1,normal,medium,D1-Q059,procedural,1,1,1.0,619
D1,normal,medium,D1-Q060,negation,1,1,1.0,619
D1,normal,medium,D1-Q061,procedural,1,1,1.0,619
D1,normal,medium,D1-Q062,numerical,1,1,1.0,619
D1,normal,medium,D1-Q063,numerical,1,1,1.0,619
D1,normal,medium,D1-Q064,numerical,1,1,1.0,619
D1,normal,medium,D1-Q065,numerical,1,1,1.0,619
D1,normal,medium,D1-Q066,list_membership,1,1,1.0,619
D1,normal,medium,D1-Q067,numerical,1,1,1.0,619
D1,normal,medium,D1-Q068,numerical,1,1,1.0,619
D1,normal,medium,D1-Q069,numerical,1,1,1.0,619
D1,normal,medium,D1-Q070,numerical,1,1,1.0,619
D1,normal,medium,D1-Q071,numerical,1,1,1.0,619
D1,normal,medium,D1-Q072,numerical,1,1,1.0,619
D1,normal,medium,D1-Q073,numerical,1,1,1.0,619
D1,normal,medium,D1-Q074,numerical,1,1,1.0,619
D1,normal,medium,D1-Q075,numerical,1,1,1.0,619
D1,normal,medium,D1-Q076,numerical,1,1,1.0,619
D1,normal,medium,D1-Q077,numerical,1,1,1.0,619
D1,normal,medium,D1-Q078,conditional_exception,1,1,1.0,619
D1,normal,medium,D1-Q079,conditional_exception,3,3,1.0,619
D1,normal,medium,D1-Q080,numerical,2,2,1.0,619
D1,normal,medium,D1-Q081,numerical,1,1,1.0,619
D1,normal,medium,D1-Q082,procedural,1,1,1.0,619
D1,normal,medium,D1-Q083,numerical,2,2,1.0,619
D1,normal,medium,D1-Q084,exact_fact,1,1,1.0,619
D1,normal,medium,D1-Q085,numerical,1,1,1.0,619
D1,normal,medium,D1-Q086,negation,1,1,1.0,619
D1,normal,medium,D1-Q087,numerical,1,1,1.0,619
D1,normal,medium,D1-Q088,numerical,1,1,1.0,619
D1,normal,medium,D1-Q089,numerical,1,1,1.0,619
D1,normal,medium,D1-Q090,numerical,1,1,1.0,619
D1,normal,medium,D1-Q091,numerical,1,1,1.0,619
D1,normal,medium,D1-Q092,procedural,1,1,1.0,619
D1,normal,medium,D1-Q093,numerical,1,1,1.0,619
D1,normal,medium,D1-Q094,exact_fact,1,1,1.0,619
D1,normal,medium,D1-Q095,exact_fact,1,1,1.0,619
D1,normal,medium,D1-Q096,negation,1,1,1.0,619
D1,normal,medium,D1-Q097,exact_fact,1,1,1.0,619
D1,normal,medium,D1-Q098,numerical,1,1,1.0,619
D1,normal,medium,D1-Q099,numerical,1,1,1.0,619
D1,normal,medium,D1-Q100,exact_fact,1,1,1.0,619
D1,normal,medium,D1-Q101,numerical,1,1,1.0,619
D1,normal,medium,D1-Q102,negation,1,1,1.0,619
D1,normal,medium,D1-Q103,numerical,1,1,1.0,619
D1,normal,medium,D1-Q104,negation,1,1,1.0,619
D1,normal,medium,D1-Q105,numerical,1,1,1.0,619
D1,normal,medium,D1-Q106,numerical,1,1,1.0,619
D1,normal,medium,D1-Q107,numerical,1,1,1.0,619
D1,normal,medium,D1-Q108,numerical,1,1,1.0,619
D1,normal,medium,D1-Q109,numerical,1,1,1.0,619
D1,normal,medium,D1-Q110,exact_fact,1,1,1.0,619
D1,normal,medium,D1-Q111,exact_fact,1,1,1.0,619
D1,normal,medium,D1-Q112,numerical,1,1,1.0,619
D1,normal,medium,D1-Q113,numerical,1,1,1.0,619
D1,normal,medium,D1-Q114,numerical,1,1,1.0,619
D1,normal,medium,D1-Q115,negation,1,1,1.0,619
D1,normal,medium,D1-Q116,list_membership,3,3,1.0,619
D1,normal,medium,D1-Q117,numerical,1,1,1.0,619
D1,normal,medium,D1-Q118,negation,1,1,1.0,619
D1,normal,medium,D1-Q119,exact_fact,1,1,1.0,619
D1,normal,medium,D1-Q120,numerical,2,2,1.0,619
D1,normal,medium,D1-Q121,numerical,1,1,1.0,619
D1,normal,medium,D1-Q122,numerical,1,1,1.0,619
D1,normal,medium,D1-Q123,procedural,1,1,1.0,619
D1,normal,medium,D1-Q124,exact_fact,1,1,1.0,619
D1,normal,medium,D1-Q125,exact_fact,1,1,1.0,619
D1,normal,medium,D1-Q126,negation,1,1,1.0,619
D1,normal,medium,D1-Q127,numerical,1,1,1.0,619
D1,normal,medium,D1-Q128,numerical,1,1,1.0,619
D1,normal,medium,D1-Q129,exact_fact,1,1,1.0,619
D1,normal,medium,D1-Q130,numerical,1,1,1.0,619
D1,normal,medium,D1-Q131,negation,1,1,1.0,619
D1,normal,medium,D1-Q132,negation,1,1,1.0,619
D1,normal,medium,D1-Q133,procedural,3,3,1.0,619
D1,normal,medium,D1-Q134,exact_fact,1,1,1.0,619
D1,normal,medium,D1-Q135,conditional_exception,1,1,1.0,619
D1,normal,medium,D1-Q136,exact_fact,1,1,1.0,619
D1,normal,medium,D1-Q137,table_lookup,6,5,0.8333333333333334,619
D1,normal,medium,D1-Q138,table_context,3,3,1.0,619
D1,normal,medium,D1-Q139,heading_context,1,1,1.0,619
D1,normal,medium,D1-Q140,exact_fact,1,1,1.0,619
D1,normal,medium,D1-Q141,exact_fact,1,1,1.0,619
D1,normal,medium,D1-Q142,exact_fact,1,1,1.0,619
D1,normal,medium,D1-Q143,exact_fact,1,1,1.0,619
D1,normal,medium,D1-Q144,exact_fact,1,1,1.0,619
D1,normal,medium,D1-Q145,exact_fact,1,1,1.0,619
D1,normal,medium,D1-Q146,exact_fact,1,1,1.0,619
D1,normal,medium,D1-Q147,exact_fact,1,1,1.0,619
D1,normal,medium,D1-Q148,exact_fact,1,1,1.0,619
D1,normal,medium,D1-Q149,exact_fact,1,1,1.0,619
D1,normal,medium,D1-Q150,numerical,1,1,1.0,619
D1,normal,medium,D1-Q151,numerical,2,2,1.0,619
D1,normal,medium,D1-Q152,numerical,1,1,1.0,619
D1,normal,medium,D1-Q153,numerical,1,1,1.0,619
D1,normal,medium,D1-Q154,numerical,1,1,1.0,619
D1,normal,medium,D1-Q155,numerical,1,1,1.0,619
D1,normal,medium,D1-Q156,numerical,1,1,1.0,619
D1,normal,medium,D1-Q157,numerical,1,1,1.0,619
D1,normal,medium,D1-Q158,numerical,1,1,1.0,619
D1,normal,medium,D1-Q159,procedural,1,1,1.0,619
D1,normal,medium,D1-Q160,exact_fact,1,1,1.0,619
D1,normal,medium,D1-Q161,numerical,1,1,1.0,619
D1,normal,medium,D1-Q162,procedural,1,1,1.0,619
D1,normal,medium,D1-Q163,exact_fact,1,0,0.0,619
D1,normal,medium,D1-Q164,procedural,1,1,1.0,619
D1,normal,medium,D1-Q165,exact_fact,1,1,1.0,619
D1,normal,medium,D1-Q166,negation,1,1,1.0,619
D1,normal,medium,D1-Q167,numerical,1,1,1.0,619
D1,normal,medium,D1-Q168,procedural,1,1,1.0,619
D1,normal,medium,D1-Q169,exact_fact,1,1,1.0,619
D1,normal,medium,D1-Q170,temporal,1,1,1.0,619
D1,normal,medium,D1-Q171,temporal,1,1,1.0,619
D1,normal,medium,D1-Q172,exact_fact,1,1,1.0,619
D1,normal,medium,D1-Q173,procedural,1,0,0.0,619
D1,normal,medium,D1-Q174,conditional_exception,1,1,1.0,619
D1,normal,medium,D1-Q175,negation,1,1,1.0,619
D1,normal,medium,D1-Q176,procedural,1,0,0.0,619
D1,normal,medium,D1-Q177,exact_fact,1,1,1.0,619
D1,normal,medium,D1-Q178,negation,1,1,1.0,619
D1,normal,medium,D1-Q179,exact_fact,1,1,1.0,619
D1,normal,medium,D1-Q180,exact_fact,1,1,1.0,619
D1,normal,medium,D1-Q181,procedural,1,1,1.0,619
D1,normal,medium,D1-Q182,conditional_exception,1,1,1.0,619
D1,normal,medium,D1-Q183,conditional_exception,1,1,1.0,619
D1,normal,medium,D1-Q184,numerical,1,1,1.0,619
D1,normal,medium,D1-Q185,procedural,1,1,1.0,619
D1,normal,medium,D1-Q186,conditional_exception,1,1,1.0,619
D1,normal,medium,D1-Q187,numerical,1,1,1.0,619
D1,normal,medium,D1-Q188,numerical,1,1,1.0,619
D1,normal,medium,D1-Q189,exact_fact,1,1,1.0,619
D1,normal,medium,D1-Q190,conditional_exception,1,1,1.0,619
D1,normal,medium,D1-Q191,conditional_exception,1,1,1.0,619
D1,normal,medium,D1-Q192,list_membership,1,1,1.0,619
D1,normal,medium,D1-Q193,procedural,1,1,1.0,619
D1,normal,medium,D1-Q194,procedural,1,1,1.0,619
D1,normal,medium,D1-Q195,conditional_exception,1,0,0.0,619
D1,normal,medium,D1-Q196,exact_fact,1,1,1.0,619
D1,normal,medium,D1-Q197,procedural,1,1,1.0,619
D1,normal,medium,D1-Q198,conditional_exception,1,1,1.0,619
D1,normal,medium,D1-Q199,conditional_exception,1,1,1.0,619
D1,normal,medium,D1-Q200,numerical,1,0,0.0,619
D1,normal,advanced,D1-Q001,exact_fact,1,1,1.0,175
D1,normal,advanced,D1-Q002,temporal,1,1,1.0,175
D1,normal,advanced,D1-Q003,list_membership,11,11,1.0,175
D1,normal,advanced,D1-Q004,exact_fact,1,1,1.0,175
D1,normal,advanced,D1-Q005,exact_fact,1,1,1.0,175
D1,normal,advanced,D1-Q006,exact_fact,1,1,1.0,175
D1,normal,advanced,D1-Q007,paraphrase,1,1,1.0,175
D1,normal,advanced,D1-Q008,exact_fact,1,1,1.0,175
D1,normal,advanced,D1-Q009,list_membership,1,1,1.0,175
D1,normal,advanced,D1-Q010,exact_fact,1,1,1.0,175
D1,normal,advanced,D1-Q011,exact_fact,1,1,1.0,175
D1,normal,advanced,D1-Q012,exact_fact,1,1,1.0,175
D1,normal,advanced,D1-Q013,list_membership,3,2,0.6666666666666666,175
D1,normal,advanced,D1-Q014,exact_fact,1,1,1.0,175
D1,normal,advanced,D1-Q015,exact_fact,1,1,1.0,175
D1,normal,advanced,D1-Q016,list_membership,3,3,1.0,175
D1,normal,advanced,D1-Q017,exact_fact,1,1,1.0,175
D1,normal,advanced,D1-Q018,exact_fact,1,1,1.0,175
D1,normal,advanced,D1-Q019,conditional_exception,1,1,1.0,175
D1,normal,advanced,D1-Q020,procedural,1,1,1.0,175
D1,normal,advanced,D1-Q021,conditional_exception,1,1,1.0,175
D1,normal,advanced,D1-Q022,numerical,1,1,1.0,175
D1,normal,advanced,D1-Q023,negation,1,1,1.0,175
D1,normal,advanced,D1-Q024,conditional_exception,1,1,1.0,175
D1,normal,advanced,D1-Q025,negation,1,1,1.0,175
D1,normal,advanced,D1-Q026,paraphrase,1,1,1.0,175
D1,normal,advanced,D1-Q027,exact_fact,1,1,1.0,175
D1,normal,advanced,D1-Q028,conditional_exception,1,1,1.0,175
D1,normal,advanced,D1-Q029,exact_fact,1,1,1.0,175
D1,normal,advanced,D1-Q030,exact_fact,1,1,1.0,175
D1,normal,advanced,D1-Q031,negation,1,1,1.0,175
D1,normal,advanced,D1-Q032,temporal,1,1,1.0,175
D1,normal,advanced,D1-Q033,exact_fact,1,1,1.0,175
D1,normal,advanced,D1-Q034,negation,1,1,1.0,175
D1,normal,advanced,D1-Q035,numerical,1,1,1.0,175
D1,normal,advanced,D1-Q036,conditional_exception,1,1,1.0,175
D1,normal,advanced,D1-Q037,conditional_exception,1,1,1.0,175
D1,normal,advanced,D1-Q038,negation,1,1,1.0,175
D1,normal,advanced,D1-Q039,exact_fact,1,1,1.0,175
D1,normal,advanced,D1-Q040,exact_fact,1,1,1.0,175
D1,normal,advanced,D1-Q041,negation,1,1,1.0,175
D1,normal,advanced,D1-Q042,exact_fact,1,1,1.0,175
D1,normal,advanced,D1-Q043,list_membership,1,1,1.0,175
D1,normal,advanced,D1-Q044,exact_fact,1,1,1.0,175
D1,normal,advanced,D1-Q045,exact_fact,1,1,1.0,175
D1,normal,advanced,D1-Q046,procedural,1,1,1.0,175
D1,normal,advanced,D1-Q047,numerical,1,1,1.0,175
D1,normal,advanced,D1-Q048,negation,1,1,1.0,175
D1,normal,advanced,D1-Q049,procedural,1,1,1.0,175
D1,normal,advanced,D1-Q050,procedural,1,1,1.0,175
D1,normal,advanced,D1-Q051,list_membership,3,3,1.0,175
D1,normal,advanced,D1-Q052,negation,1,1,1.0,175
D1,normal,advanced,D1-Q053,numerical,1,1,1.0,175
D1,normal,advanced,D1-Q054,exact_fact,1,1,1.0,175
D1,normal,advanced,D1-Q055,conditional_exception,1,1,1.0,175
D1,normal,advanced,D1-Q056,procedural,1,1,1.0,175
D1,normal,advanced,D1-Q057,exact_fact,1,1,1.0,175
D1,normal,advanced,D1-Q058,negation,1,1,1.0,175
D1,normal,advanced,D1-Q059,procedural,1,1,1.0,175
D1,normal,advanced,D1-Q060,negation,1,1,1.0,175
D1,normal,advanced,D1-Q061,procedural,1,1,1.0,175
D1,normal,advanced,D1-Q062,numerical,1,1,1.0,175
D1,normal,advanced,D1-Q063,numerical,1,1,1.0,175
D1,normal,advanced,D1-Q064,numerical,1,1,1.0,175
D1,normal,advanced,D1-Q065,numerical,1,1,1.0,175
D1,normal,advanced,D1-Q066,list_membership,1,1,1.0,175
D1,normal,advanced,D1-Q067,numerical,1,1,1.0,175
D1,normal,advanced,D1-Q068,numerical,1,1,1.0,175
D1,normal,advanced,D1-Q069,numerical,1,1,1.0,175
D1,normal,advanced,D1-Q070,numerical,1,1,1.0,175
D1,normal,advanced,D1-Q071,numerical,1,1,1.0,175
D1,normal,advanced,D1-Q072,numerical,1,1,1.0,175
D1,normal,advanced,D1-Q073,numerical,1,1,1.0,175
D1,normal,advanced,D1-Q074,numerical,1,1,1.0,175
D1,normal,advanced,D1-Q075,numerical,1,1,1.0,175
D1,normal,advanced,D1-Q076,numerical,1,1,1.0,175
D1,normal,advanced,D1-Q077,numerical,1,1,1.0,175
D1,normal,advanced,D1-Q078,conditional_exception,1,1,1.0,175
D1,normal,advanced,D1-Q079,conditional_exception,3,3,1.0,175
D1,normal,advanced,D1-Q080,numerical,2,2,1.0,175
D1,normal,advanced,D1-Q081,numerical,1,1,1.0,175
D1,normal,advanced,D1-Q082,procedural,1,1,1.0,175
D1,normal,advanced,D1-Q083,numerical,2,2,1.0,175
D1,normal,advanced,D1-Q084,exact_fact,1,1,1.0,175
D1,normal,advanced,D1-Q085,numerical,1,1,1.0,175
D1,normal,advanced,D1-Q086,negation,1,1,1.0,175
D1,normal,advanced,D1-Q087,numerical,1,1,1.0,175
D1,normal,advanced,D1-Q088,numerical,1,1,1.0,175
D1,normal,advanced,D1-Q089,numerical,1,1,1.0,175
D1,normal,advanced,D1-Q090,numerical,1,1,1.0,175
D1,normal,advanced,D1-Q091,numerical,1,1,1.0,175
D1,normal,advanced,D1-Q092,procedural,1,1,1.0,175
D1,normal,advanced,D1-Q093,numerical,1,1,1.0,175
D1,normal,advanced,D1-Q094,exact_fact,1,1,1.0,175
D1,normal,advanced,D1-Q095,exact_fact,1,1,1.0,175
D1,normal,advanced,D1-Q096,negation,1,1,1.0,175
D1,normal,advanced,D1-Q097,exact_fact,1,1,1.0,175
D1,normal,advanced,D1-Q098,numerical,1,1,1.0,175
D1,normal,advanced,D1-Q099,numerical,1,1,1.0,175
D1,normal,advanced,D1-Q100,exact_fact,1,1,1.0,175
D1,normal,advanced,D1-Q101,numerical,1,1,1.0,175
D1,normal,advanced,D1-Q102,negation,1,1,1.0,175
D1,normal,advanced,D1-Q103,numerical,1,1,1.0,175
D1,normal,advanced,D1-Q104,negation,1,1,1.0,175
D1,normal,advanced,D1-Q105,numerical,1,1,1.0,175
D1,normal,advanced,D1-Q106,numerical,1,1,1.0,175
D1,normal,advanced,D1-Q107,numerical,1,1,1.0,175
D1,normal,advanced,D1-Q108,numerical,1,1,1.0,175
D1,normal,advanced,D1-Q109,numerical,1,1,1.0,175
D1,normal,advanced,D1-Q110,exact_fact,1,1,1.0,175
D1,normal,advanced,D1-Q111,exact_fact,1,1,1.0,175
D1,normal,advanced,D1-Q112,numerical,1,1,1.0,175
D1,normal,advanced,D1-Q113,numerical,1,1,1.0,175
D1,normal,advanced,D1-Q114,numerical,1,1,1.0,175
D1,normal,advanced,D1-Q115,negation,1,1,1.0,175
D1,normal,advanced,D1-Q116,list_membership,3,3,1.0,175
D1,normal,advanced,D1-Q117,numerical,1,1,1.0,175
D1,normal,advanced,D1-Q118,negation,1,1,1.0,175
D1,normal,advanced,D1-Q119,exact_fact,1,1,1.0,175
D1,normal,advanced,D1-Q120,numerical,2,2,1.0,175
D1,normal,advanced,D1-Q121,numerical,1,1,1.0,175
D1,normal,advanced,D1-Q122,numerical,1,1,1.0,175
D1,normal,advanced,D1-Q123,procedural,1,1,1.0,175
D1,normal,advanced,D1-Q124,exact_fact,1,1,1.0,175
D1,normal,advanced,D1-Q125,exact_fact,1,1,1.0,175
D1,normal,advanced,D1-Q126,negation,1,1,1.0,175
D1,normal,advanced,D1-Q127,numerical,1,1,1.0,175
D1,normal,advanced,D1-Q128,numerical,1,1,1.0,175
D1,normal,advanced,D1-Q129,exact_fact,1,1,1.0,175
D1,normal,advanced,D1-Q130,numerical,1,1,1.0,175
D1,normal,advanced,D1-Q131,negation,1,1,1.0,175
D1,normal,advanced,D1-Q132,negation,1,1,1.0,175
D1,normal,advanced,D1-Q133,procedural,3,3,1.0,175
D1,normal,advanced,D1-Q134,exact_fact,1,1,1.0,175
D1,normal,advanced,D1-Q135,conditional_exception,1,1,1.0,175
D1,normal,advanced,D1-Q136,exact_fact,1,1,1.0,175
D1,normal,advanced,D1-Q137,table_lookup,6,5,0.8333333333333334,175
D1,normal,advanced,D1-Q138,table_context,3,3,1.0,175
D1,normal,advanced,D1-Q139,heading_context,1,1,1.0,175
D1,normal,advanced,D1-Q140,exact_fact,1,1,1.0,175
D1,normal,advanced,D1-Q141,exact_fact,1,1,1.0,175
D1,normal,advanced,D1-Q142,exact_fact,1,1,1.0,175
D1,normal,advanced,D1-Q143,exact_fact,1,1,1.0,175
D1,normal,advanced,D1-Q144,exact_fact,1,1,1.0,175
D1,normal,advanced,D1-Q145,exact_fact,1,1,1.0,175
D1,normal,advanced,D1-Q146,exact_fact,1,1,1.0,175
D1,normal,advanced,D1-Q147,exact_fact,1,1,1.0,175
D1,normal,advanced,D1-Q148,exact_fact,1,1,1.0,175
D1,normal,advanced,D1-Q149,exact_fact,1,1,1.0,175
D1,normal,advanced,D1-Q150,numerical,1,1,1.0,175
D1,normal,advanced,D1-Q151,numerical,2,2,1.0,175
D1,normal,advanced,D1-Q152,numerical,1,1,1.0,175
D1,normal,advanced,D1-Q153,numerical,1,1,1.0,175
D1,normal,advanced,D1-Q154,numerical,1,1,1.0,175
D1,normal,advanced,D1-Q155,numerical,1,1,1.0,175
D1,normal,advanced,D1-Q156,numerical,1,1,1.0,175
D1,normal,advanced,D1-Q157,numerical,1,1,1.0,175
D1,normal,advanced,D1-Q158,numerical,1,1,1.0,175
D1,normal,advanced,D1-Q159,procedural,1,1,1.0,175
D1,normal,advanced,D1-Q160,exact_fact,1,1,1.0,175
D1,normal,advanced,D1-Q161,numerical,1,1,1.0,175
D1,normal,advanced,D1-Q162,procedural,1,1,1.0,175
D1,normal,advanced,D1-Q163,exact_fact,1,0,0.0,175
D1,normal,advanced,D1-Q164,procedural,1,1,1.0,175
D1,normal,advanced,D1-Q165,exact_fact,1,1,1.0,175
D1,normal,advanced,D1-Q166,negation,1,1,1.0,175
D1,normal,advanced,D1-Q167,numerical,1,1,1.0,175
D1,normal,advanced,D1-Q168,procedural,1,1,1.0,175
D1,normal,advanced,D1-Q169,exact_fact,1,1,1.0,175
D1,normal,advanced,D1-Q170,temporal,1,1,1.0,175
D1,normal,advanced,D1-Q171,temporal,1,1,1.0,175
D1,normal,advanced,D1-Q172,exact_fact,1,1,1.0,175
D1,normal,advanced,D1-Q173,procedural,1,1,1.0,175
D1,normal,advanced,D1-Q174,conditional_exception,1,1,1.0,175
D1,normal,advanced,D1-Q175,negation,1,1,1.0,175
D1,normal,advanced,D1-Q176,procedural,1,1,1.0,175
D1,normal,advanced,D1-Q177,exact_fact,1,1,1.0,175
D1,normal,advanced,D1-Q178,negation,1,1,1.0,175
D1,normal,advanced,D1-Q179,exact_fact,1,1,1.0,175
D1,normal,advanced,D1-Q180,exact_fact,1,1,1.0,175
D1,normal,advanced,D1-Q181,procedural,1,1,1.0,175
D1,normal,advanced,D1-Q182,conditional_exception,1,1,1.0,175
D1,normal,advanced,D1-Q183,conditional_exception,1,1,1.0,175
D1,normal,advanced,D1-Q184,numerical,1,1,1.0,175
D1,normal,advanced,D1-Q185,procedural,1,1,1.0,175
D1,normal,advanced,D1-Q186,conditional_exception,1,1,1.0,175
D1,normal,advanced,D1-Q187,numerical,1,1,1.0,175
D1,normal,advanced,D1-Q188,numerical,1,1,1.0,175
D1,normal,advanced,D1-Q189,exact_fact,1,1,1.0,175
D1,normal,advanced,D1-Q190,conditional_exception,1,1,1.0,175
D1,normal,advanced,D1-Q191,conditional_exception,1,1,1.0,175
D1,normal,advanced,D1-Q192,list_membership,1,1,1.0,175
D1,normal,advanced,D1-Q193,procedural,1,1,1.0,175
D1,normal,advanced,D1-Q194,procedural,1,1,1.0,175
D1,normal,advanced,D1-Q195,conditional_exception,1,1,1.0,175
D1,normal,advanced,D1-Q196,exact_fact,1,1,1.0,175
D1,normal,advanced,D1-Q197,procedural,1,1,1.0,175
D1,normal,advanced,D1-Q198,conditional_exception,1,1,1.0,175
D1,normal,advanced,D1-Q199,conditional_exception,1,1,1.0,175
D1,normal,advanced,D1-Q200,numerical,1,1,1.0,175
D1,context_aware,basic,D1-Q001,exact_fact,1,1,1.0,157
D1,context_aware,basic,D1-Q002,temporal,1,1,1.0,157
D1,context_aware,basic,D1-Q003,list_membership,11,11,1.0,157
D1,context_aware,basic,D1-Q004,exact_fact,1,1,1.0,157
D1,context_aware,basic,D1-Q005,exact_fact,1,1,1.0,157
D1,context_aware,basic,D1-Q006,exact_fact,1,1,1.0,157
D1,context_aware,basic,D1-Q007,paraphrase,1,1,1.0,157
D1,context_aware,basic,D1-Q008,exact_fact,1,1,1.0,157
D1,context_aware,basic,D1-Q009,list_membership,1,1,1.0,157
D1,context_aware,basic,D1-Q010,exact_fact,1,1,1.0,157
D1,context_aware,basic,D1-Q011,exact_fact,1,0,0.0,157
D1,context_aware,basic,D1-Q012,exact_fact,1,1,1.0,157
D1,context_aware,basic,D1-Q013,list_membership,3,2,0.6666666666666666,157
D1,context_aware,basic,D1-Q014,exact_fact,1,1,1.0,157
D1,context_aware,basic,D1-Q015,exact_fact,1,1,1.0,157
D1,context_aware,basic,D1-Q016,list_membership,3,3,1.0,157
D1,context_aware,basic,D1-Q017,exact_fact,1,1,1.0,157
D1,context_aware,basic,D1-Q018,exact_fact,1,1,1.0,157
D1,context_aware,basic,D1-Q019,conditional_exception,1,1,1.0,157
D1,context_aware,basic,D1-Q020,procedural,1,1,1.0,157
D1,context_aware,basic,D1-Q021,conditional_exception,1,1,1.0,157
D1,context_aware,basic,D1-Q022,numerical,1,1,1.0,157
D1,context_aware,basic,D1-Q023,negation,1,1,1.0,157
D1,context_aware,basic,D1-Q024,conditional_exception,1,1,1.0,157
D1,context_aware,basic,D1-Q025,negation,1,1,1.0,157
D1,context_aware,basic,D1-Q026,paraphrase,1,1,1.0,157
D1,context_aware,basic,D1-Q027,exact_fact,1,1,1.0,157
D1,context_aware,basic,D1-Q028,conditional_exception,1,1,1.0,157
D1,context_aware,basic,D1-Q029,exact_fact,1,1,1.0,157
D1,context_aware,basic,D1-Q030,exact_fact,1,1,1.0,157
D1,context_aware,basic,D1-Q031,negation,1,1,1.0,157
D1,context_aware,basic,D1-Q032,temporal,1,1,1.0,157
D1,context_aware,basic,D1-Q033,exact_fact,1,1,1.0,157
D1,context_aware,basic,D1-Q034,negation,1,1,1.0,157
D1,context_aware,basic,D1-Q035,numerical,1,1,1.0,157
D1,context_aware,basic,D1-Q036,conditional_exception,1,1,1.0,157
D1,context_aware,basic,D1-Q037,conditional_exception,1,1,1.0,157
D1,context_aware,basic,D1-Q038,negation,1,0,0.0,157
D1,context_aware,basic,D1-Q039,exact_fact,1,1,1.0,157
D1,context_aware,basic,D1-Q040,exact_fact,1,1,1.0,157
D1,context_aware,basic,D1-Q041,negation,1,1,1.0,157
D1,context_aware,basic,D1-Q042,exact_fact,1,1,1.0,157
D1,context_aware,basic,D1-Q043,list_membership,1,1,1.0,157
D1,context_aware,basic,D1-Q044,exact_fact,1,1,1.0,157
D1,context_aware,basic,D1-Q045,exact_fact,1,1,1.0,157
D1,context_aware,basic,D1-Q046,procedural,1,1,1.0,157
D1,context_aware,basic,D1-Q047,numerical,1,1,1.0,157
D1,context_aware,basic,D1-Q048,negation,1,1,1.0,157
D1,context_aware,basic,D1-Q049,procedural,1,1,1.0,157
D1,context_aware,basic,D1-Q050,procedural,1,1,1.0,157
D1,context_aware,basic,D1-Q051,list_membership,3,3,1.0,157
D1,context_aware,basic,D1-Q052,negation,1,1,1.0,157
D1,context_aware,basic,D1-Q053,numerical,1,1,1.0,157
D1,context_aware,basic,D1-Q054,exact_fact,1,1,1.0,157
D1,context_aware,basic,D1-Q055,conditional_exception,1,1,1.0,157
D1,context_aware,basic,D1-Q056,procedural,1,1,1.0,157
D1,context_aware,basic,D1-Q057,exact_fact,1,1,1.0,157
D1,context_aware,basic,D1-Q058,negation,1,1,1.0,157
D1,context_aware,basic,D1-Q059,procedural,1,1,1.0,157
D1,context_aware,basic,D1-Q060,negation,1,1,1.0,157
D1,context_aware,basic,D1-Q061,procedural,1,1,1.0,157
D1,context_aware,basic,D1-Q062,numerical,1,1,1.0,157
D1,context_aware,basic,D1-Q063,numerical,1,1,1.0,157
D1,context_aware,basic,D1-Q064,numerical,1,1,1.0,157
D1,context_aware,basic,D1-Q065,numerical,1,1,1.0,157
D1,context_aware,basic,D1-Q066,list_membership,1,1,1.0,157
D1,context_aware,basic,D1-Q067,numerical,1,1,1.0,157
D1,context_aware,basic,D1-Q068,numerical,1,1,1.0,157
D1,context_aware,basic,D1-Q069,numerical,1,1,1.0,157
D1,context_aware,basic,D1-Q070,numerical,1,1,1.0,157
D1,context_aware,basic,D1-Q071,numerical,1,1,1.0,157
D1,context_aware,basic,D1-Q072,numerical,1,1,1.0,157
D1,context_aware,basic,D1-Q073,numerical,1,1,1.0,157
D1,context_aware,basic,D1-Q074,numerical,1,1,1.0,157
D1,context_aware,basic,D1-Q075,numerical,1,1,1.0,157
D1,context_aware,basic,D1-Q076,numerical,1,1,1.0,157
D1,context_aware,basic,D1-Q077,numerical,1,1,1.0,157
D1,context_aware,basic,D1-Q078,conditional_exception,1,1,1.0,157
D1,context_aware,basic,D1-Q079,conditional_exception,3,3,1.0,157
D1,context_aware,basic,D1-Q080,numerical,2,2,1.0,157
D1,context_aware,basic,D1-Q081,numerical,1,1,1.0,157
D1,context_aware,basic,D1-Q082,procedural,1,1,1.0,157
D1,context_aware,basic,D1-Q083,numerical,2,2,1.0,157
D1,context_aware,basic,D1-Q084,exact_fact,1,1,1.0,157
D1,context_aware,basic,D1-Q085,numerical,1,1,1.0,157
D1,context_aware,basic,D1-Q086,negation,1,1,1.0,157
D1,context_aware,basic,D1-Q087,numerical,1,1,1.0,157
D1,context_aware,basic,D1-Q088,numerical,1,1,1.0,157
D1,context_aware,basic,D1-Q089,numerical,1,1,1.0,157
D1,context_aware,basic,D1-Q090,numerical,1,1,1.0,157
D1,context_aware,basic,D1-Q091,numerical,1,1,1.0,157
D1,context_aware,basic,D1-Q092,procedural,1,1,1.0,157
D1,context_aware,basic,D1-Q093,numerical,1,1,1.0,157
D1,context_aware,basic,D1-Q094,exact_fact,1,1,1.0,157
D1,context_aware,basic,D1-Q095,exact_fact,1,1,1.0,157
D1,context_aware,basic,D1-Q096,negation,1,1,1.0,157
D1,context_aware,basic,D1-Q097,exact_fact,1,1,1.0,157
D1,context_aware,basic,D1-Q098,numerical,1,1,1.0,157
D1,context_aware,basic,D1-Q099,numerical,1,1,1.0,157
D1,context_aware,basic,D1-Q100,exact_fact,1,1,1.0,157
D1,context_aware,basic,D1-Q101,numerical,1,1,1.0,157
D1,context_aware,basic,D1-Q102,negation,1,1,1.0,157
D1,context_aware,basic,D1-Q103,numerical,1,1,1.0,157
D1,context_aware,basic,D1-Q104,negation,1,1,1.0,157
D1,context_aware,basic,D1-Q105,numerical,1,1,1.0,157
D1,context_aware,basic,D1-Q106,numerical,1,1,1.0,157
D1,context_aware,basic,D1-Q107,numerical,1,1,1.0,157
D1,context_aware,basic,D1-Q108,numerical,1,1,1.0,157
D1,context_aware,basic,D1-Q109,numerical,1,1,1.0,157
D1,context_aware,basic,D1-Q110,exact_fact,1,0,0.0,157
D1,context_aware,basic,D1-Q111,exact_fact,1,1,1.0,157
D1,context_aware,basic,D1-Q112,numerical,1,1,1.0,157
D1,context_aware,basic,D1-Q113,numerical,1,1,1.0,157
D1,context_aware,basic,D1-Q114,numerical,1,1,1.0,157
D1,context_aware,basic,D1-Q115,negation,1,1,1.0,157
D1,context_aware,basic,D1-Q116,list_membership,3,3,1.0,157
D1,context_aware,basic,D1-Q117,numerical,1,1,1.0,157
D1,context_aware,basic,D1-Q118,negation,1,1,1.0,157
D1,context_aware,basic,D1-Q119,exact_fact,1,1,1.0,157
D1,context_aware,basic,D1-Q120,numerical,2,2,1.0,157
D1,context_aware,basic,D1-Q121,numerical,1,1,1.0,157
D1,context_aware,basic,D1-Q122,numerical,1,1,1.0,157
D1,context_aware,basic,D1-Q123,procedural,1,1,1.0,157
D1,context_aware,basic,D1-Q124,exact_fact,1,1,1.0,157
D1,context_aware,basic,D1-Q125,exact_fact,1,1,1.0,157
D1,context_aware,basic,D1-Q126,negation,1,1,1.0,157
D1,context_aware,basic,D1-Q127,numerical,1,1,1.0,157
D1,context_aware,basic,D1-Q128,numerical,1,1,1.0,157
D1,context_aware,basic,D1-Q129,exact_fact,1,1,1.0,157
D1,context_aware,basic,D1-Q130,numerical,1,1,1.0,157
D1,context_aware,basic,D1-Q131,negation,1,1,1.0,157
D1,context_aware,basic,D1-Q132,negation,1,1,1.0,157
D1,context_aware,basic,D1-Q133,procedural,3,3,1.0,157
D1,context_aware,basic,D1-Q134,exact_fact,1,1,1.0,157
D1,context_aware,basic,D1-Q135,conditional_exception,1,1,1.0,157
D1,context_aware,basic,D1-Q136,exact_fact,1,1,1.0,157
D1,context_aware,basic,D1-Q137,table_lookup,6,5,0.8333333333333334,157
D1,context_aware,basic,D1-Q138,table_context,3,3,1.0,157
D1,context_aware,basic,D1-Q139,heading_context,1,1,1.0,157
D1,context_aware,basic,D1-Q140,exact_fact,1,1,1.0,157
D1,context_aware,basic,D1-Q141,exact_fact,1,1,1.0,157
D1,context_aware,basic,D1-Q142,exact_fact,1,1,1.0,157
D1,context_aware,basic,D1-Q143,exact_fact,1,1,1.0,157
D1,context_aware,basic,D1-Q144,exact_fact,1,1,1.0,157
D1,context_aware,basic,D1-Q145,exact_fact,1,1,1.0,157
D1,context_aware,basic,D1-Q146,exact_fact,1,1,1.0,157
D1,context_aware,basic,D1-Q147,exact_fact,1,1,1.0,157
D1,context_aware,basic,D1-Q148,exact_fact,1,1,1.0,157
D1,context_aware,basic,D1-Q149,exact_fact,1,1,1.0,157
D1,context_aware,basic,D1-Q150,numerical,1,1,1.0,157
D1,context_aware,basic,D1-Q151,numerical,2,2,1.0,157
D1,context_aware,basic,D1-Q152,numerical,1,1,1.0,157
D1,context_aware,basic,D1-Q153,numerical,1,1,1.0,157
D1,context_aware,basic,D1-Q154,numerical,1,1,1.0,157
D1,context_aware,basic,D1-Q155,numerical,1,1,1.0,157
D1,context_aware,basic,D1-Q156,numerical,1,1,1.0,157
D1,context_aware,basic,D1-Q157,numerical,1,1,1.0,157
D1,context_aware,basic,D1-Q158,numerical,1,1,1.0,157
D1,context_aware,basic,D1-Q159,procedural,1,1,1.0,157
D1,context_aware,basic,D1-Q160,exact_fact,1,1,1.0,157
D1,context_aware,basic,D1-Q161,numerical,1,1,1.0,157
D1,context_aware,basic,D1-Q162,procedural,1,0,0.0,157
D1,context_aware,basic,D1-Q163,exact_fact,1,1,1.0,157
D1,context_aware,basic,D1-Q164,procedural,1,1,1.0,157
D1,context_aware,basic,D1-Q165,exact_fact,1,1,1.0,157
D1,context_aware,basic,D1-Q166,negation,1,1,1.0,157
D1,context_aware,basic,D1-Q167,numerical,1,1,1.0,157
D1,context_aware,basic,D1-Q168,procedural,1,1,1.0,157
D1,context_aware,basic,D1-Q169,exact_fact,1,1,1.0,157
D1,context_aware,basic,D1-Q170,temporal,1,1,1.0,157
D1,context_aware,basic,D1-Q171,temporal,1,1,1.0,157
D1,context_aware,basic,D1-Q172,exact_fact,1,1,1.0,157
D1,context_aware,basic,D1-Q173,procedural,1,1,1.0,157
D1,context_aware,basic,D1-Q174,conditional_exception,1,1,1.0,157
D1,context_aware,basic,D1-Q175,negation,1,1,1.0,157
D1,context_aware,basic,D1-Q176,procedural,1,1,1.0,157
D1,context_aware,basic,D1-Q177,exact_fact,1,1,1.0,157
D1,context_aware,basic,D1-Q178,negation,1,1,1.0,157
D1,context_aware,basic,D1-Q179,exact_fact,1,0,0.0,157
D1,context_aware,basic,D1-Q180,exact_fact,1,1,1.0,157
D1,context_aware,basic,D1-Q181,procedural,1,0,0.0,157
D1,context_aware,basic,D1-Q182,conditional_exception,1,1,1.0,157
D1,context_aware,basic,D1-Q183,conditional_exception,1,1,1.0,157
D1,context_aware,basic,D1-Q184,numerical,1,1,1.0,157
D1,context_aware,basic,D1-Q185,procedural,1,1,1.0,157
D1,context_aware,basic,D1-Q186,conditional_exception,1,1,1.0,157
D1,context_aware,basic,D1-Q187,numerical,1,1,1.0,157
D1,context_aware,basic,D1-Q188,numerical,1,1,1.0,157
D1,context_aware,basic,D1-Q189,exact_fact,1,1,1.0,157
D1,context_aware,basic,D1-Q190,conditional_exception,1,1,1.0,157
D1,context_aware,basic,D1-Q191,conditional_exception,1,1,1.0,157
D1,context_aware,basic,D1-Q192,list_membership,1,1,1.0,157
D1,context_aware,basic,D1-Q193,procedural,1,1,1.0,157
D1,context_aware,basic,D1-Q194,procedural,1,1,1.0,157
D1,context_aware,basic,D1-Q195,conditional_exception,1,1,1.0,157
D1,context_aware,basic,D1-Q196,exact_fact,1,1,1.0,157
D1,context_aware,basic,D1-Q197,procedural,1,1,1.0,157
D1,context_aware,basic,D1-Q198,conditional_exception,1,1,1.0,157
D1,context_aware,basic,D1-Q199,conditional_exception,1,1,1.0,157
D1,context_aware,basic,D1-Q200,numerical,1,1,1.0,157
D1,context_aware,medium,D1-Q001,exact_fact,1,1,1.0,638
D1,context_aware,medium,D1-Q002,temporal,1,1,1.0,638
D1,context_aware,medium,D1-Q003,list_membership,11,11,1.0,638
D1,context_aware,medium,D1-Q004,exact_fact,1,1,1.0,638
D1,context_aware,medium,D1-Q005,exact_fact,1,1,1.0,638
D1,context_aware,medium,D1-Q006,exact_fact,1,1,1.0,638
D1,context_aware,medium,D1-Q007,paraphrase,1,1,1.0,638
D1,context_aware,medium,D1-Q008,exact_fact,1,1,1.0,638
D1,context_aware,medium,D1-Q009,list_membership,1,1,1.0,638
D1,context_aware,medium,D1-Q010,exact_fact,1,1,1.0,638
D1,context_aware,medium,D1-Q011,exact_fact,1,1,1.0,638
D1,context_aware,medium,D1-Q012,exact_fact,1,1,1.0,638
D1,context_aware,medium,D1-Q013,list_membership,3,2,0.6666666666666666,638
D1,context_aware,medium,D1-Q014,exact_fact,1,1,1.0,638
D1,context_aware,medium,D1-Q015,exact_fact,1,1,1.0,638
D1,context_aware,medium,D1-Q016,list_membership,3,3,1.0,638
D1,context_aware,medium,D1-Q017,exact_fact,1,1,1.0,638
D1,context_aware,medium,D1-Q018,exact_fact,1,1,1.0,638
D1,context_aware,medium,D1-Q019,conditional_exception,1,1,1.0,638
D1,context_aware,medium,D1-Q020,procedural,1,1,1.0,638
D1,context_aware,medium,D1-Q021,conditional_exception,1,1,1.0,638
D1,context_aware,medium,D1-Q022,numerical,1,1,1.0,638
D1,context_aware,medium,D1-Q023,negation,1,1,1.0,638
D1,context_aware,medium,D1-Q024,conditional_exception,1,1,1.0,638
D1,context_aware,medium,D1-Q025,negation,1,1,1.0,638
D1,context_aware,medium,D1-Q026,paraphrase,1,1,1.0,638
D1,context_aware,medium,D1-Q027,exact_fact,1,1,1.0,638
D1,context_aware,medium,D1-Q028,conditional_exception,1,1,1.0,638
D1,context_aware,medium,D1-Q029,exact_fact,1,1,1.0,638
D1,context_aware,medium,D1-Q030,exact_fact,1,1,1.0,638
D1,context_aware,medium,D1-Q031,negation,1,1,1.0,638
D1,context_aware,medium,D1-Q032,temporal,1,1,1.0,638
D1,context_aware,medium,D1-Q033,exact_fact,1,1,1.0,638
D1,context_aware,medium,D1-Q034,negation,1,1,1.0,638
D1,context_aware,medium,D1-Q035,numerical,1,1,1.0,638
D1,context_aware,medium,D1-Q036,conditional_exception,1,1,1.0,638
D1,context_aware,medium,D1-Q037,conditional_exception,1,1,1.0,638
D1,context_aware,medium,D1-Q038,negation,1,1,1.0,638
D1,context_aware,medium,D1-Q039,exact_fact,1,1,1.0,638
D1,context_aware,medium,D1-Q040,exact_fact,1,1,1.0,638
D1,context_aware,medium,D1-Q041,negation,1,1,1.0,638
D1,context_aware,medium,D1-Q042,exact_fact,1,1,1.0,638
D1,context_aware,medium,D1-Q043,list_membership,1,1,1.0,638
D1,context_aware,medium,D1-Q044,exact_fact,1,1,1.0,638
D1,context_aware,medium,D1-Q045,exact_fact,1,1,1.0,638
D1,context_aware,medium,D1-Q046,procedural,1,1,1.0,638
D1,context_aware,medium,D1-Q047,numerical,1,1,1.0,638
D1,context_aware,medium,D1-Q048,negation,1,1,1.0,638
D1,context_aware,medium,D1-Q049,procedural,1,1,1.0,638
D1,context_aware,medium,D1-Q050,procedural,1,1,1.0,638
D1,context_aware,medium,D1-Q051,list_membership,3,3,1.0,638
D1,context_aware,medium,D1-Q052,negation,1,1,1.0,638
D1,context_aware,medium,D1-Q053,numerical,1,1,1.0,638
D1,context_aware,medium,D1-Q054,exact_fact,1,1,1.0,638
D1,context_aware,medium,D1-Q055,conditional_exception,1,1,1.0,638
D1,context_aware,medium,D1-Q056,procedural,1,1,1.0,638
D1,context_aware,medium,D1-Q057,exact_fact,1,1,1.0,638
D1,context_aware,medium,D1-Q058,negation,1,1,1.0,638
D1,context_aware,medium,D1-Q059,procedural,1,1,1.0,638
D1,context_aware,medium,D1-Q060,negation,1,1,1.0,638
D1,context_aware,medium,D1-Q061,procedural,1,1,1.0,638
D1,context_aware,medium,D1-Q062,numerical,1,1,1.0,638
D1,context_aware,medium,D1-Q063,numerical,1,1,1.0,638
D1,context_aware,medium,D1-Q064,numerical,1,1,1.0,638
D1,context_aware,medium,D1-Q065,numerical,1,1,1.0,638
D1,context_aware,medium,D1-Q066,list_membership,1,1,1.0,638
D1,context_aware,medium,D1-Q067,numerical,1,1,1.0,638
D1,context_aware,medium,D1-Q068,numerical,1,1,1.0,638
D1,context_aware,medium,D1-Q069,numerical,1,1,1.0,638
D1,context_aware,medium,D1-Q070,numerical,1,1,1.0,638
D1,context_aware,medium,D1-Q071,numerical,1,1,1.0,638
D1,context_aware,medium,D1-Q072,numerical,1,1,1.0,638
D1,context_aware,medium,D1-Q073,numerical,1,1,1.0,638
D1,context_aware,medium,D1-Q074,numerical,1,1,1.0,638
D1,context_aware,medium,D1-Q075,numerical,1,1,1.0,638
D1,context_aware,medium,D1-Q076,numerical,1,1,1.0,638
D1,context_aware,medium,D1-Q077,numerical,1,1,1.0,638
D1,context_aware,medium,D1-Q078,conditional_exception,1,1,1.0,638
D1,context_aware,medium,D1-Q079,conditional_exception,3,3,1.0,638
D1,context_aware,medium,D1-Q080,numerical,2,2,1.0,638
D1,context_aware,medium,D1-Q081,numerical,1,1,1.0,638
D1,context_aware,medium,D1-Q082,procedural,1,1,1.0,638
D1,context_aware,medium,D1-Q083,numerical,2,2,1.0,638
D1,context_aware,medium,D1-Q084,exact_fact,1,1,1.0,638
D1,context_aware,medium,D1-Q085,numerical,1,1,1.0,638
D1,context_aware,medium,D1-Q086,negation,1,1,1.0,638
D1,context_aware,medium,D1-Q087,numerical,1,1,1.0,638
D1,context_aware,medium,D1-Q088,numerical,1,1,1.0,638
D1,context_aware,medium,D1-Q089,numerical,1,1,1.0,638
D1,context_aware,medium,D1-Q090,numerical,1,1,1.0,638
D1,context_aware,medium,D1-Q091,numerical,1,1,1.0,638
D1,context_aware,medium,D1-Q092,procedural,1,1,1.0,638
D1,context_aware,medium,D1-Q093,numerical,1,1,1.0,638
D1,context_aware,medium,D1-Q094,exact_fact,1,1,1.0,638
D1,context_aware,medium,D1-Q095,exact_fact,1,1,1.0,638
D1,context_aware,medium,D1-Q096,negation,1,1,1.0,638
D1,context_aware,medium,D1-Q097,exact_fact,1,1,1.0,638
D1,context_aware,medium,D1-Q098,numerical,1,1,1.0,638
D1,context_aware,medium,D1-Q099,numerical,1,1,1.0,638
D1,context_aware,medium,D1-Q100,exact_fact,1,1,1.0,638
D1,context_aware,medium,D1-Q101,numerical,1,1,1.0,638
D1,context_aware,medium,D1-Q102,negation,1,1,1.0,638
D1,context_aware,medium,D1-Q103,numerical,1,1,1.0,638
D1,context_aware,medium,D1-Q104,negation,1,1,1.0,638
D1,context_aware,medium,D1-Q105,numerical,1,1,1.0,638
D1,context_aware,medium,D1-Q106,numerical,1,1,1.0,638
D1,context_aware,medium,D1-Q107,numerical,1,1,1.0,638
D1,context_aware,medium,D1-Q108,numerical,1,1,1.0,638
D1,context_aware,medium,D1-Q109,numerical,1,1,1.0,638
D1,context_aware,medium,D1-Q110,exact_fact,1,1,1.0,638
D1,context_aware,medium,D1-Q111,exact_fact,1,1,1.0,638
D1,context_aware,medium,D1-Q112,numerical,1,1,1.0,638
D1,context_aware,medium,D1-Q113,numerical,1,1,1.0,638
D1,context_aware,medium,D1-Q114,numerical,1,1,1.0,638
D1,context_aware,medium,D1-Q115,negation,1,1,1.0,638
D1,context_aware,medium,D1-Q116,list_membership,3,3,1.0,638
D1,context_aware,medium,D1-Q117,numerical,1,1,1.0,638
D1,context_aware,medium,D1-Q118,negation,1,1,1.0,638
D1,context_aware,medium,D1-Q119,exact_fact,1,1,1.0,638
D1,context_aware,medium,D1-Q120,numerical,2,2,1.0,638
D1,context_aware,medium,D1-Q121,numerical,1,1,1.0,638
D1,context_aware,medium,D1-Q122,numerical,1,1,1.0,638
D1,context_aware,medium,D1-Q123,procedural,1,1,1.0,638
D1,context_aware,medium,D1-Q124,exact_fact,1,1,1.0,638
D1,context_aware,medium,D1-Q125,exact_fact,1,1,1.0,638
D1,context_aware,medium,D1-Q126,negation,1,1,1.0,638
D1,context_aware,medium,D1-Q127,numerical,1,1,1.0,638
D1,context_aware,medium,D1-Q128,numerical,1,1,1.0,638
D1,context_aware,medium,D1-Q129,exact_fact,1,1,1.0,638
D1,context_aware,medium,D1-Q130,numerical,1,1,1.0,638
D1,context_aware,medium,D1-Q131,negation,1,1,1.0,638
D1,context_aware,medium,D1-Q132,negation,1,1,1.0,638
D1,context_aware,medium,D1-Q133,procedural,3,3,1.0,638
D1,context_aware,medium,D1-Q134,exact_fact,1,1,1.0,638
D1,context_aware,medium,D1-Q135,conditional_exception,1,1,1.0,638
D1,context_aware,medium,D1-Q136,exact_fact,1,1,1.0,638
D1,context_aware,medium,D1-Q137,table_lookup,6,5,0.8333333333333334,638
D1,context_aware,medium,D1-Q138,table_context,3,3,1.0,638
D1,context_aware,medium,D1-Q139,heading_context,1,1,1.0,638
D1,context_aware,medium,D1-Q140,exact_fact,1,1,1.0,638
D1,context_aware,medium,D1-Q141,exact_fact,1,1,1.0,638
D1,context_aware,medium,D1-Q142,exact_fact,1,1,1.0,638
D1,context_aware,medium,D1-Q143,exact_fact,1,1,1.0,638
D1,context_aware,medium,D1-Q144,exact_fact,1,1,1.0,638
D1,context_aware,medium,D1-Q145,exact_fact,1,1,1.0,638
D1,context_aware,medium,D1-Q146,exact_fact,1,1,1.0,638
D1,context_aware,medium,D1-Q147,exact_fact,1,1,1.0,638
D1,context_aware,medium,D1-Q148,exact_fact,1,1,1.0,638
D1,context_aware,medium,D1-Q149,exact_fact,1,1,1.0,638
D1,context_aware,medium,D1-Q150,numerical,1,1,1.0,638
D1,context_aware,medium,D1-Q151,numerical,2,2,1.0,638
D1,context_aware,medium,D1-Q152,numerical,1,1,1.0,638
D1,context_aware,medium,D1-Q153,numerical,1,1,1.0,638
D1,context_aware,medium,D1-Q154,numerical,1,1,1.0,638
D1,context_aware,medium,D1-Q155,numerical,1,1,1.0,638
D1,context_aware,medium,D1-Q156,numerical,1,1,1.0,638
D1,context_aware,medium,D1-Q157,numerical,1,1,1.0,638
D1,context_aware,medium,D1-Q158,numerical,1,1,1.0,638
D1,context_aware,medium,D1-Q159,procedural,1,1,1.0,638
D1,context_aware,medium,D1-Q160,exact_fact,1,1,1.0,638
D1,context_aware,medium,D1-Q161,numerical,1,1,1.0,638
D1,context_aware,medium,D1-Q162,procedural,1,1,1.0,638
D1,context_aware,medium,D1-Q163,exact_fact,1,1,1.0,638
D1,context_aware,medium,D1-Q164,procedural,1,1,1.0,638
D1,context_aware,medium,D1-Q165,exact_fact,1,1,1.0,638
D1,context_aware,medium,D1-Q166,negation,1,1,1.0,638
D1,context_aware,medium,D1-Q167,numerical,1,1,1.0,638
D1,context_aware,medium,D1-Q168,procedural,1,1,1.0,638
D1,context_aware,medium,D1-Q169,exact_fact,1,1,1.0,638
D1,context_aware,medium,D1-Q170,temporal,1,1,1.0,638
D1,context_aware,medium,D1-Q171,temporal,1,1,1.0,638
D1,context_aware,medium,D1-Q172,exact_fact,1,1,1.0,638
D1,context_aware,medium,D1-Q173,procedural,1,0,0.0,638
D1,context_aware,medium,D1-Q174,conditional_exception,1,1,1.0,638
D1,context_aware,medium,D1-Q175,negation,1,1,1.0,638
D1,context_aware,medium,D1-Q176,procedural,1,0,0.0,638
D1,context_aware,medium,D1-Q177,exact_fact,1,1,1.0,638
D1,context_aware,medium,D1-Q178,negation,1,1,1.0,638
D1,context_aware,medium,D1-Q179,exact_fact,1,1,1.0,638
D1,context_aware,medium,D1-Q180,exact_fact,1,1,1.0,638
D1,context_aware,medium,D1-Q181,procedural,1,1,1.0,638
D1,context_aware,medium,D1-Q182,conditional_exception,1,1,1.0,638
D1,context_aware,medium,D1-Q183,conditional_exception,1,1,1.0,638
D1,context_aware,medium,D1-Q184,numerical,1,1,1.0,638
D1,context_aware,medium,D1-Q185,procedural,1,1,1.0,638
D1,context_aware,medium,D1-Q186,conditional_exception,1,1,1.0,638
D1,context_aware,medium,D1-Q187,numerical,1,1,1.0,638
D1,context_aware,medium,D1-Q188,numerical,1,1,1.0,638
D1,context_aware,medium,D1-Q189,exact_fact,1,1,1.0,638
D1,context_aware,medium,D1-Q190,conditional_exception,1,1,1.0,638
D1,context_aware,medium,D1-Q191,conditional_exception,1,1,1.0,638
D1,context_aware,medium,D1-Q192,list_membership,1,1,1.0,638
D1,context_aware,medium,D1-Q193,procedural,1,1,1.0,638
D1,context_aware,medium,D1-Q194,procedural,1,1,1.0,638
D1,context_aware,medium,D1-Q195,conditional_exception,1,0,0.0,638
D1,context_aware,medium,D1-Q196,exact_fact,1,1,1.0,638
D1,context_aware,medium,D1-Q197,procedural,1,1,1.0,638
D1,context_aware,medium,D1-Q198,conditional_exception,1,1,1.0,638
D1,context_aware,medium,D1-Q199,conditional_exception,1,1,1.0,638
D1,context_aware,medium,D1-Q200,numerical,1,1,1.0,638
D1,context_aware,advanced,D1-Q001,exact_fact,1,1,1.0,621
D1,context_aware,advanced,D1-Q002,temporal,1,1,1.0,621
D1,context_aware,advanced,D1-Q003,list_membership,11,11,1.0,621
D1,context_aware,advanced,D1-Q004,exact_fact,1,1,1.0,621
D1,context_aware,advanced,D1-Q005,exact_fact,1,1,1.0,621
D1,context_aware,advanced,D1-Q006,exact_fact,1,1,1.0,621
D1,context_aware,advanced,D1-Q007,paraphrase,1,1,1.0,621
D1,context_aware,advanced,D1-Q008,exact_fact,1,1,1.0,621
D1,context_aware,advanced,D1-Q009,list_membership,1,1,1.0,621
D1,context_aware,advanced,D1-Q010,exact_fact,1,1,1.0,621
D1,context_aware,advanced,D1-Q011,exact_fact,1,1,1.0,621
D1,context_aware,advanced,D1-Q012,exact_fact,1,1,1.0,621
D1,context_aware,advanced,D1-Q013,list_membership,3,2,0.6666666666666666,621
D1,context_aware,advanced,D1-Q014,exact_fact,1,1,1.0,621
D1,context_aware,advanced,D1-Q015,exact_fact,1,1,1.0,621
D1,context_aware,advanced,D1-Q016,list_membership,3,3,1.0,621
D1,context_aware,advanced,D1-Q017,exact_fact,1,1,1.0,621
D1,context_aware,advanced,D1-Q018,exact_fact,1,1,1.0,621
D1,context_aware,advanced,D1-Q019,conditional_exception,1,1,1.0,621
D1,context_aware,advanced,D1-Q020,procedural,1,1,1.0,621
D1,context_aware,advanced,D1-Q021,conditional_exception,1,1,1.0,621
D1,context_aware,advanced,D1-Q022,numerical,1,1,1.0,621
D1,context_aware,advanced,D1-Q023,negation,1,1,1.0,621
D1,context_aware,advanced,D1-Q024,conditional_exception,1,1,1.0,621
D1,context_aware,advanced,D1-Q025,negation,1,1,1.0,621
D1,context_aware,advanced,D1-Q026,paraphrase,1,1,1.0,621
D1,context_aware,advanced,D1-Q027,exact_fact,1,1,1.0,621
D1,context_aware,advanced,D1-Q028,conditional_exception,1,1,1.0,621
D1,context_aware,advanced,D1-Q029,exact_fact,1,1,1.0,621
D1,context_aware,advanced,D1-Q030,exact_fact,1,1,1.0,621
D1,context_aware,advanced,D1-Q031,negation,1,1,1.0,621
D1,context_aware,advanced,D1-Q032,temporal,1,1,1.0,621
D1,context_aware,advanced,D1-Q033,exact_fact,1,1,1.0,621
D1,context_aware,advanced,D1-Q034,negation,1,1,1.0,621
D1,context_aware,advanced,D1-Q035,numerical,1,1,1.0,621
D1,context_aware,advanced,D1-Q036,conditional_exception,1,1,1.0,621
D1,context_aware,advanced,D1-Q037,conditional_exception,1,1,1.0,621
D1,context_aware,advanced,D1-Q038,negation,1,1,1.0,621
D1,context_aware,advanced,D1-Q039,exact_fact,1,1,1.0,621
D1,context_aware,advanced,D1-Q040,exact_fact,1,1,1.0,621
D1,context_aware,advanced,D1-Q041,negation,1,1,1.0,621
D1,context_aware,advanced,D1-Q042,exact_fact,1,1,1.0,621
D1,context_aware,advanced,D1-Q043,list_membership,1,1,1.0,621
D1,context_aware,advanced,D1-Q044,exact_fact,1,1,1.0,621
D1,context_aware,advanced,D1-Q045,exact_fact,1,1,1.0,621
D1,context_aware,advanced,D1-Q046,procedural,1,1,1.0,621
D1,context_aware,advanced,D1-Q047,numerical,1,1,1.0,621
D1,context_aware,advanced,D1-Q048,negation,1,1,1.0,621
D1,context_aware,advanced,D1-Q049,procedural,1,1,1.0,621
D1,context_aware,advanced,D1-Q050,procedural,1,1,1.0,621
D1,context_aware,advanced,D1-Q051,list_membership,3,3,1.0,621
D1,context_aware,advanced,D1-Q052,negation,1,1,1.0,621
D1,context_aware,advanced,D1-Q053,numerical,1,1,1.0,621
D1,context_aware,advanced,D1-Q054,exact_fact,1,1,1.0,621
D1,context_aware,advanced,D1-Q055,conditional_exception,1,1,1.0,621
D1,context_aware,advanced,D1-Q056,procedural,1,1,1.0,621
D1,context_aware,advanced,D1-Q057,exact_fact,1,1,1.0,621
D1,context_aware,advanced,D1-Q058,negation,1,1,1.0,621
D1,context_aware,advanced,D1-Q059,procedural,1,1,1.0,621
D1,context_aware,advanced,D1-Q060,negation,1,1,1.0,621
D1,context_aware,advanced,D1-Q061,procedural,1,1,1.0,621
D1,context_aware,advanced,D1-Q062,numerical,1,1,1.0,621
D1,context_aware,advanced,D1-Q063,numerical,1,1,1.0,621
D1,context_aware,advanced,D1-Q064,numerical,1,1,1.0,621
D1,context_aware,advanced,D1-Q065,numerical,1,1,1.0,621
D1,context_aware,advanced,D1-Q066,list_membership,1,1,1.0,621
D1,context_aware,advanced,D1-Q067,numerical,1,1,1.0,621
D1,context_aware,advanced,D1-Q068,numerical,1,1,1.0,621
D1,context_aware,advanced,D1-Q069,numerical,1,1,1.0,621
D1,context_aware,advanced,D1-Q070,numerical,1,1,1.0,621
D1,context_aware,advanced,D1-Q071,numerical,1,1,1.0,621
D1,context_aware,advanced,D1-Q072,numerical,1,1,1.0,621
D1,context_aware,advanced,D1-Q073,numerical,1,1,1.0,621
D1,context_aware,advanced,D1-Q074,numerical,1,1,1.0,621
D1,context_aware,advanced,D1-Q075,numerical,1,1,1.0,621
D1,context_aware,advanced,D1-Q076,numerical,1,1,1.0,621
D1,context_aware,advanced,D1-Q077,numerical,1,1,1.0,621
D1,context_aware,advanced,D1-Q078,conditional_exception,1,1,1.0,621
D1,context_aware,advanced,D1-Q079,conditional_exception,3,3,1.0,621
D1,context_aware,advanced,D1-Q080,numerical,2,2,1.0,621
D1,context_aware,advanced,D1-Q081,numerical,1,1,1.0,621
D1,context_aware,advanced,D1-Q082,procedural,1,1,1.0,621
D1,context_aware,advanced,D1-Q083,numerical,2,2,1.0,621
D1,context_aware,advanced,D1-Q084,exact_fact,1,1,1.0,621
D1,context_aware,advanced,D1-Q085,numerical,1,1,1.0,621
D1,context_aware,advanced,D1-Q086,negation,1,1,1.0,621
D1,context_aware,advanced,D1-Q087,numerical,1,1,1.0,621
D1,context_aware,advanced,D1-Q088,numerical,1,1,1.0,621
D1,context_aware,advanced,D1-Q089,numerical,1,1,1.0,621
D1,context_aware,advanced,D1-Q090,numerical,1,1,1.0,621
D1,context_aware,advanced,D1-Q091,numerical,1,1,1.0,621
D1,context_aware,advanced,D1-Q092,procedural,1,1,1.0,621
D1,context_aware,advanced,D1-Q093,numerical,1,1,1.0,621
D1,context_aware,advanced,D1-Q094,exact_fact,1,1,1.0,621
D1,context_aware,advanced,D1-Q095,exact_fact,1,1,1.0,621
D1,context_aware,advanced,D1-Q096,negation,1,1,1.0,621
D1,context_aware,advanced,D1-Q097,exact_fact,1,1,1.0,621
D1,context_aware,advanced,D1-Q098,numerical,1,1,1.0,621
D1,context_aware,advanced,D1-Q099,numerical,1,1,1.0,621
D1,context_aware,advanced,D1-Q100,exact_fact,1,1,1.0,621
D1,context_aware,advanced,D1-Q101,numerical,1,1,1.0,621
D1,context_aware,advanced,D1-Q102,negation,1,1,1.0,621
D1,context_aware,advanced,D1-Q103,numerical,1,1,1.0,621
D1,context_aware,advanced,D1-Q104,negation,1,1,1.0,621
D1,context_aware,advanced,D1-Q105,numerical,1,1,1.0,621
D1,context_aware,advanced,D1-Q106,numerical,1,1,1.0,621
D1,context_aware,advanced,D1-Q107,numerical,1,1,1.0,621
D1,context_aware,advanced,D1-Q108,numerical,1,1,1.0,621
D1,context_aware,advanced,D1-Q109,numerical,1,1,1.0,621
D1,context_aware,advanced,D1-Q110,exact_fact,1,1,1.0,621
D1,context_aware,advanced,D1-Q111,exact_fact,1,1,1.0,621
D1,context_aware,advanced,D1-Q112,numerical,1,1,1.0,621
D1,context_aware,advanced,D1-Q113,numerical,1,1,1.0,621
D1,context_aware,advanced,D1-Q114,numerical,1,1,1.0,621
D1,context_aware,advanced,D1-Q115,negation,1,1,1.0,621
D1,context_aware,advanced,D1-Q116,list_membership,3,3,1.0,621
D1,context_aware,advanced,D1-Q117,numerical,1,1,1.0,621
D1,context_aware,advanced,D1-Q118,negation,1,1,1.0,621
D1,context_aware,advanced,D1-Q119,exact_fact,1,1,1.0,621
D1,context_aware,advanced,D1-Q120,numerical,2,2,1.0,621
D1,context_aware,advanced,D1-Q121,numerical,1,1,1.0,621
D1,context_aware,advanced,D1-Q122,numerical,1,1,1.0,621
D1,context_aware,advanced,D1-Q123,procedural,1,1,1.0,621
D1,context_aware,advanced,D1-Q124,exact_fact,1,1,1.0,621
D1,context_aware,advanced,D1-Q125,exact_fact,1,1,1.0,621
D1,context_aware,advanced,D1-Q126,negation,1,1,1.0,621
D1,context_aware,advanced,D1-Q127,numerical,1,1,1.0,621
D1,context_aware,advanced,D1-Q128,numerical,1,1,1.0,621
D1,context_aware,advanced,D1-Q129,exact_fact,1,1,1.0,621
D1,context_aware,advanced,D1-Q130,numerical,1,1,1.0,621
D1,context_aware,advanced,D1-Q131,negation,1,1,1.0,621
D1,context_aware,advanced,D1-Q132,negation,1,1,1.0,621
D1,context_aware,advanced,D1-Q133,procedural,3,3,1.0,621
D1,context_aware,advanced,D1-Q134,exact_fact,1,1,1.0,621
D1,context_aware,advanced,D1-Q135,conditional_exception,1,1,1.0,621
D1,context_aware,advanced,D1-Q136,exact_fact,1,1,1.0,621
D1,context_aware,advanced,D1-Q137,table_lookup,6,5,0.8333333333333334,621
D1,context_aware,advanced,D1-Q138,table_context,3,3,1.0,621
D1,context_aware,advanced,D1-Q139,heading_context,1,1,1.0,621
D1,context_aware,advanced,D1-Q140,exact_fact,1,1,1.0,621
D1,context_aware,advanced,D1-Q141,exact_fact,1,1,1.0,621
D1,context_aware,advanced,D1-Q142,exact_fact,1,1,1.0,621
D1,context_aware,advanced,D1-Q143,exact_fact,1,1,1.0,621
D1,context_aware,advanced,D1-Q144,exact_fact,1,1,1.0,621
D1,context_aware,advanced,D1-Q145,exact_fact,1,1,1.0,621
D1,context_aware,advanced,D1-Q146,exact_fact,1,1,1.0,621
D1,context_aware,advanced,D1-Q147,exact_fact,1,1,1.0,621
D1,context_aware,advanced,D1-Q148,exact_fact,1,1,1.0,621
D1,context_aware,advanced,D1-Q149,exact_fact,1,1,1.0,621
D1,context_aware,advanced,D1-Q150,numerical,1,1,1.0,621
D1,context_aware,advanced,D1-Q151,numerical,2,2,1.0,621
D1,context_aware,advanced,D1-Q152,numerical,1,1,1.0,621
D1,context_aware,advanced,D1-Q153,numerical,1,1,1.0,621
D1,context_aware,advanced,D1-Q154,numerical,1,1,1.0,621
D1,context_aware,advanced,D1-Q155,numerical,1,1,1.0,621
D1,context_aware,advanced,D1-Q156,numerical,1,1,1.0,621
D1,context_aware,advanced,D1-Q157,numerical,1,1,1.0,621
D1,context_aware,advanced,D1-Q158,numerical,1,1,1.0,621
D1,context_aware,advanced,D1-Q159,procedural,1,1,1.0,621
D1,context_aware,advanced,D1-Q160,exact_fact,1,1,1.0,621
D1,context_aware,advanced,D1-Q161,numerical,1,1,1.0,621
D1,context_aware,advanced,D1-Q162,procedural,1,1,1.0,621
D1,context_aware,advanced,D1-Q163,exact_fact,1,1,1.0,621
D1,context_aware,advanced,D1-Q164,procedural,1,1,1.0,621
D1,context_aware,advanced,D1-Q165,exact_fact,1,1,1.0,621
D1,context_aware,advanced,D1-Q166,negation,1,1,1.0,621
D1,context_aware,advanced,D1-Q167,numerical,1,1,1.0,621
D1,context_aware,advanced,D1-Q168,procedural,1,1,1.0,621
D1,context_aware,advanced,D1-Q169,exact_fact,1,1,1.0,621
D1,context_aware,advanced,D1-Q170,temporal,1,1,1.0,621
D1,context_aware,advanced,D1-Q171,temporal,1,1,1.0,621
D1,context_aware,advanced,D1-Q172,exact_fact,1,1,1.0,621
D1,context_aware,advanced,D1-Q173,procedural,1,0,0.0,621
D1,context_aware,advanced,D1-Q174,conditional_exception,1,1,1.0,621
D1,context_aware,advanced,D1-Q175,negation,1,1,1.0,621
D1,context_aware,advanced,D1-Q176,procedural,1,0,0.0,621
D1,context_aware,advanced,D1-Q177,exact_fact,1,1,1.0,621
D1,context_aware,advanced,D1-Q178,negation,1,1,1.0,621
D1,context_aware,advanced,D1-Q179,exact_fact,1,1,1.0,621
D1,context_aware,advanced,D1-Q180,exact_fact,1,1,1.0,621
D1,context_aware,advanced,D1-Q181,procedural,1,1,1.0,621
D1,context_aware,advanced,D1-Q182,conditional_exception,1,1,1.0,621
D1,context_aware,advanced,D1-Q183,conditional_exception,1,1,1.0,621
D1,context_aware,advanced,D1-Q184,numerical,1,1,1.0,621
D1,context_aware,advanced,D1-Q185,procedural,1,1,1.0,621
D1,context_aware,advanced,D1-Q186,conditional_exception,1,1,1.0,621
D1,context_aware,advanced,D1-Q187,numerical,1,1,1.0,621
D1,context_aware,advanced,D1-Q188,numerical,1,1,1.0,621
D1,context_aware,advanced,D1-Q189,exact_fact,1,1,1.0,621
D1,context_aware,advanced,D1-Q190,conditional_exception,1,1,1.0,621
D1,context_aware,advanced,D1-Q191,conditional_exception,1,1,1.0,621
D1,context_aware,advanced,D1-Q192,list_membership,1,1,1.0,621
D1,context_aware,advanced,D1-Q193,procedural,1,1,1.0,621
D1,context_aware,advanced,D1-Q194,procedural,1,1,1.0,621
D1,context_aware,advanced,D1-Q195,conditional_exception,1,0,0.0,621
D1,context_aware,advanced,D1-Q196,exact_fact,1,1,1.0,621
D1,context_aware,advanced,D1-Q197,procedural,1,1,1.0,621
D1,context_aware,advanced,D1-Q198,conditional_exception,1,1,1.0,621
D1,context_aware,advanced,D1-Q199,conditional_exception,1,1,1.0,621
D1,context_aware,advanced,D1-Q200,numerical,1,1,1.0,621
D1,docling,basic,D1-Q001,exact_fact,1,1,1.0,135
D1,docling,basic,D1-Q002,temporal,1,1,1.0,135
D1,docling,basic,D1-Q003,list_membership,11,11,1.0,135
D1,docling,basic,D1-Q004,exact_fact,1,1,1.0,135
D1,docling,basic,D1-Q005,exact_fact,1,1,1.0,135
D1,docling,basic,D1-Q006,exact_fact,1,1,1.0,135
D1,docling,basic,D1-Q007,paraphrase,1,1,1.0,135
D1,docling,basic,D1-Q008,exact_fact,1,1,1.0,135
D1,docling,basic,D1-Q009,list_membership,1,1,1.0,135
D1,docling,basic,D1-Q010,exact_fact,1,1,1.0,135
D1,docling,basic,D1-Q011,exact_fact,1,1,1.0,135
D1,docling,basic,D1-Q012,exact_fact,1,1,1.0,135
D1,docling,basic,D1-Q013,list_membership,3,2,0.6666666666666666,135
D1,docling,basic,D1-Q014,exact_fact,1,1,1.0,135
D1,docling,basic,D1-Q015,exact_fact,1,1,1.0,135
D1,docling,basic,D1-Q016,list_membership,3,3,1.0,135
D1,docling,basic,D1-Q017,exact_fact,1,1,1.0,135
D1,docling,basic,D1-Q018,exact_fact,1,1,1.0,135
D1,docling,basic,D1-Q019,conditional_exception,1,1,1.0,135
D1,docling,basic,D1-Q020,procedural,1,1,1.0,135
D1,docling,basic,D1-Q021,conditional_exception,1,1,1.0,135
D1,docling,basic,D1-Q022,numerical,1,1,1.0,135
D1,docling,basic,D1-Q023,negation,1,1,1.0,135
D1,docling,basic,D1-Q024,conditional_exception,1,1,1.0,135
D1,docling,basic,D1-Q025,negation,1,1,1.0,135
D1,docling,basic,D1-Q026,paraphrase,1,1,1.0,135
D1,docling,basic,D1-Q027,exact_fact,1,1,1.0,135
D1,docling,basic,D1-Q028,conditional_exception,1,1,1.0,135
D1,docling,basic,D1-Q029,exact_fact,1,1,1.0,135
D1,docling,basic,D1-Q030,exact_fact,1,1,1.0,135
D1,docling,basic,D1-Q031,negation,1,1,1.0,135
D1,docling,basic,D1-Q032,temporal,1,1,1.0,135
D1,docling,basic,D1-Q033,exact_fact,1,1,1.0,135
D1,docling,basic,D1-Q034,negation,1,1,1.0,135
D1,docling,basic,D1-Q035,numerical,1,1,1.0,135
D1,docling,basic,D1-Q036,conditional_exception,1,1,1.0,135
D1,docling,basic,D1-Q037,conditional_exception,1,1,1.0,135
D1,docling,basic,D1-Q038,negation,1,1,1.0,135
D1,docling,basic,D1-Q039,exact_fact,1,1,1.0,135
D1,docling,basic,D1-Q040,exact_fact,1,1,1.0,135
D1,docling,basic,D1-Q041,negation,1,1,1.0,135
D1,docling,basic,D1-Q042,exact_fact,1,1,1.0,135
D1,docling,basic,D1-Q043,list_membership,1,1,1.0,135
D1,docling,basic,D1-Q044,exact_fact,1,1,1.0,135
D1,docling,basic,D1-Q045,exact_fact,1,1,1.0,135
D1,docling,basic,D1-Q046,procedural,1,1,1.0,135
D1,docling,basic,D1-Q047,numerical,1,1,1.0,135
D1,docling,basic,D1-Q048,negation,1,1,1.0,135
D1,docling,basic,D1-Q049,procedural,1,1,1.0,135
D1,docling,basic,D1-Q050,procedural,1,1,1.0,135
D1,docling,basic,D1-Q051,list_membership,3,3,1.0,135
D1,docling,basic,D1-Q052,negation,1,1,1.0,135
D1,docling,basic,D1-Q053,numerical,1,1,1.0,135
D1,docling,basic,D1-Q054,exact_fact,1,1,1.0,135
D1,docling,basic,D1-Q055,conditional_exception,1,1,1.0,135
D1,docling,basic,D1-Q056,procedural,1,1,1.0,135
D1,docling,basic,D1-Q057,exact_fact,1,1,1.0,135
D1,docling,basic,D1-Q058,negation,1,1,1.0,135
D1,docling,basic,D1-Q059,procedural,1,1,1.0,135
D1,docling,basic,D1-Q060,negation,1,1,1.0,135
D1,docling,basic,D1-Q061,procedural,1,1,1.0,135
D1,docling,basic,D1-Q062,numerical,1,1,1.0,135
D1,docling,basic,D1-Q063,numerical,1,1,1.0,135
D1,docling,basic,D1-Q064,numerical,1,1,1.0,135
D1,docling,basic,D1-Q065,numerical,1,1,1.0,135
D1,docling,basic,D1-Q066,list_membership,1,1,1.0,135
D1,docling,basic,D1-Q067,numerical,1,1,1.0,135
D1,docling,basic,D1-Q068,numerical,1,1,1.0,135
D1,docling,basic,D1-Q069,numerical,1,1,1.0,135
D1,docling,basic,D1-Q070,numerical,1,1,1.0,135
D1,docling,basic,D1-Q071,numerical,1,1,1.0,135
D1,docling,basic,D1-Q072,numerical,1,1,1.0,135
D1,docling,basic,D1-Q073,numerical,1,1,1.0,135
D1,docling,basic,D1-Q074,numerical,1,1,1.0,135
D1,docling,basic,D1-Q075,numerical,1,1,1.0,135
D1,docling,basic,D1-Q076,numerical,1,1,1.0,135
D1,docling,basic,D1-Q077,numerical,1,1,1.0,135
D1,docling,basic,D1-Q078,conditional_exception,1,1,1.0,135
D1,docling,basic,D1-Q079,conditional_exception,3,3,1.0,135
D1,docling,basic,D1-Q080,numerical,2,2,1.0,135
D1,docling,basic,D1-Q081,numerical,1,1,1.0,135
D1,docling,basic,D1-Q082,procedural,1,1,1.0,135
D1,docling,basic,D1-Q083,numerical,2,2,1.0,135
D1,docling,basic,D1-Q084,exact_fact,1,1,1.0,135
D1,docling,basic,D1-Q085,numerical,1,1,1.0,135
D1,docling,basic,D1-Q086,negation,1,1,1.0,135
D1,docling,basic,D1-Q087,numerical,1,1,1.0,135
D1,docling,basic,D1-Q088,numerical,1,1,1.0,135
D1,docling,basic,D1-Q089,numerical,1,1,1.0,135
D1,docling,basic,D1-Q090,numerical,1,1,1.0,135
D1,docling,basic,D1-Q091,numerical,1,1,1.0,135
D1,docling,basic,D1-Q092,procedural,1,1,1.0,135
D1,docling,basic,D1-Q093,numerical,1,1,1.0,135
D1,docling,basic,D1-Q094,exact_fact,1,1,1.0,135
D1,docling,basic,D1-Q095,exact_fact,1,1,1.0,135
D1,docling,basic,D1-Q096,negation,1,1,1.0,135
D1,docling,basic,D1-Q097,exact_fact,1,1,1.0,135
D1,docling,basic,D1-Q098,numerical,1,1,1.0,135
D1,docling,basic,D1-Q099,numerical,1,1,1.0,135
D1,docling,basic,D1-Q100,exact_fact,1,1,1.0,135
D1,docling,basic,D1-Q101,numerical,1,0,0.0,135
D1,docling,basic,D1-Q102,negation,1,1,1.0,135
D1,docling,basic,D1-Q103,numerical,1,1,1.0,135
D1,docling,basic,D1-Q104,negation,1,1,1.0,135
D1,docling,basic,D1-Q105,numerical,1,1,1.0,135
D1,docling,basic,D1-Q106,numerical,1,1,1.0,135
D1,docling,basic,D1-Q107,numerical,1,1,1.0,135
D1,docling,basic,D1-Q108,numerical,1,1,1.0,135
D1,docling,basic,D1-Q109,numerical,1,1,1.0,135
D1,docling,basic,D1-Q110,exact_fact,1,1,1.0,135
D1,docling,basic,D1-Q111,exact_fact,1,1,1.0,135
D1,docling,basic,D1-Q112,numerical,1,1,1.0,135
D1,docling,basic,D1-Q113,numerical,1,1,1.0,135
D1,docling,basic,D1-Q114,numerical,1,1,1.0,135
D1,docling,basic,D1-Q115,negation,1,1,1.0,135
D1,docling,basic,D1-Q116,list_membership,3,3,1.0,135
D1,docling,basic,D1-Q117,numerical,1,1,1.0,135
D1,docling,basic,D1-Q118,negation,1,1,1.0,135
D1,docling,basic,D1-Q119,exact_fact,1,1,1.0,135
D1,docling,basic,D1-Q120,numerical,2,2,1.0,135
D1,docling,basic,D1-Q121,numerical,1,1,1.0,135
D1,docling,basic,D1-Q122,numerical,1,1,1.0,135
D1,docling,basic,D1-Q123,procedural,1,1,1.0,135
D1,docling,basic,D1-Q124,exact_fact,1,1,1.0,135
D1,docling,basic,D1-Q125,exact_fact,1,1,1.0,135
D1,docling,basic,D1-Q126,negation,1,1,1.0,135
D1,docling,basic,D1-Q127,numerical,1,1,1.0,135
D1,docling,basic,D1-Q128,numerical,1,1,1.0,135
D1,docling,basic,D1-Q129,exact_fact,1,1,1.0,135
D1,docling,basic,D1-Q130,numerical,1,1,1.0,135
D1,docling,basic,D1-Q131,negation,1,1,1.0,135
D1,docling,basic,D1-Q132,negation,1,1,1.0,135
D1,docling,basic,D1-Q133,procedural,3,3,1.0,135
D1,docling,basic,D1-Q134,exact_fact,1,1,1.0,135
D1,docling,basic,D1-Q135,conditional_exception,1,1,1.0,135
D1,docling,basic,D1-Q136,exact_fact,1,1,1.0,135
D1,docling,basic,D1-Q137,table_lookup,6,5,0.8333333333333334,135
D1,docling,basic,D1-Q138,table_context,3,2,0.6666666666666666,135
D1,docling,basic,D1-Q139,heading_context,1,1,1.0,135
D1,docling,basic,D1-Q140,exact_fact,1,1,1.0,135
D1,docling,basic,D1-Q141,exact_fact,1,1,1.0,135
D1,docling,basic,D1-Q142,exact_fact,1,1,1.0,135
D1,docling,basic,D1-Q143,exact_fact,1,1,1.0,135
D1,docling,basic,D1-Q144,exact_fact,1,1,1.0,135
D1,docling,basic,D1-Q145,exact_fact,1,1,1.0,135
D1,docling,basic,D1-Q146,exact_fact,1,1,1.0,135
D1,docling,basic,D1-Q147,exact_fact,1,1,1.0,135
D1,docling,basic,D1-Q148,exact_fact,1,1,1.0,135
D1,docling,basic,D1-Q149,exact_fact,1,1,1.0,135
D1,docling,basic,D1-Q150,numerical,1,1,1.0,135
D1,docling,basic,D1-Q151,numerical,2,2,1.0,135
D1,docling,basic,D1-Q152,numerical,1,1,1.0,135
D1,docling,basic,D1-Q153,numerical,1,1,1.0,135
D1,docling,basic,D1-Q154,numerical,1,1,1.0,135
D1,docling,basic,D1-Q155,numerical,1,1,1.0,135
D1,docling,basic,D1-Q156,numerical,1,1,1.0,135
D1,docling,basic,D1-Q157,numerical,1,1,1.0,135
D1,docling,basic,D1-Q158,numerical,1,1,1.0,135
D1,docling,basic,D1-Q159,procedural,1,1,1.0,135
D1,docling,basic,D1-Q160,exact_fact,1,1,1.0,135
D1,docling,basic,D1-Q161,numerical,1,1,1.0,135
D1,docling,basic,D1-Q162,procedural,1,1,1.0,135
D1,docling,basic,D1-Q163,exact_fact,1,0,0.0,135
D1,docling,basic,D1-Q164,procedural,1,1,1.0,135
D1,docling,basic,D1-Q165,exact_fact,1,1,1.0,135
D1,docling,basic,D1-Q166,negation,1,1,1.0,135
D1,docling,basic,D1-Q167,numerical,1,1,1.0,135
D1,docling,basic,D1-Q168,procedural,1,1,1.0,135
D1,docling,basic,D1-Q169,exact_fact,1,1,1.0,135
D1,docling,basic,D1-Q170,temporal,1,1,1.0,135
D1,docling,basic,D1-Q171,temporal,1,1,1.0,135
D1,docling,basic,D1-Q172,exact_fact,1,1,1.0,135
D1,docling,basic,D1-Q173,procedural,1,1,1.0,135
D1,docling,basic,D1-Q174,conditional_exception,1,1,1.0,135
D1,docling,basic,D1-Q175,negation,1,1,1.0,135
D1,docling,basic,D1-Q176,procedural,1,1,1.0,135
D1,docling,basic,D1-Q177,exact_fact,1,1,1.0,135
D1,docling,basic,D1-Q178,negation,1,1,1.0,135
D1,docling,basic,D1-Q179,exact_fact,1,1,1.0,135
D1,docling,basic,D1-Q180,exact_fact,1,1,1.0,135
D1,docling,basic,D1-Q181,procedural,1,1,1.0,135
D1,docling,basic,D1-Q182,conditional_exception,1,1,1.0,135
D1,docling,basic,D1-Q183,conditional_exception,1,1,1.0,135
D1,docling,basic,D1-Q184,numerical,1,1,1.0,135
D1,docling,basic,D1-Q185,procedural,1,1,1.0,135
D1,docling,basic,D1-Q186,conditional_exception,1,1,1.0,135
D1,docling,basic,D1-Q187,numerical,1,1,1.0,135
D1,docling,basic,D1-Q188,numerical,1,1,1.0,135
D1,docling,basic,D1-Q189,exact_fact,1,1,1.0,135
D1,docling,basic,D1-Q190,conditional_exception,1,1,1.0,135
D1,docling,basic,D1-Q191,conditional_exception,1,1,1.0,135
D1,docling,basic,D1-Q192,list_membership,1,1,1.0,135
D1,docling,basic,D1-Q193,procedural,1,1,1.0,135
D1,docling,basic,D1-Q194,procedural,1,1,1.0,135
D1,docling,basic,D1-Q195,conditional_exception,1,1,1.0,135
D1,docling,basic,D1-Q196,exact_fact,1,1,1.0,135
D1,docling,basic,D1-Q197,procedural,1,1,1.0,135
D1,docling,basic,D1-Q198,conditional_exception,1,1,1.0,135
D1,docling,basic,D1-Q199,conditional_exception,1,1,1.0,135
D1,docling,basic,D1-Q200,numerical,1,0,0.0,135
D1,docling,medium,D1-Q001,exact_fact,1,1,1.0,548
D1,docling,medium,D1-Q002,temporal,1,1,1.0,548
D1,docling,medium,D1-Q003,list_membership,11,11,1.0,548
D1,docling,medium,D1-Q004,exact_fact,1,1,1.0,548
D1,docling,medium,D1-Q005,exact_fact,1,1,1.0,548
D1,docling,medium,D1-Q006,exact_fact,1,1,1.0,548
D1,docling,medium,D1-Q007,paraphrase,1,1,1.0,548
D1,docling,medium,D1-Q008,exact_fact,1,1,1.0,548
D1,docling,medium,D1-Q009,list_membership,1,1,1.0,548
D1,docling,medium,D1-Q010,exact_fact,1,1,1.0,548
D1,docling,medium,D1-Q011,exact_fact,1,1,1.0,548
D1,docling,medium,D1-Q012,exact_fact,1,1,1.0,548
D1,docling,medium,D1-Q013,list_membership,3,2,0.6666666666666666,548
D1,docling,medium,D1-Q014,exact_fact,1,1,1.0,548
D1,docling,medium,D1-Q015,exact_fact,1,1,1.0,548
D1,docling,medium,D1-Q016,list_membership,3,2,0.6666666666666666,548
D1,docling,medium,D1-Q017,exact_fact,1,1,1.0,548
D1,docling,medium,D1-Q018,exact_fact,1,1,1.0,548
D1,docling,medium,D1-Q019,conditional_exception,1,1,1.0,548
D1,docling,medium,D1-Q020,procedural,1,1,1.0,548
D1,docling,medium,D1-Q021,conditional_exception,1,1,1.0,548
D1,docling,medium,D1-Q022,numerical,1,1,1.0,548
D1,docling,medium,D1-Q023,negation,1,1,1.0,548
D1,docling,medium,D1-Q024,conditional_exception,1,1,1.0,548
D1,docling,medium,D1-Q025,negation,1,1,1.0,548
D1,docling,medium,D1-Q026,paraphrase,1,1,1.0,548
D1,docling,medium,D1-Q027,exact_fact,1,1,1.0,548
D1,docling,medium,D1-Q028,conditional_exception,1,1,1.0,548
D1,docling,medium,D1-Q029,exact_fact,1,1,1.0,548
D1,docling,medium,D1-Q030,exact_fact,1,1,1.0,548
D1,docling,medium,D1-Q031,negation,1,1,1.0,548
D1,docling,medium,D1-Q032,temporal,1,1,1.0,548
D1,docling,medium,D1-Q033,exact_fact,1,1,1.0,548
D1,docling,medium,D1-Q034,negation,1,1,1.0,548
D1,docling,medium,D1-Q035,numerical,1,1,1.0,548
D1,docling,medium,D1-Q036,conditional_exception,1,1,1.0,548
D1,docling,medium,D1-Q037,conditional_exception,1,1,1.0,548
D1,docling,medium,D1-Q038,negation,1,1,1.0,548
D1,docling,medium,D1-Q039,exact_fact,1,1,1.0,548
D1,docling,medium,D1-Q040,exact_fact,1,1,1.0,548
D1,docling,medium,D1-Q041,negation,1,1,1.0,548
D1,docling,medium,D1-Q042,exact_fact,1,1,1.0,548
D1,docling,medium,D1-Q043,list_membership,1,1,1.0,548
D1,docling,medium,D1-Q044,exact_fact,1,1,1.0,548
D1,docling,medium,D1-Q045,exact_fact,1,1,1.0,548
D1,docling,medium,D1-Q046,procedural,1,1,1.0,548
D1,docling,medium,D1-Q047,numerical,1,1,1.0,548
D1,docling,medium,D1-Q048,negation,1,1,1.0,548
D1,docling,medium,D1-Q049,procedural,1,1,1.0,548
D1,docling,medium,D1-Q050,procedural,1,1,1.0,548
D1,docling,medium,D1-Q051,list_membership,3,3,1.0,548
D1,docling,medium,D1-Q052,negation,1,1,1.0,548
D1,docling,medium,D1-Q053,numerical,1,1,1.0,548
D1,docling,medium,D1-Q054,exact_fact,1,1,1.0,548
D1,docling,medium,D1-Q055,conditional_exception,1,1,1.0,548
D1,docling,medium,D1-Q056,procedural,1,1,1.0,548
D1,docling,medium,D1-Q057,exact_fact,1,1,1.0,548
D1,docling,medium,D1-Q058,negation,1,1,1.0,548
D1,docling,medium,D1-Q059,procedural,1,1,1.0,548
D1,docling,medium,D1-Q060,negation,1,1,1.0,548
D1,docling,medium,D1-Q061,procedural,1,1,1.0,548
D1,docling,medium,D1-Q062,numerical,1,1,1.0,548
D1,docling,medium,D1-Q063,numerical,1,1,1.0,548
D1,docling,medium,D1-Q064,numerical,1,1,1.0,548
D1,docling,medium,D1-Q065,numerical,1,1,1.0,548
D1,docling,medium,D1-Q066,list_membership,1,1,1.0,548
D1,docling,medium,D1-Q067,numerical,1,1,1.0,548
D1,docling,medium,D1-Q068,numerical,1,1,1.0,548
D1,docling,medium,D1-Q069,numerical,1,1,1.0,548
D1,docling,medium,D1-Q070,numerical,1,1,1.0,548
D1,docling,medium,D1-Q071,numerical,1,1,1.0,548
D1,docling,medium,D1-Q072,numerical,1,1,1.0,548
D1,docling,medium,D1-Q073,numerical,1,1,1.0,548
D1,docling,medium,D1-Q074,numerical,1,1,1.0,548
D1,docling,medium,D1-Q075,numerical,1,1,1.0,548
D1,docling,medium,D1-Q076,numerical,1,1,1.0,548
D1,docling,medium,D1-Q077,numerical,1,1,1.0,548
D1,docling,medium,D1-Q078,conditional_exception,1,1,1.0,548
D1,docling,medium,D1-Q079,conditional_exception,3,3,1.0,548
D1,docling,medium,D1-Q080,numerical,2,2,1.0,548
D1,docling,medium,D1-Q081,numerical,1,1,1.0,548
D1,docling,medium,D1-Q082,procedural,1,1,1.0,548
D1,docling,medium,D1-Q083,numerical,2,2,1.0,548
D1,docling,medium,D1-Q084,exact_fact,1,1,1.0,548
D1,docling,medium,D1-Q085,numerical,1,1,1.0,548
D1,docling,medium,D1-Q086,negation,1,1,1.0,548
D1,docling,medium,D1-Q087,numerical,1,1,1.0,548
D1,docling,medium,D1-Q088,numerical,1,1,1.0,548
D1,docling,medium,D1-Q089,numerical,1,1,1.0,548
D1,docling,medium,D1-Q090,numerical,1,1,1.0,548
D1,docling,medium,D1-Q091,numerical,1,1,1.0,548
D1,docling,medium,D1-Q092,procedural,1,1,1.0,548
D1,docling,medium,D1-Q093,numerical,1,1,1.0,548
D1,docling,medium,D1-Q094,exact_fact,1,1,1.0,548
D1,docling,medium,D1-Q095,exact_fact,1,1,1.0,548
D1,docling,medium,D1-Q096,negation,1,1,1.0,548
D1,docling,medium,D1-Q097,exact_fact,1,1,1.0,548
D1,docling,medium,D1-Q098,numerical,1,1,1.0,548
D1,docling,medium,D1-Q099,numerical,1,1,1.0,548
D1,docling,medium,D1-Q100,exact_fact,1,1,1.0,548
D1,docling,medium,D1-Q101,numerical,1,1,1.0,548
D1,docling,medium,D1-Q102,negation,1,1,1.0,548
D1,docling,medium,D1-Q103,numerical,1,1,1.0,548
D1,docling,medium,D1-Q104,negation,1,1,1.0,548
D1,docling,medium,D1-Q105,numerical,1,1,1.0,548
D1,docling,medium,D1-Q106,numerical,1,1,1.0,548
D1,docling,medium,D1-Q107,numerical,1,1,1.0,548
D1,docling,medium,D1-Q108,numerical,1,1,1.0,548
D1,docling,medium,D1-Q109,numerical,1,1,1.0,548
D1,docling,medium,D1-Q110,exact_fact,1,1,1.0,548
D1,docling,medium,D1-Q111,exact_fact,1,1,1.0,548
D1,docling,medium,D1-Q112,numerical,1,1,1.0,548
D1,docling,medium,D1-Q113,numerical,1,1,1.0,548
D1,docling,medium,D1-Q114,numerical,1,1,1.0,548
D1,docling,medium,D1-Q115,negation,1,1,1.0,548
D1,docling,medium,D1-Q116,list_membership,3,3,1.0,548
D1,docling,medium,D1-Q117,numerical,1,1,1.0,548
D1,docling,medium,D1-Q118,negation,1,1,1.0,548
D1,docling,medium,D1-Q119,exact_fact,1,1,1.0,548
D1,docling,medium,D1-Q120,numerical,2,2,1.0,548
D1,docling,medium,D1-Q121,numerical,1,1,1.0,548
D1,docling,medium,D1-Q122,numerical,1,1,1.0,548
D1,docling,medium,D1-Q123,procedural,1,1,1.0,548
D1,docling,medium,D1-Q124,exact_fact,1,1,1.0,548
D1,docling,medium,D1-Q125,exact_fact,1,1,1.0,548
D1,docling,medium,D1-Q126,negation,1,1,1.0,548
D1,docling,medium,D1-Q127,numerical,1,1,1.0,548
D1,docling,medium,D1-Q128,numerical,1,1,1.0,548
D1,docling,medium,D1-Q129,exact_fact,1,1,1.0,548
D1,docling,medium,D1-Q130,numerical,1,1,1.0,548
D1,docling,medium,D1-Q131,negation,1,1,1.0,548
D1,docling,medium,D1-Q132,negation,1,1,1.0,548
D1,docling,medium,D1-Q133,procedural,3,3,1.0,548
D1,docling,medium,D1-Q134,exact_fact,1,1,1.0,548
D1,docling,medium,D1-Q135,conditional_exception,1,1,1.0,548
D1,docling,medium,D1-Q136,exact_fact,1,1,1.0,548
D1,docling,medium,D1-Q137,table_lookup,6,5,0.8333333333333334,548
D1,docling,medium,D1-Q138,table_context,3,3,1.0,548
D1,docling,medium,D1-Q139,heading_context,1,1,1.0,548
D1,docling,medium,D1-Q140,exact_fact,1,1,1.0,548
D1,docling,medium,D1-Q141,exact_fact,1,0,0.0,548
D1,docling,medium,D1-Q142,exact_fact,1,1,1.0,548
D1,docling,medium,D1-Q143,exact_fact,1,1,1.0,548
D1,docling,medium,D1-Q144,exact_fact,1,1,1.0,548
D1,docling,medium,D1-Q145,exact_fact,1,1,1.0,548
D1,docling,medium,D1-Q146,exact_fact,1,1,1.0,548
D1,docling,medium,D1-Q147,exact_fact,1,1,1.0,548
D1,docling,medium,D1-Q148,exact_fact,1,1,1.0,548
D1,docling,medium,D1-Q149,exact_fact,1,1,1.0,548
D1,docling,medium,D1-Q150,numerical,1,1,1.0,548
D1,docling,medium,D1-Q151,numerical,2,2,1.0,548
D1,docling,medium,D1-Q152,numerical,1,1,1.0,548
D1,docling,medium,D1-Q153,numerical,1,1,1.0,548
D1,docling,medium,D1-Q154,numerical,1,1,1.0,548
D1,docling,medium,D1-Q155,numerical,1,1,1.0,548
D1,docling,medium,D1-Q156,numerical,1,1,1.0,548
D1,docling,medium,D1-Q157,numerical,1,1,1.0,548
D1,docling,medium,D1-Q158,numerical,1,1,1.0,548
D1,docling,medium,D1-Q159,procedural,1,1,1.0,548
D1,docling,medium,D1-Q160,exact_fact,1,1,1.0,548
D1,docling,medium,D1-Q161,numerical,1,1,1.0,548
D1,docling,medium,D1-Q162,procedural,1,1,1.0,548
D1,docling,medium,D1-Q163,exact_fact,1,0,0.0,548
D1,docling,medium,D1-Q164,procedural,1,1,1.0,548
D1,docling,medium,D1-Q165,exact_fact,1,1,1.0,548
D1,docling,medium,D1-Q166,negation,1,1,1.0,548
D1,docling,medium,D1-Q167,numerical,1,1,1.0,548
D1,docling,medium,D1-Q168,procedural,1,1,1.0,548
D1,docling,medium,D1-Q169,exact_fact,1,1,1.0,548
D1,docling,medium,D1-Q170,temporal,1,1,1.0,548
D1,docling,medium,D1-Q171,temporal,1,1,1.0,548
D1,docling,medium,D1-Q172,exact_fact,1,1,1.0,548
D1,docling,medium,D1-Q173,procedural,1,1,1.0,548
D1,docling,medium,D1-Q174,conditional_exception,1,1,1.0,548
D1,docling,medium,D1-Q175,negation,1,1,1.0,548
D1,docling,medium,D1-Q176,procedural,1,1,1.0,548
D1,docling,medium,D1-Q177,exact_fact,1,1,1.0,548
D1,docling,medium,D1-Q178,negation,1,1,1.0,548
D1,docling,medium,D1-Q179,exact_fact,1,1,1.0,548
D1,docling,medium,D1-Q180,exact_fact,1,1,1.0,548
D1,docling,medium,D1-Q181,procedural,1,1,1.0,548
D1,docling,medium,D1-Q182,conditional_exception,1,1,1.0,548
D1,docling,medium,D1-Q183,conditional_exception,1,1,1.0,548
D1,docling,medium,D1-Q184,numerical,1,1,1.0,548
D1,docling,medium,D1-Q185,procedural,1,1,1.0,548
D1,docling,medium,D1-Q186,conditional_exception,1,1,1.0,548
D1,docling,medium,D1-Q187,numerical,1,1,1.0,548
D1,docling,medium,D1-Q188,numerical,1,1,1.0,548
D1,docling,medium,D1-Q189,exact_fact,1,1,1.0,548
D1,docling,medium,D1-Q190,conditional_exception,1,1,1.0,548
D1,docling,medium,D1-Q191,conditional_exception,1,1,1.0,548
D1,docling,medium,D1-Q192,list_membership,1,1,1.0,548
D1,docling,medium,D1-Q193,procedural,1,1,1.0,548
D1,docling,medium,D1-Q194,procedural,1,1,1.0,548
D1,docling,medium,D1-Q195,conditional_exception,1,1,1.0,548
D1,docling,medium,D1-Q196,exact_fact,1,1,1.0,548
D1,docling,medium,D1-Q197,procedural,1,1,1.0,548
D1,docling,medium,D1-Q198,conditional_exception,1,1,1.0,548
D1,docling,medium,D1-Q199,conditional_exception,1,1,1.0,548
D1,docling,medium,D1-Q200,numerical,1,1,1.0,548
D1,docling,advanced,D1-Q001,exact_fact,1,1,1.0,196
D1,docling,advanced,D1-Q002,temporal,1,1,1.0,196
D1,docling,advanced,D1-Q003,list_membership,11,11,1.0,196
D1,docling,advanced,D1-Q004,exact_fact,1,1,1.0,196
D1,docling,advanced,D1-Q005,exact_fact,1,1,1.0,196
D1,docling,advanced,D1-Q006,exact_fact,1,1,1.0,196
D1,docling,advanced,D1-Q007,paraphrase,1,1,1.0,196
D1,docling,advanced,D1-Q008,exact_fact,1,1,1.0,196
D1,docling,advanced,D1-Q009,list_membership,1,1,1.0,196
D1,docling,advanced,D1-Q010,exact_fact,1,1,1.0,196
D1,docling,advanced,D1-Q011,exact_fact,1,1,1.0,196
D1,docling,advanced,D1-Q012,exact_fact,1,1,1.0,196
D1,docling,advanced,D1-Q013,list_membership,3,2,0.6666666666666666,196
D1,docling,advanced,D1-Q014,exact_fact,1,1,1.0,196
D1,docling,advanced,D1-Q015,exact_fact,1,1,1.0,196
D1,docling,advanced,D1-Q016,list_membership,3,3,1.0,196
D1,docling,advanced,D1-Q017,exact_fact,1,1,1.0,196
D1,docling,advanced,D1-Q018,exact_fact,1,1,1.0,196
D1,docling,advanced,D1-Q019,conditional_exception,1,1,1.0,196
D1,docling,advanced,D1-Q020,procedural,1,1,1.0,196
D1,docling,advanced,D1-Q021,conditional_exception,1,1,1.0,196
D1,docling,advanced,D1-Q022,numerical,1,1,1.0,196
D1,docling,advanced,D1-Q023,negation,1,1,1.0,196
D1,docling,advanced,D1-Q024,conditional_exception,1,1,1.0,196
D1,docling,advanced,D1-Q025,negation,1,1,1.0,196
D1,docling,advanced,D1-Q026,paraphrase,1,1,1.0,196
D1,docling,advanced,D1-Q027,exact_fact,1,1,1.0,196
D1,docling,advanced,D1-Q028,conditional_exception,1,1,1.0,196
D1,docling,advanced,D1-Q029,exact_fact,1,1,1.0,196
D1,docling,advanced,D1-Q030,exact_fact,1,1,1.0,196
D1,docling,advanced,D1-Q031,negation,1,1,1.0,196
D1,docling,advanced,D1-Q032,temporal,1,1,1.0,196
D1,docling,advanced,D1-Q033,exact_fact,1,1,1.0,196
D1,docling,advanced,D1-Q034,negation,1,1,1.0,196
D1,docling,advanced,D1-Q035,numerical,1,1,1.0,196
D1,docling,advanced,D1-Q036,conditional_exception,1,1,1.0,196
D1,docling,advanced,D1-Q037,conditional_exception,1,1,1.0,196
D1,docling,advanced,D1-Q038,negation,1,1,1.0,196
D1,docling,advanced,D1-Q039,exact_fact,1,1,1.0,196
D1,docling,advanced,D1-Q040,exact_fact,1,1,1.0,196
D1,docling,advanced,D1-Q041,negation,1,1,1.0,196
D1,docling,advanced,D1-Q042,exact_fact,1,1,1.0,196
D1,docling,advanced,D1-Q043,list_membership,1,1,1.0,196
D1,docling,advanced,D1-Q044,exact_fact,1,1,1.0,196
D1,docling,advanced,D1-Q045,exact_fact,1,1,1.0,196
D1,docling,advanced,D1-Q046,procedural,1,1,1.0,196
D1,docling,advanced,D1-Q047,numerical,1,1,1.0,196
D1,docling,advanced,D1-Q048,negation,1,1,1.0,196
D1,docling,advanced,D1-Q049,procedural,1,1,1.0,196
D1,docling,advanced,D1-Q050,procedural,1,1,1.0,196
D1,docling,advanced,D1-Q051,list_membership,3,3,1.0,196
D1,docling,advanced,D1-Q052,negation,1,1,1.0,196
D1,docling,advanced,D1-Q053,numerical,1,1,1.0,196
D1,docling,advanced,D1-Q054,exact_fact,1,1,1.0,196
D1,docling,advanced,D1-Q055,conditional_exception,1,1,1.0,196
D1,docling,advanced,D1-Q056,procedural,1,1,1.0,196
D1,docling,advanced,D1-Q057,exact_fact,1,1,1.0,196
D1,docling,advanced,D1-Q058,negation,1,1,1.0,196
D1,docling,advanced,D1-Q059,procedural,1,1,1.0,196
D1,docling,advanced,D1-Q060,negation,1,1,1.0,196
D1,docling,advanced,D1-Q061,procedural,1,1,1.0,196
D1,docling,advanced,D1-Q062,numerical,1,1,1.0,196
D1,docling,advanced,D1-Q063,numerical,1,1,1.0,196
D1,docling,advanced,D1-Q064,numerical,1,1,1.0,196
D1,docling,advanced,D1-Q065,numerical,1,1,1.0,196
D1,docling,advanced,D1-Q066,list_membership,1,1,1.0,196
D1,docling,advanced,D1-Q067,numerical,1,1,1.0,196
D1,docling,advanced,D1-Q068,numerical,1,1,1.0,196
D1,docling,advanced,D1-Q069,numerical,1,1,1.0,196
D1,docling,advanced,D1-Q070,numerical,1,1,1.0,196
D1,docling,advanced,D1-Q071,numerical,1,1,1.0,196
D1,docling,advanced,D1-Q072,numerical,1,1,1.0,196
D1,docling,advanced,D1-Q073,numerical,1,1,1.0,196
D1,docling,advanced,D1-Q074,numerical,1,1,1.0,196
D1,docling,advanced,D1-Q075,numerical,1,1,1.0,196
D1,docling,advanced,D1-Q076,numerical,1,1,1.0,196
D1,docling,advanced,D1-Q077,numerical,1,1,1.0,196
D1,docling,advanced,D1-Q078,conditional_exception,1,1,1.0,196
D1,docling,advanced,D1-Q079,conditional_exception,3,3,1.0,196
D1,docling,advanced,D1-Q080,numerical,2,2,1.0,196
D1,docling,advanced,D1-Q081,numerical,1,1,1.0,196
D1,docling,advanced,D1-Q082,procedural,1,1,1.0,196
D1,docling,advanced,D1-Q083,numerical,2,2,1.0,196
D1,docling,advanced,D1-Q084,exact_fact,1,1,1.0,196
D1,docling,advanced,D1-Q085,numerical,1,1,1.0,196
D1,docling,advanced,D1-Q086,negation,1,1,1.0,196
D1,docling,advanced,D1-Q087,numerical,1,1,1.0,196
D1,docling,advanced,D1-Q088,numerical,1,1,1.0,196
D1,docling,advanced,D1-Q089,numerical,1,1,1.0,196
D1,docling,advanced,D1-Q090,numerical,1,1,1.0,196
D1,docling,advanced,D1-Q091,numerical,1,1,1.0,196
D1,docling,advanced,D1-Q092,procedural,1,1,1.0,196
D1,docling,advanced,D1-Q093,numerical,1,1,1.0,196
D1,docling,advanced,D1-Q094,exact_fact,1,1,1.0,196
D1,docling,advanced,D1-Q095,exact_fact,1,1,1.0,196
D1,docling,advanced,D1-Q096,negation,1,1,1.0,196
D1,docling,advanced,D1-Q097,exact_fact,1,1,1.0,196
D1,docling,advanced,D1-Q098,numerical,1,1,1.0,196
D1,docling,advanced,D1-Q099,numerical,1,1,1.0,196
D1,docling,advanced,D1-Q100,exact_fact,1,1,1.0,196
D1,docling,advanced,D1-Q101,numerical,1,1,1.0,196
D1,docling,advanced,D1-Q102,negation,1,1,1.0,196
D1,docling,advanced,D1-Q103,numerical,1,1,1.0,196
D1,docling,advanced,D1-Q104,negation,1,1,1.0,196
D1,docling,advanced,D1-Q105,numerical,1,1,1.0,196
D1,docling,advanced,D1-Q106,numerical,1,1,1.0,196
D1,docling,advanced,D1-Q107,numerical,1,1,1.0,196
D1,docling,advanced,D1-Q108,numerical,1,1,1.0,196
D1,docling,advanced,D1-Q109,numerical,1,1,1.0,196
D1,docling,advanced,D1-Q110,exact_fact,1,1,1.0,196
D1,docling,advanced,D1-Q111,exact_fact,1,1,1.0,196
D1,docling,advanced,D1-Q112,numerical,1,1,1.0,196
D1,docling,advanced,D1-Q113,numerical,1,1,1.0,196
D1,docling,advanced,D1-Q114,numerical,1,1,1.0,196
D1,docling,advanced,D1-Q115,negation,1,1,1.0,196
D1,docling,advanced,D1-Q116,list_membership,3,3,1.0,196
D1,docling,advanced,D1-Q117,numerical,1,1,1.0,196
D1,docling,advanced,D1-Q118,negation,1,1,1.0,196
D1,docling,advanced,D1-Q119,exact_fact,1,1,1.0,196
D1,docling,advanced,D1-Q120,numerical,2,2,1.0,196
D1,docling,advanced,D1-Q121,numerical,1,1,1.0,196
D1,docling,advanced,D1-Q122,numerical,1,1,1.0,196
D1,docling,advanced,D1-Q123,procedural,1,1,1.0,196
D1,docling,advanced,D1-Q124,exact_fact,1,1,1.0,196
D1,docling,advanced,D1-Q125,exact_fact,1,1,1.0,196
D1,docling,advanced,D1-Q126,negation,1,1,1.0,196
D1,docling,advanced,D1-Q127,numerical,1,1,1.0,196
D1,docling,advanced,D1-Q128,numerical,1,1,1.0,196
D1,docling,advanced,D1-Q129,exact_fact,1,1,1.0,196
D1,docling,advanced,D1-Q130,numerical,1,1,1.0,196
D1,docling,advanced,D1-Q131,negation,1,1,1.0,196
D1,docling,advanced,D1-Q132,negation,1,1,1.0,196
D1,docling,advanced,D1-Q133,procedural,3,3,1.0,196
D1,docling,advanced,D1-Q134,exact_fact,1,1,1.0,196
D1,docling,advanced,D1-Q135,conditional_exception,1,1,1.0,196
D1,docling,advanced,D1-Q136,exact_fact,1,1,1.0,196
D1,docling,advanced,D1-Q137,table_lookup,6,5,0.8333333333333334,196
D1,docling,advanced,D1-Q138,table_context,3,3,1.0,196
D1,docling,advanced,D1-Q139,heading_context,1,1,1.0,196
D1,docling,advanced,D1-Q140,exact_fact,1,1,1.0,196
D1,docling,advanced,D1-Q141,exact_fact,1,1,1.0,196
D1,docling,advanced,D1-Q142,exact_fact,1,1,1.0,196
D1,docling,advanced,D1-Q143,exact_fact,1,1,1.0,196
D1,docling,advanced,D1-Q144,exact_fact,1,1,1.0,196
D1,docling,advanced,D1-Q145,exact_fact,1,1,1.0,196
D1,docling,advanced,D1-Q146,exact_fact,1,1,1.0,196
D1,docling,advanced,D1-Q147,exact_fact,1,1,1.0,196
D1,docling,advanced,D1-Q148,exact_fact,1,1,1.0,196
D1,docling,advanced,D1-Q149,exact_fact,1,1,1.0,196
D1,docling,advanced,D1-Q150,numerical,1,1,1.0,196
D1,docling,advanced,D1-Q151,numerical,2,2,1.0,196
D1,docling,advanced,D1-Q152,numerical,1,1,1.0,196
D1,docling,advanced,D1-Q153,numerical,1,1,1.0,196
D1,docling,advanced,D1-Q154,numerical,1,1,1.0,196
D1,docling,advanced,D1-Q155,numerical,1,1,1.0,196
D1,docling,advanced,D1-Q156,numerical,1,1,1.0,196
D1,docling,advanced,D1-Q157,numerical,1,1,1.0,196
D1,docling,advanced,D1-Q158,numerical,1,1,1.0,196
D1,docling,advanced,D1-Q159,procedural,1,1,1.0,196
D1,docling,advanced,D1-Q160,exact_fact,1,1,1.0,196
D1,docling,advanced,D1-Q161,numerical,1,1,1.0,196
D1,docling,advanced,D1-Q162,procedural,1,1,1.0,196
D1,docling,advanced,D1-Q163,exact_fact,1,0,0.0,196
D1,docling,advanced,D1-Q164,procedural,1,1,1.0,196
D1,docling,advanced,D1-Q165,exact_fact,1,1,1.0,196
D1,docling,advanced,D1-Q166,negation,1,1,1.0,196
D1,docling,advanced,D1-Q167,numerical,1,1,1.0,196
D1,docling,advanced,D1-Q168,procedural,1,1,1.0,196
D1,docling,advanced,D1-Q169,exact_fact,1,1,1.0,196
D1,docling,advanced,D1-Q170,temporal,1,1,1.0,196
D1,docling,advanced,D1-Q171,temporal,1,1,1.0,196
D1,docling,advanced,D1-Q172,exact_fact,1,1,1.0,196
D1,docling,advanced,D1-Q173,procedural,1,1,1.0,196
D1,docling,advanced,D1-Q174,conditional_exception,1,1,1.0,196
D1,docling,advanced,D1-Q175,negation,1,1,1.0,196
D1,docling,advanced,D1-Q176,procedural,1,1,1.0,196
D1,docling,advanced,D1-Q177,exact_fact,1,1,1.0,196
D1,docling,advanced,D1-Q178,negation,1,1,1.0,196
D1,docling,advanced,D1-Q179,exact_fact,1,1,1.0,196
D1,docling,advanced,D1-Q180,exact_fact,1,1,1.0,196
D1,docling,advanced,D1-Q181,procedural,1,1,1.0,196
D1,docling,advanced,D1-Q182,conditional_exception,1,1,1.0,196
D1,docling,advanced,D1-Q183,conditional_exception,1,1,1.0,196
D1,docling,advanced,D1-Q184,numerical,1,1,1.0,196
D1,docling,advanced,D1-Q185,procedural,1,1,1.0,196
D1,docling,advanced,D1-Q186,conditional_exception,1,1,1.0,196
D1,docling,advanced,D1-Q187,numerical,1,1,1.0,196
D1,docling,advanced,D1-Q188,numerical,1,1,1.0,196
D1,docling,advanced,D1-Q189,exact_fact,1,1,1.0,196
D1,docling,advanced,D1-Q190,conditional_exception,1,1,1.0,196
D1,docling,advanced,D1-Q191,conditional_exception,1,1,1.0,196
D1,docling,advanced,D1-Q192,list_membership,1,1,1.0,196
D1,docling,advanced,D1-Q193,procedural,1,1,1.0,196
D1,docling,advanced,D1-Q194,procedural,1,1,1.0,196
D1,docling,advanced,D1-Q195,conditional_exception,1,1,1.0,196
D1,docling,advanced,D1-Q196,exact_fact,1,1,1.0,196
D1,docling,advanced,D1-Q197,procedural,1,1,1.0,196
D1,docling,advanced,D1-Q198,conditional_exception,1,1,1.0,196
D1,docling,advanced,D1-Q199,conditional_exception,1,1,1.0,196
D1,docling,advanced,D1-Q200,numerical,1,1,1.0,196
D2,normal,basic,D2-Q001,exact_fact,1,1,1.0,49
D2,normal,basic,D2-Q002,temporal,1,1,1.0,49
D2,normal,basic,D2-Q003,exact_fact,1,1,1.0,49
D2,normal,basic,D2-Q004,negative_query,1,1,1.0,49
D2,normal,basic,D2-Q005,negative_query,1,1,1.0,49
D2,normal,basic,D2-Q006,list_membership,1,1,1.0,49
D2,normal,basic,D2-Q007,negation,1,1,1.0,49
D2,normal,basic,D2-Q008,exact_fact,1,1,1.0,49
D2,normal,basic,D2-Q009,exact_fact,1,1,1.0,49
D2,normal,basic,D2-Q010,paraphrase,1,1,1.0,49
D2,normal,basic,D2-Q011,conditional_exception,1,1,1.0,49
D2,normal,basic,D2-Q012,negation,1,1,1.0,49
D2,normal,basic,D2-Q013,list_membership,1,1,1.0,49
D2,normal,basic,D2-Q014,list_membership,1,1,1.0,49
D2,normal,basic,D2-Q015,list_membership,1,1,1.0,49
D2,normal,basic,D2-Q016,exact_fact,1,1,1.0,49
D2,normal,basic,D2-Q017,list_membership,1,1,1.0,49
D2,normal,basic,D2-Q018,exact_fact,1,1,1.0,49
D2,normal,basic,D2-Q019,exact_fact,1,1,1.0,49
D2,normal,basic,D2-Q020,exact_fact,1,1,1.0,49
D2,normal,basic,D2-Q021,exact_fact,1,1,1.0,49
D2,normal,basic,D2-Q022,paraphrase,1,1,1.0,49
D2,normal,basic,D2-Q023,procedural,1,1,1.0,49
D2,normal,basic,D2-Q024,conditional_exception,1,1,1.0,49
D2,normal,basic,D2-Q025,procedural,1,1,1.0,49
D2,normal,basic,D2-Q026,procedural,1,1,1.0,49
D2,normal,basic,D2-Q027,procedural,1,1,1.0,49
D2,normal,basic,D2-Q028,paraphrase,1,1,1.0,49
D2,normal,basic,D2-Q029,exact_fact,1,1,1.0,49
D2,normal,basic,D2-Q030,paraphrase,1,1,1.0,49
D2,normal,basic,D2-Q031,list_membership,1,1,1.0,49
D2,normal,basic,D2-Q032,exact_fact,1,1,1.0,49
D2,normal,basic,D2-Q033,exact_fact,1,1,1.0,49
D2,normal,basic,D2-Q034,procedural,1,1,1.0,49
D2,normal,basic,D2-Q035,list_membership,1,1,1.0,49
D2,normal,basic,D2-Q036,list_membership,1,1,1.0,49
D2,normal,basic,D2-Q037,exact_fact,1,1,1.0,49
D2,normal,basic,D2-Q038,procedural,1,1,1.0,49
D2,normal,basic,D2-Q039,conditional_exception,1,1,1.0,49
D2,normal,basic,D2-Q040,procedural,1,1,1.0,49
D2,normal,basic,D2-Q041,procedural,1,1,1.0,49
D2,normal,basic,D2-Q042,exact_fact,1,1,1.0,49
D2,normal,basic,D2-Q043,procedural,1,1,1.0,49
D2,normal,basic,D2-Q044,exact_fact,1,1,1.0,49
D2,normal,basic,D2-Q045,conditional_exception,1,1,1.0,49
D2,normal,basic,D2-Q046,paraphrase,1,1,1.0,49
D2,normal,basic,D2-Q047,exact_fact,1,1,1.0,49
D2,normal,basic,D2-Q048,list_membership,1,1,1.0,49
D2,normal,basic,D2-Q049,exact_fact,1,1,1.0,49
D2,normal,basic,D2-Q050,procedural,1,1,1.0,49
D2,normal,basic,D2-Q051,conditional_exception,1,1,1.0,49
D2,normal,basic,D2-Q052,procedural,1,1,1.0,49
D2,normal,basic,D2-Q053,exact_fact,1,1,1.0,49
D2,normal,basic,D2-Q054,conditional_exception,1,1,1.0,49
D2,normal,basic,D2-Q055,list_membership,1,1,1.0,49
D2,normal,basic,D2-Q056,procedural,1,1,1.0,49
D2,normal,basic,D2-Q057,exact_fact,1,1,1.0,49
D2,normal,basic,D2-Q058,conditional_exception,1,1,1.0,49
D2,normal,basic,D2-Q059,exact_fact,1,1,1.0,49
D2,normal,basic,D2-Q060,negation,1,1,1.0,49
D2,normal,basic,D2-Q061,procedural,1,1,1.0,49
D2,normal,basic,D2-Q062,exact_fact,1,1,1.0,49
D2,normal,basic,D2-Q063,paraphrase,1,1,1.0,49
D2,normal,basic,D2-Q064,negation,1,1,1.0,49
D2,normal,basic,D2-Q065,numerical,1,1,1.0,49
D2,normal,basic,D2-Q066,numerical,1,1,1.0,49
D2,normal,basic,D2-Q067,numerical,1,1,1.0,49
D2,normal,basic,D2-Q068,numerical,1,1,1.0,49
D2,normal,basic,D2-Q069,numerical,1,1,1.0,49
D2,normal,basic,D2-Q070,numerical,1,1,1.0,49
D2,normal,basic,D2-Q071,negative_query,1,1,1.0,49
D2,normal,basic,D2-Q072,exact_fact,1,1,1.0,49
D2,normal,basic,D2-Q073,exact_fact,1,1,1.0,49
D2,normal,basic,D2-Q074,procedural,1,1,1.0,49
D2,normal,basic,D2-Q075,conditional_exception,1,1,1.0,49
D2,normal,basic,D2-Q076,negation,1,1,1.0,49
D2,normal,basic,D2-Q077,procedural,1,1,1.0,49
D2,normal,basic,D2-Q078,exact_fact,1,1,1.0,49
D2,normal,basic,D2-Q079,conditional_exception,1,1,1.0,49
D2,normal,basic,D2-Q080,conditional_exception,1,1,1.0,49
D2,normal,basic,D2-Q081,exact_fact,1,1,1.0,49
D2,normal,basic,D2-Q082,conditional_exception,1,1,1.0,49
D2,normal,basic,D2-Q083,procedural,1,1,1.0,49
D2,normal,basic,D2-Q084,procedural,1,1,1.0,49
D2,normal,basic,D2-Q085,exact_fact,1,1,1.0,49
D2,normal,basic,D2-Q086,procedural,1,1,1.0,49
D2,normal,basic,D2-Q087,exact_fact,1,1,1.0,49
D2,normal,basic,D2-Q088,paraphrase,1,1,1.0,49
D2,normal,basic,D2-Q089,exact_fact,1,1,1.0,49
D2,normal,basic,D2-Q090,procedural,1,1,1.0,49
D2,normal,basic,D2-Q091,exact_fact,1,1,1.0,49
D2,normal,basic,D2-Q092,conditional_exception,1,1,1.0,49
D2,normal,basic,D2-Q093,procedural,1,1,1.0,49
D2,normal,basic,D2-Q094,procedural,1,1,1.0,49
D2,normal,basic,D2-Q095,procedural,1,1,1.0,49
D2,normal,basic,D2-Q096,negative_query,1,1,1.0,49
D2,normal,basic,D2-Q097,numerical,1,1,1.0,49
D2,normal,basic,D2-Q098,procedural,1,1,1.0,49
D2,normal,basic,D2-Q099,procedural,1,1,1.0,49
D2,normal,basic,D2-Q100,conditional_exception,1,1,1.0,49
D2,normal,basic,D2-Q101,temporal,1,1,1.0,49
D2,normal,basic,D2-Q102,numerical,1,1,1.0,49
D2,normal,basic,D2-Q103,negation,1,1,1.0,49
D2,normal,basic,D2-Q104,list_membership,1,1,1.0,49
D2,normal,basic,D2-Q105,table_lookup,1,1,1.0,49
D2,normal,basic,D2-Q106,table_lookup,1,1,1.0,49
D2,normal,basic,D2-Q107,table_lookup,1,1,1.0,49
D2,normal,basic,D2-Q108,paraphrase,1,1,1.0,49
D2,normal,basic,D2-Q109,procedural,1,1,1.0,49
D2,normal,basic,D2-Q110,exact_fact,1,1,1.0,49
D2,normal,basic,D2-Q111,procedural,1,1,1.0,49
D2,normal,basic,D2-Q112,temporal,1,1,1.0,49
D2,normal,basic,D2-Q113,procedural,1,1,1.0,49
D2,normal,basic,D2-Q114,exact_fact,1,0,0.0,49
D2,normal,basic,D2-Q115,exact_fact,1,1,1.0,49
D2,normal,basic,D2-Q116,exact_fact,1,1,1.0,49
D2,normal,basic,D2-Q117,conditional_exception,1,1,1.0,49
D2,normal,basic,D2-Q118,procedural,1,1,1.0,49
D2,normal,basic,D2-Q119,exact_fact,1,1,1.0,49
D2,normal,basic,D2-Q120,negation,1,1,1.0,49
D2,normal,basic,D2-Q121,exact_fact,1,1,1.0,49
D2,normal,basic,D2-Q122,exact_fact,1,1,1.0,49
D2,normal,basic,D2-Q123,paraphrase,1,1,1.0,49
D2,normal,basic,D2-Q124,exact_fact,1,1,1.0,49
D2,normal,basic,D2-Q125,procedural,1,1,1.0,49
D2,normal,basic,D2-Q126,conditional_exception,1,1,1.0,49
D2,normal,basic,D2-Q127,paraphrase,1,1,1.0,49
D2,normal,basic,D2-Q128,paraphrase,1,1,1.0,49
D2,normal,basic,D2-Q129,table_lookup,1,1,1.0,49
D2,normal,basic,D2-Q130,table_lookup,1,1,1.0,49
D2,normal,basic,D2-Q131,table_lookup,1,1,1.0,49
D2,normal,basic,D2-Q132,table_lookup,1,1,1.0,49
D2,normal,basic,D2-Q133,table_lookup,1,1,1.0,49
D2,normal,basic,D2-Q134,table_lookup,1,1,1.0,49
D2,normal,basic,D2-Q135,table_lookup,1,1,1.0,49
D2,normal,basic,D2-Q136,table_context,1,1,1.0,49
D2,normal,basic,D2-Q137,table_context,1,1,1.0,49
D2,normal,basic,D2-Q138,table_context,1,1,1.0,49
D2,normal,basic,D2-Q139,table_context,1,1,1.0,49
D2,normal,basic,D2-Q140,table_context,1,1,1.0,49
D2,normal,basic,D2-Q141,table_context,1,1,1.0,49
D2,normal,basic,D2-Q142,table_context,1,1,1.0,49
D2,normal,basic,D2-Q143,table_context,1,1,1.0,49
D2,normal,basic,D2-Q144,table_context,1,1,1.0,49
D2,normal,basic,D2-Q145,table_context,1,1,1.0,49
D2,normal,basic,D2-Q146,table_context,1,1,1.0,49
D2,normal,basic,D2-Q147,table_context,1,1,1.0,49
D2,normal,basic,D2-Q148,table_context,1,1,1.0,49
D2,normal,basic,D2-Q149,table_context,1,1,1.0,49
D2,normal,basic,D2-Q150,temporal,1,1,1.0,49
D2,normal,basic,D2-Q151,table_context,1,1,1.0,49
D2,normal,basic,D2-Q152,table_context,1,1,1.0,49
D2,normal,basic,D2-Q153,table_context,1,1,1.0,49
D2,normal,basic,D2-Q154,table_context,1,1,1.0,49
D2,normal,basic,D2-Q155,table_context,1,1,1.0,49
D2,normal,basic,D2-Q156,table_context,1,1,1.0,49
D2,normal,basic,D2-Q157,table_context,1,1,1.0,49
D2,normal,basic,D2-Q158,table_context,1,1,1.0,49
D2,normal,basic,D2-Q159,table_context,1,1,1.0,49
D2,normal,basic,D2-Q160,table_context,1,1,1.0,49
D2,normal,basic,D2-Q161,table_context,1,1,1.0,49
D2,normal,basic,D2-Q162,table_context,1,1,1.0,49
D2,normal,basic,D2-Q163,table_context,1,1,1.0,49
D2,normal,basic,D2-Q164,table_context,1,1,1.0,49
D2,normal,basic,D2-Q165,table_context,1,1,1.0,49
D2,normal,basic,D2-Q166,table_context,1,1,1.0,49
D2,normal,basic,D2-Q167,table_context,1,1,1.0,49
D2,normal,basic,D2-Q168,table_context,1,1,1.0,49
D2,normal,basic,D2-Q169,table_context,1,1,1.0,49
D2,normal,basic,D2-Q170,table_context,1,1,1.0,49
D2,normal,basic,D2-Q171,table_context,1,1,1.0,49
D2,normal,basic,D2-Q172,table_context,1,1,1.0,49
D2,normal,basic,D2-Q173,table_context,1,1,1.0,49
D2,normal,basic,D2-Q174,table_context,1,1,1.0,49
D2,normal,basic,D2-Q175,table_context,1,1,1.0,49
D2,normal,basic,D2-Q176,table_context,1,1,1.0,49
D2,normal,basic,D2-Q177,table_context,1,1,1.0,49
D2,normal,basic,D2-Q178,table_context,1,1,1.0,49
D2,normal,basic,D2-Q179,table_context,1,1,1.0,49
D2,normal,basic,D2-Q180,table_context,1,1,1.0,49
D2,normal,basic,D2-Q181,table_context,1,1,1.0,49
D2,normal,basic,D2-Q182,table_context,1,1,1.0,49
D2,normal,basic,D2-Q183,procedural,1,1,1.0,49
D2,normal,basic,D2-Q184,list_membership,1,1,1.0,49
D2,normal,basic,D2-Q185,list_membership,1,1,1.0,49
D2,normal,basic,D2-Q186,list_membership,1,1,1.0,49
D2,normal,basic,D2-Q187,list_membership,1,1,1.0,49
D2,normal,basic,D2-Q188,list_membership,1,1,1.0,49
D2,normal,basic,D2-Q189,conditional_exception,1,1,1.0,49
D2,normal,basic,D2-Q190,conditional_exception,1,1,1.0,49
D2,normal,basic,D2-Q191,procedural,1,1,1.0,49
D2,normal,basic,D2-Q192,exact_fact,1,1,1.0,49
D2,normal,basic,D2-Q193,procedural,1,1,1.0,49
D2,normal,basic,D2-Q194,conditional_exception,1,1,1.0,49
D2,normal,basic,D2-Q195,conditional_exception,1,1,1.0,49
D2,normal,basic,D2-Q196,exact_fact,1,1,1.0,49
D2,normal,basic,D2-Q197,conditional_exception,1,1,1.0,49
D2,normal,basic,D2-Q198,conditional_exception,1,1,1.0,49
D2,normal,basic,D2-Q199,negation,1,1,1.0,49
D2,normal,basic,D2-Q200,procedural,1,1,1.0,49
D2,normal,medium,D2-Q001,exact_fact,1,1,1.0,257
D2,normal,medium,D2-Q002,temporal,1,1,1.0,257
D2,normal,medium,D2-Q003,exact_fact,1,1,1.0,257
D2,normal,medium,D2-Q004,negative_query,1,0,0.0,257
D2,normal,medium,D2-Q005,negative_query,1,1,1.0,257
D2,normal,medium,D2-Q006,list_membership,1,1,1.0,257
D2,normal,medium,D2-Q007,negation,1,1,1.0,257
D2,normal,medium,D2-Q008,exact_fact,1,1,1.0,257
D2,normal,medium,D2-Q009,exact_fact,1,1,1.0,257
D2,normal,medium,D2-Q010,paraphrase,1,1,1.0,257
D2,normal,medium,D2-Q011,conditional_exception,1,1,1.0,257
D2,normal,medium,D2-Q012,negation,1,1,1.0,257
D2,normal,medium,D2-Q013,list_membership,1,1,1.0,257
D2,normal,medium,D2-Q014,list_membership,1,1,1.0,257
D2,normal,medium,D2-Q015,list_membership,1,0,0.0,257
D2,normal,medium,D2-Q016,exact_fact,1,1,1.0,257
D2,normal,medium,D2-Q017,list_membership,1,1,1.0,257
D2,normal,medium,D2-Q018,exact_fact,1,1,1.0,257
D2,normal,medium,D2-Q019,exact_fact,1,1,1.0,257
D2,normal,medium,D2-Q020,exact_fact,1,1,1.0,257
D2,normal,medium,D2-Q021,exact_fact,1,1,1.0,257
D2,normal,medium,D2-Q022,paraphrase,1,1,1.0,257
D2,normal,medium,D2-Q023,procedural,1,1,1.0,257
D2,normal,medium,D2-Q024,conditional_exception,1,1,1.0,257
D2,normal,medium,D2-Q025,procedural,1,1,1.0,257
D2,normal,medium,D2-Q026,procedural,1,1,1.0,257
D2,normal,medium,D2-Q027,procedural,1,1,1.0,257
D2,normal,medium,D2-Q028,paraphrase,1,1,1.0,257
D2,normal,medium,D2-Q029,exact_fact,1,1,1.0,257
D2,normal,medium,D2-Q030,paraphrase,1,1,1.0,257
D2,normal,medium,D2-Q031,list_membership,1,1,1.0,257
D2,normal,medium,D2-Q032,exact_fact,1,1,1.0,257
D2,normal,medium,D2-Q033,exact_fact,1,1,1.0,257
D2,normal,medium,D2-Q034,procedural,1,1,1.0,257
D2,normal,medium,D2-Q035,list_membership,1,1,1.0,257
D2,normal,medium,D2-Q036,list_membership,1,1,1.0,257
D2,normal,medium,D2-Q037,exact_fact,1,1,1.0,257
D2,normal,medium,D2-Q038,procedural,1,1,1.0,257
D2,normal,medium,D2-Q039,conditional_exception,1,1,1.0,257
D2,normal,medium,D2-Q040,procedural,1,1,1.0,257
D2,normal,medium,D2-Q041,procedural,1,1,1.0,257
D2,normal,medium,D2-Q042,exact_fact,1,1,1.0,257
D2,normal,medium,D2-Q043,procedural,1,1,1.0,257
D2,normal,medium,D2-Q044,exact_fact,1,1,1.0,257
D2,normal,medium,D2-Q045,conditional_exception,1,1,1.0,257
D2,normal,medium,D2-Q046,paraphrase,1,1,1.0,257
D2,normal,medium,D2-Q047,exact_fact,1,1,1.0,257
D2,normal,medium,D2-Q048,list_membership,1,1,1.0,257
D2,normal,medium,D2-Q049,exact_fact,1,1,1.0,257
D2,normal,medium,D2-Q050,procedural,1,1,1.0,257
D2,normal,medium,D2-Q051,conditional_exception,1,1,1.0,257
D2,normal,medium,D2-Q052,procedural,1,1,1.0,257
D2,normal,medium,D2-Q053,exact_fact,1,1,1.0,257
D2,normal,medium,D2-Q054,conditional_exception,1,1,1.0,257
D2,normal,medium,D2-Q055,list_membership,1,1,1.0,257
D2,normal,medium,D2-Q056,procedural,1,1,1.0,257
D2,normal,medium,D2-Q057,exact_fact,1,1,1.0,257
D2,normal,medium,D2-Q058,conditional_exception,1,1,1.0,257
D2,normal,medium,D2-Q059,exact_fact,1,1,1.0,257
D2,normal,medium,D2-Q060,negation,1,1,1.0,257
D2,normal,medium,D2-Q061,procedural,1,1,1.0,257
D2,normal,medium,D2-Q062,exact_fact,1,1,1.0,257
D2,normal,medium,D2-Q063,paraphrase,1,1,1.0,257
D2,normal,medium,D2-Q064,negation,1,1,1.0,257
D2,normal,medium,D2-Q065,numerical,1,1,1.0,257
D2,normal,medium,D2-Q066,numerical,1,1,1.0,257
D2,normal,medium,D2-Q067,numerical,1,1,1.0,257
D2,normal,medium,D2-Q068,numerical,1,1,1.0,257
D2,normal,medium,D2-Q069,numerical,1,1,1.0,257
D2,normal,medium,D2-Q070,numerical,1,1,1.0,257
D2,normal,medium,D2-Q071,negative_query,1,1,1.0,257
D2,normal,medium,D2-Q072,exact_fact,1,0,0.0,257
D2,normal,medium,D2-Q073,exact_fact,1,1,1.0,257
D2,normal,medium,D2-Q074,procedural,1,1,1.0,257
D2,normal,medium,D2-Q075,conditional_exception,1,1,1.0,257
D2,normal,medium,D2-Q076,negation,1,1,1.0,257
D2,normal,medium,D2-Q077,procedural,1,0,0.0,257
D2,normal,medium,D2-Q078,exact_fact,1,1,1.0,257
D2,normal,medium,D2-Q079,conditional_exception,1,1,1.0,257
D2,normal,medium,D2-Q080,conditional_exception,1,1,1.0,257
D2,normal,medium,D2-Q081,exact_fact,1,1,1.0,257
D2,normal,medium,D2-Q082,conditional_exception,1,1,1.0,257
D2,normal,medium,D2-Q083,procedural,1,1,1.0,257
D2,normal,medium,D2-Q084,procedural,1,1,1.0,257
D2,normal,medium,D2-Q085,exact_fact,1,1,1.0,257
D2,normal,medium,D2-Q086,procedural,1,1,1.0,257
D2,normal,medium,D2-Q087,exact_fact,1,1,1.0,257
D2,normal,medium,D2-Q088,paraphrase,1,1,1.0,257
D2,normal,medium,D2-Q089,exact_fact,1,1,1.0,257
D2,normal,medium,D2-Q090,procedural,1,1,1.0,257
D2,normal,medium,D2-Q091,exact_fact,1,1,1.0,257
D2,normal,medium,D2-Q092,conditional_exception,1,1,1.0,257
D2,normal,medium,D2-Q093,procedural,1,1,1.0,257
D2,normal,medium,D2-Q094,procedural,1,1,1.0,257
D2,normal,medium,D2-Q095,procedural,1,1,1.0,257
D2,normal,medium,D2-Q096,negative_query,1,1,1.0,257
D2,normal,medium,D2-Q097,numerical,1,1,1.0,257
D2,normal,medium,D2-Q098,procedural,1,1,1.0,257
D2,normal,medium,D2-Q099,procedural,1,1,1.0,257
D2,normal,medium,D2-Q100,conditional_exception,1,1,1.0,257
D2,normal,medium,D2-Q101,temporal,1,1,1.0,257
D2,normal,medium,D2-Q102,numerical,1,1,1.0,257
D2,normal,medium,D2-Q103,negation,1,1,1.0,257
D2,normal,medium,D2-Q104,list_membership,1,1,1.0,257
D2,normal,medium,D2-Q105,table_lookup,1,1,1.0,257
D2,normal,medium,D2-Q106,table_lookup,1,1,1.0,257
D2,normal,medium,D2-Q107,table_lookup,1,1,1.0,257
D2,normal,medium,D2-Q108,paraphrase,1,1,1.0,257
D2,normal,medium,D2-Q109,procedural,1,0,0.0,257
D2,normal,medium,D2-Q110,exact_fact,1,1,1.0,257
D2,normal,medium,D2-Q111,procedural,1,1,1.0,257
D2,normal,medium,D2-Q112,temporal,1,1,1.0,257
D2,normal,medium,D2-Q113,procedural,1,1,1.0,257
D2,normal,medium,D2-Q114,exact_fact,1,1,1.0,257
D2,normal,medium,D2-Q115,exact_fact,1,1,1.0,257
D2,normal,medium,D2-Q116,exact_fact,1,1,1.0,257
D2,normal,medium,D2-Q117,conditional_exception,1,1,1.0,257
D2,normal,medium,D2-Q118,procedural,1,1,1.0,257
D2,normal,medium,D2-Q119,exact_fact,1,1,1.0,257
D2,normal,medium,D2-Q120,negation,1,1,1.0,257
D2,normal,medium,D2-Q121,exact_fact,1,1,1.0,257
D2,normal,medium,D2-Q122,exact_fact,1,1,1.0,257
D2,normal,medium,D2-Q123,paraphrase,1,1,1.0,257
D2,normal,medium,D2-Q124,exact_fact,1,1,1.0,257
D2,normal,medium,D2-Q125,procedural,1,1,1.0,257
D2,normal,medium,D2-Q126,conditional_exception,1,1,1.0,257
D2,normal,medium,D2-Q127,paraphrase,1,1,1.0,257
D2,normal,medium,D2-Q128,paraphrase,1,1,1.0,257
D2,normal,medium,D2-Q129,table_lookup,1,1,1.0,257
D2,normal,medium,D2-Q130,table_lookup,1,1,1.0,257
D2,normal,medium,D2-Q131,table_lookup,1,1,1.0,257
D2,normal,medium,D2-Q132,table_lookup,1,1,1.0,257
D2,normal,medium,D2-Q133,table_lookup,1,1,1.0,257
D2,normal,medium,D2-Q134,table_lookup,1,1,1.0,257
D2,normal,medium,D2-Q135,table_lookup,1,1,1.0,257
D2,normal,medium,D2-Q136,table_context,1,1,1.0,257
D2,normal,medium,D2-Q137,table_context,1,1,1.0,257
D2,normal,medium,D2-Q138,table_context,1,1,1.0,257
D2,normal,medium,D2-Q139,table_context,1,1,1.0,257
D2,normal,medium,D2-Q140,table_context,1,1,1.0,257
D2,normal,medium,D2-Q141,table_context,1,1,1.0,257
D2,normal,medium,D2-Q142,table_context,1,1,1.0,257
D2,normal,medium,D2-Q143,table_context,1,1,1.0,257
D2,normal,medium,D2-Q144,table_context,1,1,1.0,257
D2,normal,medium,D2-Q145,table_context,1,1,1.0,257
D2,normal,medium,D2-Q146,table_context,1,1,1.0,257
D2,normal,medium,D2-Q147,table_context,1,1,1.0,257
D2,normal,medium,D2-Q148,table_context,1,1,1.0,257
D2,normal,medium,D2-Q149,table_context,1,1,1.0,257
D2,normal,medium,D2-Q150,temporal,1,1,1.0,257
D2,normal,medium,D2-Q151,table_context,1,1,1.0,257
D2,normal,medium,D2-Q152,table_context,1,1,1.0,257
D2,normal,medium,D2-Q153,table_context,1,1,1.0,257
D2,normal,medium,D2-Q154,table_context,1,1,1.0,257
D2,normal,medium,D2-Q155,table_context,1,1,1.0,257
D2,normal,medium,D2-Q156,table_context,1,1,1.0,257
D2,normal,medium,D2-Q157,table_context,1,1,1.0,257
D2,normal,medium,D2-Q158,table_context,1,1,1.0,257
D2,normal,medium,D2-Q159,table_context,1,1,1.0,257
D2,normal,medium,D2-Q160,table_context,1,1,1.0,257
D2,normal,medium,D2-Q161,table_context,1,1,1.0,257
D2,normal,medium,D2-Q162,table_context,1,1,1.0,257
D2,normal,medium,D2-Q163,table_context,1,1,1.0,257
D2,normal,medium,D2-Q164,table_context,1,1,1.0,257
D2,normal,medium,D2-Q165,table_context,1,1,1.0,257
D2,normal,medium,D2-Q166,table_context,1,1,1.0,257
D2,normal,medium,D2-Q167,table_context,1,1,1.0,257
D2,normal,medium,D2-Q168,table_context,1,1,1.0,257
D2,normal,medium,D2-Q169,table_context,1,1,1.0,257
D2,normal,medium,D2-Q170,table_context,1,1,1.0,257
D2,normal,medium,D2-Q171,table_context,1,1,1.0,257
D2,normal,medium,D2-Q172,table_context,1,1,1.0,257
D2,normal,medium,D2-Q173,table_context,1,1,1.0,257
D2,normal,medium,D2-Q174,table_context,1,1,1.0,257
D2,normal,medium,D2-Q175,table_context,1,1,1.0,257
D2,normal,medium,D2-Q176,table_context,1,1,1.0,257
D2,normal,medium,D2-Q177,table_context,1,1,1.0,257
D2,normal,medium,D2-Q178,table_context,1,1,1.0,257
D2,normal,medium,D2-Q179,table_context,1,1,1.0,257
D2,normal,medium,D2-Q180,table_context,1,1,1.0,257
D2,normal,medium,D2-Q181,table_context,1,1,1.0,257
D2,normal,medium,D2-Q182,table_context,1,1,1.0,257
D2,normal,medium,D2-Q183,procedural,1,1,1.0,257
D2,normal,medium,D2-Q184,list_membership,1,1,1.0,257
D2,normal,medium,D2-Q185,list_membership,1,1,1.0,257
D2,normal,medium,D2-Q186,list_membership,1,1,1.0,257
D2,normal,medium,D2-Q187,list_membership,1,1,1.0,257
D2,normal,medium,D2-Q188,list_membership,1,1,1.0,257
D2,normal,medium,D2-Q189,conditional_exception,1,1,1.0,257
D2,normal,medium,D2-Q190,conditional_exception,1,1,1.0,257
D2,normal,medium,D2-Q191,procedural,1,1,1.0,257
D2,normal,medium,D2-Q192,exact_fact,1,1,1.0,257
D2,normal,medium,D2-Q193,procedural,1,1,1.0,257
D2,normal,medium,D2-Q194,conditional_exception,1,1,1.0,257
D2,normal,medium,D2-Q195,conditional_exception,1,1,1.0,257
D2,normal,medium,D2-Q196,exact_fact,1,1,1.0,257
D2,normal,medium,D2-Q197,conditional_exception,1,1,1.0,257
D2,normal,medium,D2-Q198,conditional_exception,1,1,1.0,257
D2,normal,medium,D2-Q199,negation,1,1,1.0,257
D2,normal,medium,D2-Q200,procedural,1,1,1.0,257
D2,normal,advanced,D2-Q001,exact_fact,1,1,1.0,63
D2,normal,advanced,D2-Q002,temporal,1,1,1.0,63
D2,normal,advanced,D2-Q003,exact_fact,1,1,1.0,63
D2,normal,advanced,D2-Q004,negative_query,1,1,1.0,63
D2,normal,advanced,D2-Q005,negative_query,1,1,1.0,63
D2,normal,advanced,D2-Q006,list_membership,1,1,1.0,63
D2,normal,advanced,D2-Q007,negation,1,1,1.0,63
D2,normal,advanced,D2-Q008,exact_fact,1,1,1.0,63
D2,normal,advanced,D2-Q009,exact_fact,1,1,1.0,63
D2,normal,advanced,D2-Q010,paraphrase,1,1,1.0,63
D2,normal,advanced,D2-Q011,conditional_exception,1,1,1.0,63
D2,normal,advanced,D2-Q012,negation,1,1,1.0,63
D2,normal,advanced,D2-Q013,list_membership,1,1,1.0,63
D2,normal,advanced,D2-Q014,list_membership,1,1,1.0,63
D2,normal,advanced,D2-Q015,list_membership,1,1,1.0,63
D2,normal,advanced,D2-Q016,exact_fact,1,1,1.0,63
D2,normal,advanced,D2-Q017,list_membership,1,1,1.0,63
D2,normal,advanced,D2-Q018,exact_fact,1,1,1.0,63
D2,normal,advanced,D2-Q019,exact_fact,1,1,1.0,63
D2,normal,advanced,D2-Q020,exact_fact,1,1,1.0,63
D2,normal,advanced,D2-Q021,exact_fact,1,1,1.0,63
D2,normal,advanced,D2-Q022,paraphrase,1,1,1.0,63
D2,normal,advanced,D2-Q023,procedural,1,1,1.0,63
D2,normal,advanced,D2-Q024,conditional_exception,1,1,1.0,63
D2,normal,advanced,D2-Q025,procedural,1,1,1.0,63
D2,normal,advanced,D2-Q026,procedural,1,1,1.0,63
D2,normal,advanced,D2-Q027,procedural,1,1,1.0,63
D2,normal,advanced,D2-Q028,paraphrase,1,1,1.0,63
D2,normal,advanced,D2-Q029,exact_fact,1,1,1.0,63
D2,normal,advanced,D2-Q030,paraphrase,1,1,1.0,63
D2,normal,advanced,D2-Q031,list_membership,1,1,1.0,63
D2,normal,advanced,D2-Q032,exact_fact,1,1,1.0,63
D2,normal,advanced,D2-Q033,exact_fact,1,1,1.0,63
D2,normal,advanced,D2-Q034,procedural,1,1,1.0,63
D2,normal,advanced,D2-Q035,list_membership,1,1,1.0,63
D2,normal,advanced,D2-Q036,list_membership,1,1,1.0,63
D2,normal,advanced,D2-Q037,exact_fact,1,1,1.0,63
D2,normal,advanced,D2-Q038,procedural,1,1,1.0,63
D2,normal,advanced,D2-Q039,conditional_exception,1,1,1.0,63
D2,normal,advanced,D2-Q040,procedural,1,1,1.0,63
D2,normal,advanced,D2-Q041,procedural,1,1,1.0,63
D2,normal,advanced,D2-Q042,exact_fact,1,1,1.0,63
D2,normal,advanced,D2-Q043,procedural,1,1,1.0,63
D2,normal,advanced,D2-Q044,exact_fact,1,1,1.0,63
D2,normal,advanced,D2-Q045,conditional_exception,1,1,1.0,63
D2,normal,advanced,D2-Q046,paraphrase,1,1,1.0,63
D2,normal,advanced,D2-Q047,exact_fact,1,1,1.0,63
D2,normal,advanced,D2-Q048,list_membership,1,1,1.0,63
D2,normal,advanced,D2-Q049,exact_fact,1,1,1.0,63
D2,normal,advanced,D2-Q050,procedural,1,1,1.0,63
D2,normal,advanced,D2-Q051,conditional_exception,1,1,1.0,63
D2,normal,advanced,D2-Q052,procedural,1,1,1.0,63
D2,normal,advanced,D2-Q053,exact_fact,1,1,1.0,63
D2,normal,advanced,D2-Q054,conditional_exception,1,1,1.0,63
D2,normal,advanced,D2-Q055,list_membership,1,1,1.0,63
D2,normal,advanced,D2-Q056,procedural,1,1,1.0,63
D2,normal,advanced,D2-Q057,exact_fact,1,1,1.0,63
D2,normal,advanced,D2-Q058,conditional_exception,1,1,1.0,63
D2,normal,advanced,D2-Q059,exact_fact,1,1,1.0,63
D2,normal,advanced,D2-Q060,negation,1,1,1.0,63
D2,normal,advanced,D2-Q061,procedural,1,1,1.0,63
D2,normal,advanced,D2-Q062,exact_fact,1,1,1.0,63
D2,normal,advanced,D2-Q063,paraphrase,1,1,1.0,63
D2,normal,advanced,D2-Q064,negation,1,1,1.0,63
D2,normal,advanced,D2-Q065,numerical,1,1,1.0,63
D2,normal,advanced,D2-Q066,numerical,1,1,1.0,63
D2,normal,advanced,D2-Q067,numerical,1,1,1.0,63
D2,normal,advanced,D2-Q068,numerical,1,1,1.0,63
D2,normal,advanced,D2-Q069,numerical,1,1,1.0,63
D2,normal,advanced,D2-Q070,numerical,1,1,1.0,63
D2,normal,advanced,D2-Q071,negative_query,1,1,1.0,63
D2,normal,advanced,D2-Q072,exact_fact,1,1,1.0,63
D2,normal,advanced,D2-Q073,exact_fact,1,1,1.0,63
D2,normal,advanced,D2-Q074,procedural,1,1,1.0,63
D2,normal,advanced,D2-Q075,conditional_exception,1,1,1.0,63
D2,normal,advanced,D2-Q076,negation,1,1,1.0,63
D2,normal,advanced,D2-Q077,procedural,1,1,1.0,63
D2,normal,advanced,D2-Q078,exact_fact,1,1,1.0,63
D2,normal,advanced,D2-Q079,conditional_exception,1,1,1.0,63
D2,normal,advanced,D2-Q080,conditional_exception,1,1,1.0,63
D2,normal,advanced,D2-Q081,exact_fact,1,1,1.0,63
D2,normal,advanced,D2-Q082,conditional_exception,1,1,1.0,63
D2,normal,advanced,D2-Q083,procedural,1,1,1.0,63
D2,normal,advanced,D2-Q084,procedural,1,1,1.0,63
D2,normal,advanced,D2-Q085,exact_fact,1,1,1.0,63
D2,normal,advanced,D2-Q086,procedural,1,1,1.0,63
D2,normal,advanced,D2-Q087,exact_fact,1,1,1.0,63
D2,normal,advanced,D2-Q088,paraphrase,1,1,1.0,63
D2,normal,advanced,D2-Q089,exact_fact,1,1,1.0,63
D2,normal,advanced,D2-Q090,procedural,1,1,1.0,63
D2,normal,advanced,D2-Q091,exact_fact,1,1,1.0,63
D2,normal,advanced,D2-Q092,conditional_exception,1,1,1.0,63
D2,normal,advanced,D2-Q093,procedural,1,1,1.0,63
D2,normal,advanced,D2-Q094,procedural,1,1,1.0,63
D2,normal,advanced,D2-Q095,procedural,1,1,1.0,63
D2,normal,advanced,D2-Q096,negative_query,1,1,1.0,63
D2,normal,advanced,D2-Q097,numerical,1,1,1.0,63
D2,normal,advanced,D2-Q098,procedural,1,1,1.0,63
D2,normal,advanced,D2-Q099,procedural,1,1,1.0,63
D2,normal,advanced,D2-Q100,conditional_exception,1,1,1.0,63
D2,normal,advanced,D2-Q101,temporal,1,1,1.0,63
D2,normal,advanced,D2-Q102,numerical,1,1,1.0,63
D2,normal,advanced,D2-Q103,negation,1,1,1.0,63
D2,normal,advanced,D2-Q104,list_membership,1,1,1.0,63
D2,normal,advanced,D2-Q105,table_lookup,1,1,1.0,63
D2,normal,advanced,D2-Q106,table_lookup,1,1,1.0,63
D2,normal,advanced,D2-Q107,table_lookup,1,1,1.0,63
D2,normal,advanced,D2-Q108,paraphrase,1,1,1.0,63
D2,normal,advanced,D2-Q109,procedural,1,1,1.0,63
D2,normal,advanced,D2-Q110,exact_fact,1,1,1.0,63
D2,normal,advanced,D2-Q111,procedural,1,1,1.0,63
D2,normal,advanced,D2-Q112,temporal,1,1,1.0,63
D2,normal,advanced,D2-Q113,procedural,1,1,1.0,63
D2,normal,advanced,D2-Q114,exact_fact,1,1,1.0,63
D2,normal,advanced,D2-Q115,exact_fact,1,1,1.0,63
D2,normal,advanced,D2-Q116,exact_fact,1,1,1.0,63
D2,normal,advanced,D2-Q117,conditional_exception,1,1,1.0,63
D2,normal,advanced,D2-Q118,procedural,1,1,1.0,63
D2,normal,advanced,D2-Q119,exact_fact,1,1,1.0,63
D2,normal,advanced,D2-Q120,negation,1,1,1.0,63
D2,normal,advanced,D2-Q121,exact_fact,1,1,1.0,63
D2,normal,advanced,D2-Q122,exact_fact,1,1,1.0,63
D2,normal,advanced,D2-Q123,paraphrase,1,1,1.0,63
D2,normal,advanced,D2-Q124,exact_fact,1,1,1.0,63
D2,normal,advanced,D2-Q125,procedural,1,1,1.0,63
D2,normal,advanced,D2-Q126,conditional_exception,1,1,1.0,63
D2,normal,advanced,D2-Q127,paraphrase,1,1,1.0,63
D2,normal,advanced,D2-Q128,paraphrase,1,1,1.0,63
D2,normal,advanced,D2-Q129,table_lookup,1,1,1.0,63
D2,normal,advanced,D2-Q130,table_lookup,1,1,1.0,63
D2,normal,advanced,D2-Q131,table_lookup,1,1,1.0,63
D2,normal,advanced,D2-Q132,table_lookup,1,1,1.0,63
D2,normal,advanced,D2-Q133,table_lookup,1,1,1.0,63
D2,normal,advanced,D2-Q134,table_lookup,1,1,1.0,63
D2,normal,advanced,D2-Q135,table_lookup,1,1,1.0,63
D2,normal,advanced,D2-Q136,table_context,1,1,1.0,63
D2,normal,advanced,D2-Q137,table_context,1,1,1.0,63
D2,normal,advanced,D2-Q138,table_context,1,1,1.0,63
D2,normal,advanced,D2-Q139,table_context,1,1,1.0,63
D2,normal,advanced,D2-Q140,table_context,1,1,1.0,63
D2,normal,advanced,D2-Q141,table_context,1,1,1.0,63
D2,normal,advanced,D2-Q142,table_context,1,1,1.0,63
D2,normal,advanced,D2-Q143,table_context,1,1,1.0,63
D2,normal,advanced,D2-Q144,table_context,1,1,1.0,63
D2,normal,advanced,D2-Q145,table_context,1,1,1.0,63
D2,normal,advanced,D2-Q146,table_context,1,1,1.0,63
D2,normal,advanced,D2-Q147,table_context,1,1,1.0,63
D2,normal,advanced,D2-Q148,table_context,1,1,1.0,63
D2,normal,advanced,D2-Q149,table_context,1,1,1.0,63
D2,normal,advanced,D2-Q150,temporal,1,1,1.0,63
D2,normal,advanced,D2-Q151,table_context,1,1,1.0,63
D2,normal,advanced,D2-Q152,table_context,1,1,1.0,63
D2,normal,advanced,D2-Q153,table_context,1,1,1.0,63
D2,normal,advanced,D2-Q154,table_context,1,1,1.0,63
D2,normal,advanced,D2-Q155,table_context,1,1,1.0,63
D2,normal,advanced,D2-Q156,table_context,1,1,1.0,63
D2,normal,advanced,D2-Q157,table_context,1,1,1.0,63
D2,normal,advanced,D2-Q158,table_context,1,1,1.0,63
D2,normal,advanced,D2-Q159,table_context,1,1,1.0,63
D2,normal,advanced,D2-Q160,table_context,1,1,1.0,63
D2,normal,advanced,D2-Q161,table_context,1,1,1.0,63
D2,normal,advanced,D2-Q162,table_context,1,1,1.0,63
D2,normal,advanced,D2-Q163,table_context,1,1,1.0,63
D2,normal,advanced,D2-Q164,table_context,1,1,1.0,63
D2,normal,advanced,D2-Q165,table_context,1,1,1.0,63
D2,normal,advanced,D2-Q166,table_context,1,1,1.0,63
D2,normal,advanced,D2-Q167,table_context,1,1,1.0,63
D2,normal,advanced,D2-Q168,table_context,1,1,1.0,63
D2,normal,advanced,D2-Q169,table_context,1,1,1.0,63
D2,normal,advanced,D2-Q170,table_context,1,1,1.0,63
D2,normal,advanced,D2-Q171,table_context,1,1,1.0,63
D2,normal,advanced,D2-Q172,table_context,1,1,1.0,63
D2,normal,advanced,D2-Q173,table_context,1,1,1.0,63
D2,normal,advanced,D2-Q174,table_context,1,1,1.0,63
D2,normal,advanced,D2-Q175,table_context,1,1,1.0,63
D2,normal,advanced,D2-Q176,table_context,1,1,1.0,63
D2,normal,advanced,D2-Q177,table_context,1,1,1.0,63
D2,normal,advanced,D2-Q178,table_context,1,1,1.0,63
D2,normal,advanced,D2-Q179,table_context,1,1,1.0,63
D2,normal,advanced,D2-Q180,table_context,1,1,1.0,63
D2,normal,advanced,D2-Q181,table_context,1,1,1.0,63
D2,normal,advanced,D2-Q182,table_context,1,1,1.0,63
D2,normal,advanced,D2-Q183,procedural,1,1,1.0,63
D2,normal,advanced,D2-Q184,list_membership,1,1,1.0,63
D2,normal,advanced,D2-Q185,list_membership,1,1,1.0,63
D2,normal,advanced,D2-Q186,list_membership,1,1,1.0,63
D2,normal,advanced,D2-Q187,list_membership,1,1,1.0,63
D2,normal,advanced,D2-Q188,list_membership,1,1,1.0,63
D2,normal,advanced,D2-Q189,conditional_exception,1,1,1.0,63
D2,normal,advanced,D2-Q190,conditional_exception,1,1,1.0,63
D2,normal,advanced,D2-Q191,procedural,1,1,1.0,63
D2,normal,advanced,D2-Q192,exact_fact,1,1,1.0,63
D2,normal,advanced,D2-Q193,procedural,1,1,1.0,63
D2,normal,advanced,D2-Q194,conditional_exception,1,1,1.0,63
D2,normal,advanced,D2-Q195,conditional_exception,1,1,1.0,63
D2,normal,advanced,D2-Q196,exact_fact,1,1,1.0,63
D2,normal,advanced,D2-Q197,conditional_exception,1,1,1.0,63
D2,normal,advanced,D2-Q198,conditional_exception,1,1,1.0,63
D2,normal,advanced,D2-Q199,negation,1,1,1.0,63
D2,normal,advanced,D2-Q200,procedural,1,1,1.0,63
D2,context_aware,basic,D2-Q001,exact_fact,1,1,1.0,60
D2,context_aware,basic,D2-Q002,temporal,1,1,1.0,60
D2,context_aware,basic,D2-Q003,exact_fact,1,1,1.0,60
D2,context_aware,basic,D2-Q004,negative_query,1,1,1.0,60
D2,context_aware,basic,D2-Q005,negative_query,1,1,1.0,60
D2,context_aware,basic,D2-Q006,list_membership,1,1,1.0,60
D2,context_aware,basic,D2-Q007,negation,1,1,1.0,60
D2,context_aware,basic,D2-Q008,exact_fact,1,1,1.0,60
D2,context_aware,basic,D2-Q009,exact_fact,1,1,1.0,60
D2,context_aware,basic,D2-Q010,paraphrase,1,1,1.0,60
D2,context_aware,basic,D2-Q011,conditional_exception,1,1,1.0,60
D2,context_aware,basic,D2-Q012,negation,1,1,1.0,60
D2,context_aware,basic,D2-Q013,list_membership,1,1,1.0,60
D2,context_aware,basic,D2-Q014,list_membership,1,1,1.0,60
D2,context_aware,basic,D2-Q015,list_membership,1,1,1.0,60
D2,context_aware,basic,D2-Q016,exact_fact,1,1,1.0,60
D2,context_aware,basic,D2-Q017,list_membership,1,1,1.0,60
D2,context_aware,basic,D2-Q018,exact_fact,1,1,1.0,60
D2,context_aware,basic,D2-Q019,exact_fact,1,1,1.0,60
D2,context_aware,basic,D2-Q020,exact_fact,1,1,1.0,60
D2,context_aware,basic,D2-Q021,exact_fact,1,1,1.0,60
D2,context_aware,basic,D2-Q022,paraphrase,1,1,1.0,60
D2,context_aware,basic,D2-Q023,procedural,1,1,1.0,60
D2,context_aware,basic,D2-Q024,conditional_exception,1,1,1.0,60
D2,context_aware,basic,D2-Q025,procedural,1,1,1.0,60
D2,context_aware,basic,D2-Q026,procedural,1,1,1.0,60
D2,context_aware,basic,D2-Q027,procedural,1,1,1.0,60
D2,context_aware,basic,D2-Q028,paraphrase,1,1,1.0,60
D2,context_aware,basic,D2-Q029,exact_fact,1,1,1.0,60
D2,context_aware,basic,D2-Q030,paraphrase,1,1,1.0,60
D2,context_aware,basic,D2-Q031,list_membership,1,1,1.0,60
D2,context_aware,basic,D2-Q032,exact_fact,1,1,1.0,60
D2,context_aware,basic,D2-Q033,exact_fact,1,1,1.0,60
D2,context_aware,basic,D2-Q034,procedural,1,1,1.0,60
D2,context_aware,basic,D2-Q035,list_membership,1,1,1.0,60
D2,context_aware,basic,D2-Q036,list_membership,1,1,1.0,60
D2,context_aware,basic,D2-Q037,exact_fact,1,1,1.0,60
D2,context_aware,basic,D2-Q038,procedural,1,1,1.0,60
D2,context_aware,basic,D2-Q039,conditional_exception,1,1,1.0,60
D2,context_aware,basic,D2-Q040,procedural,1,1,1.0,60
D2,context_aware,basic,D2-Q041,procedural,1,1,1.0,60
D2,context_aware,basic,D2-Q042,exact_fact,1,1,1.0,60
D2,context_aware,basic,D2-Q043,procedural,1,1,1.0,60
D2,context_aware,basic,D2-Q044,exact_fact,1,1,1.0,60
D2,context_aware,basic,D2-Q045,conditional_exception,1,1,1.0,60
D2,context_aware,basic,D2-Q046,paraphrase,1,1,1.0,60
D2,context_aware,basic,D2-Q047,exact_fact,1,1,1.0,60
D2,context_aware,basic,D2-Q048,list_membership,1,1,1.0,60
D2,context_aware,basic,D2-Q049,exact_fact,1,1,1.0,60
D2,context_aware,basic,D2-Q050,procedural,1,1,1.0,60
D2,context_aware,basic,D2-Q051,conditional_exception,1,1,1.0,60
D2,context_aware,basic,D2-Q052,procedural,1,1,1.0,60
D2,context_aware,basic,D2-Q053,exact_fact,1,1,1.0,60
D2,context_aware,basic,D2-Q054,conditional_exception,1,0,0.0,60
D2,context_aware,basic,D2-Q055,list_membership,1,1,1.0,60
D2,context_aware,basic,D2-Q056,procedural,1,1,1.0,60
D2,context_aware,basic,D2-Q057,exact_fact,1,1,1.0,60
D2,context_aware,basic,D2-Q058,conditional_exception,1,1,1.0,60
D2,context_aware,basic,D2-Q059,exact_fact,1,1,1.0,60
D2,context_aware,basic,D2-Q060,negation,1,1,1.0,60
D2,context_aware,basic,D2-Q061,procedural,1,1,1.0,60
D2,context_aware,basic,D2-Q062,exact_fact,1,1,1.0,60
D2,context_aware,basic,D2-Q063,paraphrase,1,1,1.0,60
D2,context_aware,basic,D2-Q064,negation,1,1,1.0,60
D2,context_aware,basic,D2-Q065,numerical,1,1,1.0,60
D2,context_aware,basic,D2-Q066,numerical,1,1,1.0,60
D2,context_aware,basic,D2-Q067,numerical,1,1,1.0,60
D2,context_aware,basic,D2-Q068,numerical,1,1,1.0,60
D2,context_aware,basic,D2-Q069,numerical,1,1,1.0,60
D2,context_aware,basic,D2-Q070,numerical,1,1,1.0,60
D2,context_aware,basic,D2-Q071,negative_query,1,1,1.0,60
D2,context_aware,basic,D2-Q072,exact_fact,1,1,1.0,60
D2,context_aware,basic,D2-Q073,exact_fact,1,1,1.0,60
D2,context_aware,basic,D2-Q074,procedural,1,1,1.0,60
D2,context_aware,basic,D2-Q075,conditional_exception,1,1,1.0,60
D2,context_aware,basic,D2-Q076,negation,1,1,1.0,60
D2,context_aware,basic,D2-Q077,procedural,1,1,1.0,60
D2,context_aware,basic,D2-Q078,exact_fact,1,1,1.0,60
D2,context_aware,basic,D2-Q079,conditional_exception,1,1,1.0,60
D2,context_aware,basic,D2-Q080,conditional_exception,1,1,1.0,60
D2,context_aware,basic,D2-Q081,exact_fact,1,1,1.0,60
D2,context_aware,basic,D2-Q082,conditional_exception,1,1,1.0,60
D2,context_aware,basic,D2-Q083,procedural,1,1,1.0,60
D2,context_aware,basic,D2-Q084,procedural,1,1,1.0,60
D2,context_aware,basic,D2-Q085,exact_fact,1,1,1.0,60
D2,context_aware,basic,D2-Q086,procedural,1,1,1.0,60
D2,context_aware,basic,D2-Q087,exact_fact,1,1,1.0,60
D2,context_aware,basic,D2-Q088,paraphrase,1,1,1.0,60
D2,context_aware,basic,D2-Q089,exact_fact,1,1,1.0,60
D2,context_aware,basic,D2-Q090,procedural,1,1,1.0,60
D2,context_aware,basic,D2-Q091,exact_fact,1,1,1.0,60
D2,context_aware,basic,D2-Q092,conditional_exception,1,1,1.0,60
D2,context_aware,basic,D2-Q093,procedural,1,1,1.0,60
D2,context_aware,basic,D2-Q094,procedural,1,1,1.0,60
D2,context_aware,basic,D2-Q095,procedural,1,1,1.0,60
D2,context_aware,basic,D2-Q096,negative_query,1,0,0.0,60
D2,context_aware,basic,D2-Q097,numerical,1,1,1.0,60
D2,context_aware,basic,D2-Q098,procedural,1,1,1.0,60
D2,context_aware,basic,D2-Q099,procedural,1,1,1.0,60
D2,context_aware,basic,D2-Q100,conditional_exception,1,1,1.0,60
D2,context_aware,basic,D2-Q101,temporal,1,1,1.0,60
D2,context_aware,basic,D2-Q102,numerical,1,1,1.0,60
D2,context_aware,basic,D2-Q103,negation,1,1,1.0,60
D2,context_aware,basic,D2-Q104,list_membership,1,1,1.0,60
D2,context_aware,basic,D2-Q105,table_lookup,1,1,1.0,60
D2,context_aware,basic,D2-Q106,table_lookup,1,1,1.0,60
D2,context_aware,basic,D2-Q107,table_lookup,1,1,1.0,60
D2,context_aware,basic,D2-Q108,paraphrase,1,1,1.0,60
D2,context_aware,basic,D2-Q109,procedural,1,1,1.0,60
D2,context_aware,basic,D2-Q110,exact_fact,1,1,1.0,60
D2,context_aware,basic,D2-Q111,procedural,1,1,1.0,60
D2,context_aware,basic,D2-Q112,temporal,1,1,1.0,60
D2,context_aware,basic,D2-Q113,procedural,1,1,1.0,60
D2,context_aware,basic,D2-Q114,exact_fact,1,1,1.0,60
D2,context_aware,basic,D2-Q115,exact_fact,1,1,1.0,60
D2,context_aware,basic,D2-Q116,exact_fact,1,1,1.0,60
D2,context_aware,basic,D2-Q117,conditional_exception,1,1,1.0,60
D2,context_aware,basic,D2-Q118,procedural,1,1,1.0,60
D2,context_aware,basic,D2-Q119,exact_fact,1,1,1.0,60
D2,context_aware,basic,D2-Q120,negation,1,1,1.0,60
D2,context_aware,basic,D2-Q121,exact_fact,1,1,1.0,60
D2,context_aware,basic,D2-Q122,exact_fact,1,1,1.0,60
D2,context_aware,basic,D2-Q123,paraphrase,1,1,1.0,60
D2,context_aware,basic,D2-Q124,exact_fact,1,1,1.0,60
D2,context_aware,basic,D2-Q125,procedural,1,1,1.0,60
D2,context_aware,basic,D2-Q126,conditional_exception,1,1,1.0,60
D2,context_aware,basic,D2-Q127,paraphrase,1,1,1.0,60
D2,context_aware,basic,D2-Q128,paraphrase,1,1,1.0,60
D2,context_aware,basic,D2-Q129,table_lookup,1,1,1.0,60
D2,context_aware,basic,D2-Q130,table_lookup,1,1,1.0,60
D2,context_aware,basic,D2-Q131,table_lookup,1,1,1.0,60
D2,context_aware,basic,D2-Q132,table_lookup,1,1,1.0,60
D2,context_aware,basic,D2-Q133,table_lookup,1,1,1.0,60
D2,context_aware,basic,D2-Q134,table_lookup,1,1,1.0,60
D2,context_aware,basic,D2-Q135,table_lookup,1,1,1.0,60
D2,context_aware,basic,D2-Q136,table_context,1,1,1.0,60
D2,context_aware,basic,D2-Q137,table_context,1,1,1.0,60
D2,context_aware,basic,D2-Q138,table_context,1,1,1.0,60
D2,context_aware,basic,D2-Q139,table_context,1,1,1.0,60
D2,context_aware,basic,D2-Q140,table_context,1,1,1.0,60
D2,context_aware,basic,D2-Q141,table_context,1,1,1.0,60
D2,context_aware,basic,D2-Q142,table_context,1,1,1.0,60
D2,context_aware,basic,D2-Q143,table_context,1,1,1.0,60
D2,context_aware,basic,D2-Q144,table_context,1,1,1.0,60
D2,context_aware,basic,D2-Q145,table_context,1,1,1.0,60
D2,context_aware,basic,D2-Q146,table_context,1,1,1.0,60
D2,context_aware,basic,D2-Q147,table_context,1,1,1.0,60
D2,context_aware,basic,D2-Q148,table_context,1,1,1.0,60
D2,context_aware,basic,D2-Q149,table_context,1,1,1.0,60
D2,context_aware,basic,D2-Q150,temporal,1,1,1.0,60
D2,context_aware,basic,D2-Q151,table_context,1,1,1.0,60
D2,context_aware,basic,D2-Q152,table_context,1,1,1.0,60
D2,context_aware,basic,D2-Q153,table_context,1,1,1.0,60
D2,context_aware,basic,D2-Q154,table_context,1,1,1.0,60
D2,context_aware,basic,D2-Q155,table_context,1,1,1.0,60
D2,context_aware,basic,D2-Q156,table_context,1,1,1.0,60
D2,context_aware,basic,D2-Q157,table_context,1,1,1.0,60
D2,context_aware,basic,D2-Q158,table_context,1,1,1.0,60
D2,context_aware,basic,D2-Q159,table_context,1,1,1.0,60
D2,context_aware,basic,D2-Q160,table_context,1,1,1.0,60
D2,context_aware,basic,D2-Q161,table_context,1,1,1.0,60
D2,context_aware,basic,D2-Q162,table_context,1,1,1.0,60
D2,context_aware,basic,D2-Q163,table_context,1,1,1.0,60
D2,context_aware,basic,D2-Q164,table_context,1,1,1.0,60
D2,context_aware,basic,D2-Q165,table_context,1,1,1.0,60
D2,context_aware,basic,D2-Q166,table_context,1,1,1.0,60
D2,context_aware,basic,D2-Q167,table_context,1,1,1.0,60
D2,context_aware,basic,D2-Q168,table_context,1,1,1.0,60
D2,context_aware,basic,D2-Q169,table_context,1,1,1.0,60
D2,context_aware,basic,D2-Q170,table_context,1,1,1.0,60
D2,context_aware,basic,D2-Q171,table_context,1,1,1.0,60
D2,context_aware,basic,D2-Q172,table_context,1,1,1.0,60
D2,context_aware,basic,D2-Q173,table_context,1,1,1.0,60
D2,context_aware,basic,D2-Q174,table_context,1,1,1.0,60
D2,context_aware,basic,D2-Q175,table_context,1,1,1.0,60
D2,context_aware,basic,D2-Q176,table_context,1,1,1.0,60
D2,context_aware,basic,D2-Q177,table_context,1,1,1.0,60
D2,context_aware,basic,D2-Q178,table_context,1,1,1.0,60
D2,context_aware,basic,D2-Q179,table_context,1,1,1.0,60
D2,context_aware,basic,D2-Q180,table_context,1,1,1.0,60
D2,context_aware,basic,D2-Q181,table_context,1,1,1.0,60
D2,context_aware,basic,D2-Q182,table_context,1,1,1.0,60
D2,context_aware,basic,D2-Q183,procedural,1,1,1.0,60
D2,context_aware,basic,D2-Q184,list_membership,1,1,1.0,60
D2,context_aware,basic,D2-Q185,list_membership,1,1,1.0,60
D2,context_aware,basic,D2-Q186,list_membership,1,1,1.0,60
D2,context_aware,basic,D2-Q187,list_membership,1,1,1.0,60
D2,context_aware,basic,D2-Q188,list_membership,1,1,1.0,60
D2,context_aware,basic,D2-Q189,conditional_exception,1,1,1.0,60
D2,context_aware,basic,D2-Q190,conditional_exception,1,1,1.0,60
D2,context_aware,basic,D2-Q191,procedural,1,1,1.0,60
D2,context_aware,basic,D2-Q192,exact_fact,1,1,1.0,60
D2,context_aware,basic,D2-Q193,procedural,1,1,1.0,60
D2,context_aware,basic,D2-Q194,conditional_exception,1,1,1.0,60
D2,context_aware,basic,D2-Q195,conditional_exception,1,1,1.0,60
D2,context_aware,basic,D2-Q196,exact_fact,1,1,1.0,60
D2,context_aware,basic,D2-Q197,conditional_exception,1,1,1.0,60
D2,context_aware,basic,D2-Q198,conditional_exception,1,1,1.0,60
D2,context_aware,basic,D2-Q199,negation,1,1,1.0,60
D2,context_aware,basic,D2-Q200,procedural,1,1,1.0,60
D2,context_aware,medium,D2-Q001,exact_fact,1,1,1.0,263
D2,context_aware,medium,D2-Q002,temporal,1,1,1.0,263
D2,context_aware,medium,D2-Q003,exact_fact,1,1,1.0,263
D2,context_aware,medium,D2-Q004,negative_query,1,0,0.0,263
D2,context_aware,medium,D2-Q005,negative_query,1,1,1.0,263
D2,context_aware,medium,D2-Q006,list_membership,1,1,1.0,263
D2,context_aware,medium,D2-Q007,negation,1,1,1.0,263
D2,context_aware,medium,D2-Q008,exact_fact,1,1,1.0,263
D2,context_aware,medium,D2-Q009,exact_fact,1,1,1.0,263
D2,context_aware,medium,D2-Q010,paraphrase,1,1,1.0,263
D2,context_aware,medium,D2-Q011,conditional_exception,1,1,1.0,263
D2,context_aware,medium,D2-Q012,negation,1,1,1.0,263
D2,context_aware,medium,D2-Q013,list_membership,1,1,1.0,263
D2,context_aware,medium,D2-Q014,list_membership,1,1,1.0,263
D2,context_aware,medium,D2-Q015,list_membership,1,0,0.0,263
D2,context_aware,medium,D2-Q016,exact_fact,1,1,1.0,263
D2,context_aware,medium,D2-Q017,list_membership,1,1,1.0,263
D2,context_aware,medium,D2-Q018,exact_fact,1,1,1.0,263
D2,context_aware,medium,D2-Q019,exact_fact,1,1,1.0,263
D2,context_aware,medium,D2-Q020,exact_fact,1,1,1.0,263
D2,context_aware,medium,D2-Q021,exact_fact,1,1,1.0,263
D2,context_aware,medium,D2-Q022,paraphrase,1,1,1.0,263
D2,context_aware,medium,D2-Q023,procedural,1,1,1.0,263
D2,context_aware,medium,D2-Q024,conditional_exception,1,1,1.0,263
D2,context_aware,medium,D2-Q025,procedural,1,1,1.0,263
D2,context_aware,medium,D2-Q026,procedural,1,1,1.0,263
D2,context_aware,medium,D2-Q027,procedural,1,1,1.0,263
D2,context_aware,medium,D2-Q028,paraphrase,1,1,1.0,263
D2,context_aware,medium,D2-Q029,exact_fact,1,1,1.0,263
D2,context_aware,medium,D2-Q030,paraphrase,1,1,1.0,263
D2,context_aware,medium,D2-Q031,list_membership,1,1,1.0,263
D2,context_aware,medium,D2-Q032,exact_fact,1,1,1.0,263
D2,context_aware,medium,D2-Q033,exact_fact,1,1,1.0,263
D2,context_aware,medium,D2-Q034,procedural,1,1,1.0,263
D2,context_aware,medium,D2-Q035,list_membership,1,1,1.0,263
D2,context_aware,medium,D2-Q036,list_membership,1,1,1.0,263
D2,context_aware,medium,D2-Q037,exact_fact,1,1,1.0,263
D2,context_aware,medium,D2-Q038,procedural,1,1,1.0,263
D2,context_aware,medium,D2-Q039,conditional_exception,1,1,1.0,263
D2,context_aware,medium,D2-Q040,procedural,1,1,1.0,263
D2,context_aware,medium,D2-Q041,procedural,1,1,1.0,263
D2,context_aware,medium,D2-Q042,exact_fact,1,1,1.0,263
D2,context_aware,medium,D2-Q043,procedural,1,1,1.0,263
D2,context_aware,medium,D2-Q044,exact_fact,1,1,1.0,263
D2,context_aware,medium,D2-Q045,conditional_exception,1,1,1.0,263
D2,context_aware,medium,D2-Q046,paraphrase,1,1,1.0,263
D2,context_aware,medium,D2-Q047,exact_fact,1,1,1.0,263
D2,context_aware,medium,D2-Q048,list_membership,1,1,1.0,263
D2,context_aware,medium,D2-Q049,exact_fact,1,1,1.0,263
D2,context_aware,medium,D2-Q050,procedural,1,1,1.0,263
D2,context_aware,medium,D2-Q051,conditional_exception,1,1,1.0,263
D2,context_aware,medium,D2-Q052,procedural,1,1,1.0,263
D2,context_aware,medium,D2-Q053,exact_fact,1,1,1.0,263
D2,context_aware,medium,D2-Q054,conditional_exception,1,1,1.0,263
D2,context_aware,medium,D2-Q055,list_membership,1,1,1.0,263
D2,context_aware,medium,D2-Q056,procedural,1,1,1.0,263
D2,context_aware,medium,D2-Q057,exact_fact,1,1,1.0,263
D2,context_aware,medium,D2-Q058,conditional_exception,1,1,1.0,263
D2,context_aware,medium,D2-Q059,exact_fact,1,1,1.0,263
D2,context_aware,medium,D2-Q060,negation,1,1,1.0,263
D2,context_aware,medium,D2-Q061,procedural,1,1,1.0,263
D2,context_aware,medium,D2-Q062,exact_fact,1,1,1.0,263
D2,context_aware,medium,D2-Q063,paraphrase,1,1,1.0,263
D2,context_aware,medium,D2-Q064,negation,1,1,1.0,263
D2,context_aware,medium,D2-Q065,numerical,1,1,1.0,263
D2,context_aware,medium,D2-Q066,numerical,1,1,1.0,263
D2,context_aware,medium,D2-Q067,numerical,1,1,1.0,263
D2,context_aware,medium,D2-Q068,numerical,1,1,1.0,263
D2,context_aware,medium,D2-Q069,numerical,1,1,1.0,263
D2,context_aware,medium,D2-Q070,numerical,1,1,1.0,263
D2,context_aware,medium,D2-Q071,negative_query,1,1,1.0,263
D2,context_aware,medium,D2-Q072,exact_fact,1,0,0.0,263
D2,context_aware,medium,D2-Q073,exact_fact,1,1,1.0,263
D2,context_aware,medium,D2-Q074,procedural,1,1,1.0,263
D2,context_aware,medium,D2-Q075,conditional_exception,1,1,1.0,263
D2,context_aware,medium,D2-Q076,negation,1,1,1.0,263
D2,context_aware,medium,D2-Q077,procedural,1,0,0.0,263
D2,context_aware,medium,D2-Q078,exact_fact,1,1,1.0,263
D2,context_aware,medium,D2-Q079,conditional_exception,1,1,1.0,263
D2,context_aware,medium,D2-Q080,conditional_exception,1,1,1.0,263
D2,context_aware,medium,D2-Q081,exact_fact,1,1,1.0,263
D2,context_aware,medium,D2-Q082,conditional_exception,1,1,1.0,263
D2,context_aware,medium,D2-Q083,procedural,1,1,1.0,263
D2,context_aware,medium,D2-Q084,procedural,1,1,1.0,263
D2,context_aware,medium,D2-Q085,exact_fact,1,1,1.0,263
D2,context_aware,medium,D2-Q086,procedural,1,1,1.0,263
D2,context_aware,medium,D2-Q087,exact_fact,1,1,1.0,263
D2,context_aware,medium,D2-Q088,paraphrase,1,1,1.0,263
D2,context_aware,medium,D2-Q089,exact_fact,1,1,1.0,263
D2,context_aware,medium,D2-Q090,procedural,1,1,1.0,263
D2,context_aware,medium,D2-Q091,exact_fact,1,1,1.0,263
D2,context_aware,medium,D2-Q092,conditional_exception,1,1,1.0,263
D2,context_aware,medium,D2-Q093,procedural,1,1,1.0,263
D2,context_aware,medium,D2-Q094,procedural,1,1,1.0,263
D2,context_aware,medium,D2-Q095,procedural,1,1,1.0,263
D2,context_aware,medium,D2-Q096,negative_query,1,1,1.0,263
D2,context_aware,medium,D2-Q097,numerical,1,1,1.0,263
D2,context_aware,medium,D2-Q098,procedural,1,1,1.0,263
D2,context_aware,medium,D2-Q099,procedural,1,1,1.0,263
D2,context_aware,medium,D2-Q100,conditional_exception,1,1,1.0,263
D2,context_aware,medium,D2-Q101,temporal,1,1,1.0,263
D2,context_aware,medium,D2-Q102,numerical,1,1,1.0,263
D2,context_aware,medium,D2-Q103,negation,1,1,1.0,263
D2,context_aware,medium,D2-Q104,list_membership,1,1,1.0,263
D2,context_aware,medium,D2-Q105,table_lookup,1,1,1.0,263
D2,context_aware,medium,D2-Q106,table_lookup,1,1,1.0,263
D2,context_aware,medium,D2-Q107,table_lookup,1,1,1.0,263
D2,context_aware,medium,D2-Q108,paraphrase,1,1,1.0,263
D2,context_aware,medium,D2-Q109,procedural,1,0,0.0,263
D2,context_aware,medium,D2-Q110,exact_fact,1,1,1.0,263
D2,context_aware,medium,D2-Q111,procedural,1,1,1.0,263
D2,context_aware,medium,D2-Q112,temporal,1,1,1.0,263
D2,context_aware,medium,D2-Q113,procedural,1,1,1.0,263
D2,context_aware,medium,D2-Q114,exact_fact,1,1,1.0,263
D2,context_aware,medium,D2-Q115,exact_fact,1,1,1.0,263
D2,context_aware,medium,D2-Q116,exact_fact,1,1,1.0,263
D2,context_aware,medium,D2-Q117,conditional_exception,1,1,1.0,263
D2,context_aware,medium,D2-Q118,procedural,1,1,1.0,263
D2,context_aware,medium,D2-Q119,exact_fact,1,1,1.0,263
D2,context_aware,medium,D2-Q120,negation,1,1,1.0,263
D2,context_aware,medium,D2-Q121,exact_fact,1,1,1.0,263
D2,context_aware,medium,D2-Q122,exact_fact,1,1,1.0,263
D2,context_aware,medium,D2-Q123,paraphrase,1,1,1.0,263
D2,context_aware,medium,D2-Q124,exact_fact,1,1,1.0,263
D2,context_aware,medium,D2-Q125,procedural,1,1,1.0,263
D2,context_aware,medium,D2-Q126,conditional_exception,1,1,1.0,263
D2,context_aware,medium,D2-Q127,paraphrase,1,1,1.0,263
D2,context_aware,medium,D2-Q128,paraphrase,1,1,1.0,263
D2,context_aware,medium,D2-Q129,table_lookup,1,1,1.0,263
D2,context_aware,medium,D2-Q130,table_lookup,1,1,1.0,263
D2,context_aware,medium,D2-Q131,table_lookup,1,1,1.0,263
D2,context_aware,medium,D2-Q132,table_lookup,1,1,1.0,263
D2,context_aware,medium,D2-Q133,table_lookup,1,1,1.0,263
D2,context_aware,medium,D2-Q134,table_lookup,1,1,1.0,263
D2,context_aware,medium,D2-Q135,table_lookup,1,1,1.0,263
D2,context_aware,medium,D2-Q136,table_context,1,1,1.0,263
D2,context_aware,medium,D2-Q137,table_context,1,1,1.0,263
D2,context_aware,medium,D2-Q138,table_context,1,1,1.0,263
D2,context_aware,medium,D2-Q139,table_context,1,1,1.0,263
D2,context_aware,medium,D2-Q140,table_context,1,1,1.0,263
D2,context_aware,medium,D2-Q141,table_context,1,1,1.0,263
D2,context_aware,medium,D2-Q142,table_context,1,1,1.0,263
D2,context_aware,medium,D2-Q143,table_context,1,1,1.0,263
D2,context_aware,medium,D2-Q144,table_context,1,1,1.0,263
D2,context_aware,medium,D2-Q145,table_context,1,1,1.0,263
D2,context_aware,medium,D2-Q146,table_context,1,1,1.0,263
D2,context_aware,medium,D2-Q147,table_context,1,1,1.0,263
D2,context_aware,medium,D2-Q148,table_context,1,1,1.0,263
D2,context_aware,medium,D2-Q149,table_context,1,1,1.0,263
D2,context_aware,medium,D2-Q150,temporal,1,1,1.0,263
D2,context_aware,medium,D2-Q151,table_context,1,1,1.0,263
D2,context_aware,medium,D2-Q152,table_context,1,1,1.0,263
D2,context_aware,medium,D2-Q153,table_context,1,1,1.0,263
D2,context_aware,medium,D2-Q154,table_context,1,1,1.0,263
D2,context_aware,medium,D2-Q155,table_context,1,1,1.0,263
D2,context_aware,medium,D2-Q156,table_context,1,1,1.0,263
D2,context_aware,medium,D2-Q157,table_context,1,1,1.0,263
D2,context_aware,medium,D2-Q158,table_context,1,1,1.0,263
D2,context_aware,medium,D2-Q159,table_context,1,1,1.0,263
D2,context_aware,medium,D2-Q160,table_context,1,1,1.0,263
D2,context_aware,medium,D2-Q161,table_context,1,1,1.0,263
D2,context_aware,medium,D2-Q162,table_context,1,1,1.0,263
D2,context_aware,medium,D2-Q163,table_context,1,1,1.0,263
D2,context_aware,medium,D2-Q164,table_context,1,1,1.0,263
D2,context_aware,medium,D2-Q165,table_context,1,1,1.0,263
D2,context_aware,medium,D2-Q166,table_context,1,1,1.0,263
D2,context_aware,medium,D2-Q167,table_context,1,1,1.0,263
D2,context_aware,medium,D2-Q168,table_context,1,1,1.0,263
D2,context_aware,medium,D2-Q169,table_context,1,1,1.0,263
D2,context_aware,medium,D2-Q170,table_context,1,1,1.0,263
D2,context_aware,medium,D2-Q171,table_context,1,1,1.0,263
D2,context_aware,medium,D2-Q172,table_context,1,1,1.0,263
D2,context_aware,medium,D2-Q173,table_context,1,1,1.0,263
D2,context_aware,medium,D2-Q174,table_context,1,1,1.0,263
D2,context_aware,medium,D2-Q175,table_context,1,1,1.0,263
D2,context_aware,medium,D2-Q176,table_context,1,1,1.0,263
D2,context_aware,medium,D2-Q177,table_context,1,1,1.0,263
D2,context_aware,medium,D2-Q178,table_context,1,1,1.0,263
D2,context_aware,medium,D2-Q179,table_context,1,1,1.0,263
D2,context_aware,medium,D2-Q180,table_context,1,1,1.0,263
D2,context_aware,medium,D2-Q181,table_context,1,1,1.0,263
D2,context_aware,medium,D2-Q182,table_context,1,1,1.0,263
D2,context_aware,medium,D2-Q183,procedural,1,1,1.0,263
D2,context_aware,medium,D2-Q184,list_membership,1,1,1.0,263
D2,context_aware,medium,D2-Q185,list_membership,1,1,1.0,263
D2,context_aware,medium,D2-Q186,list_membership,1,1,1.0,263
D2,context_aware,medium,D2-Q187,list_membership,1,1,1.0,263
D2,context_aware,medium,D2-Q188,list_membership,1,1,1.0,263
D2,context_aware,medium,D2-Q189,conditional_exception,1,1,1.0,263
D2,context_aware,medium,D2-Q190,conditional_exception,1,1,1.0,263
D2,context_aware,medium,D2-Q191,procedural,1,1,1.0,263
D2,context_aware,medium,D2-Q192,exact_fact,1,1,1.0,263
D2,context_aware,medium,D2-Q193,procedural,1,1,1.0,263
D2,context_aware,medium,D2-Q194,conditional_exception,1,1,1.0,263
D2,context_aware,medium,D2-Q195,conditional_exception,1,1,1.0,263
D2,context_aware,medium,D2-Q196,exact_fact,1,1,1.0,263
D2,context_aware,medium,D2-Q197,conditional_exception,1,1,1.0,263
D2,context_aware,medium,D2-Q198,conditional_exception,1,1,1.0,263
D2,context_aware,medium,D2-Q199,negation,1,1,1.0,263
D2,context_aware,medium,D2-Q200,procedural,1,1,1.0,263
D2,context_aware,advanced,D2-Q001,exact_fact,1,1,1.0,259
D2,context_aware,advanced,D2-Q002,temporal,1,1,1.0,259
D2,context_aware,advanced,D2-Q003,exact_fact,1,1,1.0,259
D2,context_aware,advanced,D2-Q004,negative_query,1,0,0.0,259
D2,context_aware,advanced,D2-Q005,negative_query,1,1,1.0,259
D2,context_aware,advanced,D2-Q006,list_membership,1,1,1.0,259
D2,context_aware,advanced,D2-Q007,negation,1,1,1.0,259
D2,context_aware,advanced,D2-Q008,exact_fact,1,1,1.0,259
D2,context_aware,advanced,D2-Q009,exact_fact,1,1,1.0,259
D2,context_aware,advanced,D2-Q010,paraphrase,1,1,1.0,259
D2,context_aware,advanced,D2-Q011,conditional_exception,1,1,1.0,259
D2,context_aware,advanced,D2-Q012,negation,1,1,1.0,259
D2,context_aware,advanced,D2-Q013,list_membership,1,1,1.0,259
D2,context_aware,advanced,D2-Q014,list_membership,1,1,1.0,259
D2,context_aware,advanced,D2-Q015,list_membership,1,0,0.0,259
D2,context_aware,advanced,D2-Q016,exact_fact,1,1,1.0,259
D2,context_aware,advanced,D2-Q017,list_membership,1,1,1.0,259
D2,context_aware,advanced,D2-Q018,exact_fact,1,1,1.0,259
D2,context_aware,advanced,D2-Q019,exact_fact,1,1,1.0,259
D2,context_aware,advanced,D2-Q020,exact_fact,1,1,1.0,259
D2,context_aware,advanced,D2-Q021,exact_fact,1,1,1.0,259
D2,context_aware,advanced,D2-Q022,paraphrase,1,1,1.0,259
D2,context_aware,advanced,D2-Q023,procedural,1,1,1.0,259
D2,context_aware,advanced,D2-Q024,conditional_exception,1,1,1.0,259
D2,context_aware,advanced,D2-Q025,procedural,1,1,1.0,259
D2,context_aware,advanced,D2-Q026,procedural,1,1,1.0,259
D2,context_aware,advanced,D2-Q027,procedural,1,1,1.0,259
D2,context_aware,advanced,D2-Q028,paraphrase,1,1,1.0,259
D2,context_aware,advanced,D2-Q029,exact_fact,1,1,1.0,259
D2,context_aware,advanced,D2-Q030,paraphrase,1,1,1.0,259
D2,context_aware,advanced,D2-Q031,list_membership,1,1,1.0,259
D2,context_aware,advanced,D2-Q032,exact_fact,1,1,1.0,259
D2,context_aware,advanced,D2-Q033,exact_fact,1,1,1.0,259
D2,context_aware,advanced,D2-Q034,procedural,1,1,1.0,259
D2,context_aware,advanced,D2-Q035,list_membership,1,1,1.0,259
D2,context_aware,advanced,D2-Q036,list_membership,1,1,1.0,259
D2,context_aware,advanced,D2-Q037,exact_fact,1,1,1.0,259
D2,context_aware,advanced,D2-Q038,procedural,1,1,1.0,259
D2,context_aware,advanced,D2-Q039,conditional_exception,1,1,1.0,259
D2,context_aware,advanced,D2-Q040,procedural,1,1,1.0,259
D2,context_aware,advanced,D2-Q041,procedural,1,1,1.0,259
D2,context_aware,advanced,D2-Q042,exact_fact,1,1,1.0,259
D2,context_aware,advanced,D2-Q043,procedural,1,1,1.0,259
D2,context_aware,advanced,D2-Q044,exact_fact,1,1,1.0,259
D2,context_aware,advanced,D2-Q045,conditional_exception,1,1,1.0,259
D2,context_aware,advanced,D2-Q046,paraphrase,1,1,1.0,259
D2,context_aware,advanced,D2-Q047,exact_fact,1,1,1.0,259
D2,context_aware,advanced,D2-Q048,list_membership,1,1,1.0,259
D2,context_aware,advanced,D2-Q049,exact_fact,1,1,1.0,259
D2,context_aware,advanced,D2-Q050,procedural,1,1,1.0,259
D2,context_aware,advanced,D2-Q051,conditional_exception,1,1,1.0,259
D2,context_aware,advanced,D2-Q052,procedural,1,1,1.0,259
D2,context_aware,advanced,D2-Q053,exact_fact,1,1,1.0,259
D2,context_aware,advanced,D2-Q054,conditional_exception,1,1,1.0,259
D2,context_aware,advanced,D2-Q055,list_membership,1,1,1.0,259
D2,context_aware,advanced,D2-Q056,procedural,1,1,1.0,259
D2,context_aware,advanced,D2-Q057,exact_fact,1,1,1.0,259
D2,context_aware,advanced,D2-Q058,conditional_exception,1,1,1.0,259
D2,context_aware,advanced,D2-Q059,exact_fact,1,1,1.0,259
D2,context_aware,advanced,D2-Q060,negation,1,1,1.0,259
D2,context_aware,advanced,D2-Q061,procedural,1,1,1.0,259
D2,context_aware,advanced,D2-Q062,exact_fact,1,1,1.0,259
D2,context_aware,advanced,D2-Q063,paraphrase,1,1,1.0,259
D2,context_aware,advanced,D2-Q064,negation,1,1,1.0,259
D2,context_aware,advanced,D2-Q065,numerical,1,1,1.0,259
D2,context_aware,advanced,D2-Q066,numerical,1,1,1.0,259
D2,context_aware,advanced,D2-Q067,numerical,1,1,1.0,259
D2,context_aware,advanced,D2-Q068,numerical,1,1,1.0,259
D2,context_aware,advanced,D2-Q069,numerical,1,1,1.0,259
D2,context_aware,advanced,D2-Q070,numerical,1,1,1.0,259
D2,context_aware,advanced,D2-Q071,negative_query,1,1,1.0,259
D2,context_aware,advanced,D2-Q072,exact_fact,1,0,0.0,259
D2,context_aware,advanced,D2-Q073,exact_fact,1,1,1.0,259
D2,context_aware,advanced,D2-Q074,procedural,1,1,1.0,259
D2,context_aware,advanced,D2-Q075,conditional_exception,1,1,1.0,259
D2,context_aware,advanced,D2-Q076,negation,1,1,1.0,259
D2,context_aware,advanced,D2-Q077,procedural,1,0,0.0,259
D2,context_aware,advanced,D2-Q078,exact_fact,1,1,1.0,259
D2,context_aware,advanced,D2-Q079,conditional_exception,1,1,1.0,259
D2,context_aware,advanced,D2-Q080,conditional_exception,1,1,1.0,259
D2,context_aware,advanced,D2-Q081,exact_fact,1,1,1.0,259
D2,context_aware,advanced,D2-Q082,conditional_exception,1,1,1.0,259
D2,context_aware,advanced,D2-Q083,procedural,1,1,1.0,259
D2,context_aware,advanced,D2-Q084,procedural,1,1,1.0,259
D2,context_aware,advanced,D2-Q085,exact_fact,1,1,1.0,259
D2,context_aware,advanced,D2-Q086,procedural,1,1,1.0,259
D2,context_aware,advanced,D2-Q087,exact_fact,1,1,1.0,259
D2,context_aware,advanced,D2-Q088,paraphrase,1,1,1.0,259
D2,context_aware,advanced,D2-Q089,exact_fact,1,1,1.0,259
D2,context_aware,advanced,D2-Q090,procedural,1,1,1.0,259
D2,context_aware,advanced,D2-Q091,exact_fact,1,1,1.0,259
D2,context_aware,advanced,D2-Q092,conditional_exception,1,1,1.0,259
D2,context_aware,advanced,D2-Q093,procedural,1,1,1.0,259
D2,context_aware,advanced,D2-Q094,procedural,1,1,1.0,259
D2,context_aware,advanced,D2-Q095,procedural,1,1,1.0,259
D2,context_aware,advanced,D2-Q096,negative_query,1,1,1.0,259
D2,context_aware,advanced,D2-Q097,numerical,1,1,1.0,259
D2,context_aware,advanced,D2-Q098,procedural,1,1,1.0,259
D2,context_aware,advanced,D2-Q099,procedural,1,1,1.0,259
D2,context_aware,advanced,D2-Q100,conditional_exception,1,1,1.0,259
D2,context_aware,advanced,D2-Q101,temporal,1,1,1.0,259
D2,context_aware,advanced,D2-Q102,numerical,1,1,1.0,259
D2,context_aware,advanced,D2-Q103,negation,1,1,1.0,259
D2,context_aware,advanced,D2-Q104,list_membership,1,1,1.0,259
D2,context_aware,advanced,D2-Q105,table_lookup,1,1,1.0,259
D2,context_aware,advanced,D2-Q106,table_lookup,1,1,1.0,259
D2,context_aware,advanced,D2-Q107,table_lookup,1,1,1.0,259
D2,context_aware,advanced,D2-Q108,paraphrase,1,1,1.0,259
D2,context_aware,advanced,D2-Q109,procedural,1,0,0.0,259
D2,context_aware,advanced,D2-Q110,exact_fact,1,1,1.0,259
D2,context_aware,advanced,D2-Q111,procedural,1,1,1.0,259
D2,context_aware,advanced,D2-Q112,temporal,1,1,1.0,259
D2,context_aware,advanced,D2-Q113,procedural,1,1,1.0,259
D2,context_aware,advanced,D2-Q114,exact_fact,1,1,1.0,259
D2,context_aware,advanced,D2-Q115,exact_fact,1,1,1.0,259
D2,context_aware,advanced,D2-Q116,exact_fact,1,1,1.0,259
D2,context_aware,advanced,D2-Q117,conditional_exception,1,1,1.0,259
D2,context_aware,advanced,D2-Q118,procedural,1,1,1.0,259
D2,context_aware,advanced,D2-Q119,exact_fact,1,1,1.0,259
D2,context_aware,advanced,D2-Q120,negation,1,1,1.0,259
D2,context_aware,advanced,D2-Q121,exact_fact,1,1,1.0,259
D2,context_aware,advanced,D2-Q122,exact_fact,1,1,1.0,259
D2,context_aware,advanced,D2-Q123,paraphrase,1,1,1.0,259
D2,context_aware,advanced,D2-Q124,exact_fact,1,1,1.0,259
D2,context_aware,advanced,D2-Q125,procedural,1,1,1.0,259
D2,context_aware,advanced,D2-Q126,conditional_exception,1,1,1.0,259
D2,context_aware,advanced,D2-Q127,paraphrase,1,1,1.0,259
D2,context_aware,advanced,D2-Q128,paraphrase,1,1,1.0,259
D2,context_aware,advanced,D2-Q129,table_lookup,1,1,1.0,259
D2,context_aware,advanced,D2-Q130,table_lookup,1,1,1.0,259
D2,context_aware,advanced,D2-Q131,table_lookup,1,1,1.0,259
D2,context_aware,advanced,D2-Q132,table_lookup,1,1,1.0,259
D2,context_aware,advanced,D2-Q133,table_lookup,1,1,1.0,259
D2,context_aware,advanced,D2-Q134,table_lookup,1,1,1.0,259
D2,context_aware,advanced,D2-Q135,table_lookup,1,1,1.0,259
D2,context_aware,advanced,D2-Q136,table_context,1,1,1.0,259
D2,context_aware,advanced,D2-Q137,table_context,1,1,1.0,259
D2,context_aware,advanced,D2-Q138,table_context,1,1,1.0,259
D2,context_aware,advanced,D2-Q139,table_context,1,1,1.0,259
D2,context_aware,advanced,D2-Q140,table_context,1,1,1.0,259
D2,context_aware,advanced,D2-Q141,table_context,1,1,1.0,259
D2,context_aware,advanced,D2-Q142,table_context,1,1,1.0,259
D2,context_aware,advanced,D2-Q143,table_context,1,1,1.0,259
D2,context_aware,advanced,D2-Q144,table_context,1,1,1.0,259
D2,context_aware,advanced,D2-Q145,table_context,1,1,1.0,259
D2,context_aware,advanced,D2-Q146,table_context,1,1,1.0,259
D2,context_aware,advanced,D2-Q147,table_context,1,1,1.0,259
D2,context_aware,advanced,D2-Q148,table_context,1,1,1.0,259
D2,context_aware,advanced,D2-Q149,table_context,1,1,1.0,259
D2,context_aware,advanced,D2-Q150,temporal,1,1,1.0,259
D2,context_aware,advanced,D2-Q151,table_context,1,1,1.0,259
D2,context_aware,advanced,D2-Q152,table_context,1,1,1.0,259
D2,context_aware,advanced,D2-Q153,table_context,1,1,1.0,259
D2,context_aware,advanced,D2-Q154,table_context,1,1,1.0,259
D2,context_aware,advanced,D2-Q155,table_context,1,1,1.0,259
D2,context_aware,advanced,D2-Q156,table_context,1,1,1.0,259
D2,context_aware,advanced,D2-Q157,table_context,1,1,1.0,259
D2,context_aware,advanced,D2-Q158,table_context,1,1,1.0,259
D2,context_aware,advanced,D2-Q159,table_context,1,1,1.0,259
D2,context_aware,advanced,D2-Q160,table_context,1,1,1.0,259
D2,context_aware,advanced,D2-Q161,table_context,1,1,1.0,259
D2,context_aware,advanced,D2-Q162,table_context,1,1,1.0,259
D2,context_aware,advanced,D2-Q163,table_context,1,1,1.0,259
D2,context_aware,advanced,D2-Q164,table_context,1,1,1.0,259
D2,context_aware,advanced,D2-Q165,table_context,1,1,1.0,259
D2,context_aware,advanced,D2-Q166,table_context,1,1,1.0,259
D2,context_aware,advanced,D2-Q167,table_context,1,1,1.0,259
D2,context_aware,advanced,D2-Q168,table_context,1,1,1.0,259
D2,context_aware,advanced,D2-Q169,table_context,1,1,1.0,259
D2,context_aware,advanced,D2-Q170,table_context,1,1,1.0,259
D2,context_aware,advanced,D2-Q171,table_context,1,1,1.0,259
D2,context_aware,advanced,D2-Q172,table_context,1,1,1.0,259
D2,context_aware,advanced,D2-Q173,table_context,1,1,1.0,259
D2,context_aware,advanced,D2-Q174,table_context,1,1,1.0,259
D2,context_aware,advanced,D2-Q175,table_context,1,1,1.0,259
D2,context_aware,advanced,D2-Q176,table_context,1,1,1.0,259
D2,context_aware,advanced,D2-Q177,table_context,1,1,1.0,259
D2,context_aware,advanced,D2-Q178,table_context,1,1,1.0,259
D2,context_aware,advanced,D2-Q179,table_context,1,1,1.0,259
D2,context_aware,advanced,D2-Q180,table_context,1,1,1.0,259
D2,context_aware,advanced,D2-Q181,table_context,1,1,1.0,259
D2,context_aware,advanced,D2-Q182,table_context,1,1,1.0,259
D2,context_aware,advanced,D2-Q183,procedural,1,1,1.0,259
D2,context_aware,advanced,D2-Q184,list_membership,1,1,1.0,259
D2,context_aware,advanced,D2-Q185,list_membership,1,1,1.0,259
D2,context_aware,advanced,D2-Q186,list_membership,1,1,1.0,259
D2,context_aware,advanced,D2-Q187,list_membership,1,1,1.0,259
D2,context_aware,advanced,D2-Q188,list_membership,1,1,1.0,259
D2,context_aware,advanced,D2-Q189,conditional_exception,1,1,1.0,259
D2,context_aware,advanced,D2-Q190,conditional_exception,1,1,1.0,259
D2,context_aware,advanced,D2-Q191,procedural,1,1,1.0,259
D2,context_aware,advanced,D2-Q192,exact_fact,1,1,1.0,259
D2,context_aware,advanced,D2-Q193,procedural,1,1,1.0,259
D2,context_aware,advanced,D2-Q194,conditional_exception,1,1,1.0,259
D2,context_aware,advanced,D2-Q195,conditional_exception,1,1,1.0,259
D2,context_aware,advanced,D2-Q196,exact_fact,1,1,1.0,259
D2,context_aware,advanced,D2-Q197,conditional_exception,1,1,1.0,259
D2,context_aware,advanced,D2-Q198,conditional_exception,1,1,1.0,259
D2,context_aware,advanced,D2-Q199,negation,1,1,1.0,259
D2,context_aware,advanced,D2-Q200,procedural,1,1,1.0,259
D2,docling,basic,D2-Q001,exact_fact,1,1,1.0,56
D2,docling,basic,D2-Q002,temporal,1,1,1.0,56
D2,docling,basic,D2-Q003,exact_fact,1,1,1.0,56
D2,docling,basic,D2-Q004,negative_query,1,1,1.0,56
D2,docling,basic,D2-Q005,negative_query,1,1,1.0,56
D2,docling,basic,D2-Q006,list_membership,1,1,1.0,56
D2,docling,basic,D2-Q007,negation,1,1,1.0,56
D2,docling,basic,D2-Q008,exact_fact,1,1,1.0,56
D2,docling,basic,D2-Q009,exact_fact,1,1,1.0,56
D2,docling,basic,D2-Q010,paraphrase,1,1,1.0,56
D2,docling,basic,D2-Q011,conditional_exception,1,1,1.0,56
D2,docling,basic,D2-Q012,negation,1,1,1.0,56
D2,docling,basic,D2-Q013,list_membership,1,1,1.0,56
D2,docling,basic,D2-Q014,list_membership,1,1,1.0,56
D2,docling,basic,D2-Q015,list_membership,1,1,1.0,56
D2,docling,basic,D2-Q016,exact_fact,1,1,1.0,56
D2,docling,basic,D2-Q017,list_membership,1,1,1.0,56
D2,docling,basic,D2-Q018,exact_fact,1,1,1.0,56
D2,docling,basic,D2-Q019,exact_fact,1,1,1.0,56
D2,docling,basic,D2-Q020,exact_fact,1,1,1.0,56
D2,docling,basic,D2-Q021,exact_fact,1,1,1.0,56
D2,docling,basic,D2-Q022,paraphrase,1,1,1.0,56
D2,docling,basic,D2-Q023,procedural,1,1,1.0,56
D2,docling,basic,D2-Q024,conditional_exception,1,1,1.0,56
D2,docling,basic,D2-Q025,procedural,1,1,1.0,56
D2,docling,basic,D2-Q026,procedural,1,1,1.0,56
D2,docling,basic,D2-Q027,procedural,1,1,1.0,56
D2,docling,basic,D2-Q028,paraphrase,1,1,1.0,56
D2,docling,basic,D2-Q029,exact_fact,1,1,1.0,56
D2,docling,basic,D2-Q030,paraphrase,1,1,1.0,56
D2,docling,basic,D2-Q031,list_membership,1,1,1.0,56
D2,docling,basic,D2-Q032,exact_fact,1,1,1.0,56
D2,docling,basic,D2-Q033,exact_fact,1,1,1.0,56
D2,docling,basic,D2-Q034,procedural,1,1,1.0,56
D2,docling,basic,D2-Q035,list_membership,1,1,1.0,56
D2,docling,basic,D2-Q036,list_membership,1,1,1.0,56
D2,docling,basic,D2-Q037,exact_fact,1,1,1.0,56
D2,docling,basic,D2-Q038,procedural,1,1,1.0,56
D2,docling,basic,D2-Q039,conditional_exception,1,1,1.0,56
D2,docling,basic,D2-Q040,procedural,1,1,1.0,56
D2,docling,basic,D2-Q041,procedural,1,1,1.0,56
D2,docling,basic,D2-Q042,exact_fact,1,1,1.0,56
D2,docling,basic,D2-Q043,procedural,1,1,1.0,56
D2,docling,basic,D2-Q044,exact_fact,1,1,1.0,56
D2,docling,basic,D2-Q045,conditional_exception,1,1,1.0,56
D2,docling,basic,D2-Q046,paraphrase,1,1,1.0,56
D2,docling,basic,D2-Q047,exact_fact,1,1,1.0,56
D2,docling,basic,D2-Q048,list_membership,1,1,1.0,56
D2,docling,basic,D2-Q049,exact_fact,1,1,1.0,56
D2,docling,basic,D2-Q050,procedural,1,1,1.0,56
D2,docling,basic,D2-Q051,conditional_exception,1,1,1.0,56
D2,docling,basic,D2-Q052,procedural,1,1,1.0,56
D2,docling,basic,D2-Q053,exact_fact,1,1,1.0,56
D2,docling,basic,D2-Q054,conditional_exception,1,1,1.0,56
D2,docling,basic,D2-Q055,list_membership,1,1,1.0,56
D2,docling,basic,D2-Q056,procedural,1,1,1.0,56
D2,docling,basic,D2-Q057,exact_fact,1,1,1.0,56
D2,docling,basic,D2-Q058,conditional_exception,1,1,1.0,56
D2,docling,basic,D2-Q059,exact_fact,1,1,1.0,56
D2,docling,basic,D2-Q060,negation,1,1,1.0,56
D2,docling,basic,D2-Q061,procedural,1,1,1.0,56
D2,docling,basic,D2-Q062,exact_fact,1,1,1.0,56
D2,docling,basic,D2-Q063,paraphrase,1,1,1.0,56
D2,docling,basic,D2-Q064,negation,1,1,1.0,56
D2,docling,basic,D2-Q065,numerical,1,1,1.0,56
D2,docling,basic,D2-Q066,numerical,1,1,1.0,56
D2,docling,basic,D2-Q067,numerical,1,1,1.0,56
D2,docling,basic,D2-Q068,numerical,1,1,1.0,56
D2,docling,basic,D2-Q069,numerical,1,1,1.0,56
D2,docling,basic,D2-Q070,numerical,1,1,1.0,56
D2,docling,basic,D2-Q071,negative_query,1,1,1.0,56
D2,docling,basic,D2-Q072,exact_fact,1,1,1.0,56
D2,docling,basic,D2-Q073,exact_fact,1,1,1.0,56
D2,docling,basic,D2-Q074,procedural,1,1,1.0,56
D2,docling,basic,D2-Q075,conditional_exception,1,1,1.0,56
D2,docling,basic,D2-Q076,negation,1,1,1.0,56
D2,docling,basic,D2-Q077,procedural,1,1,1.0,56
D2,docling,basic,D2-Q078,exact_fact,1,1,1.0,56
D2,docling,basic,D2-Q079,conditional_exception,1,1,1.0,56
D2,docling,basic,D2-Q080,conditional_exception,1,1,1.0,56
D2,docling,basic,D2-Q081,exact_fact,1,1,1.0,56
D2,docling,basic,D2-Q082,conditional_exception,1,1,1.0,56
D2,docling,basic,D2-Q083,procedural,1,1,1.0,56
D2,docling,basic,D2-Q084,procedural,1,1,1.0,56
D2,docling,basic,D2-Q085,exact_fact,1,1,1.0,56
D2,docling,basic,D2-Q086,procedural,1,1,1.0,56
D2,docling,basic,D2-Q087,exact_fact,1,1,1.0,56
D2,docling,basic,D2-Q088,paraphrase,1,1,1.0,56
D2,docling,basic,D2-Q089,exact_fact,1,1,1.0,56
D2,docling,basic,D2-Q090,procedural,1,1,1.0,56
D2,docling,basic,D2-Q091,exact_fact,1,1,1.0,56
D2,docling,basic,D2-Q092,conditional_exception,1,1,1.0,56
D2,docling,basic,D2-Q093,procedural,1,1,1.0,56
D2,docling,basic,D2-Q094,procedural,1,1,1.0,56
D2,docling,basic,D2-Q095,procedural,1,1,1.0,56
D2,docling,basic,D2-Q096,negative_query,1,0,0.0,56
D2,docling,basic,D2-Q097,numerical,1,1,1.0,56
D2,docling,basic,D2-Q098,procedural,1,1,1.0,56
D2,docling,basic,D2-Q099,procedural,1,1,1.0,56
D2,docling,basic,D2-Q100,conditional_exception,1,1,1.0,56
D2,docling,basic,D2-Q101,temporal,1,1,1.0,56
D2,docling,basic,D2-Q102,numerical,1,1,1.0,56
D2,docling,basic,D2-Q103,negation,1,1,1.0,56
D2,docling,basic,D2-Q104,list_membership,1,1,1.0,56
D2,docling,basic,D2-Q105,table_lookup,1,1,1.0,56
D2,docling,basic,D2-Q106,table_lookup,1,1,1.0,56
D2,docling,basic,D2-Q107,table_lookup,1,1,1.0,56
D2,docling,basic,D2-Q108,paraphrase,1,1,1.0,56
D2,docling,basic,D2-Q109,procedural,1,1,1.0,56
D2,docling,basic,D2-Q110,exact_fact,1,1,1.0,56
D2,docling,basic,D2-Q111,procedural,1,1,1.0,56
D2,docling,basic,D2-Q112,temporal,1,1,1.0,56
D2,docling,basic,D2-Q113,procedural,1,1,1.0,56
D2,docling,basic,D2-Q114,exact_fact,1,1,1.0,56
D2,docling,basic,D2-Q115,exact_fact,1,1,1.0,56
D2,docling,basic,D2-Q116,exact_fact,1,1,1.0,56
D2,docling,basic,D2-Q117,conditional_exception,1,1,1.0,56
D2,docling,basic,D2-Q118,procedural,1,1,1.0,56
D2,docling,basic,D2-Q119,exact_fact,1,1,1.0,56
D2,docling,basic,D2-Q120,negation,1,1,1.0,56
D2,docling,basic,D2-Q121,exact_fact,1,1,1.0,56
D2,docling,basic,D2-Q122,exact_fact,1,1,1.0,56
D2,docling,basic,D2-Q123,paraphrase,1,0,0.0,56
D2,docling,basic,D2-Q124,exact_fact,1,1,1.0,56
D2,docling,basic,D2-Q125,procedural,1,1,1.0,56
D2,docling,basic,D2-Q126,conditional_exception,1,1,1.0,56
D2,docling,basic,D2-Q127,paraphrase,1,1,1.0,56
D2,docling,basic,D2-Q128,paraphrase,1,1,1.0,56
D2,docling,basic,D2-Q129,table_lookup,1,1,1.0,56
D2,docling,basic,D2-Q130,table_lookup,1,1,1.0,56
D2,docling,basic,D2-Q131,table_lookup,1,1,1.0,56
D2,docling,basic,D2-Q132,table_lookup,1,1,1.0,56
D2,docling,basic,D2-Q133,table_lookup,1,1,1.0,56
D2,docling,basic,D2-Q134,table_lookup,1,1,1.0,56
D2,docling,basic,D2-Q135,table_lookup,1,1,1.0,56
D2,docling,basic,D2-Q136,table_context,1,1,1.0,56
D2,docling,basic,D2-Q137,table_context,1,1,1.0,56
D2,docling,basic,D2-Q138,table_context,1,1,1.0,56
D2,docling,basic,D2-Q139,table_context,1,1,1.0,56
D2,docling,basic,D2-Q140,table_context,1,1,1.0,56
D2,docling,basic,D2-Q141,table_context,1,1,1.0,56
D2,docling,basic,D2-Q142,table_context,1,1,1.0,56
D2,docling,basic,D2-Q143,table_context,1,1,1.0,56
D2,docling,basic,D2-Q144,table_context,1,1,1.0,56
D2,docling,basic,D2-Q145,table_context,1,1,1.0,56
D2,docling,basic,D2-Q146,table_context,1,1,1.0,56
D2,docling,basic,D2-Q147,table_context,1,1,1.0,56
D2,docling,basic,D2-Q148,table_context,1,1,1.0,56
D2,docling,basic,D2-Q149,table_context,1,1,1.0,56
D2,docling,basic,D2-Q150,temporal,1,0,0.0,56
D2,docling,basic,D2-Q151,table_context,1,1,1.0,56
D2,docling,basic,D2-Q152,table_context,1,1,1.0,56
D2,docling,basic,D2-Q153,table_context,1,1,1.0,56
D2,docling,basic,D2-Q154,table_context,1,1,1.0,56
D2,docling,basic,D2-Q155,table_context,1,1,1.0,56
D2,docling,basic,D2-Q156,table_context,1,1,1.0,56
D2,docling,basic,D2-Q157,table_context,1,1,1.0,56
D2,docling,basic,D2-Q158,table_context,1,1,1.0,56
D2,docling,basic,D2-Q159,table_context,1,1,1.0,56
D2,docling,basic,D2-Q160,table_context,1,1,1.0,56
D2,docling,basic,D2-Q161,table_context,1,1,1.0,56
D2,docling,basic,D2-Q162,table_context,1,1,1.0,56
D2,docling,basic,D2-Q163,table_context,1,1,1.0,56
D2,docling,basic,D2-Q164,table_context,1,1,1.0,56
D2,docling,basic,D2-Q165,table_context,1,1,1.0,56
D2,docling,basic,D2-Q166,table_context,1,1,1.0,56
D2,docling,basic,D2-Q167,table_context,1,1,1.0,56
D2,docling,basic,D2-Q168,table_context,1,1,1.0,56
D2,docling,basic,D2-Q169,table_context,1,1,1.0,56
D2,docling,basic,D2-Q170,table_context,1,1,1.0,56
D2,docling,basic,D2-Q171,table_context,1,1,1.0,56
D2,docling,basic,D2-Q172,table_context,1,1,1.0,56
D2,docling,basic,D2-Q173,table_context,1,1,1.0,56
D2,docling,basic,D2-Q174,table_context,1,1,1.0,56
D2,docling,basic,D2-Q175,table_context,1,1,1.0,56
D2,docling,basic,D2-Q176,table_context,1,1,1.0,56
D2,docling,basic,D2-Q177,table_context,1,1,1.0,56
D2,docling,basic,D2-Q178,table_context,1,1,1.0,56
D2,docling,basic,D2-Q179,table_context,1,1,1.0,56
D2,docling,basic,D2-Q180,table_context,1,1,1.0,56
D2,docling,basic,D2-Q181,table_context,1,1,1.0,56
D2,docling,basic,D2-Q182,table_context,1,1,1.0,56
D2,docling,basic,D2-Q183,procedural,1,1,1.0,56
D2,docling,basic,D2-Q184,list_membership,1,1,1.0,56
D2,docling,basic,D2-Q185,list_membership,1,1,1.0,56
D2,docling,basic,D2-Q186,list_membership,1,1,1.0,56
D2,docling,basic,D2-Q187,list_membership,1,1,1.0,56
D2,docling,basic,D2-Q188,list_membership,1,1,1.0,56
D2,docling,basic,D2-Q189,conditional_exception,1,1,1.0,56
D2,docling,basic,D2-Q190,conditional_exception,1,1,1.0,56
D2,docling,basic,D2-Q191,procedural,1,1,1.0,56
D2,docling,basic,D2-Q192,exact_fact,1,1,1.0,56
D2,docling,basic,D2-Q193,procedural,1,1,1.0,56
D2,docling,basic,D2-Q194,conditional_exception,1,1,1.0,56
D2,docling,basic,D2-Q195,conditional_exception,1,1,1.0,56
D2,docling,basic,D2-Q196,exact_fact,1,1,1.0,56
D2,docling,basic,D2-Q197,conditional_exception,1,1,1.0,56
D2,docling,basic,D2-Q198,conditional_exception,1,1,1.0,56
D2,docling,basic,D2-Q199,negation,1,1,1.0,56
D2,docling,basic,D2-Q200,procedural,1,1,1.0,56
D2,docling,medium,D2-Q001,exact_fact,1,1,1.0,158
D2,docling,medium,D2-Q002,temporal,1,1,1.0,158
D2,docling,medium,D2-Q003,exact_fact,1,1,1.0,158
D2,docling,medium,D2-Q004,negative_query,1,1,1.0,158
D2,docling,medium,D2-Q005,negative_query,1,1,1.0,158
D2,docling,medium,D2-Q006,list_membership,1,1,1.0,158
D2,docling,medium,D2-Q007,negation,1,0,0.0,158
D2,docling,medium,D2-Q008,exact_fact,1,1,1.0,158
D2,docling,medium,D2-Q009,exact_fact,1,1,1.0,158
D2,docling,medium,D2-Q010,paraphrase,1,1,1.0,158
D2,docling,medium,D2-Q011,conditional_exception,1,1,1.0,158
D2,docling,medium,D2-Q012,negation,1,1,1.0,158
D2,docling,medium,D2-Q013,list_membership,1,1,1.0,158
D2,docling,medium,D2-Q014,list_membership,1,1,1.0,158
D2,docling,medium,D2-Q015,list_membership,1,1,1.0,158
D2,docling,medium,D2-Q016,exact_fact,1,1,1.0,158
D2,docling,medium,D2-Q017,list_membership,1,1,1.0,158
D2,docling,medium,D2-Q018,exact_fact,1,1,1.0,158
D2,docling,medium,D2-Q019,exact_fact,1,1,1.0,158
D2,docling,medium,D2-Q020,exact_fact,1,1,1.0,158
D2,docling,medium,D2-Q021,exact_fact,1,1,1.0,158
D2,docling,medium,D2-Q022,paraphrase,1,1,1.0,158
D2,docling,medium,D2-Q023,procedural,1,1,1.0,158
D2,docling,medium,D2-Q024,conditional_exception,1,1,1.0,158
D2,docling,medium,D2-Q025,procedural,1,1,1.0,158
D2,docling,medium,D2-Q026,procedural,1,1,1.0,158
D2,docling,medium,D2-Q027,procedural,1,1,1.0,158
D2,docling,medium,D2-Q028,paraphrase,1,1,1.0,158
D2,docling,medium,D2-Q029,exact_fact,1,1,1.0,158
D2,docling,medium,D2-Q030,paraphrase,1,1,1.0,158
D2,docling,medium,D2-Q031,list_membership,1,1,1.0,158
D2,docling,medium,D2-Q032,exact_fact,1,1,1.0,158
D2,docling,medium,D2-Q033,exact_fact,1,1,1.0,158
D2,docling,medium,D2-Q034,procedural,1,1,1.0,158
D2,docling,medium,D2-Q035,list_membership,1,1,1.0,158
D2,docling,medium,D2-Q036,list_membership,1,1,1.0,158
D2,docling,medium,D2-Q037,exact_fact,1,1,1.0,158
D2,docling,medium,D2-Q038,procedural,1,1,1.0,158
D2,docling,medium,D2-Q039,conditional_exception,1,1,1.0,158
D2,docling,medium,D2-Q040,procedural,1,1,1.0,158
D2,docling,medium,D2-Q041,procedural,1,1,1.0,158
D2,docling,medium,D2-Q042,exact_fact,1,1,1.0,158
D2,docling,medium,D2-Q043,procedural,1,1,1.0,158
D2,docling,medium,D2-Q044,exact_fact,1,1,1.0,158
D2,docling,medium,D2-Q045,conditional_exception,1,1,1.0,158
D2,docling,medium,D2-Q046,paraphrase,1,1,1.0,158
D2,docling,medium,D2-Q047,exact_fact,1,1,1.0,158
D2,docling,medium,D2-Q048,list_membership,1,1,1.0,158
D2,docling,medium,D2-Q049,exact_fact,1,1,1.0,158
D2,docling,medium,D2-Q050,procedural,1,1,1.0,158
D2,docling,medium,D2-Q051,conditional_exception,1,1,1.0,158
D2,docling,medium,D2-Q052,procedural,1,1,1.0,158
D2,docling,medium,D2-Q053,exact_fact,1,1,1.0,158
D2,docling,medium,D2-Q054,conditional_exception,1,1,1.0,158
D2,docling,medium,D2-Q055,list_membership,1,1,1.0,158
D2,docling,medium,D2-Q056,procedural,1,1,1.0,158
D2,docling,medium,D2-Q057,exact_fact,1,1,1.0,158
D2,docling,medium,D2-Q058,conditional_exception,1,1,1.0,158
D2,docling,medium,D2-Q059,exact_fact,1,1,1.0,158
D2,docling,medium,D2-Q060,negation,1,1,1.0,158
D2,docling,medium,D2-Q061,procedural,1,1,1.0,158
D2,docling,medium,D2-Q062,exact_fact,1,1,1.0,158
D2,docling,medium,D2-Q063,paraphrase,1,1,1.0,158
D2,docling,medium,D2-Q064,negation,1,1,1.0,158
D2,docling,medium,D2-Q065,numerical,1,1,1.0,158
D2,docling,medium,D2-Q066,numerical,1,1,1.0,158
D2,docling,medium,D2-Q067,numerical,1,1,1.0,158
D2,docling,medium,D2-Q068,numerical,1,1,1.0,158
D2,docling,medium,D2-Q069,numerical,1,1,1.0,158
D2,docling,medium,D2-Q070,numerical,1,1,1.0,158
D2,docling,medium,D2-Q071,negative_query,1,1,1.0,158
D2,docling,medium,D2-Q072,exact_fact,1,0,0.0,158
D2,docling,medium,D2-Q073,exact_fact,1,1,1.0,158
D2,docling,medium,D2-Q074,procedural,1,1,1.0,158
D2,docling,medium,D2-Q075,conditional_exception,1,1,1.0,158
D2,docling,medium,D2-Q076,negation,1,1,1.0,158
D2,docling,medium,D2-Q077,procedural,1,1,1.0,158
D2,docling,medium,D2-Q078,exact_fact,1,1,1.0,158
D2,docling,medium,D2-Q079,conditional_exception,1,1,1.0,158
D2,docling,medium,D2-Q080,conditional_exception,1,1,1.0,158
D2,docling,medium,D2-Q081,exact_fact,1,1,1.0,158
D2,docling,medium,D2-Q082,conditional_exception,1,1,1.0,158
D2,docling,medium,D2-Q083,procedural,1,1,1.0,158
D2,docling,medium,D2-Q084,procedural,1,1,1.0,158
D2,docling,medium,D2-Q085,exact_fact,1,1,1.0,158
D2,docling,medium,D2-Q086,procedural,1,1,1.0,158
D2,docling,medium,D2-Q087,exact_fact,1,1,1.0,158
D2,docling,medium,D2-Q088,paraphrase,1,1,1.0,158
D2,docling,medium,D2-Q089,exact_fact,1,1,1.0,158
D2,docling,medium,D2-Q090,procedural,1,1,1.0,158
D2,docling,medium,D2-Q091,exact_fact,1,1,1.0,158
D2,docling,medium,D2-Q092,conditional_exception,1,1,1.0,158
D2,docling,medium,D2-Q093,procedural,1,1,1.0,158
D2,docling,medium,D2-Q094,procedural,1,1,1.0,158
D2,docling,medium,D2-Q095,procedural,1,1,1.0,158
D2,docling,medium,D2-Q096,negative_query,1,1,1.0,158
D2,docling,medium,D2-Q097,numerical,1,1,1.0,158
D2,docling,medium,D2-Q098,procedural,1,1,1.0,158
D2,docling,medium,D2-Q099,procedural,1,1,1.0,158
D2,docling,medium,D2-Q100,conditional_exception,1,1,1.0,158
D2,docling,medium,D2-Q101,temporal,1,1,1.0,158
D2,docling,medium,D2-Q102,numerical,1,1,1.0,158
D2,docling,medium,D2-Q103,negation,1,1,1.0,158
D2,docling,medium,D2-Q104,list_membership,1,1,1.0,158
D2,docling,medium,D2-Q105,table_lookup,1,1,1.0,158
D2,docling,medium,D2-Q106,table_lookup,1,1,1.0,158
D2,docling,medium,D2-Q107,table_lookup,1,1,1.0,158
D2,docling,medium,D2-Q108,paraphrase,1,1,1.0,158
D2,docling,medium,D2-Q109,procedural,1,1,1.0,158
D2,docling,medium,D2-Q110,exact_fact,1,1,1.0,158
D2,docling,medium,D2-Q111,procedural,1,1,1.0,158
D2,docling,medium,D2-Q112,temporal,1,1,1.0,158
D2,docling,medium,D2-Q113,procedural,1,1,1.0,158
D2,docling,medium,D2-Q114,exact_fact,1,1,1.0,158
D2,docling,medium,D2-Q115,exact_fact,1,1,1.0,158
D2,docling,medium,D2-Q116,exact_fact,1,1,1.0,158
D2,docling,medium,D2-Q117,conditional_exception,1,1,1.0,158
D2,docling,medium,D2-Q118,procedural,1,1,1.0,158
D2,docling,medium,D2-Q119,exact_fact,1,1,1.0,158
D2,docling,medium,D2-Q120,negation,1,1,1.0,158
D2,docling,medium,D2-Q121,exact_fact,1,1,1.0,158
D2,docling,medium,D2-Q122,exact_fact,1,1,1.0,158
D2,docling,medium,D2-Q123,paraphrase,1,1,1.0,158
D2,docling,medium,D2-Q124,exact_fact,1,1,1.0,158
D2,docling,medium,D2-Q125,procedural,1,1,1.0,158
D2,docling,medium,D2-Q126,conditional_exception,1,1,1.0,158
D2,docling,medium,D2-Q127,paraphrase,1,1,1.0,158
D2,docling,medium,D2-Q128,paraphrase,1,1,1.0,158
D2,docling,medium,D2-Q129,table_lookup,1,1,1.0,158
D2,docling,medium,D2-Q130,table_lookup,1,1,1.0,158
D2,docling,medium,D2-Q131,table_lookup,1,1,1.0,158
D2,docling,medium,D2-Q132,table_lookup,1,1,1.0,158
D2,docling,medium,D2-Q133,table_lookup,1,1,1.0,158
D2,docling,medium,D2-Q134,table_lookup,1,1,1.0,158
D2,docling,medium,D2-Q135,table_lookup,1,1,1.0,158
D2,docling,medium,D2-Q136,table_context,1,1,1.0,158
D2,docling,medium,D2-Q137,table_context,1,1,1.0,158
D2,docling,medium,D2-Q138,table_context,1,1,1.0,158
D2,docling,medium,D2-Q139,table_context,1,1,1.0,158
D2,docling,medium,D2-Q140,table_context,1,1,1.0,158
D2,docling,medium,D2-Q141,table_context,1,1,1.0,158
D2,docling,medium,D2-Q142,table_context,1,1,1.0,158
D2,docling,medium,D2-Q143,table_context,1,1,1.0,158
D2,docling,medium,D2-Q144,table_context,1,1,1.0,158
D2,docling,medium,D2-Q145,table_context,1,1,1.0,158
D2,docling,medium,D2-Q146,table_context,1,1,1.0,158
D2,docling,medium,D2-Q147,table_context,1,1,1.0,158
D2,docling,medium,D2-Q148,table_context,1,1,1.0,158
D2,docling,medium,D2-Q149,table_context,1,1,1.0,158
D2,docling,medium,D2-Q150,temporal,1,0,0.0,158
D2,docling,medium,D2-Q151,table_context,1,1,1.0,158
D2,docling,medium,D2-Q152,table_context,1,1,1.0,158
D2,docling,medium,D2-Q153,table_context,1,1,1.0,158
D2,docling,medium,D2-Q154,table_context,1,1,1.0,158
D2,docling,medium,D2-Q155,table_context,1,1,1.0,158
D2,docling,medium,D2-Q156,table_context,1,1,1.0,158
D2,docling,medium,D2-Q157,table_context,1,1,1.0,158
D2,docling,medium,D2-Q158,table_context,1,1,1.0,158
D2,docling,medium,D2-Q159,table_context,1,1,1.0,158
D2,docling,medium,D2-Q160,table_context,1,1,1.0,158
D2,docling,medium,D2-Q161,table_context,1,1,1.0,158
D2,docling,medium,D2-Q162,table_context,1,1,1.0,158
D2,docling,medium,D2-Q163,table_context,1,1,1.0,158
D2,docling,medium,D2-Q164,table_context,1,1,1.0,158
D2,docling,medium,D2-Q165,table_context,1,1,1.0,158
D2,docling,medium,D2-Q166,table_context,1,1,1.0,158
D2,docling,medium,D2-Q167,table_context,1,1,1.0,158
D2,docling,medium,D2-Q168,table_context,1,1,1.0,158
D2,docling,medium,D2-Q169,table_context,1,1,1.0,158
D2,docling,medium,D2-Q170,table_context,1,1,1.0,158
D2,docling,medium,D2-Q171,table_context,1,1,1.0,158
D2,docling,medium,D2-Q172,table_context,1,1,1.0,158
D2,docling,medium,D2-Q173,table_context,1,1,1.0,158
D2,docling,medium,D2-Q174,table_context,1,1,1.0,158
D2,docling,medium,D2-Q175,table_context,1,1,1.0,158
D2,docling,medium,D2-Q176,table_context,1,1,1.0,158
D2,docling,medium,D2-Q177,table_context,1,1,1.0,158
D2,docling,medium,D2-Q178,table_context,1,1,1.0,158
D2,docling,medium,D2-Q179,table_context,1,1,1.0,158
D2,docling,medium,D2-Q180,table_context,1,1,1.0,158
D2,docling,medium,D2-Q181,table_context,1,1,1.0,158
D2,docling,medium,D2-Q182,table_context,1,1,1.0,158
D2,docling,medium,D2-Q183,procedural,1,1,1.0,158
D2,docling,medium,D2-Q184,list_membership,1,1,1.0,158
D2,docling,medium,D2-Q185,list_membership,1,1,1.0,158
D2,docling,medium,D2-Q186,list_membership,1,1,1.0,158
D2,docling,medium,D2-Q187,list_membership,1,1,1.0,158
D2,docling,medium,D2-Q188,list_membership,1,1,1.0,158
D2,docling,medium,D2-Q189,conditional_exception,1,1,1.0,158
D2,docling,medium,D2-Q190,conditional_exception,1,1,1.0,158
D2,docling,medium,D2-Q191,procedural,1,1,1.0,158
D2,docling,medium,D2-Q192,exact_fact,1,1,1.0,158
D2,docling,medium,D2-Q193,procedural,1,1,1.0,158
D2,docling,medium,D2-Q194,conditional_exception,1,1,1.0,158
D2,docling,medium,D2-Q195,conditional_exception,1,1,1.0,158
D2,docling,medium,D2-Q196,exact_fact,1,1,1.0,158
D2,docling,medium,D2-Q197,conditional_exception,1,1,1.0,158
D2,docling,medium,D2-Q198,conditional_exception,1,1,1.0,158
D2,docling,medium,D2-Q199,negation,1,1,1.0,158
D2,docling,medium,D2-Q200,procedural,1,1,1.0,158
D2,docling,advanced,D2-Q001,exact_fact,1,1,1.0,77
D2,docling,advanced,D2-Q002,temporal,1,1,1.0,77
D2,docling,advanced,D2-Q003,exact_fact,1,1,1.0,77
D2,docling,advanced,D2-Q004,negative_query,1,1,1.0,77
D2,docling,advanced,D2-Q005,negative_query,1,1,1.0,77
D2,docling,advanced,D2-Q006,list_membership,1,1,1.0,77
D2,docling,advanced,D2-Q007,negation,1,1,1.0,77
D2,docling,advanced,D2-Q008,exact_fact,1,1,1.0,77
D2,docling,advanced,D2-Q009,exact_fact,1,1,1.0,77
D2,docling,advanced,D2-Q010,paraphrase,1,1,1.0,77
D2,docling,advanced,D2-Q011,conditional_exception,1,1,1.0,77
D2,docling,advanced,D2-Q012,negation,1,1,1.0,77
D2,docling,advanced,D2-Q013,list_membership,1,1,1.0,77
D2,docling,advanced,D2-Q014,list_membership,1,1,1.0,77
D2,docling,advanced,D2-Q015,list_membership,1,1,1.0,77
D2,docling,advanced,D2-Q016,exact_fact,1,1,1.0,77
D2,docling,advanced,D2-Q017,list_membership,1,1,1.0,77
D2,docling,advanced,D2-Q018,exact_fact,1,1,1.0,77
D2,docling,advanced,D2-Q019,exact_fact,1,1,1.0,77
D2,docling,advanced,D2-Q020,exact_fact,1,1,1.0,77
D2,docling,advanced,D2-Q021,exact_fact,1,1,1.0,77
D2,docling,advanced,D2-Q022,paraphrase,1,1,1.0,77
D2,docling,advanced,D2-Q023,procedural,1,1,1.0,77
D2,docling,advanced,D2-Q024,conditional_exception,1,1,1.0,77
D2,docling,advanced,D2-Q025,procedural,1,1,1.0,77
D2,docling,advanced,D2-Q026,procedural,1,1,1.0,77
D2,docling,advanced,D2-Q027,procedural,1,1,1.0,77
D2,docling,advanced,D2-Q028,paraphrase,1,1,1.0,77
D2,docling,advanced,D2-Q029,exact_fact,1,1,1.0,77
D2,docling,advanced,D2-Q030,paraphrase,1,1,1.0,77
D2,docling,advanced,D2-Q031,list_membership,1,1,1.0,77
D2,docling,advanced,D2-Q032,exact_fact,1,1,1.0,77
D2,docling,advanced,D2-Q033,exact_fact,1,1,1.0,77
D2,docling,advanced,D2-Q034,procedural,1,1,1.0,77
D2,docling,advanced,D2-Q035,list_membership,1,1,1.0,77
D2,docling,advanced,D2-Q036,list_membership,1,1,1.0,77
D2,docling,advanced,D2-Q037,exact_fact,1,1,1.0,77
D2,docling,advanced,D2-Q038,procedural,1,1,1.0,77
D2,docling,advanced,D2-Q039,conditional_exception,1,1,1.0,77
D2,docling,advanced,D2-Q040,procedural,1,1,1.0,77
D2,docling,advanced,D2-Q041,procedural,1,1,1.0,77
D2,docling,advanced,D2-Q042,exact_fact,1,1,1.0,77
D2,docling,advanced,D2-Q043,procedural,1,1,1.0,77
D2,docling,advanced,D2-Q044,exact_fact,1,1,1.0,77
D2,docling,advanced,D2-Q045,conditional_exception,1,1,1.0,77
D2,docling,advanced,D2-Q046,paraphrase,1,1,1.0,77
D2,docling,advanced,D2-Q047,exact_fact,1,1,1.0,77
D2,docling,advanced,D2-Q048,list_membership,1,1,1.0,77
D2,docling,advanced,D2-Q049,exact_fact,1,1,1.0,77
D2,docling,advanced,D2-Q050,procedural,1,1,1.0,77
D2,docling,advanced,D2-Q051,conditional_exception,1,1,1.0,77
D2,docling,advanced,D2-Q052,procedural,1,1,1.0,77
D2,docling,advanced,D2-Q053,exact_fact,1,1,1.0,77
D2,docling,advanced,D2-Q054,conditional_exception,1,1,1.0,77
D2,docling,advanced,D2-Q055,list_membership,1,1,1.0,77
D2,docling,advanced,D2-Q056,procedural,1,1,1.0,77
D2,docling,advanced,D2-Q057,exact_fact,1,1,1.0,77
D2,docling,advanced,D2-Q058,conditional_exception,1,1,1.0,77
D2,docling,advanced,D2-Q059,exact_fact,1,1,1.0,77
D2,docling,advanced,D2-Q060,negation,1,1,1.0,77
D2,docling,advanced,D2-Q061,procedural,1,1,1.0,77
D2,docling,advanced,D2-Q062,exact_fact,1,1,1.0,77
D2,docling,advanced,D2-Q063,paraphrase,1,1,1.0,77
D2,docling,advanced,D2-Q064,negation,1,1,1.0,77
D2,docling,advanced,D2-Q065,numerical,1,1,1.0,77
D2,docling,advanced,D2-Q066,numerical,1,1,1.0,77
D2,docling,advanced,D2-Q067,numerical,1,1,1.0,77
D2,docling,advanced,D2-Q068,numerical,1,1,1.0,77
D2,docling,advanced,D2-Q069,numerical,1,1,1.0,77
D2,docling,advanced,D2-Q070,numerical,1,1,1.0,77
D2,docling,advanced,D2-Q071,negative_query,1,1,1.0,77
D2,docling,advanced,D2-Q072,exact_fact,1,1,1.0,77
D2,docling,advanced,D2-Q073,exact_fact,1,1,1.0,77
D2,docling,advanced,D2-Q074,procedural,1,1,1.0,77
D2,docling,advanced,D2-Q075,conditional_exception,1,1,1.0,77
D2,docling,advanced,D2-Q076,negation,1,1,1.0,77
D2,docling,advanced,D2-Q077,procedural,1,1,1.0,77
D2,docling,advanced,D2-Q078,exact_fact,1,1,1.0,77
D2,docling,advanced,D2-Q079,conditional_exception,1,1,1.0,77
D2,docling,advanced,D2-Q080,conditional_exception,1,1,1.0,77
D2,docling,advanced,D2-Q081,exact_fact,1,1,1.0,77
D2,docling,advanced,D2-Q082,conditional_exception,1,1,1.0,77
D2,docling,advanced,D2-Q083,procedural,1,1,1.0,77
D2,docling,advanced,D2-Q084,procedural,1,1,1.0,77
D2,docling,advanced,D2-Q085,exact_fact,1,1,1.0,77
D2,docling,advanced,D2-Q086,procedural,1,1,1.0,77
D2,docling,advanced,D2-Q087,exact_fact,1,1,1.0,77
D2,docling,advanced,D2-Q088,paraphrase,1,1,1.0,77
D2,docling,advanced,D2-Q089,exact_fact,1,1,1.0,77
D2,docling,advanced,D2-Q090,procedural,1,1,1.0,77
D2,docling,advanced,D2-Q091,exact_fact,1,1,1.0,77
D2,docling,advanced,D2-Q092,conditional_exception,1,1,1.0,77
D2,docling,advanced,D2-Q093,procedural,1,1,1.0,77
D2,docling,advanced,D2-Q094,procedural,1,1,1.0,77
D2,docling,advanced,D2-Q095,procedural,1,1,1.0,77
D2,docling,advanced,D2-Q096,negative_query,1,1,1.0,77
D2,docling,advanced,D2-Q097,numerical,1,1,1.0,77
D2,docling,advanced,D2-Q098,procedural,1,1,1.0,77
D2,docling,advanced,D2-Q099,procedural,1,1,1.0,77
D2,docling,advanced,D2-Q100,conditional_exception,1,1,1.0,77
D2,docling,advanced,D2-Q101,temporal,1,1,1.0,77
D2,docling,advanced,D2-Q102,numerical,1,1,1.0,77
D2,docling,advanced,D2-Q103,negation,1,1,1.0,77
D2,docling,advanced,D2-Q104,list_membership,1,1,1.0,77
D2,docling,advanced,D2-Q105,table_lookup,1,1,1.0,77
D2,docling,advanced,D2-Q106,table_lookup,1,1,1.0,77
D2,docling,advanced,D2-Q107,table_lookup,1,1,1.0,77
D2,docling,advanced,D2-Q108,paraphrase,1,1,1.0,77
D2,docling,advanced,D2-Q109,procedural,1,1,1.0,77
D2,docling,advanced,D2-Q110,exact_fact,1,1,1.0,77
D2,docling,advanced,D2-Q111,procedural,1,1,1.0,77
D2,docling,advanced,D2-Q112,temporal,1,1,1.0,77
D2,docling,advanced,D2-Q113,procedural,1,1,1.0,77
D2,docling,advanced,D2-Q114,exact_fact,1,1,1.0,77
D2,docling,advanced,D2-Q115,exact_fact,1,1,1.0,77
D2,docling,advanced,D2-Q116,exact_fact,1,1,1.0,77
D2,docling,advanced,D2-Q117,conditional_exception,1,1,1.0,77
D2,docling,advanced,D2-Q118,procedural,1,1,1.0,77
D2,docling,advanced,D2-Q119,exact_fact,1,1,1.0,77
D2,docling,advanced,D2-Q120,negation,1,1,1.0,77
D2,docling,advanced,D2-Q121,exact_fact,1,1,1.0,77
D2,docling,advanced,D2-Q122,exact_fact,1,1,1.0,77
D2,docling,advanced,D2-Q123,paraphrase,1,1,1.0,77
D2,docling,advanced,D2-Q124,exact_fact,1,1,1.0,77
D2,docling,advanced,D2-Q125,procedural,1,1,1.0,77
D2,docling,advanced,D2-Q126,conditional_exception,1,1,1.0,77
D2,docling,advanced,D2-Q127,paraphrase,1,1,1.0,77
D2,docling,advanced,D2-Q128,paraphrase,1,1,1.0,77
D2,docling,advanced,D2-Q129,table_lookup,1,1,1.0,77
D2,docling,advanced,D2-Q130,table_lookup,1,1,1.0,77
D2,docling,advanced,D2-Q131,table_lookup,1,1,1.0,77
D2,docling,advanced,D2-Q132,table_lookup,1,1,1.0,77
D2,docling,advanced,D2-Q133,table_lookup,1,1,1.0,77
D2,docling,advanced,D2-Q134,table_lookup,1,1,1.0,77
D2,docling,advanced,D2-Q135,table_lookup,1,1,1.0,77
D2,docling,advanced,D2-Q136,table_context,1,1,1.0,77
D2,docling,advanced,D2-Q137,table_context,1,1,1.0,77
D2,docling,advanced,D2-Q138,table_context,1,1,1.0,77
D2,docling,advanced,D2-Q139,table_context,1,1,1.0,77
D2,docling,advanced,D2-Q140,table_context,1,1,1.0,77
D2,docling,advanced,D2-Q141,table_context,1,1,1.0,77
D2,docling,advanced,D2-Q142,table_context,1,1,1.0,77
D2,docling,advanced,D2-Q143,table_context,1,1,1.0,77
D2,docling,advanced,D2-Q144,table_context,1,1,1.0,77
D2,docling,advanced,D2-Q145,table_context,1,1,1.0,77
D2,docling,advanced,D2-Q146,table_context,1,1,1.0,77
D2,docling,advanced,D2-Q147,table_context,1,1,1.0,77
D2,docling,advanced,D2-Q148,table_context,1,1,1.0,77
D2,docling,advanced,D2-Q149,table_context,1,1,1.0,77
D2,docling,advanced,D2-Q150,temporal,1,0,0.0,77
D2,docling,advanced,D2-Q151,table_context,1,1,1.0,77
D2,docling,advanced,D2-Q152,table_context,1,1,1.0,77
D2,docling,advanced,D2-Q153,table_context,1,1,1.0,77
D2,docling,advanced,D2-Q154,table_context,1,1,1.0,77
D2,docling,advanced,D2-Q155,table_context,1,1,1.0,77
D2,docling,advanced,D2-Q156,table_context,1,1,1.0,77
D2,docling,advanced,D2-Q157,table_context,1,1,1.0,77
D2,docling,advanced,D2-Q158,table_context,1,1,1.0,77
D2,docling,advanced,D2-Q159,table_context,1,1,1.0,77
D2,docling,advanced,D2-Q160,table_context,1,1,1.0,77
D2,docling,advanced,D2-Q161,table_context,1,1,1.0,77
D2,docling,advanced,D2-Q162,table_context,1,1,1.0,77
D2,docling,advanced,D2-Q163,table_context,1,1,1.0,77
D2,docling,advanced,D2-Q164,table_context,1,1,1.0,77
D2,docling,advanced,D2-Q165,table_context,1,1,1.0,77
D2,docling,advanced,D2-Q166,table_context,1,1,1.0,77
D2,docling,advanced,D2-Q167,table_context,1,1,1.0,77
D2,docling,advanced,D2-Q168,table_context,1,1,1.0,77
D2,docling,advanced,D2-Q169,table_context,1,1,1.0,77
D2,docling,advanced,D2-Q170,table_context,1,1,1.0,77
D2,docling,advanced,D2-Q171,table_context,1,1,1.0,77
D2,docling,advanced,D2-Q172,table_context,1,1,1.0,77
D2,docling,advanced,D2-Q173,table_context,1,1,1.0,77
D2,docling,advanced,D2-Q174,table_context,1,1,1.0,77
D2,docling,advanced,D2-Q175,table_context,1,1,1.0,77
D2,docling,advanced,D2-Q176,table_context,1,1,1.0,77
D2,docling,advanced,D2-Q177,table_context,1,1,1.0,77
D2,docling,advanced,D2-Q178,table_context,1,1,1.0,77
D2,docling,advanced,D2-Q179,table_context,1,1,1.0,77
D2,docling,advanced,D2-Q180,table_context,1,1,1.0,77
D2,docling,advanced,D2-Q181,table_context,1,1,1.0,77
D2,docling,advanced,D2-Q182,table_context,1,1,1.0,77
D2,docling,advanced,D2-Q183,procedural,1,1,1.0,77
D2,docling,advanced,D2-Q184,list_membership,1,1,1.0,77
D2,docling,advanced,D2-Q185,list_membership,1,1,1.0,77
D2,docling,advanced,D2-Q186,list_membership,1,1,1.0,77
D2,docling,advanced,D2-Q187,list_membership,1,1,1.0,77
D2,docling,advanced,D2-Q188,list_membership,1,1,1.0,77
D2,docling,advanced,D2-Q189,conditional_exception,1,1,1.0,77
D2,docling,advanced,D2-Q190,conditional_exception,1,1,1.0,77
D2,docling,advanced,D2-Q191,procedural,1,1,1.0,77
D2,docling,advanced,D2-Q192,exact_fact,1,1,1.0,77
D2,docling,advanced,D2-Q193,procedural,1,1,1.0,77
D2,docling,advanced,D2-Q194,conditional_exception,1,1,1.0,77
D2,docling,advanced,D2-Q195,conditional_exception,1,1,1.0,77
D2,docling,advanced,D2-Q196,exact_fact,1,1,1.0,77
D2,docling,advanced,D2-Q197,conditional_exception,1,1,1.0,77
D2,docling,advanced,D2-Q198,conditional_exception,1,1,1.0,77
D2,docling,advanced,D2-Q199,negation,1,1,1.0,77
D2,docling,advanced,D2-Q200,procedural,1,1,1.0,77
D3,normal,basic,D3-Q001,exact_fact,1,1,1.0,93
D3,normal,basic,D3-Q002,exact_fact,1,1,1.0,93
D3,normal,basic,D3-Q003,negation,1,1,1.0,93
D3,normal,basic,D3-Q004,conditional_exception,2,2,1.0,93
D3,normal,basic,D3-Q005,negative_query,1,1,1.0,93
D3,normal,basic,D3-Q006,exact_fact,1,1,1.0,93
D3,normal,basic,D3-Q007,exact_fact,1,1,1.0,93
D3,normal,basic,D3-Q008,exact_fact,1,1,1.0,93
D3,normal,basic,D3-Q009,exact_fact,1,1,1.0,93
D3,normal,basic,D3-Q010,exact_fact,1,1,1.0,93
D3,normal,basic,D3-Q011,exact_fact,1,1,1.0,93
D3,normal,basic,D3-Q012,list_membership,2,1,0.5,93
D3,normal,basic,D3-Q013,exact_fact,3,3,1.0,93
D3,normal,basic,D3-Q014,exact_fact,1,1,1.0,93
D3,normal,basic,D3-Q015,exact_fact,1,1,1.0,93
D3,normal,basic,D3-Q016,exact_fact,1,1,1.0,93
D3,normal,basic,D3-Q017,exact_fact,1,1,1.0,93
D3,normal,basic,D3-Q018,exact_fact,1,1,1.0,93
D3,normal,basic,D3-Q019,exact_fact,1,0,0.0,93
D3,normal,basic,D3-Q020,exact_fact,1,1,1.0,93
D3,normal,basic,D3-Q021,exact_fact,1,1,1.0,93
D3,normal,basic,D3-Q022,exact_fact,1,1,1.0,93
D3,normal,basic,D3-Q023,exact_fact,1,1,1.0,93
D3,normal,basic,D3-Q024,exact_fact,1,1,1.0,93
D3,normal,basic,D3-Q025,exact_fact,2,2,1.0,93
D3,normal,basic,D3-Q026,exact_fact,1,1,1.0,93
D3,normal,basic,D3-Q027,exact_fact,3,3,1.0,93
D3,normal,basic,D3-Q028,exact_fact,1,1,1.0,93
D3,normal,basic,D3-Q029,exact_fact,3,3,1.0,93
D3,normal,basic,D3-Q030,exact_fact,1,1,1.0,93
D3,normal,basic,D3-Q031,exact_fact,1,1,1.0,93
D3,normal,basic,D3-Q032,exact_fact,1,1,1.0,93
D3,normal,basic,D3-Q033,exact_fact,1,1,1.0,93
D3,normal,basic,D3-Q034,exact_fact,1,1,1.0,93
D3,normal,basic,D3-Q035,exact_fact,1,1,1.0,93
D3,normal,basic,D3-Q036,exact_fact,1,1,1.0,93
D3,normal,basic,D3-Q037,exact_fact,1,1,1.0,93
D3,normal,basic,D3-Q038,exact_fact,1,1,1.0,93
D3,normal,basic,D3-Q039,list_membership,5,5,1.0,93
D3,normal,basic,D3-Q040,negation,1,1,1.0,93
D3,normal,basic,D3-Q041,exact_fact,1,1,1.0,93
D3,normal,basic,D3-Q042,conditional_exception,3,3,1.0,93
D3,normal,basic,D3-Q043,list_membership,1,1,1.0,93
D3,normal,basic,D3-Q044,temporal,1,1,1.0,93
D3,normal,basic,D3-Q045,negation,1,1,1.0,93
D3,normal,basic,D3-Q046,exact_fact,1,1,1.0,93
D3,normal,basic,D3-Q047,numerical,1,1,1.0,93
D3,normal,basic,D3-Q048,conditional_exception,1,1,1.0,93
D3,normal,basic,D3-Q049,numerical,1,1,1.0,93
D3,normal,basic,D3-Q050,procedural,1,1,1.0,93
D3,normal,basic,D3-Q051,temporal,1,1,1.0,93
D3,normal,basic,D3-Q052,conditional_exception,1,1,1.0,93
D3,normal,basic,D3-Q053,procedural,2,2,1.0,93
D3,normal,basic,D3-Q054,conditional_exception,1,1,1.0,93
D3,normal,basic,D3-Q055,exact_fact,1,1,1.0,93
D3,normal,basic,D3-Q056,exact_fact,1,1,1.0,93
D3,normal,basic,D3-Q057,exact_fact,2,2,1.0,93
D3,normal,basic,D3-Q058,conditional_exception,1,1,1.0,93
D3,normal,basic,D3-Q059,exact_fact,1,1,1.0,93
D3,normal,basic,D3-Q060,negation,1,1,1.0,93
D3,normal,basic,D3-Q061,exact_fact,1,1,1.0,93
D3,normal,basic,D3-Q062,exact_fact,1,1,1.0,93
D3,normal,basic,D3-Q063,procedural,1,1,1.0,93
D3,normal,basic,D3-Q064,conditional_exception,1,1,1.0,93
D3,normal,basic,D3-Q065,procedural,1,1,1.0,93
D3,normal,basic,D3-Q066,conditional_exception,1,1,1.0,93
D3,normal,basic,D3-Q067,exact_fact,1,1,1.0,93
D3,normal,basic,D3-Q068,conditional_exception,1,1,1.0,93
D3,normal,basic,D3-Q069,negation,1,1,1.0,93
D3,normal,basic,D3-Q070,procedural,1,1,1.0,93
D3,normal,basic,D3-Q071,exact_fact,1,1,1.0,93
D3,normal,basic,D3-Q072,procedural,1,1,1.0,93
D3,normal,basic,D3-Q073,list_membership,3,3,1.0,93
D3,normal,basic,D3-Q074,exact_fact,1,1,1.0,93
D3,normal,basic,D3-Q075,exact_fact,1,1,1.0,93
D3,normal,basic,D3-Q076,list_membership,1,1,1.0,93
D3,normal,basic,D3-Q077,procedural,2,2,1.0,93
D3,normal,basic,D3-Q078,numerical,1,1,1.0,93
D3,normal,basic,D3-Q079,procedural,2,2,1.0,93
D3,normal,basic,D3-Q080,conditional_exception,9,9,1.0,93
D3,normal,basic,D3-Q081,exact_fact,1,1,1.0,93
D3,normal,basic,D3-Q082,negative_query,1,1,1.0,93
D3,normal,basic,D3-Q083,exact_fact,1,1,1.0,93
D3,normal,basic,D3-Q084,exact_fact,1,1,1.0,93
D3,normal,basic,D3-Q085,list_membership,7,7,1.0,93
D3,normal,basic,D3-Q086,negation,1,1,1.0,93
D3,normal,basic,D3-Q087,conditional_exception,1,1,1.0,93
D3,normal,basic,D3-Q088,exact_fact,1,1,1.0,93
D3,normal,basic,D3-Q089,exact_fact,1,1,1.0,93
D3,normal,basic,D3-Q090,procedural,1,1,1.0,93
D3,normal,basic,D3-Q091,list_membership,6,6,1.0,93
D3,normal,basic,D3-Q092,conditional_exception,1,1,1.0,93
D3,normal,basic,D3-Q093,exact_fact,1,1,1.0,93
D3,normal,basic,D3-Q094,procedural,1,1,1.0,93
D3,normal,basic,D3-Q095,negation,2,2,1.0,93
D3,normal,basic,D3-Q096,numerical,1,1,1.0,93
D3,normal,basic,D3-Q097,numerical,1,1,1.0,93
D3,normal,basic,D3-Q098,negation,1,1,1.0,93
D3,normal,basic,D3-Q099,exact_fact,1,1,1.0,93
D3,normal,basic,D3-Q100,exact_fact,1,1,1.0,93
D3,normal,basic,D3-Q101,conditional_exception,1,1,1.0,93
D3,normal,basic,D3-Q102,exact_fact,1,1,1.0,93
D3,normal,basic,D3-Q103,exact_fact,1,1,1.0,93
D3,normal,basic,D3-Q104,temporal,1,1,1.0,93
D3,normal,basic,D3-Q105,exact_fact,1,1,1.0,93
D3,normal,basic,D3-Q106,numerical,1,1,1.0,93
D3,normal,basic,D3-Q107,conditional_exception,1,1,1.0,93
D3,normal,basic,D3-Q108,conditional_exception,1,1,1.0,93
D3,normal,basic,D3-Q109,conditional_exception,1,1,1.0,93
D3,normal,basic,D3-Q110,exact_fact,1,1,1.0,93
D3,normal,basic,D3-Q111,procedural,1,1,1.0,93
D3,normal,basic,D3-Q112,conditional_exception,1,1,1.0,93
D3,normal,basic,D3-Q113,conditional_exception,1,1,1.0,93
D3,normal,basic,D3-Q114,negation,1,1,1.0,93
D3,normal,basic,D3-Q115,numerical,1,1,1.0,93
D3,normal,basic,D3-Q116,exact_fact,1,1,1.0,93
D3,normal,basic,D3-Q117,numerical,4,4,1.0,93
D3,normal,basic,D3-Q118,numerical,1,1,1.0,93
D3,normal,basic,D3-Q119,negation,1,1,1.0,93
D3,normal,basic,D3-Q120,numerical,1,1,1.0,93
D3,normal,basic,D3-Q121,numerical,1,1,1.0,93
D3,normal,basic,D3-Q122,numerical,1,1,1.0,93
D3,normal,basic,D3-Q123,numerical,1,1,1.0,93
D3,normal,basic,D3-Q124,numerical,1,1,1.0,93
D3,normal,basic,D3-Q125,numerical,1,1,1.0,93
D3,normal,basic,D3-Q126,numerical,1,1,1.0,93
D3,normal,basic,D3-Q127,numerical,1,1,1.0,93
D3,normal,basic,D3-Q128,exact_fact,1,1,1.0,93
D3,normal,basic,D3-Q129,numerical,1,1,1.0,93
D3,normal,basic,D3-Q130,numerical,1,1,1.0,93
D3,normal,basic,D3-Q131,procedural,1,1,1.0,93
D3,normal,basic,D3-Q132,conditional_exception,2,2,1.0,93
D3,normal,basic,D3-Q133,conditional_exception,2,2,1.0,93
D3,normal,basic,D3-Q134,negation,1,1,1.0,93
D3,normal,basic,D3-Q135,numerical,1,1,1.0,93
D3,normal,basic,D3-Q136,numerical,1,1,1.0,93
D3,normal,basic,D3-Q137,exact_fact,1,1,1.0,93
D3,normal,basic,D3-Q138,procedural,1,1,1.0,93
D3,normal,basic,D3-Q139,list_membership,4,4,1.0,93
D3,normal,basic,D3-Q140,negation,1,1,1.0,93
D3,normal,basic,D3-Q141,exact_fact,1,1,1.0,93
D3,normal,basic,D3-Q142,conditional_exception,1,1,1.0,93
D3,normal,basic,D3-Q143,exact_fact,1,1,1.0,93
D3,normal,basic,D3-Q144,negation,2,2,1.0,93
D3,normal,basic,D3-Q145,conditional_exception,1,1,1.0,93
D3,normal,basic,D3-Q146,conditional_exception,1,1,1.0,93
D3,normal,basic,D3-Q147,conditional_exception,1,1,1.0,93
D3,normal,basic,D3-Q148,exact_fact,1,1,1.0,93
D3,normal,basic,D3-Q149,temporal,1,1,1.0,93
D3,normal,basic,D3-Q150,exact_fact,1,1,1.0,93
D3,normal,basic,D3-Q151,conditional_exception,1,1,1.0,93
D3,normal,basic,D3-Q152,exact_fact,1,1,1.0,93
D3,normal,basic,D3-Q153,exact_fact,1,1,1.0,93
D3,normal,basic,D3-Q154,list_membership,2,2,1.0,93
D3,normal,basic,D3-Q155,negation,1,1,1.0,93
D3,normal,basic,D3-Q156,conditional_exception,1,1,1.0,93
D3,normal,basic,D3-Q157,exact_fact,1,1,1.0,93
D3,normal,basic,D3-Q158,exact_fact,1,1,1.0,93
D3,normal,basic,D3-Q159,procedural,1,1,1.0,93
D3,normal,basic,D3-Q160,temporal,1,1,1.0,93
D3,normal,basic,D3-Q161,exact_fact,1,1,1.0,93
D3,normal,basic,D3-Q162,exact_fact,1,1,1.0,93
D3,normal,basic,D3-Q163,list_membership,1,1,1.0,93
D3,normal,basic,D3-Q164,exact_fact,1,1,1.0,93
D3,normal,basic,D3-Q165,negation,3,3,1.0,93
D3,normal,basic,D3-Q166,list_membership,1,1,1.0,93
D3,normal,basic,D3-Q167,exact_fact,1,1,1.0,93
D3,normal,basic,D3-Q168,exact_fact,1,1,1.0,93
D3,normal,basic,D3-Q169,conditional_exception,1,1,1.0,93
D3,normal,basic,D3-Q170,conditional_exception,1,1,1.0,93
D3,normal,basic,D3-Q171,conditional_exception,1,1,1.0,93
D3,normal,basic,D3-Q172,conditional_exception,1,1,1.0,93
D3,normal,basic,D3-Q173,procedural,1,1,1.0,93
D3,normal,basic,D3-Q174,conditional_exception,1,1,1.0,93
D3,normal,basic,D3-Q175,conditional_exception,1,1,1.0,93
D3,normal,basic,D3-Q176,procedural,1,1,1.0,93
D3,normal,basic,D3-Q177,exact_fact,1,1,1.0,93
D3,normal,basic,D3-Q178,procedural,1,1,1.0,93
D3,normal,basic,D3-Q179,negation,1,1,1.0,93
D3,normal,basic,D3-Q180,conditional_exception,1,1,1.0,93
D3,normal,basic,D3-Q181,numerical,1,1,1.0,93
D3,normal,basic,D3-Q182,temporal,1,1,1.0,93
D3,normal,basic,D3-Q183,list_membership,3,3,1.0,93
D3,normal,basic,D3-Q184,numerical,1,1,1.0,93
D3,normal,basic,D3-Q185,numerical,1,1,1.0,93
D3,normal,basic,D3-Q186,negation,1,1,1.0,93
D3,normal,basic,D3-Q187,procedural,1,1,1.0,93
D3,normal,basic,D3-Q188,conditional_exception,1,1,1.0,93
D3,normal,basic,D3-Q189,exact_fact,1,1,1.0,93
D3,normal,basic,D3-Q190,conditional_exception,1,1,1.0,93
D3,normal,basic,D3-Q191,list_membership,1,1,1.0,93
D3,normal,basic,D3-Q192,numerical,1,1,1.0,93
D3,normal,basic,D3-Q193,conditional_exception,1,1,1.0,93
D3,normal,basic,D3-Q194,numerical,1,1,1.0,93
D3,normal,basic,D3-Q195,exact_fact,1,1,1.0,93
D3,normal,basic,D3-Q196,exact_fact,1,1,1.0,93
D3,normal,basic,D3-Q197,conditional_exception,1,1,1.0,93
D3,normal,basic,D3-Q198,numerical,1,1,1.0,93
D3,normal,basic,D3-Q199,numerical,1,1,1.0,93
D3,normal,basic,D3-Q200,negation,1,1,1.0,93
D3,normal,medium,D3-Q001,exact_fact,1,1,1.0,340
D3,normal,medium,D3-Q002,exact_fact,1,1,1.0,340
D3,normal,medium,D3-Q003,negation,1,1,1.0,340
D3,normal,medium,D3-Q004,conditional_exception,2,2,1.0,340
D3,normal,medium,D3-Q005,negative_query,1,1,1.0,340
D3,normal,medium,D3-Q006,exact_fact,1,1,1.0,340
D3,normal,medium,D3-Q007,exact_fact,1,1,1.0,340
D3,normal,medium,D3-Q008,exact_fact,1,1,1.0,340
D3,normal,medium,D3-Q009,exact_fact,1,1,1.0,340
D3,normal,medium,D3-Q010,exact_fact,1,1,1.0,340
D3,normal,medium,D3-Q011,exact_fact,1,1,1.0,340
D3,normal,medium,D3-Q012,list_membership,2,2,1.0,340
D3,normal,medium,D3-Q013,exact_fact,3,3,1.0,340
D3,normal,medium,D3-Q014,exact_fact,1,1,1.0,340
D3,normal,medium,D3-Q015,exact_fact,1,1,1.0,340
D3,normal,medium,D3-Q016,exact_fact,1,1,1.0,340
D3,normal,medium,D3-Q017,exact_fact,1,1,1.0,340
D3,normal,medium,D3-Q018,exact_fact,1,1,1.0,340
D3,normal,medium,D3-Q019,exact_fact,1,0,0.0,340
D3,normal,medium,D3-Q020,exact_fact,1,0,0.0,340
D3,normal,medium,D3-Q021,exact_fact,1,1,1.0,340
D3,normal,medium,D3-Q022,exact_fact,1,1,1.0,340
D3,normal,medium,D3-Q023,exact_fact,1,1,1.0,340
D3,normal,medium,D3-Q024,exact_fact,1,1,1.0,340
D3,normal,medium,D3-Q025,exact_fact,2,2,1.0,340
D3,normal,medium,D3-Q026,exact_fact,1,1,1.0,340
D3,normal,medium,D3-Q027,exact_fact,3,3,1.0,340
D3,normal,medium,D3-Q028,exact_fact,1,1,1.0,340
D3,normal,medium,D3-Q029,exact_fact,3,3,1.0,340
D3,normal,medium,D3-Q030,exact_fact,1,1,1.0,340
D3,normal,medium,D3-Q031,exact_fact,1,1,1.0,340
D3,normal,medium,D3-Q032,exact_fact,1,1,1.0,340
D3,normal,medium,D3-Q033,exact_fact,1,1,1.0,340
D3,normal,medium,D3-Q034,exact_fact,1,1,1.0,340
D3,normal,medium,D3-Q035,exact_fact,1,1,1.0,340
D3,normal,medium,D3-Q036,exact_fact,1,1,1.0,340
D3,normal,medium,D3-Q037,exact_fact,1,1,1.0,340
D3,normal,medium,D3-Q038,exact_fact,1,1,1.0,340
D3,normal,medium,D3-Q039,list_membership,5,5,1.0,340
D3,normal,medium,D3-Q040,negation,1,1,1.0,340
D3,normal,medium,D3-Q041,exact_fact,1,1,1.0,340
D3,normal,medium,D3-Q042,conditional_exception,3,3,1.0,340
D3,normal,medium,D3-Q043,list_membership,1,1,1.0,340
D3,normal,medium,D3-Q044,temporal,1,1,1.0,340
D3,normal,medium,D3-Q045,negation,1,1,1.0,340
D3,normal,medium,D3-Q046,exact_fact,1,1,1.0,340
D3,normal,medium,D3-Q047,numerical,1,1,1.0,340
D3,normal,medium,D3-Q048,conditional_exception,1,1,1.0,340
D3,normal,medium,D3-Q049,numerical,1,1,1.0,340
D3,normal,medium,D3-Q050,procedural,1,1,1.0,340
D3,normal,medium,D3-Q051,temporal,1,1,1.0,340
D3,normal,medium,D3-Q052,conditional_exception,1,1,1.0,340
D3,normal,medium,D3-Q053,procedural,2,2,1.0,340
D3,normal,medium,D3-Q054,conditional_exception,1,1,1.0,340
D3,normal,medium,D3-Q055,exact_fact,1,1,1.0,340
D3,normal,medium,D3-Q056,exact_fact,1,1,1.0,340
D3,normal,medium,D3-Q057,exact_fact,2,2,1.0,340
D3,normal,medium,D3-Q058,conditional_exception,1,1,1.0,340
D3,normal,medium,D3-Q059,exact_fact,1,1,1.0,340
D3,normal,medium,D3-Q060,negation,1,1,1.0,340
D3,normal,medium,D3-Q061,exact_fact,1,1,1.0,340
D3,normal,medium,D3-Q062,exact_fact,1,1,1.0,340
D3,normal,medium,D3-Q063,procedural,1,1,1.0,340
D3,normal,medium,D3-Q064,conditional_exception,1,1,1.0,340
D3,normal,medium,D3-Q065,procedural,1,1,1.0,340
D3,normal,medium,D3-Q066,conditional_exception,1,0,0.0,340
D3,normal,medium,D3-Q067,exact_fact,1,1,1.0,340
D3,normal,medium,D3-Q068,conditional_exception,1,1,1.0,340
D3,normal,medium,D3-Q069,negation,1,1,1.0,340
D3,normal,medium,D3-Q070,procedural,1,1,1.0,340
D3,normal,medium,D3-Q071,exact_fact,1,1,1.0,340
D3,normal,medium,D3-Q072,procedural,1,1,1.0,340
D3,normal,medium,D3-Q073,list_membership,3,3,1.0,340
D3,normal,medium,D3-Q074,exact_fact,1,1,1.0,340
D3,normal,medium,D3-Q075,exact_fact,1,1,1.0,340
D3,normal,medium,D3-Q076,list_membership,1,1,1.0,340
D3,normal,medium,D3-Q077,procedural,2,2,1.0,340
D3,normal,medium,D3-Q078,numerical,1,1,1.0,340
D3,normal,medium,D3-Q079,procedural,2,2,1.0,340
D3,normal,medium,D3-Q080,conditional_exception,9,9,1.0,340
D3,normal,medium,D3-Q081,exact_fact,1,1,1.0,340
D3,normal,medium,D3-Q082,negative_query,1,1,1.0,340
D3,normal,medium,D3-Q083,exact_fact,1,1,1.0,340
D3,normal,medium,D3-Q084,exact_fact,1,1,1.0,340
D3,normal,medium,D3-Q085,list_membership,7,7,1.0,340
D3,normal,medium,D3-Q086,negation,1,1,1.0,340
D3,normal,medium,D3-Q087,conditional_exception,1,1,1.0,340
D3,normal,medium,D3-Q088,exact_fact,1,1,1.0,340
D3,normal,medium,D3-Q089,exact_fact,1,1,1.0,340
D3,normal,medium,D3-Q090,procedural,1,1,1.0,340
D3,normal,medium,D3-Q091,list_membership,6,6,1.0,340
D3,normal,medium,D3-Q092,conditional_exception,1,1,1.0,340
D3,normal,medium,D3-Q093,exact_fact,1,1,1.0,340
D3,normal,medium,D3-Q094,procedural,1,1,1.0,340
D3,normal,medium,D3-Q095,negation,2,2,1.0,340
D3,normal,medium,D3-Q096,numerical,1,1,1.0,340
D3,normal,medium,D3-Q097,numerical,1,1,1.0,340
D3,normal,medium,D3-Q098,negation,1,1,1.0,340
D3,normal,medium,D3-Q099,exact_fact,1,1,1.0,340
D3,normal,medium,D3-Q100,exact_fact,1,1,1.0,340
D3,normal,medium,D3-Q101,conditional_exception,1,1,1.0,340
D3,normal,medium,D3-Q102,exact_fact,1,1,1.0,340
D3,normal,medium,D3-Q103,exact_fact,1,1,1.0,340
D3,normal,medium,D3-Q104,temporal,1,1,1.0,340
D3,normal,medium,D3-Q105,exact_fact,1,1,1.0,340
D3,normal,medium,D3-Q106,numerical,1,1,1.0,340
D3,normal,medium,D3-Q107,conditional_exception,1,1,1.0,340
D3,normal,medium,D3-Q108,conditional_exception,1,1,1.0,340
D3,normal,medium,D3-Q109,conditional_exception,1,1,1.0,340
D3,normal,medium,D3-Q110,exact_fact,1,1,1.0,340
D3,normal,medium,D3-Q111,procedural,1,1,1.0,340
D3,normal,medium,D3-Q112,conditional_exception,1,1,1.0,340
D3,normal,medium,D3-Q113,conditional_exception,1,1,1.0,340
D3,normal,medium,D3-Q114,negation,1,1,1.0,340
D3,normal,medium,D3-Q115,numerical,1,1,1.0,340
D3,normal,medium,D3-Q116,exact_fact,1,1,1.0,340
D3,normal,medium,D3-Q117,numerical,4,4,1.0,340
D3,normal,medium,D3-Q118,numerical,1,1,1.0,340
D3,normal,medium,D3-Q119,negation,1,1,1.0,340
D3,normal,medium,D3-Q120,numerical,1,1,1.0,340
D3,normal,medium,D3-Q121,numerical,1,1,1.0,340
D3,normal,medium,D3-Q122,numerical,1,1,1.0,340
D3,normal,medium,D3-Q123,numerical,1,1,1.0,340
D3,normal,medium,D3-Q124,numerical,1,1,1.0,340
D3,normal,medium,D3-Q125,numerical,1,1,1.0,340
D3,normal,medium,D3-Q126,numerical,1,1,1.0,340
D3,normal,medium,D3-Q127,numerical,1,1,1.0,340
D3,normal,medium,D3-Q128,exact_fact,1,1,1.0,340
D3,normal,medium,D3-Q129,numerical,1,1,1.0,340
D3,normal,medium,D3-Q130,numerical,1,1,1.0,340
D3,normal,medium,D3-Q131,procedural,1,1,1.0,340
D3,normal,medium,D3-Q132,conditional_exception,2,2,1.0,340
D3,normal,medium,D3-Q133,conditional_exception,2,2,1.0,340
D3,normal,medium,D3-Q134,negation,1,1,1.0,340
D3,normal,medium,D3-Q135,numerical,1,1,1.0,340
D3,normal,medium,D3-Q136,numerical,1,1,1.0,340
D3,normal,medium,D3-Q137,exact_fact,1,1,1.0,340
D3,normal,medium,D3-Q138,procedural,1,1,1.0,340
D3,normal,medium,D3-Q139,list_membership,4,4,1.0,340
D3,normal,medium,D3-Q140,negation,1,1,1.0,340
D3,normal,medium,D3-Q141,exact_fact,1,1,1.0,340
D3,normal,medium,D3-Q142,conditional_exception,1,1,1.0,340
D3,normal,medium,D3-Q143,exact_fact,1,1,1.0,340
D3,normal,medium,D3-Q144,negation,2,2,1.0,340
D3,normal,medium,D3-Q145,conditional_exception,1,1,1.0,340
D3,normal,medium,D3-Q146,conditional_exception,1,1,1.0,340
D3,normal,medium,D3-Q147,conditional_exception,1,1,1.0,340
D3,normal,medium,D3-Q148,exact_fact,1,1,1.0,340
D3,normal,medium,D3-Q149,temporal,1,1,1.0,340
D3,normal,medium,D3-Q150,exact_fact,1,1,1.0,340
D3,normal,medium,D3-Q151,conditional_exception,1,1,1.0,340
D3,normal,medium,D3-Q152,exact_fact,1,1,1.0,340
D3,normal,medium,D3-Q153,exact_fact,1,1,1.0,340
D3,normal,medium,D3-Q154,list_membership,2,1,0.5,340
D3,normal,medium,D3-Q155,negation,1,1,1.0,340
D3,normal,medium,D3-Q156,conditional_exception,1,1,1.0,340
D3,normal,medium,D3-Q157,exact_fact,1,1,1.0,340
D3,normal,medium,D3-Q158,exact_fact,1,1,1.0,340
D3,normal,medium,D3-Q159,procedural,1,1,1.0,340
D3,normal,medium,D3-Q160,temporal,1,1,1.0,340
D3,normal,medium,D3-Q161,exact_fact,1,1,1.0,340
D3,normal,medium,D3-Q162,exact_fact,1,1,1.0,340
D3,normal,medium,D3-Q163,list_membership,1,1,1.0,340
D3,normal,medium,D3-Q164,exact_fact,1,1,1.0,340
D3,normal,medium,D3-Q165,negation,3,3,1.0,340
D3,normal,medium,D3-Q166,list_membership,1,1,1.0,340
D3,normal,medium,D3-Q167,exact_fact,1,1,1.0,340
D3,normal,medium,D3-Q168,exact_fact,1,1,1.0,340
D3,normal,medium,D3-Q169,conditional_exception,1,1,1.0,340
D3,normal,medium,D3-Q170,conditional_exception,1,1,1.0,340
D3,normal,medium,D3-Q171,conditional_exception,1,1,1.0,340
D3,normal,medium,D3-Q172,conditional_exception,1,1,1.0,340
D3,normal,medium,D3-Q173,procedural,1,1,1.0,340
D3,normal,medium,D3-Q174,conditional_exception,1,1,1.0,340
D3,normal,medium,D3-Q175,conditional_exception,1,1,1.0,340
D3,normal,medium,D3-Q176,procedural,1,1,1.0,340
D3,normal,medium,D3-Q177,exact_fact,1,1,1.0,340
D3,normal,medium,D3-Q178,procedural,1,1,1.0,340
D3,normal,medium,D3-Q179,negation,1,1,1.0,340
D3,normal,medium,D3-Q180,conditional_exception,1,1,1.0,340
D3,normal,medium,D3-Q181,numerical,1,1,1.0,340
D3,normal,medium,D3-Q182,temporal,1,1,1.0,340
D3,normal,medium,D3-Q183,list_membership,3,3,1.0,340
D3,normal,medium,D3-Q184,numerical,1,1,1.0,340
D3,normal,medium,D3-Q185,numerical,1,1,1.0,340
D3,normal,medium,D3-Q186,negation,1,1,1.0,340
D3,normal,medium,D3-Q187,procedural,1,1,1.0,340
D3,normal,medium,D3-Q188,conditional_exception,1,1,1.0,340
D3,normal,medium,D3-Q189,exact_fact,1,1,1.0,340
D3,normal,medium,D3-Q190,conditional_exception,1,1,1.0,340
D3,normal,medium,D3-Q191,list_membership,1,1,1.0,340
D3,normal,medium,D3-Q192,numerical,1,1,1.0,340
D3,normal,medium,D3-Q193,conditional_exception,1,1,1.0,340
D3,normal,medium,D3-Q194,numerical,1,1,1.0,340
D3,normal,medium,D3-Q195,exact_fact,1,1,1.0,340
D3,normal,medium,D3-Q196,exact_fact,1,1,1.0,340
D3,normal,medium,D3-Q197,conditional_exception,1,1,1.0,340
D3,normal,medium,D3-Q198,numerical,1,1,1.0,340
D3,normal,medium,D3-Q199,numerical,1,1,1.0,340
D3,normal,medium,D3-Q200,negation,1,1,1.0,340
D3,normal,advanced,D3-Q001,exact_fact,1,1,1.0,112
D3,normal,advanced,D3-Q002,exact_fact,1,1,1.0,112
D3,normal,advanced,D3-Q003,negation,1,1,1.0,112
D3,normal,advanced,D3-Q004,conditional_exception,2,2,1.0,112
D3,normal,advanced,D3-Q005,negative_query,1,1,1.0,112
D3,normal,advanced,D3-Q006,exact_fact,1,1,1.0,112
D3,normal,advanced,D3-Q007,exact_fact,1,1,1.0,112
D3,normal,advanced,D3-Q008,exact_fact,1,1,1.0,112
D3,normal,advanced,D3-Q009,exact_fact,1,1,1.0,112
D3,normal,advanced,D3-Q010,exact_fact,1,1,1.0,112
D3,normal,advanced,D3-Q011,exact_fact,1,1,1.0,112
D3,normal,advanced,D3-Q012,list_membership,2,2,1.0,112
D3,normal,advanced,D3-Q013,exact_fact,3,3,1.0,112
D3,normal,advanced,D3-Q014,exact_fact,1,1,1.0,112
D3,normal,advanced,D3-Q015,exact_fact,1,1,1.0,112
D3,normal,advanced,D3-Q016,exact_fact,1,1,1.0,112
D3,normal,advanced,D3-Q017,exact_fact,1,1,1.0,112
D3,normal,advanced,D3-Q018,exact_fact,1,1,1.0,112
D3,normal,advanced,D3-Q019,exact_fact,1,1,1.0,112
D3,normal,advanced,D3-Q020,exact_fact,1,1,1.0,112
D3,normal,advanced,D3-Q021,exact_fact,1,1,1.0,112
D3,normal,advanced,D3-Q022,exact_fact,1,1,1.0,112
D3,normal,advanced,D3-Q023,exact_fact,1,1,1.0,112
D3,normal,advanced,D3-Q024,exact_fact,1,1,1.0,112
D3,normal,advanced,D3-Q025,exact_fact,2,2,1.0,112
D3,normal,advanced,D3-Q026,exact_fact,1,1,1.0,112
D3,normal,advanced,D3-Q027,exact_fact,3,3,1.0,112
D3,normal,advanced,D3-Q028,exact_fact,1,1,1.0,112
D3,normal,advanced,D3-Q029,exact_fact,3,3,1.0,112
D3,normal,advanced,D3-Q030,exact_fact,1,1,1.0,112
D3,normal,advanced,D3-Q031,exact_fact,1,1,1.0,112
D3,normal,advanced,D3-Q032,exact_fact,1,1,1.0,112
D3,normal,advanced,D3-Q033,exact_fact,1,1,1.0,112
D3,normal,advanced,D3-Q034,exact_fact,1,1,1.0,112
D3,normal,advanced,D3-Q035,exact_fact,1,1,1.0,112
D3,normal,advanced,D3-Q036,exact_fact,1,1,1.0,112
D3,normal,advanced,D3-Q037,exact_fact,1,1,1.0,112
D3,normal,advanced,D3-Q038,exact_fact,1,1,1.0,112
D3,normal,advanced,D3-Q039,list_membership,5,5,1.0,112
D3,normal,advanced,D3-Q040,negation,1,1,1.0,112
D3,normal,advanced,D3-Q041,exact_fact,1,1,1.0,112
D3,normal,advanced,D3-Q042,conditional_exception,3,3,1.0,112
D3,normal,advanced,D3-Q043,list_membership,1,1,1.0,112
D3,normal,advanced,D3-Q044,temporal,1,1,1.0,112
D3,normal,advanced,D3-Q045,negation,1,1,1.0,112
D3,normal,advanced,D3-Q046,exact_fact,1,1,1.0,112
D3,normal,advanced,D3-Q047,numerical,1,1,1.0,112
D3,normal,advanced,D3-Q048,conditional_exception,1,1,1.0,112
D3,normal,advanced,D3-Q049,numerical,1,1,1.0,112
D3,normal,advanced,D3-Q050,procedural,1,1,1.0,112
D3,normal,advanced,D3-Q051,temporal,1,1,1.0,112
D3,normal,advanced,D3-Q052,conditional_exception,1,1,1.0,112
D3,normal,advanced,D3-Q053,procedural,2,2,1.0,112
D3,normal,advanced,D3-Q054,conditional_exception,1,1,1.0,112
D3,normal,advanced,D3-Q055,exact_fact,1,1,1.0,112
D3,normal,advanced,D3-Q056,exact_fact,1,1,1.0,112
D3,normal,advanced,D3-Q057,exact_fact,2,2,1.0,112
D3,normal,advanced,D3-Q058,conditional_exception,1,1,1.0,112
D3,normal,advanced,D3-Q059,exact_fact,1,1,1.0,112
D3,normal,advanced,D3-Q060,negation,1,1,1.0,112
D3,normal,advanced,D3-Q061,exact_fact,1,1,1.0,112
D3,normal,advanced,D3-Q062,exact_fact,1,1,1.0,112
D3,normal,advanced,D3-Q063,procedural,1,1,1.0,112
D3,normal,advanced,D3-Q064,conditional_exception,1,1,1.0,112
D3,normal,advanced,D3-Q065,procedural,1,1,1.0,112
D3,normal,advanced,D3-Q066,conditional_exception,1,1,1.0,112
D3,normal,advanced,D3-Q067,exact_fact,1,1,1.0,112
D3,normal,advanced,D3-Q068,conditional_exception,1,1,1.0,112
D3,normal,advanced,D3-Q069,negation,1,1,1.0,112
D3,normal,advanced,D3-Q070,procedural,1,1,1.0,112
D3,normal,advanced,D3-Q071,exact_fact,1,1,1.0,112
D3,normal,advanced,D3-Q072,procedural,1,1,1.0,112
D3,normal,advanced,D3-Q073,list_membership,3,3,1.0,112
D3,normal,advanced,D3-Q074,exact_fact,1,1,1.0,112
D3,normal,advanced,D3-Q075,exact_fact,1,1,1.0,112
D3,normal,advanced,D3-Q076,list_membership,1,1,1.0,112
D3,normal,advanced,D3-Q077,procedural,2,2,1.0,112
D3,normal,advanced,D3-Q078,numerical,1,1,1.0,112
D3,normal,advanced,D3-Q079,procedural,2,2,1.0,112
D3,normal,advanced,D3-Q080,conditional_exception,9,9,1.0,112
D3,normal,advanced,D3-Q081,exact_fact,1,1,1.0,112
D3,normal,advanced,D3-Q082,negative_query,1,1,1.0,112
D3,normal,advanced,D3-Q083,exact_fact,1,1,1.0,112
D3,normal,advanced,D3-Q084,exact_fact,1,1,1.0,112
D3,normal,advanced,D3-Q085,list_membership,7,7,1.0,112
D3,normal,advanced,D3-Q086,negation,1,1,1.0,112
D3,normal,advanced,D3-Q087,conditional_exception,1,1,1.0,112
D3,normal,advanced,D3-Q088,exact_fact,1,1,1.0,112
D3,normal,advanced,D3-Q089,exact_fact,1,1,1.0,112
D3,normal,advanced,D3-Q090,procedural,1,1,1.0,112
D3,normal,advanced,D3-Q091,list_membership,6,6,1.0,112
D3,normal,advanced,D3-Q092,conditional_exception,1,1,1.0,112
D3,normal,advanced,D3-Q093,exact_fact,1,1,1.0,112
D3,normal,advanced,D3-Q094,procedural,1,1,1.0,112
D3,normal,advanced,D3-Q095,negation,2,2,1.0,112
D3,normal,advanced,D3-Q096,numerical,1,1,1.0,112
D3,normal,advanced,D3-Q097,numerical,1,1,1.0,112
D3,normal,advanced,D3-Q098,negation,1,1,1.0,112
D3,normal,advanced,D3-Q099,exact_fact,1,1,1.0,112
D3,normal,advanced,D3-Q100,exact_fact,1,1,1.0,112
D3,normal,advanced,D3-Q101,conditional_exception,1,1,1.0,112
D3,normal,advanced,D3-Q102,exact_fact,1,1,1.0,112
D3,normal,advanced,D3-Q103,exact_fact,1,1,1.0,112
D3,normal,advanced,D3-Q104,temporal,1,1,1.0,112
D3,normal,advanced,D3-Q105,exact_fact,1,1,1.0,112
D3,normal,advanced,D3-Q106,numerical,1,1,1.0,112
D3,normal,advanced,D3-Q107,conditional_exception,1,1,1.0,112
D3,normal,advanced,D3-Q108,conditional_exception,1,1,1.0,112
D3,normal,advanced,D3-Q109,conditional_exception,1,1,1.0,112
D3,normal,advanced,D3-Q110,exact_fact,1,1,1.0,112
D3,normal,advanced,D3-Q111,procedural,1,1,1.0,112
D3,normal,advanced,D3-Q112,conditional_exception,1,1,1.0,112
D3,normal,advanced,D3-Q113,conditional_exception,1,1,1.0,112
D3,normal,advanced,D3-Q114,negation,1,1,1.0,112
D3,normal,advanced,D3-Q115,numerical,1,1,1.0,112
D3,normal,advanced,D3-Q116,exact_fact,1,1,1.0,112
D3,normal,advanced,D3-Q117,numerical,4,4,1.0,112
D3,normal,advanced,D3-Q118,numerical,1,1,1.0,112
D3,normal,advanced,D3-Q119,negation,1,1,1.0,112
D3,normal,advanced,D3-Q120,numerical,1,1,1.0,112
D3,normal,advanced,D3-Q121,numerical,1,1,1.0,112
D3,normal,advanced,D3-Q122,numerical,1,1,1.0,112
D3,normal,advanced,D3-Q123,numerical,1,1,1.0,112
D3,normal,advanced,D3-Q124,numerical,1,1,1.0,112
D3,normal,advanced,D3-Q125,numerical,1,1,1.0,112
D3,normal,advanced,D3-Q126,numerical,1,1,1.0,112
D3,normal,advanced,D3-Q127,numerical,1,1,1.0,112
D3,normal,advanced,D3-Q128,exact_fact,1,1,1.0,112
D3,normal,advanced,D3-Q129,numerical,1,1,1.0,112
D3,normal,advanced,D3-Q130,numerical,1,1,1.0,112
D3,normal,advanced,D3-Q131,procedural,1,1,1.0,112
D3,normal,advanced,D3-Q132,conditional_exception,2,2,1.0,112
D3,normal,advanced,D3-Q133,conditional_exception,2,2,1.0,112
D3,normal,advanced,D3-Q134,negation,1,1,1.0,112
D3,normal,advanced,D3-Q135,numerical,1,1,1.0,112
D3,normal,advanced,D3-Q136,numerical,1,1,1.0,112
D3,normal,advanced,D3-Q137,exact_fact,1,1,1.0,112
D3,normal,advanced,D3-Q138,procedural,1,1,1.0,112
D3,normal,advanced,D3-Q139,list_membership,4,4,1.0,112
D3,normal,advanced,D3-Q140,negation,1,1,1.0,112
D3,normal,advanced,D3-Q141,exact_fact,1,1,1.0,112
D3,normal,advanced,D3-Q142,conditional_exception,1,1,1.0,112
D3,normal,advanced,D3-Q143,exact_fact,1,1,1.0,112
D3,normal,advanced,D3-Q144,negation,2,2,1.0,112
D3,normal,advanced,D3-Q145,conditional_exception,1,1,1.0,112
D3,normal,advanced,D3-Q146,conditional_exception,1,1,1.0,112
D3,normal,advanced,D3-Q147,conditional_exception,1,1,1.0,112
D3,normal,advanced,D3-Q148,exact_fact,1,1,1.0,112
D3,normal,advanced,D3-Q149,temporal,1,1,1.0,112
D3,normal,advanced,D3-Q150,exact_fact,1,1,1.0,112
D3,normal,advanced,D3-Q151,conditional_exception,1,1,1.0,112
D3,normal,advanced,D3-Q152,exact_fact,1,1,1.0,112
D3,normal,advanced,D3-Q153,exact_fact,1,1,1.0,112
D3,normal,advanced,D3-Q154,list_membership,2,2,1.0,112
D3,normal,advanced,D3-Q155,negation,1,1,1.0,112
D3,normal,advanced,D3-Q156,conditional_exception,1,1,1.0,112
D3,normal,advanced,D3-Q157,exact_fact,1,1,1.0,112
D3,normal,advanced,D3-Q158,exact_fact,1,1,1.0,112
D3,normal,advanced,D3-Q159,procedural,1,1,1.0,112
D3,normal,advanced,D3-Q160,temporal,1,1,1.0,112
D3,normal,advanced,D3-Q161,exact_fact,1,1,1.0,112
D3,normal,advanced,D3-Q162,exact_fact,1,1,1.0,112
D3,normal,advanced,D3-Q163,list_membership,1,1,1.0,112
D3,normal,advanced,D3-Q164,exact_fact,1,1,1.0,112
D3,normal,advanced,D3-Q165,negation,3,3,1.0,112
D3,normal,advanced,D3-Q166,list_membership,1,1,1.0,112
D3,normal,advanced,D3-Q167,exact_fact,1,1,1.0,112
D3,normal,advanced,D3-Q168,exact_fact,1,1,1.0,112
D3,normal,advanced,D3-Q169,conditional_exception,1,1,1.0,112
D3,normal,advanced,D3-Q170,conditional_exception,1,1,1.0,112
D3,normal,advanced,D3-Q171,conditional_exception,1,1,1.0,112
D3,normal,advanced,D3-Q172,conditional_exception,1,1,1.0,112
D3,normal,advanced,D3-Q173,procedural,1,1,1.0,112
D3,normal,advanced,D3-Q174,conditional_exception,1,1,1.0,112
D3,normal,advanced,D3-Q175,conditional_exception,1,1,1.0,112
D3,normal,advanced,D3-Q176,procedural,1,1,1.0,112
D3,normal,advanced,D3-Q177,exact_fact,1,1,1.0,112
D3,normal,advanced,D3-Q178,procedural,1,1,1.0,112
D3,normal,advanced,D3-Q179,negation,1,1,1.0,112
D3,normal,advanced,D3-Q180,conditional_exception,1,1,1.0,112
D3,normal,advanced,D3-Q181,numerical,1,1,1.0,112
D3,normal,advanced,D3-Q182,temporal,1,1,1.0,112
D3,normal,advanced,D3-Q183,list_membership,3,3,1.0,112
D3,normal,advanced,D3-Q184,numerical,1,1,1.0,112
D3,normal,advanced,D3-Q185,numerical,1,1,1.0,112
D3,normal,advanced,D3-Q186,negation,1,1,1.0,112
D3,normal,advanced,D3-Q187,procedural,1,1,1.0,112
D3,normal,advanced,D3-Q188,conditional_exception,1,1,1.0,112
D3,normal,advanced,D3-Q189,exact_fact,1,1,1.0,112
D3,normal,advanced,D3-Q190,conditional_exception,1,1,1.0,112
D3,normal,advanced,D3-Q191,list_membership,1,1,1.0,112
D3,normal,advanced,D3-Q192,numerical,1,1,1.0,112
D3,normal,advanced,D3-Q193,conditional_exception,1,1,1.0,112
D3,normal,advanced,D3-Q194,numerical,1,1,1.0,112
D3,normal,advanced,D3-Q195,exact_fact,1,1,1.0,112
D3,normal,advanced,D3-Q196,exact_fact,1,1,1.0,112
D3,normal,advanced,D3-Q197,conditional_exception,1,1,1.0,112
D3,normal,advanced,D3-Q198,numerical,1,1,1.0,112
D3,normal,advanced,D3-Q199,numerical,1,1,1.0,112
D3,normal,advanced,D3-Q200,negation,1,1,1.0,112
D3,context_aware,basic,D3-Q001,exact_fact,1,1,1.0,113
D3,context_aware,basic,D3-Q002,exact_fact,1,1,1.0,113
D3,context_aware,basic,D3-Q003,negation,1,1,1.0,113
D3,context_aware,basic,D3-Q004,conditional_exception,2,2,1.0,113
D3,context_aware,basic,D3-Q005,negative_query,1,1,1.0,113
D3,context_aware,basic,D3-Q006,exact_fact,1,1,1.0,113
D3,context_aware,basic,D3-Q007,exact_fact,1,1,1.0,113
D3,context_aware,basic,D3-Q008,exact_fact,1,1,1.0,113
D3,context_aware,basic,D3-Q009,exact_fact,1,1,1.0,113
D3,context_aware,basic,D3-Q010,exact_fact,1,1,1.0,113
D3,context_aware,basic,D3-Q011,exact_fact,1,1,1.0,113
D3,context_aware,basic,D3-Q012,list_membership,2,2,1.0,113
D3,context_aware,basic,D3-Q013,exact_fact,3,3,1.0,113
D3,context_aware,basic,D3-Q014,exact_fact,1,1,1.0,113
D3,context_aware,basic,D3-Q015,exact_fact,1,1,1.0,113
D3,context_aware,basic,D3-Q016,exact_fact,1,1,1.0,113
D3,context_aware,basic,D3-Q017,exact_fact,1,1,1.0,113
D3,context_aware,basic,D3-Q018,exact_fact,1,1,1.0,113
D3,context_aware,basic,D3-Q019,exact_fact,1,1,1.0,113
D3,context_aware,basic,D3-Q020,exact_fact,1,1,1.0,113
D3,context_aware,basic,D3-Q021,exact_fact,1,1,1.0,113
D3,context_aware,basic,D3-Q022,exact_fact,1,1,1.0,113
D3,context_aware,basic,D3-Q023,exact_fact,1,1,1.0,113
D3,context_aware,basic,D3-Q024,exact_fact,1,1,1.0,113
D3,context_aware,basic,D3-Q025,exact_fact,2,2,1.0,113
D3,context_aware,basic,D3-Q026,exact_fact,1,1,1.0,113
D3,context_aware,basic,D3-Q027,exact_fact,3,3,1.0,113
D3,context_aware,basic,D3-Q028,exact_fact,1,1,1.0,113
D3,context_aware,basic,D3-Q029,exact_fact,3,3,1.0,113
D3,context_aware,basic,D3-Q030,exact_fact,1,1,1.0,113
D3,context_aware,basic,D3-Q031,exact_fact,1,1,1.0,113
D3,context_aware,basic,D3-Q032,exact_fact,1,1,1.0,113
D3,context_aware,basic,D3-Q033,exact_fact,1,1,1.0,113
D3,context_aware,basic,D3-Q034,exact_fact,1,1,1.0,113
D3,context_aware,basic,D3-Q035,exact_fact,1,1,1.0,113
D3,context_aware,basic,D3-Q036,exact_fact,1,1,1.0,113
D3,context_aware,basic,D3-Q037,exact_fact,1,1,1.0,113
D3,context_aware,basic,D3-Q038,exact_fact,1,1,1.0,113
D3,context_aware,basic,D3-Q039,list_membership,5,5,1.0,113
D3,context_aware,basic,D3-Q040,negation,1,1,1.0,113
D3,context_aware,basic,D3-Q041,exact_fact,1,1,1.0,113
D3,context_aware,basic,D3-Q042,conditional_exception,3,3,1.0,113
D3,context_aware,basic,D3-Q043,list_membership,1,1,1.0,113
D3,context_aware,basic,D3-Q044,temporal,1,1,1.0,113
D3,context_aware,basic,D3-Q045,negation,1,1,1.0,113
D3,context_aware,basic,D3-Q046,exact_fact,1,1,1.0,113
D3,context_aware,basic,D3-Q047,numerical,1,1,1.0,113
D3,context_aware,basic,D3-Q048,conditional_exception,1,1,1.0,113
D3,context_aware,basic,D3-Q049,numerical,1,1,1.0,113
D3,context_aware,basic,D3-Q050,procedural,1,1,1.0,113
D3,context_aware,basic,D3-Q051,temporal,1,1,1.0,113
D3,context_aware,basic,D3-Q052,conditional_exception,1,1,1.0,113
D3,context_aware,basic,D3-Q053,procedural,2,2,1.0,113
D3,context_aware,basic,D3-Q054,conditional_exception,1,1,1.0,113
D3,context_aware,basic,D3-Q055,exact_fact,1,1,1.0,113
D3,context_aware,basic,D3-Q056,exact_fact,1,1,1.0,113
D3,context_aware,basic,D3-Q057,exact_fact,2,2,1.0,113
D3,context_aware,basic,D3-Q058,conditional_exception,1,1,1.0,113
D3,context_aware,basic,D3-Q059,exact_fact,1,1,1.0,113
D3,context_aware,basic,D3-Q060,negation,1,1,1.0,113
D3,context_aware,basic,D3-Q061,exact_fact,1,1,1.0,113
D3,context_aware,basic,D3-Q062,exact_fact,1,1,1.0,113
D3,context_aware,basic,D3-Q063,procedural,1,1,1.0,113
D3,context_aware,basic,D3-Q064,conditional_exception,1,1,1.0,113
D3,context_aware,basic,D3-Q065,procedural,1,1,1.0,113
D3,context_aware,basic,D3-Q066,conditional_exception,1,1,1.0,113
D3,context_aware,basic,D3-Q067,exact_fact,1,1,1.0,113
D3,context_aware,basic,D3-Q068,conditional_exception,1,1,1.0,113
D3,context_aware,basic,D3-Q069,negation,1,1,1.0,113
D3,context_aware,basic,D3-Q070,procedural,1,1,1.0,113
D3,context_aware,basic,D3-Q071,exact_fact,1,1,1.0,113
D3,context_aware,basic,D3-Q072,procedural,1,1,1.0,113
D3,context_aware,basic,D3-Q073,list_membership,3,3,1.0,113
D3,context_aware,basic,D3-Q074,exact_fact,1,1,1.0,113
D3,context_aware,basic,D3-Q075,exact_fact,1,1,1.0,113
D3,context_aware,basic,D3-Q076,list_membership,1,1,1.0,113
D3,context_aware,basic,D3-Q077,procedural,2,2,1.0,113
D3,context_aware,basic,D3-Q078,numerical,1,1,1.0,113
D3,context_aware,basic,D3-Q079,procedural,2,2,1.0,113
D3,context_aware,basic,D3-Q080,conditional_exception,9,9,1.0,113
D3,context_aware,basic,D3-Q081,exact_fact,1,1,1.0,113
D3,context_aware,basic,D3-Q082,negative_query,1,1,1.0,113
D3,context_aware,basic,D3-Q083,exact_fact,1,1,1.0,113
D3,context_aware,basic,D3-Q084,exact_fact,1,1,1.0,113
D3,context_aware,basic,D3-Q085,list_membership,7,6,0.8571428571428571,113
D3,context_aware,basic,D3-Q086,negation,1,1,1.0,113
D3,context_aware,basic,D3-Q087,conditional_exception,1,1,1.0,113
D3,context_aware,basic,D3-Q088,exact_fact,1,1,1.0,113
D3,context_aware,basic,D3-Q089,exact_fact,1,1,1.0,113
D3,context_aware,basic,D3-Q090,procedural,1,1,1.0,113
D3,context_aware,basic,D3-Q091,list_membership,6,6,1.0,113
D3,context_aware,basic,D3-Q092,conditional_exception,1,1,1.0,113
D3,context_aware,basic,D3-Q093,exact_fact,1,1,1.0,113
D3,context_aware,basic,D3-Q094,procedural,1,1,1.0,113
D3,context_aware,basic,D3-Q095,negation,2,2,1.0,113
D3,context_aware,basic,D3-Q096,numerical,1,1,1.0,113
D3,context_aware,basic,D3-Q097,numerical,1,1,1.0,113
D3,context_aware,basic,D3-Q098,negation,1,1,1.0,113
D3,context_aware,basic,D3-Q099,exact_fact,1,1,1.0,113
D3,context_aware,basic,D3-Q100,exact_fact,1,1,1.0,113
D3,context_aware,basic,D3-Q101,conditional_exception,1,1,1.0,113
D3,context_aware,basic,D3-Q102,exact_fact,1,1,1.0,113
D3,context_aware,basic,D3-Q103,exact_fact,1,1,1.0,113
D3,context_aware,basic,D3-Q104,temporal,1,1,1.0,113
D3,context_aware,basic,D3-Q105,exact_fact,1,1,1.0,113
D3,context_aware,basic,D3-Q106,numerical,1,1,1.0,113
D3,context_aware,basic,D3-Q107,conditional_exception,1,1,1.0,113
D3,context_aware,basic,D3-Q108,conditional_exception,1,1,1.0,113
D3,context_aware,basic,D3-Q109,conditional_exception,1,1,1.0,113
D3,context_aware,basic,D3-Q110,exact_fact,1,1,1.0,113
D3,context_aware,basic,D3-Q111,procedural,1,1,1.0,113
D3,context_aware,basic,D3-Q112,conditional_exception,1,1,1.0,113
D3,context_aware,basic,D3-Q113,conditional_exception,1,1,1.0,113
D3,context_aware,basic,D3-Q114,negation,1,1,1.0,113
D3,context_aware,basic,D3-Q115,numerical,1,1,1.0,113
D3,context_aware,basic,D3-Q116,exact_fact,1,1,1.0,113
D3,context_aware,basic,D3-Q117,numerical,4,4,1.0,113
D3,context_aware,basic,D3-Q118,numerical,1,1,1.0,113
D3,context_aware,basic,D3-Q119,negation,1,1,1.0,113
D3,context_aware,basic,D3-Q120,numerical,1,1,1.0,113
D3,context_aware,basic,D3-Q121,numerical,1,1,1.0,113
D3,context_aware,basic,D3-Q122,numerical,1,1,1.0,113
D3,context_aware,basic,D3-Q123,numerical,1,1,1.0,113
D3,context_aware,basic,D3-Q124,numerical,1,1,1.0,113
D3,context_aware,basic,D3-Q125,numerical,1,1,1.0,113
D3,context_aware,basic,D3-Q126,numerical,1,1,1.0,113
D3,context_aware,basic,D3-Q127,numerical,1,1,1.0,113
D3,context_aware,basic,D3-Q128,exact_fact,1,1,1.0,113
D3,context_aware,basic,D3-Q129,numerical,1,0,0.0,113
D3,context_aware,basic,D3-Q130,numerical,1,1,1.0,113
D3,context_aware,basic,D3-Q131,procedural,1,1,1.0,113
D3,context_aware,basic,D3-Q132,conditional_exception,2,2,1.0,113
D3,context_aware,basic,D3-Q133,conditional_exception,2,2,1.0,113
D3,context_aware,basic,D3-Q134,negation,1,1,1.0,113
D3,context_aware,basic,D3-Q135,numerical,1,1,1.0,113
D3,context_aware,basic,D3-Q136,numerical,1,1,1.0,113
D3,context_aware,basic,D3-Q137,exact_fact,1,1,1.0,113
D3,context_aware,basic,D3-Q138,procedural,1,1,1.0,113
D3,context_aware,basic,D3-Q139,list_membership,4,4,1.0,113
D3,context_aware,basic,D3-Q140,negation,1,1,1.0,113
D3,context_aware,basic,D3-Q141,exact_fact,1,1,1.0,113
D3,context_aware,basic,D3-Q142,conditional_exception,1,1,1.0,113
D3,context_aware,basic,D3-Q143,exact_fact,1,1,1.0,113
D3,context_aware,basic,D3-Q144,negation,2,2,1.0,113
D3,context_aware,basic,D3-Q145,conditional_exception,1,1,1.0,113
D3,context_aware,basic,D3-Q146,conditional_exception,1,1,1.0,113
D3,context_aware,basic,D3-Q147,conditional_exception,1,1,1.0,113
D3,context_aware,basic,D3-Q148,exact_fact,1,1,1.0,113
D3,context_aware,basic,D3-Q149,temporal,1,1,1.0,113
D3,context_aware,basic,D3-Q150,exact_fact,1,1,1.0,113
D3,context_aware,basic,D3-Q151,conditional_exception,1,1,1.0,113
D3,context_aware,basic,D3-Q152,exact_fact,1,1,1.0,113
D3,context_aware,basic,D3-Q153,exact_fact,1,1,1.0,113
D3,context_aware,basic,D3-Q154,list_membership,2,2,1.0,113
D3,context_aware,basic,D3-Q155,negation,1,1,1.0,113
D3,context_aware,basic,D3-Q156,conditional_exception,1,1,1.0,113
D3,context_aware,basic,D3-Q157,exact_fact,1,1,1.0,113
D3,context_aware,basic,D3-Q158,exact_fact,1,1,1.0,113
D3,context_aware,basic,D3-Q159,procedural,1,1,1.0,113
D3,context_aware,basic,D3-Q160,temporal,1,1,1.0,113
D3,context_aware,basic,D3-Q161,exact_fact,1,1,1.0,113
D3,context_aware,basic,D3-Q162,exact_fact,1,1,1.0,113
D3,context_aware,basic,D3-Q163,list_membership,1,1,1.0,113
D3,context_aware,basic,D3-Q164,exact_fact,1,1,1.0,113
D3,context_aware,basic,D3-Q165,negation,3,3,1.0,113
D3,context_aware,basic,D3-Q166,list_membership,1,1,1.0,113
D3,context_aware,basic,D3-Q167,exact_fact,1,1,1.0,113
D3,context_aware,basic,D3-Q168,exact_fact,1,1,1.0,113
D3,context_aware,basic,D3-Q169,conditional_exception,1,1,1.0,113
D3,context_aware,basic,D3-Q170,conditional_exception,1,1,1.0,113
D3,context_aware,basic,D3-Q171,conditional_exception,1,1,1.0,113
D3,context_aware,basic,D3-Q172,conditional_exception,1,1,1.0,113
D3,context_aware,basic,D3-Q173,procedural,1,1,1.0,113
D3,context_aware,basic,D3-Q174,conditional_exception,1,1,1.0,113
D3,context_aware,basic,D3-Q175,conditional_exception,1,1,1.0,113
D3,context_aware,basic,D3-Q176,procedural,1,1,1.0,113
D3,context_aware,basic,D3-Q177,exact_fact,1,1,1.0,113
D3,context_aware,basic,D3-Q178,procedural,1,1,1.0,113
D3,context_aware,basic,D3-Q179,negation,1,1,1.0,113
D3,context_aware,basic,D3-Q180,conditional_exception,1,1,1.0,113
D3,context_aware,basic,D3-Q181,numerical,1,1,1.0,113
D3,context_aware,basic,D3-Q182,temporal,1,1,1.0,113
D3,context_aware,basic,D3-Q183,list_membership,3,3,1.0,113
D3,context_aware,basic,D3-Q184,numerical,1,1,1.0,113
D3,context_aware,basic,D3-Q185,numerical,1,1,1.0,113
D3,context_aware,basic,D3-Q186,negation,1,1,1.0,113
D3,context_aware,basic,D3-Q187,procedural,1,1,1.0,113
D3,context_aware,basic,D3-Q188,conditional_exception,1,1,1.0,113
D3,context_aware,basic,D3-Q189,exact_fact,1,1,1.0,113
D3,context_aware,basic,D3-Q190,conditional_exception,1,1,1.0,113
D3,context_aware,basic,D3-Q191,list_membership,1,1,1.0,113
D3,context_aware,basic,D3-Q192,numerical,1,1,1.0,113
D3,context_aware,basic,D3-Q193,conditional_exception,1,1,1.0,113
D3,context_aware,basic,D3-Q194,numerical,1,1,1.0,113
D3,context_aware,basic,D3-Q195,exact_fact,1,1,1.0,113
D3,context_aware,basic,D3-Q196,exact_fact,1,1,1.0,113
D3,context_aware,basic,D3-Q197,conditional_exception,1,1,1.0,113
D3,context_aware,basic,D3-Q198,numerical,1,1,1.0,113
D3,context_aware,basic,D3-Q199,numerical,1,1,1.0,113
D3,context_aware,basic,D3-Q200,negation,1,1,1.0,113
D3,context_aware,medium,D3-Q001,exact_fact,1,1,1.0,362
D3,context_aware,medium,D3-Q002,exact_fact,1,1,1.0,362
D3,context_aware,medium,D3-Q003,negation,1,1,1.0,362
D3,context_aware,medium,D3-Q004,conditional_exception,2,2,1.0,362
D3,context_aware,medium,D3-Q005,negative_query,1,1,1.0,362
D3,context_aware,medium,D3-Q006,exact_fact,1,1,1.0,362
D3,context_aware,medium,D3-Q007,exact_fact,1,1,1.0,362
D3,context_aware,medium,D3-Q008,exact_fact,1,1,1.0,362
D3,context_aware,medium,D3-Q009,exact_fact,1,1,1.0,362
D3,context_aware,medium,D3-Q010,exact_fact,1,1,1.0,362
D3,context_aware,medium,D3-Q011,exact_fact,1,1,1.0,362
D3,context_aware,medium,D3-Q012,list_membership,2,2,1.0,362
D3,context_aware,medium,D3-Q013,exact_fact,3,3,1.0,362
D3,context_aware,medium,D3-Q014,exact_fact,1,1,1.0,362
D3,context_aware,medium,D3-Q015,exact_fact,1,1,1.0,362
D3,context_aware,medium,D3-Q016,exact_fact,1,1,1.0,362
D3,context_aware,medium,D3-Q017,exact_fact,1,1,1.0,362
D3,context_aware,medium,D3-Q018,exact_fact,1,1,1.0,362
D3,context_aware,medium,D3-Q019,exact_fact,1,0,0.0,362
D3,context_aware,medium,D3-Q020,exact_fact,1,1,1.0,362
D3,context_aware,medium,D3-Q021,exact_fact,1,1,1.0,362
D3,context_aware,medium,D3-Q022,exact_fact,1,1,1.0,362
D3,context_aware,medium,D3-Q023,exact_fact,1,1,1.0,362
D3,context_aware,medium,D3-Q024,exact_fact,1,1,1.0,362
D3,context_aware,medium,D3-Q025,exact_fact,2,2,1.0,362
D3,context_aware,medium,D3-Q026,exact_fact,1,1,1.0,362
D3,context_aware,medium,D3-Q027,exact_fact,3,3,1.0,362
D3,context_aware,medium,D3-Q028,exact_fact,1,1,1.0,362
D3,context_aware,medium,D3-Q029,exact_fact,3,3,1.0,362
D3,context_aware,medium,D3-Q030,exact_fact,1,1,1.0,362
D3,context_aware,medium,D3-Q031,exact_fact,1,1,1.0,362
D3,context_aware,medium,D3-Q032,exact_fact,1,1,1.0,362
D3,context_aware,medium,D3-Q033,exact_fact,1,1,1.0,362
D3,context_aware,medium,D3-Q034,exact_fact,1,1,1.0,362
D3,context_aware,medium,D3-Q035,exact_fact,1,1,1.0,362
D3,context_aware,medium,D3-Q036,exact_fact,1,1,1.0,362
D3,context_aware,medium,D3-Q037,exact_fact,1,1,1.0,362
D3,context_aware,medium,D3-Q038,exact_fact,1,1,1.0,362
D3,context_aware,medium,D3-Q039,list_membership,5,5,1.0,362
D3,context_aware,medium,D3-Q040,negation,1,1,1.0,362
D3,context_aware,medium,D3-Q041,exact_fact,1,1,1.0,362
D3,context_aware,medium,D3-Q042,conditional_exception,3,3,1.0,362
D3,context_aware,medium,D3-Q043,list_membership,1,1,1.0,362
D3,context_aware,medium,D3-Q044,temporal,1,1,1.0,362
D3,context_aware,medium,D3-Q045,negation,1,1,1.0,362
D3,context_aware,medium,D3-Q046,exact_fact,1,1,1.0,362
D3,context_aware,medium,D3-Q047,numerical,1,1,1.0,362
D3,context_aware,medium,D3-Q048,conditional_exception,1,1,1.0,362
D3,context_aware,medium,D3-Q049,numerical,1,1,1.0,362
D3,context_aware,medium,D3-Q050,procedural,1,1,1.0,362
D3,context_aware,medium,D3-Q051,temporal,1,1,1.0,362
D3,context_aware,medium,D3-Q052,conditional_exception,1,1,1.0,362
D3,context_aware,medium,D3-Q053,procedural,2,2,1.0,362
D3,context_aware,medium,D3-Q054,conditional_exception,1,1,1.0,362
D3,context_aware,medium,D3-Q055,exact_fact,1,1,1.0,362
D3,context_aware,medium,D3-Q056,exact_fact,1,1,1.0,362
D3,context_aware,medium,D3-Q057,exact_fact,2,2,1.0,362
D3,context_aware,medium,D3-Q058,conditional_exception,1,1,1.0,362
D3,context_aware,medium,D3-Q059,exact_fact,1,1,1.0,362
D3,context_aware,medium,D3-Q060,negation,1,1,1.0,362
D3,context_aware,medium,D3-Q061,exact_fact,1,1,1.0,362
D3,context_aware,medium,D3-Q062,exact_fact,1,1,1.0,362
D3,context_aware,medium,D3-Q063,procedural,1,1,1.0,362
D3,context_aware,medium,D3-Q064,conditional_exception,1,1,1.0,362
D3,context_aware,medium,D3-Q065,procedural,1,1,1.0,362
D3,context_aware,medium,D3-Q066,conditional_exception,1,1,1.0,362
D3,context_aware,medium,D3-Q067,exact_fact,1,1,1.0,362
D3,context_aware,medium,D3-Q068,conditional_exception,1,1,1.0,362
D3,context_aware,medium,D3-Q069,negation,1,1,1.0,362
D3,context_aware,medium,D3-Q070,procedural,1,1,1.0,362
D3,context_aware,medium,D3-Q071,exact_fact,1,1,1.0,362
D3,context_aware,medium,D3-Q072,procedural,1,1,1.0,362
D3,context_aware,medium,D3-Q073,list_membership,3,3,1.0,362
D3,context_aware,medium,D3-Q074,exact_fact,1,1,1.0,362
D3,context_aware,medium,D3-Q075,exact_fact,1,1,1.0,362
D3,context_aware,medium,D3-Q076,list_membership,1,1,1.0,362
D3,context_aware,medium,D3-Q077,procedural,2,2,1.0,362
D3,context_aware,medium,D3-Q078,numerical,1,1,1.0,362
D3,context_aware,medium,D3-Q079,procedural,2,2,1.0,362
D3,context_aware,medium,D3-Q080,conditional_exception,9,9,1.0,362
D3,context_aware,medium,D3-Q081,exact_fact,1,1,1.0,362
D3,context_aware,medium,D3-Q082,negative_query,1,1,1.0,362
D3,context_aware,medium,D3-Q083,exact_fact,1,1,1.0,362
D3,context_aware,medium,D3-Q084,exact_fact,1,1,1.0,362
D3,context_aware,medium,D3-Q085,list_membership,7,7,1.0,362
D3,context_aware,medium,D3-Q086,negation,1,1,1.0,362
D3,context_aware,medium,D3-Q087,conditional_exception,1,1,1.0,362
D3,context_aware,medium,D3-Q088,exact_fact,1,1,1.0,362
D3,context_aware,medium,D3-Q089,exact_fact,1,1,1.0,362
D3,context_aware,medium,D3-Q090,procedural,1,1,1.0,362
D3,context_aware,medium,D3-Q091,list_membership,6,6,1.0,362
D3,context_aware,medium,D3-Q092,conditional_exception,1,1,1.0,362
D3,context_aware,medium,D3-Q093,exact_fact,1,1,1.0,362
D3,context_aware,medium,D3-Q094,procedural,1,1,1.0,362
D3,context_aware,medium,D3-Q095,negation,2,2,1.0,362
D3,context_aware,medium,D3-Q096,numerical,1,1,1.0,362
D3,context_aware,medium,D3-Q097,numerical,1,1,1.0,362
D3,context_aware,medium,D3-Q098,negation,1,1,1.0,362
D3,context_aware,medium,D3-Q099,exact_fact,1,1,1.0,362
D3,context_aware,medium,D3-Q100,exact_fact,1,1,1.0,362
D3,context_aware,medium,D3-Q101,conditional_exception,1,1,1.0,362
D3,context_aware,medium,D3-Q102,exact_fact,1,1,1.0,362
D3,context_aware,medium,D3-Q103,exact_fact,1,1,1.0,362
D3,context_aware,medium,D3-Q104,temporal,1,1,1.0,362
D3,context_aware,medium,D3-Q105,exact_fact,1,1,1.0,362
D3,context_aware,medium,D3-Q106,numerical,1,1,1.0,362
D3,context_aware,medium,D3-Q107,conditional_exception,1,1,1.0,362
D3,context_aware,medium,D3-Q108,conditional_exception,1,1,1.0,362
D3,context_aware,medium,D3-Q109,conditional_exception,1,1,1.0,362
D3,context_aware,medium,D3-Q110,exact_fact,1,1,1.0,362
D3,context_aware,medium,D3-Q111,procedural,1,1,1.0,362
D3,context_aware,medium,D3-Q112,conditional_exception,1,1,1.0,362
D3,context_aware,medium,D3-Q113,conditional_exception,1,1,1.0,362
D3,context_aware,medium,D3-Q114,negation,1,1,1.0,362
D3,context_aware,medium,D3-Q115,numerical,1,1,1.0,362
D3,context_aware,medium,D3-Q116,exact_fact,1,1,1.0,362
D3,context_aware,medium,D3-Q117,numerical,4,4,1.0,362
D3,context_aware,medium,D3-Q118,numerical,1,1,1.0,362
D3,context_aware,medium,D3-Q119,negation,1,1,1.0,362
D3,context_aware,medium,D3-Q120,numerical,1,1,1.0,362
D3,context_aware,medium,D3-Q121,numerical,1,1,1.0,362
D3,context_aware,medium,D3-Q122,numerical,1,1,1.0,362
D3,context_aware,medium,D3-Q123,numerical,1,1,1.0,362
D3,context_aware,medium,D3-Q124,numerical,1,1,1.0,362
D3,context_aware,medium,D3-Q125,numerical,1,1,1.0,362
D3,context_aware,medium,D3-Q126,numerical,1,1,1.0,362
D3,context_aware,medium,D3-Q127,numerical,1,1,1.0,362
D3,context_aware,medium,D3-Q128,exact_fact,1,1,1.0,362
D3,context_aware,medium,D3-Q129,numerical,1,1,1.0,362
D3,context_aware,medium,D3-Q130,numerical,1,1,1.0,362
D3,context_aware,medium,D3-Q131,procedural,1,1,1.0,362
D3,context_aware,medium,D3-Q132,conditional_exception,2,2,1.0,362
D3,context_aware,medium,D3-Q133,conditional_exception,2,2,1.0,362
D3,context_aware,medium,D3-Q134,negation,1,1,1.0,362
D3,context_aware,medium,D3-Q135,numerical,1,1,1.0,362
D3,context_aware,medium,D3-Q136,numerical,1,1,1.0,362
D3,context_aware,medium,D3-Q137,exact_fact,1,1,1.0,362
D3,context_aware,medium,D3-Q138,procedural,1,1,1.0,362
D3,context_aware,medium,D3-Q139,list_membership,4,4,1.0,362
D3,context_aware,medium,D3-Q140,negation,1,1,1.0,362
D3,context_aware,medium,D3-Q141,exact_fact,1,1,1.0,362
D3,context_aware,medium,D3-Q142,conditional_exception,1,1,1.0,362
D3,context_aware,medium,D3-Q143,exact_fact,1,1,1.0,362
D3,context_aware,medium,D3-Q144,negation,2,2,1.0,362
D3,context_aware,medium,D3-Q145,conditional_exception,1,1,1.0,362
D3,context_aware,medium,D3-Q146,conditional_exception,1,1,1.0,362
D3,context_aware,medium,D3-Q147,conditional_exception,1,1,1.0,362
D3,context_aware,medium,D3-Q148,exact_fact,1,1,1.0,362
D3,context_aware,medium,D3-Q149,temporal,1,1,1.0,362
D3,context_aware,medium,D3-Q150,exact_fact,1,1,1.0,362
D3,context_aware,medium,D3-Q151,conditional_exception,1,1,1.0,362
D3,context_aware,medium,D3-Q152,exact_fact,1,1,1.0,362
D3,context_aware,medium,D3-Q153,exact_fact,1,1,1.0,362
D3,context_aware,medium,D3-Q154,list_membership,2,1,0.5,362
D3,context_aware,medium,D3-Q155,negation,1,1,1.0,362
D3,context_aware,medium,D3-Q156,conditional_exception,1,1,1.0,362
D3,context_aware,medium,D3-Q157,exact_fact,1,1,1.0,362
D3,context_aware,medium,D3-Q158,exact_fact,1,1,1.0,362
D3,context_aware,medium,D3-Q159,procedural,1,1,1.0,362
D3,context_aware,medium,D3-Q160,temporal,1,1,1.0,362
D3,context_aware,medium,D3-Q161,exact_fact,1,1,1.0,362
D3,context_aware,medium,D3-Q162,exact_fact,1,1,1.0,362
D3,context_aware,medium,D3-Q163,list_membership,1,1,1.0,362
D3,context_aware,medium,D3-Q164,exact_fact,1,1,1.0,362
D3,context_aware,medium,D3-Q165,negation,3,3,1.0,362
D3,context_aware,medium,D3-Q166,list_membership,1,1,1.0,362
D3,context_aware,medium,D3-Q167,exact_fact,1,1,1.0,362
D3,context_aware,medium,D3-Q168,exact_fact,1,1,1.0,362
D3,context_aware,medium,D3-Q169,conditional_exception,1,1,1.0,362
D3,context_aware,medium,D3-Q170,conditional_exception,1,1,1.0,362
D3,context_aware,medium,D3-Q171,conditional_exception,1,1,1.0,362
D3,context_aware,medium,D3-Q172,conditional_exception,1,1,1.0,362
D3,context_aware,medium,D3-Q173,procedural,1,1,1.0,362
D3,context_aware,medium,D3-Q174,conditional_exception,1,1,1.0,362
D3,context_aware,medium,D3-Q175,conditional_exception,1,1,1.0,362
D3,context_aware,medium,D3-Q176,procedural,1,1,1.0,362
D3,context_aware,medium,D3-Q177,exact_fact,1,1,1.0,362
D3,context_aware,medium,D3-Q178,procedural,1,1,1.0,362
D3,context_aware,medium,D3-Q179,negation,1,1,1.0,362
D3,context_aware,medium,D3-Q180,conditional_exception,1,1,1.0,362
D3,context_aware,medium,D3-Q181,numerical,1,1,1.0,362
D3,context_aware,medium,D3-Q182,temporal,1,1,1.0,362
D3,context_aware,medium,D3-Q183,list_membership,3,3,1.0,362
D3,context_aware,medium,D3-Q184,numerical,1,1,1.0,362
D3,context_aware,medium,D3-Q185,numerical,1,1,1.0,362
D3,context_aware,medium,D3-Q186,negation,1,1,1.0,362
D3,context_aware,medium,D3-Q187,procedural,1,1,1.0,362
D3,context_aware,medium,D3-Q188,conditional_exception,1,1,1.0,362
D3,context_aware,medium,D3-Q189,exact_fact,1,1,1.0,362
D3,context_aware,medium,D3-Q190,conditional_exception,1,1,1.0,362
D3,context_aware,medium,D3-Q191,list_membership,1,1,1.0,362
D3,context_aware,medium,D3-Q192,numerical,1,1,1.0,362
D3,context_aware,medium,D3-Q193,conditional_exception,1,1,1.0,362
D3,context_aware,medium,D3-Q194,numerical,1,1,1.0,362
D3,context_aware,medium,D3-Q195,exact_fact,1,1,1.0,362
D3,context_aware,medium,D3-Q196,exact_fact,1,1,1.0,362
D3,context_aware,medium,D3-Q197,conditional_exception,1,1,1.0,362
D3,context_aware,medium,D3-Q198,numerical,1,1,1.0,362
D3,context_aware,medium,D3-Q199,numerical,1,1,1.0,362
D3,context_aware,medium,D3-Q200,negation,1,1,1.0,362
D3,context_aware,advanced,D3-Q001,exact_fact,1,1,1.0,299
D3,context_aware,advanced,D3-Q002,exact_fact,1,1,1.0,299
D3,context_aware,advanced,D3-Q003,negation,1,1,1.0,299
D3,context_aware,advanced,D3-Q004,conditional_exception,2,2,1.0,299
D3,context_aware,advanced,D3-Q005,negative_query,1,1,1.0,299
D3,context_aware,advanced,D3-Q006,exact_fact,1,1,1.0,299
D3,context_aware,advanced,D3-Q007,exact_fact,1,1,1.0,299
D3,context_aware,advanced,D3-Q008,exact_fact,1,1,1.0,299
D3,context_aware,advanced,D3-Q009,exact_fact,1,1,1.0,299
D3,context_aware,advanced,D3-Q010,exact_fact,1,1,1.0,299
D3,context_aware,advanced,D3-Q011,exact_fact,1,1,1.0,299
D3,context_aware,advanced,D3-Q012,list_membership,2,2,1.0,299
D3,context_aware,advanced,D3-Q013,exact_fact,3,3,1.0,299
D3,context_aware,advanced,D3-Q014,exact_fact,1,1,1.0,299
D3,context_aware,advanced,D3-Q015,exact_fact,1,1,1.0,299
D3,context_aware,advanced,D3-Q016,exact_fact,1,1,1.0,299
D3,context_aware,advanced,D3-Q017,exact_fact,1,1,1.0,299
D3,context_aware,advanced,D3-Q018,exact_fact,1,1,1.0,299
D3,context_aware,advanced,D3-Q019,exact_fact,1,0,0.0,299
D3,context_aware,advanced,D3-Q020,exact_fact,1,0,0.0,299
D3,context_aware,advanced,D3-Q021,exact_fact,1,1,1.0,299
D3,context_aware,advanced,D3-Q022,exact_fact,1,1,1.0,299
D3,context_aware,advanced,D3-Q023,exact_fact,1,1,1.0,299
D3,context_aware,advanced,D3-Q024,exact_fact,1,1,1.0,299
D3,context_aware,advanced,D3-Q025,exact_fact,2,2,1.0,299
D3,context_aware,advanced,D3-Q026,exact_fact,1,1,1.0,299
D3,context_aware,advanced,D3-Q027,exact_fact,3,3,1.0,299
D3,context_aware,advanced,D3-Q028,exact_fact,1,1,1.0,299
D3,context_aware,advanced,D3-Q029,exact_fact,3,3,1.0,299
D3,context_aware,advanced,D3-Q030,exact_fact,1,1,1.0,299
D3,context_aware,advanced,D3-Q031,exact_fact,1,1,1.0,299
D3,context_aware,advanced,D3-Q032,exact_fact,1,1,1.0,299
D3,context_aware,advanced,D3-Q033,exact_fact,1,1,1.0,299
D3,context_aware,advanced,D3-Q034,exact_fact,1,1,1.0,299
D3,context_aware,advanced,D3-Q035,exact_fact,1,1,1.0,299
D3,context_aware,advanced,D3-Q036,exact_fact,1,1,1.0,299
D3,context_aware,advanced,D3-Q037,exact_fact,1,1,1.0,299
D3,context_aware,advanced,D3-Q038,exact_fact,1,1,1.0,299
D3,context_aware,advanced,D3-Q039,list_membership,5,5,1.0,299
D3,context_aware,advanced,D3-Q040,negation,1,1,1.0,299
D3,context_aware,advanced,D3-Q041,exact_fact,1,1,1.0,299
D3,context_aware,advanced,D3-Q042,conditional_exception,3,3,1.0,299
D3,context_aware,advanced,D3-Q043,list_membership,1,1,1.0,299
D3,context_aware,advanced,D3-Q044,temporal,1,1,1.0,299
D3,context_aware,advanced,D3-Q045,negation,1,1,1.0,299
D3,context_aware,advanced,D3-Q046,exact_fact,1,1,1.0,299
D3,context_aware,advanced,D3-Q047,numerical,1,1,1.0,299
D3,context_aware,advanced,D3-Q048,conditional_exception,1,1,1.0,299
D3,context_aware,advanced,D3-Q049,numerical,1,1,1.0,299
D3,context_aware,advanced,D3-Q050,procedural,1,1,1.0,299
D3,context_aware,advanced,D3-Q051,temporal,1,1,1.0,299
D3,context_aware,advanced,D3-Q052,conditional_exception,1,1,1.0,299
D3,context_aware,advanced,D3-Q053,procedural,2,2,1.0,299
D3,context_aware,advanced,D3-Q054,conditional_exception,1,1,1.0,299
D3,context_aware,advanced,D3-Q055,exact_fact,1,1,1.0,299
D3,context_aware,advanced,D3-Q056,exact_fact,1,1,1.0,299
D3,context_aware,advanced,D3-Q057,exact_fact,2,2,1.0,299
D3,context_aware,advanced,D3-Q058,conditional_exception,1,1,1.0,299
D3,context_aware,advanced,D3-Q059,exact_fact,1,1,1.0,299
D3,context_aware,advanced,D3-Q060,negation,1,1,1.0,299
D3,context_aware,advanced,D3-Q061,exact_fact,1,1,1.0,299
D3,context_aware,advanced,D3-Q062,exact_fact,1,1,1.0,299
D3,context_aware,advanced,D3-Q063,procedural,1,1,1.0,299
D3,context_aware,advanced,D3-Q064,conditional_exception,1,1,1.0,299
D3,context_aware,advanced,D3-Q065,procedural,1,1,1.0,299
D3,context_aware,advanced,D3-Q066,conditional_exception,1,0,0.0,299
D3,context_aware,advanced,D3-Q067,exact_fact,1,1,1.0,299
D3,context_aware,advanced,D3-Q068,conditional_exception,1,1,1.0,299
D3,context_aware,advanced,D3-Q069,negation,1,1,1.0,299
D3,context_aware,advanced,D3-Q070,procedural,1,1,1.0,299
D3,context_aware,advanced,D3-Q071,exact_fact,1,1,1.0,299
D3,context_aware,advanced,D3-Q072,procedural,1,1,1.0,299
D3,context_aware,advanced,D3-Q073,list_membership,3,3,1.0,299
D3,context_aware,advanced,D3-Q074,exact_fact,1,1,1.0,299
D3,context_aware,advanced,D3-Q075,exact_fact,1,1,1.0,299
D3,context_aware,advanced,D3-Q076,list_membership,1,1,1.0,299
D3,context_aware,advanced,D3-Q077,procedural,2,2,1.0,299
D3,context_aware,advanced,D3-Q078,numerical,1,1,1.0,299
D3,context_aware,advanced,D3-Q079,procedural,2,2,1.0,299
D3,context_aware,advanced,D3-Q080,conditional_exception,9,9,1.0,299
D3,context_aware,advanced,D3-Q081,exact_fact,1,1,1.0,299
D3,context_aware,advanced,D3-Q082,negative_query,1,1,1.0,299
D3,context_aware,advanced,D3-Q083,exact_fact,1,1,1.0,299
D3,context_aware,advanced,D3-Q084,exact_fact,1,1,1.0,299
D3,context_aware,advanced,D3-Q085,list_membership,7,7,1.0,299
D3,context_aware,advanced,D3-Q086,negation,1,1,1.0,299
D3,context_aware,advanced,D3-Q087,conditional_exception,1,1,1.0,299
D3,context_aware,advanced,D3-Q088,exact_fact,1,1,1.0,299
D3,context_aware,advanced,D3-Q089,exact_fact,1,1,1.0,299
D3,context_aware,advanced,D3-Q090,procedural,1,1,1.0,299
D3,context_aware,advanced,D3-Q091,list_membership,6,6,1.0,299
D3,context_aware,advanced,D3-Q092,conditional_exception,1,1,1.0,299
D3,context_aware,advanced,D3-Q093,exact_fact,1,1,1.0,299
D3,context_aware,advanced,D3-Q094,procedural,1,1,1.0,299
D3,context_aware,advanced,D3-Q095,negation,2,2,1.0,299
D3,context_aware,advanced,D3-Q096,numerical,1,1,1.0,299
D3,context_aware,advanced,D3-Q097,numerical,1,1,1.0,299
D3,context_aware,advanced,D3-Q098,negation,1,1,1.0,299
D3,context_aware,advanced,D3-Q099,exact_fact,1,1,1.0,299
D3,context_aware,advanced,D3-Q100,exact_fact,1,1,1.0,299
D3,context_aware,advanced,D3-Q101,conditional_exception,1,1,1.0,299
D3,context_aware,advanced,D3-Q102,exact_fact,1,1,1.0,299
D3,context_aware,advanced,D3-Q103,exact_fact,1,1,1.0,299
D3,context_aware,advanced,D3-Q104,temporal,1,1,1.0,299
D3,context_aware,advanced,D3-Q105,exact_fact,1,1,1.0,299
D3,context_aware,advanced,D3-Q106,numerical,1,1,1.0,299
D3,context_aware,advanced,D3-Q107,conditional_exception,1,1,1.0,299
D3,context_aware,advanced,D3-Q108,conditional_exception,1,1,1.0,299
D3,context_aware,advanced,D3-Q109,conditional_exception,1,1,1.0,299
D3,context_aware,advanced,D3-Q110,exact_fact,1,1,1.0,299
D3,context_aware,advanced,D3-Q111,procedural,1,1,1.0,299
D3,context_aware,advanced,D3-Q112,conditional_exception,1,1,1.0,299
D3,context_aware,advanced,D3-Q113,conditional_exception,1,1,1.0,299
D3,context_aware,advanced,D3-Q114,negation,1,1,1.0,299
D3,context_aware,advanced,D3-Q115,numerical,1,1,1.0,299
D3,context_aware,advanced,D3-Q116,exact_fact,1,1,1.0,299
D3,context_aware,advanced,D3-Q117,numerical,4,4,1.0,299
D3,context_aware,advanced,D3-Q118,numerical,1,1,1.0,299
D3,context_aware,advanced,D3-Q119,negation,1,1,1.0,299
D3,context_aware,advanced,D3-Q120,numerical,1,1,1.0,299
D3,context_aware,advanced,D3-Q121,numerical,1,1,1.0,299
D3,context_aware,advanced,D3-Q122,numerical,1,1,1.0,299
D3,context_aware,advanced,D3-Q123,numerical,1,1,1.0,299
D3,context_aware,advanced,D3-Q124,numerical,1,1,1.0,299
D3,context_aware,advanced,D3-Q125,numerical,1,1,1.0,299
D3,context_aware,advanced,D3-Q126,numerical,1,1,1.0,299
D3,context_aware,advanced,D3-Q127,numerical,1,1,1.0,299
D3,context_aware,advanced,D3-Q128,exact_fact,1,1,1.0,299
D3,context_aware,advanced,D3-Q129,numerical,1,1,1.0,299
D3,context_aware,advanced,D3-Q130,numerical,1,1,1.0,299
D3,context_aware,advanced,D3-Q131,procedural,1,1,1.0,299
D3,context_aware,advanced,D3-Q132,conditional_exception,2,2,1.0,299
D3,context_aware,advanced,D3-Q133,conditional_exception,2,2,1.0,299
D3,context_aware,advanced,D3-Q134,negation,1,1,1.0,299
D3,context_aware,advanced,D3-Q135,numerical,1,1,1.0,299
D3,context_aware,advanced,D3-Q136,numerical,1,1,1.0,299
D3,context_aware,advanced,D3-Q137,exact_fact,1,1,1.0,299
D3,context_aware,advanced,D3-Q138,procedural,1,1,1.0,299
D3,context_aware,advanced,D3-Q139,list_membership,4,4,1.0,299
D3,context_aware,advanced,D3-Q140,negation,1,1,1.0,299
D3,context_aware,advanced,D3-Q141,exact_fact,1,1,1.0,299
D3,context_aware,advanced,D3-Q142,conditional_exception,1,1,1.0,299
D3,context_aware,advanced,D3-Q143,exact_fact,1,1,1.0,299
D3,context_aware,advanced,D3-Q144,negation,2,2,1.0,299
D3,context_aware,advanced,D3-Q145,conditional_exception,1,1,1.0,299
D3,context_aware,advanced,D3-Q146,conditional_exception,1,1,1.0,299
D3,context_aware,advanced,D3-Q147,conditional_exception,1,1,1.0,299
D3,context_aware,advanced,D3-Q148,exact_fact,1,1,1.0,299
D3,context_aware,advanced,D3-Q149,temporal,1,1,1.0,299
D3,context_aware,advanced,D3-Q150,exact_fact,1,1,1.0,299
D3,context_aware,advanced,D3-Q151,conditional_exception,1,1,1.0,299
D3,context_aware,advanced,D3-Q152,exact_fact,1,1,1.0,299
D3,context_aware,advanced,D3-Q153,exact_fact,1,1,1.0,299
D3,context_aware,advanced,D3-Q154,list_membership,2,2,1.0,299
D3,context_aware,advanced,D3-Q155,negation,1,1,1.0,299
D3,context_aware,advanced,D3-Q156,conditional_exception,1,1,1.0,299
D3,context_aware,advanced,D3-Q157,exact_fact,1,1,1.0,299
D3,context_aware,advanced,D3-Q158,exact_fact,1,1,1.0,299
D3,context_aware,advanced,D3-Q159,procedural,1,1,1.0,299
D3,context_aware,advanced,D3-Q160,temporal,1,1,1.0,299
D3,context_aware,advanced,D3-Q161,exact_fact,1,1,1.0,299
D3,context_aware,advanced,D3-Q162,exact_fact,1,1,1.0,299
D3,context_aware,advanced,D3-Q163,list_membership,1,1,1.0,299
D3,context_aware,advanced,D3-Q164,exact_fact,1,1,1.0,299
D3,context_aware,advanced,D3-Q165,negation,3,3,1.0,299
D3,context_aware,advanced,D3-Q166,list_membership,1,1,1.0,299
D3,context_aware,advanced,D3-Q167,exact_fact,1,1,1.0,299
D3,context_aware,advanced,D3-Q168,exact_fact,1,1,1.0,299
D3,context_aware,advanced,D3-Q169,conditional_exception,1,1,1.0,299
D3,context_aware,advanced,D3-Q170,conditional_exception,1,1,1.0,299
D3,context_aware,advanced,D3-Q171,conditional_exception,1,1,1.0,299
D3,context_aware,advanced,D3-Q172,conditional_exception,1,1,1.0,299
D3,context_aware,advanced,D3-Q173,procedural,1,0,0.0,299
D3,context_aware,advanced,D3-Q174,conditional_exception,1,1,1.0,299
D3,context_aware,advanced,D3-Q175,conditional_exception,1,1,1.0,299
D3,context_aware,advanced,D3-Q176,procedural,1,1,1.0,299
D3,context_aware,advanced,D3-Q177,exact_fact,1,1,1.0,299
D3,context_aware,advanced,D3-Q178,procedural,1,1,1.0,299
D3,context_aware,advanced,D3-Q179,negation,1,1,1.0,299
D3,context_aware,advanced,D3-Q180,conditional_exception,1,1,1.0,299
D3,context_aware,advanced,D3-Q181,numerical,1,1,1.0,299
D3,context_aware,advanced,D3-Q182,temporal,1,1,1.0,299
D3,context_aware,advanced,D3-Q183,list_membership,3,3,1.0,299
D3,context_aware,advanced,D3-Q184,numerical,1,1,1.0,299
D3,context_aware,advanced,D3-Q185,numerical,1,1,1.0,299
D3,context_aware,advanced,D3-Q186,negation,1,1,1.0,299
D3,context_aware,advanced,D3-Q187,procedural,1,1,1.0,299
D3,context_aware,advanced,D3-Q188,conditional_exception,1,1,1.0,299
D3,context_aware,advanced,D3-Q189,exact_fact,1,1,1.0,299
D3,context_aware,advanced,D3-Q190,conditional_exception,1,1,1.0,299
D3,context_aware,advanced,D3-Q191,list_membership,1,1,1.0,299
D3,context_aware,advanced,D3-Q192,numerical,1,1,1.0,299
D3,context_aware,advanced,D3-Q193,conditional_exception,1,1,1.0,299
D3,context_aware,advanced,D3-Q194,numerical,1,1,1.0,299
D3,context_aware,advanced,D3-Q195,exact_fact,1,1,1.0,299
D3,context_aware,advanced,D3-Q196,exact_fact,1,1,1.0,299
D3,context_aware,advanced,D3-Q197,conditional_exception,1,1,1.0,299
D3,context_aware,advanced,D3-Q198,numerical,1,1,1.0,299
D3,context_aware,advanced,D3-Q199,numerical,1,1,1.0,299
D3,context_aware,advanced,D3-Q200,negation,1,1,1.0,299
D3,docling,basic,D3-Q001,exact_fact,1,1,1.0,94
D3,docling,basic,D3-Q002,exact_fact,1,1,1.0,94
D3,docling,basic,D3-Q003,negation,1,1,1.0,94
D3,docling,basic,D3-Q004,conditional_exception,2,2,1.0,94
D3,docling,basic,D3-Q005,negative_query,1,1,1.0,94
D3,docling,basic,D3-Q006,exact_fact,1,1,1.0,94
D3,docling,basic,D3-Q007,exact_fact,1,1,1.0,94
D3,docling,basic,D3-Q008,exact_fact,1,1,1.0,94
D3,docling,basic,D3-Q009,exact_fact,1,1,1.0,94
D3,docling,basic,D3-Q010,exact_fact,1,1,1.0,94
D3,docling,basic,D3-Q011,exact_fact,1,1,1.0,94
D3,docling,basic,D3-Q012,list_membership,2,2,1.0,94
D3,docling,basic,D3-Q013,exact_fact,3,3,1.0,94
D3,docling,basic,D3-Q014,exact_fact,1,1,1.0,94
D3,docling,basic,D3-Q015,exact_fact,1,1,1.0,94
D3,docling,basic,D3-Q016,exact_fact,1,1,1.0,94
D3,docling,basic,D3-Q017,exact_fact,1,1,1.0,94
D3,docling,basic,D3-Q018,exact_fact,1,1,1.0,94
D3,docling,basic,D3-Q019,exact_fact,1,1,1.0,94
D3,docling,basic,D3-Q020,exact_fact,1,1,1.0,94
D3,docling,basic,D3-Q021,exact_fact,1,1,1.0,94
D3,docling,basic,D3-Q022,exact_fact,1,1,1.0,94
D3,docling,basic,D3-Q023,exact_fact,1,1,1.0,94
D3,docling,basic,D3-Q024,exact_fact,1,1,1.0,94
D3,docling,basic,D3-Q025,exact_fact,2,2,1.0,94
D3,docling,basic,D3-Q026,exact_fact,1,1,1.0,94
D3,docling,basic,D3-Q027,exact_fact,3,3,1.0,94
D3,docling,basic,D3-Q028,exact_fact,1,1,1.0,94
D3,docling,basic,D3-Q029,exact_fact,3,3,1.0,94
D3,docling,basic,D3-Q030,exact_fact,1,1,1.0,94
D3,docling,basic,D3-Q031,exact_fact,1,1,1.0,94
D3,docling,basic,D3-Q032,exact_fact,1,1,1.0,94
D3,docling,basic,D3-Q033,exact_fact,1,1,1.0,94
D3,docling,basic,D3-Q034,exact_fact,1,1,1.0,94
D3,docling,basic,D3-Q035,exact_fact,1,1,1.0,94
D3,docling,basic,D3-Q036,exact_fact,1,1,1.0,94
D3,docling,basic,D3-Q037,exact_fact,1,1,1.0,94
D3,docling,basic,D3-Q038,exact_fact,1,1,1.0,94
D3,docling,basic,D3-Q039,list_membership,5,5,1.0,94
D3,docling,basic,D3-Q040,negation,1,1,1.0,94
D3,docling,basic,D3-Q041,exact_fact,1,1,1.0,94
D3,docling,basic,D3-Q042,conditional_exception,3,3,1.0,94
D3,docling,basic,D3-Q043,list_membership,1,1,1.0,94
D3,docling,basic,D3-Q044,temporal,1,1,1.0,94
D3,docling,basic,D3-Q045,negation,1,1,1.0,94
D3,docling,basic,D3-Q046,exact_fact,1,1,1.0,94
D3,docling,basic,D3-Q047,numerical,1,1,1.0,94
D3,docling,basic,D3-Q048,conditional_exception,1,1,1.0,94
D3,docling,basic,D3-Q049,numerical,1,1,1.0,94
D3,docling,basic,D3-Q050,procedural,1,1,1.0,94
D3,docling,basic,D3-Q051,temporal,1,1,1.0,94
D3,docling,basic,D3-Q052,conditional_exception,1,1,1.0,94
D3,docling,basic,D3-Q053,procedural,2,2,1.0,94
D3,docling,basic,D3-Q054,conditional_exception,1,1,1.0,94
D3,docling,basic,D3-Q055,exact_fact,1,1,1.0,94
D3,docling,basic,D3-Q056,exact_fact,1,1,1.0,94
D3,docling,basic,D3-Q057,exact_fact,2,2,1.0,94
D3,docling,basic,D3-Q058,conditional_exception,1,1,1.0,94
D3,docling,basic,D3-Q059,exact_fact,1,1,1.0,94
D3,docling,basic,D3-Q060,negation,1,1,1.0,94
D3,docling,basic,D3-Q061,exact_fact,1,1,1.0,94
D3,docling,basic,D3-Q062,exact_fact,1,1,1.0,94
D3,docling,basic,D3-Q063,procedural,1,1,1.0,94
D3,docling,basic,D3-Q064,conditional_exception,1,1,1.0,94
D3,docling,basic,D3-Q065,procedural,1,1,1.0,94
D3,docling,basic,D3-Q066,conditional_exception,1,1,1.0,94
D3,docling,basic,D3-Q067,exact_fact,1,1,1.0,94
D3,docling,basic,D3-Q068,conditional_exception,1,1,1.0,94
D3,docling,basic,D3-Q069,negation,1,1,1.0,94
D3,docling,basic,D3-Q070,procedural,1,1,1.0,94
D3,docling,basic,D3-Q071,exact_fact,1,1,1.0,94
D3,docling,basic,D3-Q072,procedural,1,1,1.0,94
D3,docling,basic,D3-Q073,list_membership,3,3,1.0,94
D3,docling,basic,D3-Q074,exact_fact,1,1,1.0,94
D3,docling,basic,D3-Q075,exact_fact,1,1,1.0,94
D3,docling,basic,D3-Q076,list_membership,1,1,1.0,94
D3,docling,basic,D3-Q077,procedural,2,2,1.0,94
D3,docling,basic,D3-Q078,numerical,1,1,1.0,94
D3,docling,basic,D3-Q079,procedural,2,1,0.5,94
D3,docling,basic,D3-Q080,conditional_exception,9,9,1.0,94
D3,docling,basic,D3-Q081,exact_fact,1,1,1.0,94
D3,docling,basic,D3-Q082,negative_query,1,1,1.0,94
D3,docling,basic,D3-Q083,exact_fact,1,1,1.0,94
D3,docling,basic,D3-Q084,exact_fact,1,1,1.0,94
D3,docling,basic,D3-Q085,list_membership,7,6,0.8571428571428571,94
D3,docling,basic,D3-Q086,negation,1,0,0.0,94
D3,docling,basic,D3-Q087,conditional_exception,1,1,1.0,94
D3,docling,basic,D3-Q088,exact_fact,1,1,1.0,94
D3,docling,basic,D3-Q089,exact_fact,1,1,1.0,94
D3,docling,basic,D3-Q090,procedural,1,1,1.0,94
D3,docling,basic,D3-Q091,list_membership,6,6,1.0,94
D3,docling,basic,D3-Q092,conditional_exception,1,1,1.0,94
D3,docling,basic,D3-Q093,exact_fact,1,1,1.0,94
D3,docling,basic,D3-Q094,procedural,1,1,1.0,94
D3,docling,basic,D3-Q095,negation,2,2,1.0,94
D3,docling,basic,D3-Q096,numerical,1,1,1.0,94
D3,docling,basic,D3-Q097,numerical,1,1,1.0,94
D3,docling,basic,D3-Q098,negation,1,1,1.0,94
D3,docling,basic,D3-Q099,exact_fact,1,1,1.0,94
D3,docling,basic,D3-Q100,exact_fact,1,1,1.0,94
D3,docling,basic,D3-Q101,conditional_exception,1,1,1.0,94
D3,docling,basic,D3-Q102,exact_fact,1,1,1.0,94
D3,docling,basic,D3-Q103,exact_fact,1,1,1.0,94
D3,docling,basic,D3-Q104,temporal,1,1,1.0,94
D3,docling,basic,D3-Q105,exact_fact,1,1,1.0,94
D3,docling,basic,D3-Q106,numerical,1,1,1.0,94
D3,docling,basic,D3-Q107,conditional_exception,1,1,1.0,94
D3,docling,basic,D3-Q108,conditional_exception,1,1,1.0,94
D3,docling,basic,D3-Q109,conditional_exception,1,1,1.0,94
D3,docling,basic,D3-Q110,exact_fact,1,1,1.0,94
D3,docling,basic,D3-Q111,procedural,1,1,1.0,94
D3,docling,basic,D3-Q112,conditional_exception,1,1,1.0,94
D3,docling,basic,D3-Q113,conditional_exception,1,1,1.0,94
D3,docling,basic,D3-Q114,negation,1,1,1.0,94
D3,docling,basic,D3-Q115,numerical,1,1,1.0,94
D3,docling,basic,D3-Q116,exact_fact,1,1,1.0,94
D3,docling,basic,D3-Q117,numerical,4,4,1.0,94
D3,docling,basic,D3-Q118,numerical,1,1,1.0,94
D3,docling,basic,D3-Q119,negation,1,1,1.0,94
D3,docling,basic,D3-Q120,numerical,1,1,1.0,94
D3,docling,basic,D3-Q121,numerical,1,1,1.0,94
D3,docling,basic,D3-Q122,numerical,1,1,1.0,94
D3,docling,basic,D3-Q123,numerical,1,1,1.0,94
D3,docling,basic,D3-Q124,numerical,1,1,1.0,94
D3,docling,basic,D3-Q125,numerical,1,1,1.0,94
D3,docling,basic,D3-Q126,numerical,1,1,1.0,94
D3,docling,basic,D3-Q127,numerical,1,1,1.0,94
D3,docling,basic,D3-Q128,exact_fact,1,1,1.0,94
D3,docling,basic,D3-Q129,numerical,1,1,1.0,94
D3,docling,basic,D3-Q130,numerical,1,1,1.0,94
D3,docling,basic,D3-Q131,procedural,1,1,1.0,94
D3,docling,basic,D3-Q132,conditional_exception,2,2,1.0,94
D3,docling,basic,D3-Q133,conditional_exception,2,2,1.0,94
D3,docling,basic,D3-Q134,negation,1,1,1.0,94
D3,docling,basic,D3-Q135,numerical,1,1,1.0,94
D3,docling,basic,D3-Q136,numerical,1,1,1.0,94
D3,docling,basic,D3-Q137,exact_fact,1,1,1.0,94
D3,docling,basic,D3-Q138,procedural,1,1,1.0,94
D3,docling,basic,D3-Q139,list_membership,4,4,1.0,94
D3,docling,basic,D3-Q140,negation,1,1,1.0,94
D3,docling,basic,D3-Q141,exact_fact,1,1,1.0,94
D3,docling,basic,D3-Q142,conditional_exception,1,1,1.0,94
D3,docling,basic,D3-Q143,exact_fact,1,1,1.0,94
D3,docling,basic,D3-Q144,negation,2,2,1.0,94
D3,docling,basic,D3-Q145,conditional_exception,1,1,1.0,94
D3,docling,basic,D3-Q146,conditional_exception,1,1,1.0,94
D3,docling,basic,D3-Q147,conditional_exception,1,1,1.0,94
D3,docling,basic,D3-Q148,exact_fact,1,1,1.0,94
D3,docling,basic,D3-Q149,temporal,1,1,1.0,94
D3,docling,basic,D3-Q150,exact_fact,1,1,1.0,94
D3,docling,basic,D3-Q151,conditional_exception,1,1,1.0,94
D3,docling,basic,D3-Q152,exact_fact,1,1,1.0,94
D3,docling,basic,D3-Q153,exact_fact,1,1,1.0,94
D3,docling,basic,D3-Q154,list_membership,2,1,0.5,94
D3,docling,basic,D3-Q155,negation,1,1,1.0,94
D3,docling,basic,D3-Q156,conditional_exception,1,1,1.0,94
D3,docling,basic,D3-Q157,exact_fact,1,1,1.0,94
D3,docling,basic,D3-Q158,exact_fact,1,1,1.0,94
D3,docling,basic,D3-Q159,procedural,1,1,1.0,94
D3,docling,basic,D3-Q160,temporal,1,1,1.0,94
D3,docling,basic,D3-Q161,exact_fact,1,1,1.0,94
D3,docling,basic,D3-Q162,exact_fact,1,1,1.0,94
D3,docling,basic,D3-Q163,list_membership,1,1,1.0,94
D3,docling,basic,D3-Q164,exact_fact,1,1,1.0,94
D3,docling,basic,D3-Q165,negation,3,3,1.0,94
D3,docling,basic,D3-Q166,list_membership,1,1,1.0,94
D3,docling,basic,D3-Q167,exact_fact,1,1,1.0,94
D3,docling,basic,D3-Q168,exact_fact,1,1,1.0,94
D3,docling,basic,D3-Q169,conditional_exception,1,1,1.0,94
D3,docling,basic,D3-Q170,conditional_exception,1,1,1.0,94
D3,docling,basic,D3-Q171,conditional_exception,1,1,1.0,94
D3,docling,basic,D3-Q172,conditional_exception,1,1,1.0,94
D3,docling,basic,D3-Q173,procedural,1,1,1.0,94
D3,docling,basic,D3-Q174,conditional_exception,1,1,1.0,94
D3,docling,basic,D3-Q175,conditional_exception,1,0,0.0,94
D3,docling,basic,D3-Q176,procedural,1,1,1.0,94
D3,docling,basic,D3-Q177,exact_fact,1,1,1.0,94
D3,docling,basic,D3-Q178,procedural,1,1,1.0,94
D3,docling,basic,D3-Q179,negation,1,1,1.0,94
D3,docling,basic,D3-Q180,conditional_exception,1,1,1.0,94
D3,docling,basic,D3-Q181,numerical,1,1,1.0,94
D3,docling,basic,D3-Q182,temporal,1,1,1.0,94
D3,docling,basic,D3-Q183,list_membership,3,3,1.0,94
D3,docling,basic,D3-Q184,numerical,1,1,1.0,94
D3,docling,basic,D3-Q185,numerical,1,1,1.0,94
D3,docling,basic,D3-Q186,negation,1,1,1.0,94
D3,docling,basic,D3-Q187,procedural,1,1,1.0,94
D3,docling,basic,D3-Q188,conditional_exception,1,1,1.0,94
D3,docling,basic,D3-Q189,exact_fact,1,1,1.0,94
D3,docling,basic,D3-Q190,conditional_exception,1,1,1.0,94
D3,docling,basic,D3-Q191,list_membership,1,1,1.0,94
D3,docling,basic,D3-Q192,numerical,1,1,1.0,94
D3,docling,basic,D3-Q193,conditional_exception,1,1,1.0,94
D3,docling,basic,D3-Q194,numerical,1,1,1.0,94
D3,docling,basic,D3-Q195,exact_fact,1,1,1.0,94
D3,docling,basic,D3-Q196,exact_fact,1,1,1.0,94
D3,docling,basic,D3-Q197,conditional_exception,1,1,1.0,94
D3,docling,basic,D3-Q198,numerical,1,1,1.0,94
D3,docling,basic,D3-Q199,numerical,1,1,1.0,94
D3,docling,basic,D3-Q200,negation,1,1,1.0,94
D3,docling,medium,D3-Q001,exact_fact,1,1,1.0,327
D3,docling,medium,D3-Q002,exact_fact,1,1,1.0,327
D3,docling,medium,D3-Q003,negation,1,1,1.0,327
D3,docling,medium,D3-Q004,conditional_exception,2,2,1.0,327
D3,docling,medium,D3-Q005,negative_query,1,1,1.0,327
D3,docling,medium,D3-Q006,exact_fact,1,1,1.0,327
D3,docling,medium,D3-Q007,exact_fact,1,1,1.0,327
D3,docling,medium,D3-Q008,exact_fact,1,1,1.0,327
D3,docling,medium,D3-Q009,exact_fact,1,1,1.0,327
D3,docling,medium,D3-Q010,exact_fact,1,1,1.0,327
D3,docling,medium,D3-Q011,exact_fact,1,1,1.0,327
D3,docling,medium,D3-Q012,list_membership,2,2,1.0,327
D3,docling,medium,D3-Q013,exact_fact,3,3,1.0,327
D3,docling,medium,D3-Q014,exact_fact,1,1,1.0,327
D3,docling,medium,D3-Q015,exact_fact,1,1,1.0,327
D3,docling,medium,D3-Q016,exact_fact,1,1,1.0,327
D3,docling,medium,D3-Q017,exact_fact,1,1,1.0,327
D3,docling,medium,D3-Q018,exact_fact,1,1,1.0,327
D3,docling,medium,D3-Q019,exact_fact,1,0,0.0,327
D3,docling,medium,D3-Q020,exact_fact,1,0,0.0,327
D3,docling,medium,D3-Q021,exact_fact,1,1,1.0,327
D3,docling,medium,D3-Q022,exact_fact,1,1,1.0,327
D3,docling,medium,D3-Q023,exact_fact,1,1,1.0,327
D3,docling,medium,D3-Q024,exact_fact,1,1,1.0,327
D3,docling,medium,D3-Q025,exact_fact,2,2,1.0,327
D3,docling,medium,D3-Q026,exact_fact,1,1,1.0,327
D3,docling,medium,D3-Q027,exact_fact,3,3,1.0,327
D3,docling,medium,D3-Q028,exact_fact,1,1,1.0,327
D3,docling,medium,D3-Q029,exact_fact,3,3,1.0,327
D3,docling,medium,D3-Q030,exact_fact,1,1,1.0,327
D3,docling,medium,D3-Q031,exact_fact,1,1,1.0,327
D3,docling,medium,D3-Q032,exact_fact,1,1,1.0,327
D3,docling,medium,D3-Q033,exact_fact,1,1,1.0,327
D3,docling,medium,D3-Q034,exact_fact,1,1,1.0,327
D3,docling,medium,D3-Q035,exact_fact,1,1,1.0,327
D3,docling,medium,D3-Q036,exact_fact,1,1,1.0,327
D3,docling,medium,D3-Q037,exact_fact,1,1,1.0,327
D3,docling,medium,D3-Q038,exact_fact,1,1,1.0,327
D3,docling,medium,D3-Q039,list_membership,5,5,1.0,327
D3,docling,medium,D3-Q040,negation,1,1,1.0,327
D3,docling,medium,D3-Q041,exact_fact,1,1,1.0,327
D3,docling,medium,D3-Q042,conditional_exception,3,3,1.0,327
D3,docling,medium,D3-Q043,list_membership,1,1,1.0,327
D3,docling,medium,D3-Q044,temporal,1,1,1.0,327
D3,docling,medium,D3-Q045,negation,1,1,1.0,327
D3,docling,medium,D3-Q046,exact_fact,1,1,1.0,327
D3,docling,medium,D3-Q047,numerical,1,1,1.0,327
D3,docling,medium,D3-Q048,conditional_exception,1,1,1.0,327
D3,docling,medium,D3-Q049,numerical,1,1,1.0,327
D3,docling,medium,D3-Q050,procedural,1,1,1.0,327
D3,docling,medium,D3-Q051,temporal,1,1,1.0,327
D3,docling,medium,D3-Q052,conditional_exception,1,1,1.0,327
D3,docling,medium,D3-Q053,procedural,2,2,1.0,327
D3,docling,medium,D3-Q054,conditional_exception,1,1,1.0,327
D3,docling,medium,D3-Q055,exact_fact,1,1,1.0,327
D3,docling,medium,D3-Q056,exact_fact,1,1,1.0,327
D3,docling,medium,D3-Q057,exact_fact,2,2,1.0,327
D3,docling,medium,D3-Q058,conditional_exception,1,1,1.0,327
D3,docling,medium,D3-Q059,exact_fact,1,1,1.0,327
D3,docling,medium,D3-Q060,negation,1,1,1.0,327
D3,docling,medium,D3-Q061,exact_fact,1,1,1.0,327
D3,docling,medium,D3-Q062,exact_fact,1,1,1.0,327
D3,docling,medium,D3-Q063,procedural,1,1,1.0,327
D3,docling,medium,D3-Q064,conditional_exception,1,1,1.0,327
D3,docling,medium,D3-Q065,procedural,1,1,1.0,327
D3,docling,medium,D3-Q066,conditional_exception,1,1,1.0,327
D3,docling,medium,D3-Q067,exact_fact,1,1,1.0,327
D3,docling,medium,D3-Q068,conditional_exception,1,1,1.0,327
D3,docling,medium,D3-Q069,negation,1,1,1.0,327
D3,docling,medium,D3-Q070,procedural,1,1,1.0,327
D3,docling,medium,D3-Q071,exact_fact,1,1,1.0,327
D3,docling,medium,D3-Q072,procedural,1,1,1.0,327
D3,docling,medium,D3-Q073,list_membership,3,3,1.0,327
D3,docling,medium,D3-Q074,exact_fact,1,1,1.0,327
D3,docling,medium,D3-Q075,exact_fact,1,1,1.0,327
D3,docling,medium,D3-Q076,list_membership,1,1,1.0,327
D3,docling,medium,D3-Q077,procedural,2,2,1.0,327
D3,docling,medium,D3-Q078,numerical,1,1,1.0,327
D3,docling,medium,D3-Q079,procedural,2,1,0.5,327
D3,docling,medium,D3-Q080,conditional_exception,9,9,1.0,327
D3,docling,medium,D3-Q081,exact_fact,1,1,1.0,327
D3,docling,medium,D3-Q082,negative_query,1,1,1.0,327
D3,docling,medium,D3-Q083,exact_fact,1,1,1.0,327
D3,docling,medium,D3-Q084,exact_fact,1,1,1.0,327
D3,docling,medium,D3-Q085,list_membership,7,6,0.8571428571428571,327
D3,docling,medium,D3-Q086,negation,1,1,1.0,327
D3,docling,medium,D3-Q087,conditional_exception,1,1,1.0,327
D3,docling,medium,D3-Q088,exact_fact,1,1,1.0,327
D3,docling,medium,D3-Q089,exact_fact,1,1,1.0,327
D3,docling,medium,D3-Q090,procedural,1,1,1.0,327
D3,docling,medium,D3-Q091,list_membership,6,6,1.0,327
D3,docling,medium,D3-Q092,conditional_exception,1,1,1.0,327
D3,docling,medium,D3-Q093,exact_fact,1,1,1.0,327
D3,docling,medium,D3-Q094,procedural,1,1,1.0,327
D3,docling,medium,D3-Q095,negation,2,2,1.0,327
D3,docling,medium,D3-Q096,numerical,1,1,1.0,327
D3,docling,medium,D3-Q097,numerical,1,1,1.0,327
D3,docling,medium,D3-Q098,negation,1,1,1.0,327
D3,docling,medium,D3-Q099,exact_fact,1,1,1.0,327
D3,docling,medium,D3-Q100,exact_fact,1,1,1.0,327
D3,docling,medium,D3-Q101,conditional_exception,1,1,1.0,327
D3,docling,medium,D3-Q102,exact_fact,1,1,1.0,327
D3,docling,medium,D3-Q103,exact_fact,1,1,1.0,327
D3,docling,medium,D3-Q104,temporal,1,1,1.0,327
D3,docling,medium,D3-Q105,exact_fact,1,1,1.0,327
D3,docling,medium,D3-Q106,numerical,1,1,1.0,327
D3,docling,medium,D3-Q107,conditional_exception,1,1,1.0,327
D3,docling,medium,D3-Q108,conditional_exception,1,1,1.0,327
D3,docling,medium,D3-Q109,conditional_exception,1,1,1.0,327
D3,docling,medium,D3-Q110,exact_fact,1,1,1.0,327
D3,docling,medium,D3-Q111,procedural,1,1,1.0,327
D3,docling,medium,D3-Q112,conditional_exception,1,1,1.0,327
D3,docling,medium,D3-Q113,conditional_exception,1,1,1.0,327
D3,docling,medium,D3-Q114,negation,1,1,1.0,327
D3,docling,medium,D3-Q115,numerical,1,1,1.0,327
D3,docling,medium,D3-Q116,exact_fact,1,1,1.0,327
D3,docling,medium,D3-Q117,numerical,4,4,1.0,327
D3,docling,medium,D3-Q118,numerical,1,1,1.0,327
D3,docling,medium,D3-Q119,negation,1,1,1.0,327
D3,docling,medium,D3-Q120,numerical,1,1,1.0,327
D3,docling,medium,D3-Q121,numerical,1,1,1.0,327
D3,docling,medium,D3-Q122,numerical,1,1,1.0,327
D3,docling,medium,D3-Q123,numerical,1,1,1.0,327
D3,docling,medium,D3-Q124,numerical,1,1,1.0,327
D3,docling,medium,D3-Q125,numerical,1,1,1.0,327
D3,docling,medium,D3-Q126,numerical,1,1,1.0,327
D3,docling,medium,D3-Q127,numerical,1,1,1.0,327
D3,docling,medium,D3-Q128,exact_fact,1,1,1.0,327
D3,docling,medium,D3-Q129,numerical,1,1,1.0,327
D3,docling,medium,D3-Q130,numerical,1,1,1.0,327
D3,docling,medium,D3-Q131,procedural,1,1,1.0,327
D3,docling,medium,D3-Q132,conditional_exception,2,2,1.0,327
D3,docling,medium,D3-Q133,conditional_exception,2,2,1.0,327
D3,docling,medium,D3-Q134,negation,1,1,1.0,327
D3,docling,medium,D3-Q135,numerical,1,1,1.0,327
D3,docling,medium,D3-Q136,numerical,1,1,1.0,327
D3,docling,medium,D3-Q137,exact_fact,1,1,1.0,327
D3,docling,medium,D3-Q138,procedural,1,1,1.0,327
D3,docling,medium,D3-Q139,list_membership,4,4,1.0,327
D3,docling,medium,D3-Q140,negation,1,1,1.0,327
D3,docling,medium,D3-Q141,exact_fact,1,1,1.0,327
D3,docling,medium,D3-Q142,conditional_exception,1,1,1.0,327
D3,docling,medium,D3-Q143,exact_fact,1,1,1.0,327
D3,docling,medium,D3-Q144,negation,2,2,1.0,327
D3,docling,medium,D3-Q145,conditional_exception,1,1,1.0,327
D3,docling,medium,D3-Q146,conditional_exception,1,1,1.0,327
D3,docling,medium,D3-Q147,conditional_exception,1,1,1.0,327
D3,docling,medium,D3-Q148,exact_fact,1,1,1.0,327
D3,docling,medium,D3-Q149,temporal,1,1,1.0,327
D3,docling,medium,D3-Q150,exact_fact,1,1,1.0,327
D3,docling,medium,D3-Q151,conditional_exception,1,1,1.0,327
D3,docling,medium,D3-Q152,exact_fact,1,1,1.0,327
D3,docling,medium,D3-Q153,exact_fact,1,1,1.0,327
D3,docling,medium,D3-Q154,list_membership,2,0,0.0,327
D3,docling,medium,D3-Q155,negation,1,1,1.0,327
D3,docling,medium,D3-Q156,conditional_exception,1,1,1.0,327
D3,docling,medium,D3-Q157,exact_fact,1,1,1.0,327
D3,docling,medium,D3-Q158,exact_fact,1,1,1.0,327
D3,docling,medium,D3-Q159,procedural,1,1,1.0,327
D3,docling,medium,D3-Q160,temporal,1,1,1.0,327
D3,docling,medium,D3-Q161,exact_fact,1,1,1.0,327
D3,docling,medium,D3-Q162,exact_fact,1,1,1.0,327
D3,docling,medium,D3-Q163,list_membership,1,1,1.0,327
D3,docling,medium,D3-Q164,exact_fact,1,1,1.0,327
D3,docling,medium,D3-Q165,negation,3,3,1.0,327
D3,docling,medium,D3-Q166,list_membership,1,1,1.0,327
D3,docling,medium,D3-Q167,exact_fact,1,1,1.0,327
D3,docling,medium,D3-Q168,exact_fact,1,1,1.0,327
D3,docling,medium,D3-Q169,conditional_exception,1,1,1.0,327
D3,docling,medium,D3-Q170,conditional_exception,1,1,1.0,327
D3,docling,medium,D3-Q171,conditional_exception,1,1,1.0,327
D3,docling,medium,D3-Q172,conditional_exception,1,1,1.0,327
D3,docling,medium,D3-Q173,procedural,1,1,1.0,327
D3,docling,medium,D3-Q174,conditional_exception,1,1,1.0,327
D3,docling,medium,D3-Q175,conditional_exception,1,1,1.0,327
D3,docling,medium,D3-Q176,procedural,1,1,1.0,327
D3,docling,medium,D3-Q177,exact_fact,1,1,1.0,327
D3,docling,medium,D3-Q178,procedural,1,1,1.0,327
D3,docling,medium,D3-Q179,negation,1,1,1.0,327
D3,docling,medium,D3-Q180,conditional_exception,1,1,1.0,327
D3,docling,medium,D3-Q181,numerical,1,1,1.0,327
D3,docling,medium,D3-Q182,temporal,1,1,1.0,327
D3,docling,medium,D3-Q183,list_membership,3,3,1.0,327
D3,docling,medium,D3-Q184,numerical,1,1,1.0,327
D3,docling,medium,D3-Q185,numerical,1,1,1.0,327
D3,docling,medium,D3-Q186,negation,1,1,1.0,327
D3,docling,medium,D3-Q187,procedural,1,1,1.0,327
D3,docling,medium,D3-Q188,conditional_exception,1,1,1.0,327
D3,docling,medium,D3-Q189,exact_fact,1,1,1.0,327
D3,docling,medium,D3-Q190,conditional_exception,1,1,1.0,327
D3,docling,medium,D3-Q191,list_membership,1,1,1.0,327
D3,docling,medium,D3-Q192,numerical,1,1,1.0,327
D3,docling,medium,D3-Q193,conditional_exception,1,1,1.0,327
D3,docling,medium,D3-Q194,numerical,1,1,1.0,327
D3,docling,medium,D3-Q195,exact_fact,1,1,1.0,327
D3,docling,medium,D3-Q196,exact_fact,1,1,1.0,327
D3,docling,medium,D3-Q197,conditional_exception,1,1,1.0,327
D3,docling,medium,D3-Q198,numerical,1,1,1.0,327
D3,docling,medium,D3-Q199,numerical,1,1,1.0,327
D3,docling,medium,D3-Q200,negation,1,1,1.0,327
D3,docling,advanced,D3-Q001,exact_fact,1,1,1.0,113
D3,docling,advanced,D3-Q002,exact_fact,1,1,1.0,113
D3,docling,advanced,D3-Q003,negation,1,1,1.0,113
D3,docling,advanced,D3-Q004,conditional_exception,2,2,1.0,113
D3,docling,advanced,D3-Q005,negative_query,1,1,1.0,113
D3,docling,advanced,D3-Q006,exact_fact,1,1,1.0,113
D3,docling,advanced,D3-Q007,exact_fact,1,1,1.0,113
D3,docling,advanced,D3-Q008,exact_fact,1,1,1.0,113
D3,docling,advanced,D3-Q009,exact_fact,1,1,1.0,113
D3,docling,advanced,D3-Q010,exact_fact,1,1,1.0,113
D3,docling,advanced,D3-Q011,exact_fact,1,1,1.0,113
D3,docling,advanced,D3-Q012,list_membership,2,2,1.0,113
D3,docling,advanced,D3-Q013,exact_fact,3,3,1.0,113
D3,docling,advanced,D3-Q014,exact_fact,1,1,1.0,113
D3,docling,advanced,D3-Q015,exact_fact,1,1,1.0,113
D3,docling,advanced,D3-Q016,exact_fact,1,1,1.0,113
D3,docling,advanced,D3-Q017,exact_fact,1,1,1.0,113
D3,docling,advanced,D3-Q018,exact_fact,1,1,1.0,113
D3,docling,advanced,D3-Q019,exact_fact,1,1,1.0,113
D3,docling,advanced,D3-Q020,exact_fact,1,1,1.0,113
D3,docling,advanced,D3-Q021,exact_fact,1,1,1.0,113
D3,docling,advanced,D3-Q022,exact_fact,1,1,1.0,113
D3,docling,advanced,D3-Q023,exact_fact,1,1,1.0,113
D3,docling,advanced,D3-Q024,exact_fact,1,1,1.0,113
D3,docling,advanced,D3-Q025,exact_fact,2,2,1.0,113
D3,docling,advanced,D3-Q026,exact_fact,1,1,1.0,113
D3,docling,advanced,D3-Q027,exact_fact,3,3,1.0,113
D3,docling,advanced,D3-Q028,exact_fact,1,1,1.0,113
D3,docling,advanced,D3-Q029,exact_fact,3,3,1.0,113
D3,docling,advanced,D3-Q030,exact_fact,1,1,1.0,113
D3,docling,advanced,D3-Q031,exact_fact,1,1,1.0,113
D3,docling,advanced,D3-Q032,exact_fact,1,1,1.0,113
D3,docling,advanced,D3-Q033,exact_fact,1,1,1.0,113
D3,docling,advanced,D3-Q034,exact_fact,1,1,1.0,113
D3,docling,advanced,D3-Q035,exact_fact,1,1,1.0,113
D3,docling,advanced,D3-Q036,exact_fact,1,1,1.0,113
D3,docling,advanced,D3-Q037,exact_fact,1,1,1.0,113
D3,docling,advanced,D3-Q038,exact_fact,1,1,1.0,113
D3,docling,advanced,D3-Q039,list_membership,5,5,1.0,113
D3,docling,advanced,D3-Q040,negation,1,1,1.0,113
D3,docling,advanced,D3-Q041,exact_fact,1,1,1.0,113
D3,docling,advanced,D3-Q042,conditional_exception,3,3,1.0,113
D3,docling,advanced,D3-Q043,list_membership,1,1,1.0,113
D3,docling,advanced,D3-Q044,temporal,1,1,1.0,113
D3,docling,advanced,D3-Q045,negation,1,1,1.0,113
D3,docling,advanced,D3-Q046,exact_fact,1,1,1.0,113
D3,docling,advanced,D3-Q047,numerical,1,1,1.0,113
D3,docling,advanced,D3-Q048,conditional_exception,1,1,1.0,113
D3,docling,advanced,D3-Q049,numerical,1,1,1.0,113
D3,docling,advanced,D3-Q050,procedural,1,1,1.0,113
D3,docling,advanced,D3-Q051,temporal,1,1,1.0,113
D3,docling,advanced,D3-Q052,conditional_exception,1,1,1.0,113
D3,docling,advanced,D3-Q053,procedural,2,2,1.0,113
D3,docling,advanced,D3-Q054,conditional_exception,1,1,1.0,113
D3,docling,advanced,D3-Q055,exact_fact,1,1,1.0,113
D3,docling,advanced,D3-Q056,exact_fact,1,1,1.0,113
D3,docling,advanced,D3-Q057,exact_fact,2,2,1.0,113
D3,docling,advanced,D3-Q058,conditional_exception,1,1,1.0,113
D3,docling,advanced,D3-Q059,exact_fact,1,1,1.0,113
D3,docling,advanced,D3-Q060,negation,1,1,1.0,113
D3,docling,advanced,D3-Q061,exact_fact,1,1,1.0,113
D3,docling,advanced,D3-Q062,exact_fact,1,1,1.0,113
D3,docling,advanced,D3-Q063,procedural,1,1,1.0,113
D3,docling,advanced,D3-Q064,conditional_exception,1,1,1.0,113
D3,docling,advanced,D3-Q065,procedural,1,1,1.0,113
D3,docling,advanced,D3-Q066,conditional_exception,1,1,1.0,113
D3,docling,advanced,D3-Q067,exact_fact,1,1,1.0,113
D3,docling,advanced,D3-Q068,conditional_exception,1,1,1.0,113
D3,docling,advanced,D3-Q069,negation,1,1,1.0,113
D3,docling,advanced,D3-Q070,procedural,1,1,1.0,113
D3,docling,advanced,D3-Q071,exact_fact,1,1,1.0,113
D3,docling,advanced,D3-Q072,procedural,1,1,1.0,113
D3,docling,advanced,D3-Q073,list_membership,3,3,1.0,113
D3,docling,advanced,D3-Q074,exact_fact,1,1,1.0,113
D3,docling,advanced,D3-Q075,exact_fact,1,1,1.0,113
D3,docling,advanced,D3-Q076,list_membership,1,1,1.0,113
D3,docling,advanced,D3-Q077,procedural,2,2,1.0,113
D3,docling,advanced,D3-Q078,numerical,1,1,1.0,113
D3,docling,advanced,D3-Q079,procedural,2,1,0.5,113
D3,docling,advanced,D3-Q080,conditional_exception,9,9,1.0,113
D3,docling,advanced,D3-Q081,exact_fact,1,1,1.0,113
D3,docling,advanced,D3-Q082,negative_query,1,1,1.0,113
D3,docling,advanced,D3-Q083,exact_fact,1,1,1.0,113
D3,docling,advanced,D3-Q084,exact_fact,1,1,1.0,113
D3,docling,advanced,D3-Q085,list_membership,7,6,0.8571428571428571,113
D3,docling,advanced,D3-Q086,negation,1,1,1.0,113
D3,docling,advanced,D3-Q087,conditional_exception,1,1,1.0,113
D3,docling,advanced,D3-Q088,exact_fact,1,1,1.0,113
D3,docling,advanced,D3-Q089,exact_fact,1,1,1.0,113
D3,docling,advanced,D3-Q090,procedural,1,1,1.0,113
D3,docling,advanced,D3-Q091,list_membership,6,6,1.0,113
D3,docling,advanced,D3-Q092,conditional_exception,1,1,1.0,113
D3,docling,advanced,D3-Q093,exact_fact,1,1,1.0,113
D3,docling,advanced,D3-Q094,procedural,1,1,1.0,113
D3,docling,advanced,D3-Q095,negation,2,2,1.0,113
D3,docling,advanced,D3-Q096,numerical,1,1,1.0,113
D3,docling,advanced,D3-Q097,numerical,1,1,1.0,113
D3,docling,advanced,D3-Q098,negation,1,1,1.0,113
D3,docling,advanced,D3-Q099,exact_fact,1,1,1.0,113
D3,docling,advanced,D3-Q100,exact_fact,1,1,1.0,113
D3,docling,advanced,D3-Q101,conditional_exception,1,1,1.0,113
D3,docling,advanced,D3-Q102,exact_fact,1,1,1.0,113
D3,docling,advanced,D3-Q103,exact_fact,1,1,1.0,113
D3,docling,advanced,D3-Q104,temporal,1,1,1.0,113
D3,docling,advanced,D3-Q105,exact_fact,1,1,1.0,113
D3,docling,advanced,D3-Q106,numerical,1,1,1.0,113
D3,docling,advanced,D3-Q107,conditional_exception,1,1,1.0,113
D3,docling,advanced,D3-Q108,conditional_exception,1,1,1.0,113
D3,docling,advanced,D3-Q109,conditional_exception,1,1,1.0,113
D3,docling,advanced,D3-Q110,exact_fact,1,1,1.0,113
D3,docling,advanced,D3-Q111,procedural,1,1,1.0,113
D3,docling,advanced,D3-Q112,conditional_exception,1,1,1.0,113
D3,docling,advanced,D3-Q113,conditional_exception,1,1,1.0,113
D3,docling,advanced,D3-Q114,negation,1,1,1.0,113
D3,docling,advanced,D3-Q115,numerical,1,1,1.0,113
D3,docling,advanced,D3-Q116,exact_fact,1,1,1.0,113
D3,docling,advanced,D3-Q117,numerical,4,4,1.0,113
D3,docling,advanced,D3-Q118,numerical,1,1,1.0,113
D3,docling,advanced,D3-Q119,negation,1,1,1.0,113
D3,docling,advanced,D3-Q120,numerical,1,1,1.0,113
D3,docling,advanced,D3-Q121,numerical,1,1,1.0,113
D3,docling,advanced,D3-Q122,numerical,1,1,1.0,113
D3,docling,advanced,D3-Q123,numerical,1,1,1.0,113
D3,docling,advanced,D3-Q124,numerical,1,1,1.0,113
D3,docling,advanced,D3-Q125,numerical,1,1,1.0,113
D3,docling,advanced,D3-Q126,numerical,1,1,1.0,113
D3,docling,advanced,D3-Q127,numerical,1,1,1.0,113
D3,docling,advanced,D3-Q128,exact_fact,1,1,1.0,113
D3,docling,advanced,D3-Q129,numerical,1,1,1.0,113
D3,docling,advanced,D3-Q130,numerical,1,1,1.0,113
D3,docling,advanced,D3-Q131,procedural,1,1,1.0,113
D3,docling,advanced,D3-Q132,conditional_exception,2,2,1.0,113
D3,docling,advanced,D3-Q133,conditional_exception,2,2,1.0,113
D3,docling,advanced,D3-Q134,negation,1,1,1.0,113
D3,docling,advanced,D3-Q135,numerical,1,1,1.0,113
D3,docling,advanced,D3-Q136,numerical,1,1,1.0,113
D3,docling,advanced,D3-Q137,exact_fact,1,1,1.0,113
D3,docling,advanced,D3-Q138,procedural,1,1,1.0,113
D3,docling,advanced,D3-Q139,list_membership,4,4,1.0,113
D3,docling,advanced,D3-Q140,negation,1,1,1.0,113
D3,docling,advanced,D3-Q141,exact_fact,1,1,1.0,113
D3,docling,advanced,D3-Q142,conditional_exception,1,1,1.0,113
D3,docling,advanced,D3-Q143,exact_fact,1,1,1.0,113
D3,docling,advanced,D3-Q144,negation,2,2,1.0,113
D3,docling,advanced,D3-Q145,conditional_exception,1,1,1.0,113
D3,docling,advanced,D3-Q146,conditional_exception,1,1,1.0,113
D3,docling,advanced,D3-Q147,conditional_exception,1,1,1.0,113
D3,docling,advanced,D3-Q148,exact_fact,1,1,1.0,113
D3,docling,advanced,D3-Q149,temporal,1,1,1.0,113
D3,docling,advanced,D3-Q150,exact_fact,1,1,1.0,113
D3,docling,advanced,D3-Q151,conditional_exception,1,1,1.0,113
D3,docling,advanced,D3-Q152,exact_fact,1,1,1.0,113
D3,docling,advanced,D3-Q153,exact_fact,1,1,1.0,113
D3,docling,advanced,D3-Q154,list_membership,2,1,0.5,113
D3,docling,advanced,D3-Q155,negation,1,1,1.0,113
D3,docling,advanced,D3-Q156,conditional_exception,1,1,1.0,113
D3,docling,advanced,D3-Q157,exact_fact,1,1,1.0,113
D3,docling,advanced,D3-Q158,exact_fact,1,1,1.0,113
D3,docling,advanced,D3-Q159,procedural,1,1,1.0,113
D3,docling,advanced,D3-Q160,temporal,1,1,1.0,113
D3,docling,advanced,D3-Q161,exact_fact,1,1,1.0,113
D3,docling,advanced,D3-Q162,exact_fact,1,1,1.0,113
D3,docling,advanced,D3-Q163,list_membership,1,1,1.0,113
D3,docling,advanced,D3-Q164,exact_fact,1,1,1.0,113
D3,docling,advanced,D3-Q165,negation,3,3,1.0,113
D3,docling,advanced,D3-Q166,list_membership,1,1,1.0,113
D3,docling,advanced,D3-Q167,exact_fact,1,1,1.0,113
D3,docling,advanced,D3-Q168,exact_fact,1,1,1.0,113
D3,docling,advanced,D3-Q169,conditional_exception,1,1,1.0,113
D3,docling,advanced,D3-Q170,conditional_exception,1,1,1.0,113
D3,docling,advanced,D3-Q171,conditional_exception,1,1,1.0,113
D3,docling,advanced,D3-Q172,conditional_exception,1,1,1.0,113
D3,docling,advanced,D3-Q173,procedural,1,1,1.0,113
D3,docling,advanced,D3-Q174,conditional_exception,1,1,1.0,113
D3,docling,advanced,D3-Q175,conditional_exception,1,1,1.0,113
D3,docling,advanced,D3-Q176,procedural,1,1,1.0,113
D3,docling,advanced,D3-Q177,exact_fact,1,1,1.0,113
D3,docling,advanced,D3-Q178,procedural,1,1,1.0,113
D3,docling,advanced,D3-Q179,negation,1,1,1.0,113
D3,docling,advanced,D3-Q180,conditional_exception,1,1,1.0,113
D3,docling,advanced,D3-Q181,numerical,1,1,1.0,113
D3,docling,advanced,D3-Q182,temporal,1,1,1.0,113
D3,docling,advanced,D3-Q183,list_membership,3,3,1.0,113
D3,docling,advanced,D3-Q184,numerical,1,1,1.0,113
D3,docling,advanced,D3-Q185,numerical,1,1,1.0,113
D3,docling,advanced,D3-Q186,negation,1,1,1.0,113
D3,docling,advanced,D3-Q187,procedural,1,1,1.0,113
D3,docling,advanced,D3-Q188,conditional_exception,1,1,1.0,113
D3,docling,advanced,D3-Q189,exact_fact,1,1,1.0,113
D3,docling,advanced,D3-Q190,conditional_exception,1,1,1.0,113
D3,docling,advanced,D3-Q191,list_membership,1,1,1.0,113
D3,docling,advanced,D3-Q192,numerical,1,1,1.0,113
D3,docling,advanced,D3-Q193,conditional_exception,1,1,1.0,113
D3,docling,advanced,D3-Q194,numerical,1,1,1.0,113
D3,docling,advanced,D3-Q195,exact_fact,1,1,1.0,113
D3,docling,advanced,D3-Q196,exact_fact,1,1,1.0,113
D3,docling,advanced,D3-Q197,conditional_exception,1,1,1.0,113
D3,docling,advanced,D3-Q198,numerical,1,1,1.0,113
D3,docling,advanced,D3-Q199,numerical,1,1,1.0,113
D3,docling,advanced,D3-Q200,negation,1,1,1.0,113
D4,normal,basic,D4-Q001,exact_fact,1,1,1.0,151
D4,normal,basic,D4-Q002,exact_fact,1,1,1.0,151
D4,normal,basic,D4-Q003,temporal,1,1,1.0,151
D4,normal,basic,D4-Q004,list_membership,1,1,1.0,151
D4,normal,basic,D4-Q005,exact_fact,1,1,1.0,151
D4,normal,basic,D4-Q006,exact_fact,1,1,1.0,151
D4,normal,basic,D4-Q007,exact_fact,1,1,1.0,151
D4,normal,basic,D4-Q008,exact_fact,1,1,1.0,151
D4,normal,basic,D4-Q009,exact_fact,1,1,1.0,151
D4,normal,basic,D4-Q010,exact_fact,1,1,1.0,151
D4,normal,basic,D4-Q011,exact_fact,1,1,1.0,151
D4,normal,basic,D4-Q012,exact_fact,1,1,1.0,151
D4,normal,basic,D4-Q013,exact_fact,1,1,1.0,151
D4,normal,basic,D4-Q014,exact_fact,1,1,1.0,151
D4,normal,basic,D4-Q015,exact_fact,1,1,1.0,151
D4,normal,basic,D4-Q016,exact_fact,1,1,1.0,151
D4,normal,basic,D4-Q017,exact_fact,1,1,1.0,151
D4,normal,basic,D4-Q018,exact_fact,1,1,1.0,151
D4,normal,basic,D4-Q019,exact_fact,1,1,1.0,151
D4,normal,basic,D4-Q020,exact_fact,1,1,1.0,151
D4,normal,basic,D4-Q021,exact_fact,1,1,1.0,151
D4,normal,basic,D4-Q022,procedural,1,1,1.0,151
D4,normal,basic,D4-Q023,numerical,1,1,1.0,151
D4,normal,basic,D4-Q024,exact_fact,1,1,1.0,151
D4,normal,basic,D4-Q025,exact_fact,1,1,1.0,151
D4,normal,basic,D4-Q026,exact_fact,1,1,1.0,151
D4,normal,basic,D4-Q027,exact_fact,1,1,1.0,151
D4,normal,basic,D4-Q028,exact_fact,1,1,1.0,151
D4,normal,basic,D4-Q029,exact_fact,1,1,1.0,151
D4,normal,basic,D4-Q030,exact_fact,1,1,1.0,151
D4,normal,basic,D4-Q031,exact_fact,1,1,1.0,151
D4,normal,basic,D4-Q032,exact_fact,1,1,1.0,151
D4,normal,basic,D4-Q033,exact_fact,1,1,1.0,151
D4,normal,basic,D4-Q034,exact_fact,1,1,1.0,151
D4,normal,basic,D4-Q035,exact_fact,1,1,1.0,151
D4,normal,basic,D4-Q036,exact_fact,1,1,1.0,151
D4,normal,basic,D4-Q037,exact_fact,1,1,1.0,151
D4,normal,basic,D4-Q038,exact_fact,1,1,1.0,151
D4,normal,basic,D4-Q039,exact_fact,1,1,1.0,151
D4,normal,basic,D4-Q040,temporal,1,1,1.0,151
D4,normal,basic,D4-Q041,exact_fact,1,1,1.0,151
D4,normal,basic,D4-Q042,exact_fact,1,1,1.0,151
D4,normal,basic,D4-Q043,paraphrase,1,1,1.0,151
D4,normal,basic,D4-Q044,exact_fact,1,1,1.0,151
D4,normal,basic,D4-Q045,numerical,1,1,1.0,151
D4,normal,basic,D4-Q046,procedural,1,1,1.0,151
D4,normal,basic,D4-Q047,numerical,1,1,1.0,151
D4,normal,basic,D4-Q048,procedural,1,1,1.0,151
D4,normal,basic,D4-Q049,exact_fact,1,1,1.0,151
D4,normal,basic,D4-Q050,conditional_exception,1,1,1.0,151
D4,normal,basic,D4-Q051,exact_fact,1,1,1.0,151
D4,normal,basic,D4-Q052,negation,1,1,1.0,151
D4,normal,basic,D4-Q053,procedural,1,1,1.0,151
D4,normal,basic,D4-Q054,numerical,1,1,1.0,151
D4,normal,basic,D4-Q055,numerical,1,1,1.0,151
D4,normal,basic,D4-Q056,numerical,1,1,1.0,151
D4,normal,basic,D4-Q057,conditional_exception,1,1,1.0,151
D4,normal,basic,D4-Q058,procedural,1,1,1.0,151
D4,normal,basic,D4-Q059,exact_fact,1,1,1.0,151
D4,normal,basic,D4-Q060,procedural,1,1,1.0,151
D4,normal,basic,D4-Q061,negative_query,1,1,1.0,151
D4,normal,basic,D4-Q062,conditional_exception,1,1,1.0,151
D4,normal,basic,D4-Q063,procedural,1,1,1.0,151
D4,normal,basic,D4-Q064,conditional_exception,1,1,1.0,151
D4,normal,basic,D4-Q065,negative_query,1,1,1.0,151
D4,normal,basic,D4-Q066,negative_query,1,1,1.0,151
D4,normal,basic,D4-Q067,negative_query,1,1,1.0,151
D4,normal,basic,D4-Q068,conditional_exception,1,1,1.0,151
D4,normal,basic,D4-Q069,negative_query,1,1,1.0,151
D4,normal,basic,D4-Q070,negative_query,1,1,1.0,151
D4,normal,basic,D4-Q071,negative_query,1,1,1.0,151
D4,normal,basic,D4-Q072,negative_query,1,1,1.0,151
D4,normal,basic,D4-Q073,negative_query,1,1,1.0,151
D4,normal,basic,D4-Q074,temporal,1,1,1.0,151
D4,normal,basic,D4-Q075,negative_query,1,1,1.0,151
D4,normal,basic,D4-Q076,negation,1,1,1.0,151
D4,normal,basic,D4-Q077,conditional_exception,1,1,1.0,151
D4,normal,basic,D4-Q078,temporal,1,1,1.0,151
D4,normal,basic,D4-Q079,conditional_exception,1,1,1.0,151
D4,normal,basic,D4-Q080,conditional_exception,1,1,1.0,151
D4,normal,basic,D4-Q081,procedural,1,1,1.0,151
D4,normal,basic,D4-Q082,procedural,1,1,1.0,151
D4,normal,basic,D4-Q083,numerical,1,1,1.0,151
D4,normal,basic,D4-Q084,numerical,1,1,1.0,151
D4,normal,basic,D4-Q085,numerical,1,1,1.0,151
D4,normal,basic,D4-Q086,procedural,1,1,1.0,151
D4,normal,basic,D4-Q087,procedural,1,1,1.0,151
D4,normal,basic,D4-Q088,exact_fact,1,1,1.0,151
D4,normal,basic,D4-Q089,exact_fact,1,1,1.0,151
D4,normal,basic,D4-Q090,list_membership,1,1,1.0,151
D4,normal,basic,D4-Q091,conditional_exception,1,1,1.0,151
D4,normal,basic,D4-Q092,exact_fact,1,1,1.0,151
D4,normal,basic,D4-Q093,negative_query,1,1,1.0,151
D4,normal,basic,D4-Q094,exact_fact,1,1,1.0,151
D4,normal,basic,D4-Q095,temporal,1,1,1.0,151
D4,normal,basic,D4-Q096,numerical,1,1,1.0,151
D4,normal,basic,D4-Q097,temporal,1,1,1.0,151
D4,normal,basic,D4-Q098,negation,1,1,1.0,151
D4,normal,basic,D4-Q099,numerical,1,1,1.0,151
D4,normal,basic,D4-Q100,procedural,1,1,1.0,151
D4,normal,basic,D4-Q101,exact_fact,1,1,1.0,151
D4,normal,basic,D4-Q102,comparison,1,1,1.0,151
D4,normal,basic,D4-Q103,comparison,1,1,1.0,151
D4,normal,basic,D4-Q104,negation,1,1,1.0,151
D4,normal,basic,D4-Q105,procedural,1,1,1.0,151
D4,normal,basic,D4-Q106,procedural,1,1,1.0,151
D4,normal,basic,D4-Q107,conditional_exception,1,1,1.0,151
D4,normal,basic,D4-Q108,conditional_exception,1,1,1.0,151
D4,normal,basic,D4-Q109,procedural,1,1,1.0,151
D4,normal,basic,D4-Q110,exact_fact,1,1,1.0,151
D4,normal,basic,D4-Q111,exact_fact,1,1,1.0,151
D4,normal,basic,D4-Q112,list_membership,1,1,1.0,151
D4,normal,basic,D4-Q113,conditional_exception,1,1,1.0,151
D4,normal,basic,D4-Q114,exact_fact,1,1,1.0,151
D4,normal,basic,D4-Q115,temporal,1,1,1.0,151
D4,normal,basic,D4-Q116,comparison,1,1,1.0,151
D4,normal,basic,D4-Q117,comparison,1,1,1.0,151
D4,normal,basic,D4-Q118,procedural,2,2,1.0,151
D4,normal,basic,D4-Q119,procedural,1,1,1.0,151
D4,normal,basic,D4-Q120,procedural,1,1,1.0,151
D4,normal,basic,D4-Q121,negation,1,1,1.0,151
D4,normal,basic,D4-Q122,numerical,1,1,1.0,151
D4,normal,basic,D4-Q123,conditional_exception,1,1,1.0,151
D4,normal,basic,D4-Q124,numerical,1,1,1.0,151
D4,normal,basic,D4-Q125,procedural,1,1,1.0,151
D4,normal,basic,D4-Q126,numerical,1,1,1.0,151
D4,normal,basic,D4-Q127,exact_fact,1,1,1.0,151
D4,normal,basic,D4-Q128,list_membership,4,4,1.0,151
D4,normal,basic,D4-Q129,numerical,1,1,1.0,151
D4,normal,basic,D4-Q130,numerical,1,1,1.0,151
D4,normal,basic,D4-Q131,procedural,1,1,1.0,151
D4,normal,basic,D4-Q132,procedural,1,1,1.0,151
D4,normal,basic,D4-Q133,conditional_exception,3,3,1.0,151
D4,normal,basic,D4-Q134,exact_fact,1,1,1.0,151
D4,normal,basic,D4-Q135,exact_fact,1,1,1.0,151
D4,normal,basic,D4-Q136,negation,1,1,1.0,151
D4,normal,basic,D4-Q137,negative_query,1,1,1.0,151
D4,normal,basic,D4-Q138,negative_query,1,1,1.0,151
D4,normal,basic,D4-Q139,numerical,1,1,1.0,151
D4,normal,basic,D4-Q140,procedural,1,1,1.0,151
D4,normal,basic,D4-Q141,procedural,1,1,1.0,151
D4,normal,basic,D4-Q142,exact_fact,1,1,1.0,151
D4,normal,basic,D4-Q143,exact_fact,1,1,1.0,151
D4,normal,basic,D4-Q144,exact_fact,1,1,1.0,151
D4,normal,basic,D4-Q145,procedural,1,1,1.0,151
D4,normal,basic,D4-Q146,numerical,1,1,1.0,151
D4,normal,basic,D4-Q147,exact_fact,1,1,1.0,151
D4,normal,basic,D4-Q148,exact_fact,1,1,1.0,151
D4,normal,basic,D4-Q149,exact_fact,1,1,1.0,151
D4,normal,basic,D4-Q150,procedural,1,1,1.0,151
D4,normal,basic,D4-Q151,exact_fact,1,1,1.0,151
D4,normal,basic,D4-Q152,procedural,1,1,1.0,151
D4,normal,basic,D4-Q153,procedural,1,1,1.0,151
D4,normal,basic,D4-Q154,temporal,1,1,1.0,151
D4,normal,basic,D4-Q155,exact_fact,1,1,1.0,151
D4,normal,basic,D4-Q156,exact_fact,4,4,1.0,151
D4,normal,basic,D4-Q157,list_membership,1,0,0.0,151
D4,normal,basic,D4-Q158,list_membership,1,1,1.0,151
D4,normal,basic,D4-Q159,list_membership,1,1,1.0,151
D4,normal,basic,D4-Q160,list_membership,1,1,1.0,151
D4,normal,basic,D4-Q161,paraphrase,1,1,1.0,151
D4,normal,basic,D4-Q162,numerical,1,1,1.0,151
D4,normal,basic,D4-Q163,numerical,1,1,1.0,151
D4,normal,basic,D4-Q164,numerical,1,1,1.0,151
D4,normal,basic,D4-Q165,numerical,1,1,1.0,151
D4,normal,basic,D4-Q166,numerical,1,1,1.0,151
D4,normal,basic,D4-Q167,negative_query,1,1,1.0,151
D4,normal,basic,D4-Q168,negation,1,1,1.0,151
D4,normal,basic,D4-Q169,negation,1,1,1.0,151
D4,normal,basic,D4-Q170,numerical,1,1,1.0,151
D4,normal,basic,D4-Q171,numerical,1,1,1.0,151
D4,normal,basic,D4-Q172,exact_fact,1,1,1.0,151
D4,normal,basic,D4-Q173,numerical,1,1,1.0,151
D4,normal,basic,D4-Q174,numerical,1,1,1.0,151
D4,normal,basic,D4-Q175,numerical,1,1,1.0,151
D4,normal,basic,D4-Q176,table_lookup,1,1,1.0,151
D4,normal,basic,D4-Q177,numerical,1,1,1.0,151
D4,normal,basic,D4-Q178,numerical,1,1,1.0,151
D4,normal,basic,D4-Q179,exact_fact,1,1,1.0,151
D4,normal,basic,D4-Q180,exact_fact,1,1,1.0,151
D4,normal,basic,D4-Q181,procedural,1,1,1.0,151
D4,normal,basic,D4-Q182,procedural,1,1,1.0,151
D4,normal,basic,D4-Q183,conditional_exception,1,1,1.0,151
D4,normal,basic,D4-Q184,conditional_exception,1,1,1.0,151
D4,normal,basic,D4-Q185,procedural,1,1,1.0,151
D4,normal,basic,D4-Q186,procedural,1,1,1.0,151
D4,normal,basic,D4-Q187,procedural,1,1,1.0,151
D4,normal,basic,D4-Q188,procedural,1,1,1.0,151
D4,normal,basic,D4-Q189,procedural,1,1,1.0,151
D4,normal,basic,D4-Q190,procedural,1,1,1.0,151
D4,normal,basic,D4-Q191,procedural,1,1,1.0,151
D4,normal,basic,D4-Q192,procedural,1,1,1.0,151
D4,normal,basic,D4-Q193,procedural,1,1,1.0,151
D4,normal,basic,D4-Q194,procedural,1,1,1.0,151
D4,normal,basic,D4-Q195,procedural,1,1,1.0,151
D4,normal,basic,D4-Q196,procedural,1,1,1.0,151
D4,normal,basic,D4-Q197,exact_fact,1,1,1.0,151
D4,normal,basic,D4-Q198,conditional_exception,1,1,1.0,151
D4,normal,basic,D4-Q199,table_lookup,1,1,1.0,151
D4,normal,basic,D4-Q200,table_lookup,1,1,1.0,151
D4,normal,medium,D4-Q001,exact_fact,1,1,1.0,336
D4,normal,medium,D4-Q002,exact_fact,1,1,1.0,336
D4,normal,medium,D4-Q003,temporal,1,1,1.0,336
D4,normal,medium,D4-Q004,list_membership,1,1,1.0,336
D4,normal,medium,D4-Q005,exact_fact,1,1,1.0,336
D4,normal,medium,D4-Q006,exact_fact,1,1,1.0,336
D4,normal,medium,D4-Q007,exact_fact,1,1,1.0,336
D4,normal,medium,D4-Q008,exact_fact,1,1,1.0,336
D4,normal,medium,D4-Q009,exact_fact,1,1,1.0,336
D4,normal,medium,D4-Q010,exact_fact,1,1,1.0,336
D4,normal,medium,D4-Q011,exact_fact,1,1,1.0,336
D4,normal,medium,D4-Q012,exact_fact,1,1,1.0,336
D4,normal,medium,D4-Q013,exact_fact,1,1,1.0,336
D4,normal,medium,D4-Q014,exact_fact,1,1,1.0,336
D4,normal,medium,D4-Q015,exact_fact,1,1,1.0,336
D4,normal,medium,D4-Q016,exact_fact,1,1,1.0,336
D4,normal,medium,D4-Q017,exact_fact,1,1,1.0,336
D4,normal,medium,D4-Q018,exact_fact,1,1,1.0,336
D4,normal,medium,D4-Q019,exact_fact,1,1,1.0,336
D4,normal,medium,D4-Q020,exact_fact,1,1,1.0,336
D4,normal,medium,D4-Q021,exact_fact,1,1,1.0,336
D4,normal,medium,D4-Q022,procedural,1,1,1.0,336
D4,normal,medium,D4-Q023,numerical,1,1,1.0,336
D4,normal,medium,D4-Q024,exact_fact,1,1,1.0,336
D4,normal,medium,D4-Q025,exact_fact,1,1,1.0,336
D4,normal,medium,D4-Q026,exact_fact,1,1,1.0,336
D4,normal,medium,D4-Q027,exact_fact,1,1,1.0,336
D4,normal,medium,D4-Q028,exact_fact,1,1,1.0,336
D4,normal,medium,D4-Q029,exact_fact,1,1,1.0,336
D4,normal,medium,D4-Q030,exact_fact,1,1,1.0,336
D4,normal,medium,D4-Q031,exact_fact,1,1,1.0,336
D4,normal,medium,D4-Q032,exact_fact,1,1,1.0,336
D4,normal,medium,D4-Q033,exact_fact,1,1,1.0,336
D4,normal,medium,D4-Q034,exact_fact,1,1,1.0,336
D4,normal,medium,D4-Q035,exact_fact,1,1,1.0,336
D4,normal,medium,D4-Q036,exact_fact,1,1,1.0,336
D4,normal,medium,D4-Q037,exact_fact,1,1,1.0,336
D4,normal,medium,D4-Q038,exact_fact,1,1,1.0,336
D4,normal,medium,D4-Q039,exact_fact,1,1,1.0,336
D4,normal,medium,D4-Q040,temporal,1,1,1.0,336
D4,normal,medium,D4-Q041,exact_fact,1,1,1.0,336
D4,normal,medium,D4-Q042,exact_fact,1,1,1.0,336
D4,normal,medium,D4-Q043,paraphrase,1,1,1.0,336
D4,normal,medium,D4-Q044,exact_fact,1,1,1.0,336
D4,normal,medium,D4-Q045,numerical,1,1,1.0,336
D4,normal,medium,D4-Q046,procedural,1,1,1.0,336
D4,normal,medium,D4-Q047,numerical,1,1,1.0,336
D4,normal,medium,D4-Q048,procedural,1,1,1.0,336
D4,normal,medium,D4-Q049,exact_fact,1,1,1.0,336
D4,normal,medium,D4-Q050,conditional_exception,1,1,1.0,336
D4,normal,medium,D4-Q051,exact_fact,1,1,1.0,336
D4,normal,medium,D4-Q052,negation,1,1,1.0,336
D4,normal,medium,D4-Q053,procedural,1,1,1.0,336
D4,normal,medium,D4-Q054,numerical,1,1,1.0,336
D4,normal,medium,D4-Q055,numerical,1,1,1.0,336
D4,normal,medium,D4-Q056,numerical,1,1,1.0,336
D4,normal,medium,D4-Q057,conditional_exception,1,1,1.0,336
D4,normal,medium,D4-Q058,procedural,1,1,1.0,336
D4,normal,medium,D4-Q059,exact_fact,1,1,1.0,336
D4,normal,medium,D4-Q060,procedural,1,1,1.0,336
D4,normal,medium,D4-Q061,negative_query,1,1,1.0,336
D4,normal,medium,D4-Q062,conditional_exception,1,1,1.0,336
D4,normal,medium,D4-Q063,procedural,1,1,1.0,336
D4,normal,medium,D4-Q064,conditional_exception,1,1,1.0,336
D4,normal,medium,D4-Q065,negative_query,1,1,1.0,336
D4,normal,medium,D4-Q066,negative_query,1,1,1.0,336
D4,normal,medium,D4-Q067,negative_query,1,1,1.0,336
D4,normal,medium,D4-Q068,conditional_exception,1,1,1.0,336
D4,normal,medium,D4-Q069,negative_query,1,1,1.0,336
D4,normal,medium,D4-Q070,negative_query,1,1,1.0,336
D4,normal,medium,D4-Q071,negative_query,1,1,1.0,336
D4,normal,medium,D4-Q072,negative_query,1,1,1.0,336
D4,normal,medium,D4-Q073,negative_query,1,1,1.0,336
D4,normal,medium,D4-Q074,temporal,1,1,1.0,336
D4,normal,medium,D4-Q075,negative_query,1,1,1.0,336
D4,normal,medium,D4-Q076,negation,1,1,1.0,336
D4,normal,medium,D4-Q077,conditional_exception,1,1,1.0,336
D4,normal,medium,D4-Q078,temporal,1,1,1.0,336
D4,normal,medium,D4-Q079,conditional_exception,1,1,1.0,336
D4,normal,medium,D4-Q080,conditional_exception,1,1,1.0,336
D4,normal,medium,D4-Q081,procedural,1,1,1.0,336
D4,normal,medium,D4-Q082,procedural,1,1,1.0,336
D4,normal,medium,D4-Q083,numerical,1,1,1.0,336
D4,normal,medium,D4-Q084,numerical,1,1,1.0,336
D4,normal,medium,D4-Q085,numerical,1,1,1.0,336
D4,normal,medium,D4-Q086,procedural,1,1,1.0,336
D4,normal,medium,D4-Q087,procedural,1,1,1.0,336
D4,normal,medium,D4-Q088,exact_fact,1,1,1.0,336
D4,normal,medium,D4-Q089,exact_fact,1,1,1.0,336
D4,normal,medium,D4-Q090,list_membership,1,1,1.0,336
D4,normal,medium,D4-Q091,conditional_exception,1,1,1.0,336
D4,normal,medium,D4-Q092,exact_fact,1,1,1.0,336
D4,normal,medium,D4-Q093,negative_query,1,1,1.0,336
D4,normal,medium,D4-Q094,exact_fact,1,1,1.0,336
D4,normal,medium,D4-Q095,temporal,1,1,1.0,336
D4,normal,medium,D4-Q096,numerical,1,1,1.0,336
D4,normal,medium,D4-Q097,temporal,1,1,1.0,336
D4,normal,medium,D4-Q098,negation,1,1,1.0,336
D4,normal,medium,D4-Q099,numerical,1,1,1.0,336
D4,normal,medium,D4-Q100,procedural,1,1,1.0,336
D4,normal,medium,D4-Q101,exact_fact,1,1,1.0,336
D4,normal,medium,D4-Q102,comparison,1,1,1.0,336
D4,normal,medium,D4-Q103,comparison,1,1,1.0,336
D4,normal,medium,D4-Q104,negation,1,1,1.0,336
D4,normal,medium,D4-Q105,procedural,1,1,1.0,336
D4,normal,medium,D4-Q106,procedural,1,1,1.0,336
D4,normal,medium,D4-Q107,conditional_exception,1,1,1.0,336
D4,normal,medium,D4-Q108,conditional_exception,1,1,1.0,336
D4,normal,medium,D4-Q109,procedural,1,1,1.0,336
D4,normal,medium,D4-Q110,exact_fact,1,1,1.0,336
D4,normal,medium,D4-Q111,exact_fact,1,1,1.0,336
D4,normal,medium,D4-Q112,list_membership,1,1,1.0,336
D4,normal,medium,D4-Q113,conditional_exception,1,1,1.0,336
D4,normal,medium,D4-Q114,exact_fact,1,1,1.0,336
D4,normal,medium,D4-Q115,temporal,1,1,1.0,336
D4,normal,medium,D4-Q116,comparison,1,1,1.0,336
D4,normal,medium,D4-Q117,comparison,1,1,1.0,336
D4,normal,medium,D4-Q118,procedural,2,2,1.0,336
D4,normal,medium,D4-Q119,procedural,1,1,1.0,336
D4,normal,medium,D4-Q120,procedural,1,1,1.0,336
D4,normal,medium,D4-Q121,negation,1,1,1.0,336
D4,normal,medium,D4-Q122,numerical,1,1,1.0,336
D4,normal,medium,D4-Q123,conditional_exception,1,1,1.0,336
D4,normal,medium,D4-Q124,numerical,1,1,1.0,336
D4,normal,medium,D4-Q125,procedural,1,1,1.0,336
D4,normal,medium,D4-Q126,numerical,1,1,1.0,336
D4,normal,medium,D4-Q127,exact_fact,1,1,1.0,336
D4,normal,medium,D4-Q128,list_membership,4,4,1.0,336
D4,normal,medium,D4-Q129,numerical,1,1,1.0,336
D4,normal,medium,D4-Q130,numerical,1,1,1.0,336
D4,normal,medium,D4-Q131,procedural,1,1,1.0,336
D4,normal,medium,D4-Q132,procedural,1,1,1.0,336
D4,normal,medium,D4-Q133,conditional_exception,3,3,1.0,336
D4,normal,medium,D4-Q134,exact_fact,1,1,1.0,336
D4,normal,medium,D4-Q135,exact_fact,1,1,1.0,336
D4,normal,medium,D4-Q136,negation,1,1,1.0,336
D4,normal,medium,D4-Q137,negative_query,1,1,1.0,336
D4,normal,medium,D4-Q138,negative_query,1,1,1.0,336
D4,normal,medium,D4-Q139,numerical,1,1,1.0,336
D4,normal,medium,D4-Q140,procedural,1,1,1.0,336
D4,normal,medium,D4-Q141,procedural,1,1,1.0,336
D4,normal,medium,D4-Q142,exact_fact,1,1,1.0,336
D4,normal,medium,D4-Q143,exact_fact,1,1,1.0,336
D4,normal,medium,D4-Q144,exact_fact,1,1,1.0,336
D4,normal,medium,D4-Q145,procedural,1,1,1.0,336
D4,normal,medium,D4-Q146,numerical,1,1,1.0,336
D4,normal,medium,D4-Q147,exact_fact,1,1,1.0,336
D4,normal,medium,D4-Q148,exact_fact,1,1,1.0,336
D4,normal,medium,D4-Q149,exact_fact,1,1,1.0,336
D4,normal,medium,D4-Q150,procedural,1,1,1.0,336
D4,normal,medium,D4-Q151,exact_fact,1,1,1.0,336
D4,normal,medium,D4-Q152,procedural,1,1,1.0,336
D4,normal,medium,D4-Q153,procedural,1,1,1.0,336
D4,normal,medium,D4-Q154,temporal,1,1,1.0,336
D4,normal,medium,D4-Q155,exact_fact,1,1,1.0,336
D4,normal,medium,D4-Q156,exact_fact,4,4,1.0,336
D4,normal,medium,D4-Q157,list_membership,1,1,1.0,336
D4,normal,medium,D4-Q158,list_membership,1,1,1.0,336
D4,normal,medium,D4-Q159,list_membership,1,1,1.0,336
D4,normal,medium,D4-Q160,list_membership,1,1,1.0,336
D4,normal,medium,D4-Q161,paraphrase,1,1,1.0,336
D4,normal,medium,D4-Q162,numerical,1,1,1.0,336
D4,normal,medium,D4-Q163,numerical,1,1,1.0,336
D4,normal,medium,D4-Q164,numerical,1,1,1.0,336
D4,normal,medium,D4-Q165,numerical,1,1,1.0,336
D4,normal,medium,D4-Q166,numerical,1,1,1.0,336
D4,normal,medium,D4-Q167,negative_query,1,1,1.0,336
D4,normal,medium,D4-Q168,negation,1,1,1.0,336
D4,normal,medium,D4-Q169,negation,1,1,1.0,336
D4,normal,medium,D4-Q170,numerical,1,1,1.0,336
D4,normal,medium,D4-Q171,numerical,1,1,1.0,336
D4,normal,medium,D4-Q172,exact_fact,1,1,1.0,336
D4,normal,medium,D4-Q173,numerical,1,1,1.0,336
D4,normal,medium,D4-Q174,numerical,1,1,1.0,336
D4,normal,medium,D4-Q175,numerical,1,1,1.0,336
D4,normal,medium,D4-Q176,table_lookup,1,1,1.0,336
D4,normal,medium,D4-Q177,numerical,1,1,1.0,336
D4,normal,medium,D4-Q178,numerical,1,1,1.0,336
D4,normal,medium,D4-Q179,exact_fact,1,1,1.0,336
D4,normal,medium,D4-Q180,exact_fact,1,1,1.0,336
D4,normal,medium,D4-Q181,procedural,1,1,1.0,336
D4,normal,medium,D4-Q182,procedural,1,1,1.0,336
D4,normal,medium,D4-Q183,conditional_exception,1,1,1.0,336
D4,normal,medium,D4-Q184,conditional_exception,1,1,1.0,336
D4,normal,medium,D4-Q185,procedural,1,1,1.0,336
D4,normal,medium,D4-Q186,procedural,1,1,1.0,336
D4,normal,medium,D4-Q187,procedural,1,1,1.0,336
D4,normal,medium,D4-Q188,procedural,1,1,1.0,336
D4,normal,medium,D4-Q189,procedural,1,1,1.0,336
D4,normal,medium,D4-Q190,procedural,1,1,1.0,336
D4,normal,medium,D4-Q191,procedural,1,1,1.0,336
D4,normal,medium,D4-Q192,procedural,1,1,1.0,336
D4,normal,medium,D4-Q193,procedural,1,1,1.0,336
D4,normal,medium,D4-Q194,procedural,1,1,1.0,336
D4,normal,medium,D4-Q195,procedural,1,1,1.0,336
D4,normal,medium,D4-Q196,procedural,1,1,1.0,336
D4,normal,medium,D4-Q197,exact_fact,1,1,1.0,336
D4,normal,medium,D4-Q198,conditional_exception,1,1,1.0,336
D4,normal,medium,D4-Q199,table_lookup,1,1,1.0,336
D4,normal,medium,D4-Q200,table_lookup,1,1,1.0,336
D4,normal,advanced,D4-Q001,exact_fact,1,1,1.0,175
D4,normal,advanced,D4-Q002,exact_fact,1,1,1.0,175
D4,normal,advanced,D4-Q003,temporal,1,1,1.0,175
D4,normal,advanced,D4-Q004,list_membership,1,1,1.0,175
D4,normal,advanced,D4-Q005,exact_fact,1,1,1.0,175
D4,normal,advanced,D4-Q006,exact_fact,1,1,1.0,175
D4,normal,advanced,D4-Q007,exact_fact,1,1,1.0,175
D4,normal,advanced,D4-Q008,exact_fact,1,1,1.0,175
D4,normal,advanced,D4-Q009,exact_fact,1,1,1.0,175
D4,normal,advanced,D4-Q010,exact_fact,1,1,1.0,175
D4,normal,advanced,D4-Q011,exact_fact,1,1,1.0,175
D4,normal,advanced,D4-Q012,exact_fact,1,1,1.0,175
D4,normal,advanced,D4-Q013,exact_fact,1,1,1.0,175
D4,normal,advanced,D4-Q014,exact_fact,1,1,1.0,175
D4,normal,advanced,D4-Q015,exact_fact,1,1,1.0,175
D4,normal,advanced,D4-Q016,exact_fact,1,1,1.0,175
D4,normal,advanced,D4-Q017,exact_fact,1,1,1.0,175
D4,normal,advanced,D4-Q018,exact_fact,1,1,1.0,175
D4,normal,advanced,D4-Q019,exact_fact,1,1,1.0,175
D4,normal,advanced,D4-Q020,exact_fact,1,1,1.0,175
D4,normal,advanced,D4-Q021,exact_fact,1,1,1.0,175
D4,normal,advanced,D4-Q022,procedural,1,1,1.0,175
D4,normal,advanced,D4-Q023,numerical,1,1,1.0,175
D4,normal,advanced,D4-Q024,exact_fact,1,1,1.0,175
D4,normal,advanced,D4-Q025,exact_fact,1,1,1.0,175
D4,normal,advanced,D4-Q026,exact_fact,1,1,1.0,175
D4,normal,advanced,D4-Q027,exact_fact,1,1,1.0,175
D4,normal,advanced,D4-Q028,exact_fact,1,1,1.0,175
D4,normal,advanced,D4-Q029,exact_fact,1,1,1.0,175
D4,normal,advanced,D4-Q030,exact_fact,1,1,1.0,175
D4,normal,advanced,D4-Q031,exact_fact,1,1,1.0,175
D4,normal,advanced,D4-Q032,exact_fact,1,1,1.0,175
D4,normal,advanced,D4-Q033,exact_fact,1,1,1.0,175
D4,normal,advanced,D4-Q034,exact_fact,1,1,1.0,175
D4,normal,advanced,D4-Q035,exact_fact,1,1,1.0,175
D4,normal,advanced,D4-Q036,exact_fact,1,1,1.0,175
D4,normal,advanced,D4-Q037,exact_fact,1,1,1.0,175
D4,normal,advanced,D4-Q038,exact_fact,1,1,1.0,175
D4,normal,advanced,D4-Q039,exact_fact,1,1,1.0,175
D4,normal,advanced,D4-Q040,temporal,1,1,1.0,175
D4,normal,advanced,D4-Q041,exact_fact,1,1,1.0,175
D4,normal,advanced,D4-Q042,exact_fact,1,1,1.0,175
D4,normal,advanced,D4-Q043,paraphrase,1,1,1.0,175
D4,normal,advanced,D4-Q044,exact_fact,1,1,1.0,175
D4,normal,advanced,D4-Q045,numerical,1,1,1.0,175
D4,normal,advanced,D4-Q046,procedural,1,1,1.0,175
D4,normal,advanced,D4-Q047,numerical,1,1,1.0,175
D4,normal,advanced,D4-Q048,procedural,1,1,1.0,175
D4,normal,advanced,D4-Q049,exact_fact,1,1,1.0,175
D4,normal,advanced,D4-Q050,conditional_exception,1,1,1.0,175
D4,normal,advanced,D4-Q051,exact_fact,1,1,1.0,175
D4,normal,advanced,D4-Q052,negation,1,1,1.0,175
D4,normal,advanced,D4-Q053,procedural,1,1,1.0,175
D4,normal,advanced,D4-Q054,numerical,1,1,1.0,175
D4,normal,advanced,D4-Q055,numerical,1,1,1.0,175
D4,normal,advanced,D4-Q056,numerical,1,1,1.0,175
D4,normal,advanced,D4-Q057,conditional_exception,1,1,1.0,175
D4,normal,advanced,D4-Q058,procedural,1,1,1.0,175
D4,normal,advanced,D4-Q059,exact_fact,1,1,1.0,175
D4,normal,advanced,D4-Q060,procedural,1,1,1.0,175
D4,normal,advanced,D4-Q061,negative_query,1,1,1.0,175
D4,normal,advanced,D4-Q062,conditional_exception,1,1,1.0,175
D4,normal,advanced,D4-Q063,procedural,1,1,1.0,175
D4,normal,advanced,D4-Q064,conditional_exception,1,1,1.0,175
D4,normal,advanced,D4-Q065,negative_query,1,1,1.0,175
D4,normal,advanced,D4-Q066,negative_query,1,1,1.0,175
D4,normal,advanced,D4-Q067,negative_query,1,1,1.0,175
D4,normal,advanced,D4-Q068,conditional_exception,1,1,1.0,175
D4,normal,advanced,D4-Q069,negative_query,1,1,1.0,175
D4,normal,advanced,D4-Q070,negative_query,1,1,1.0,175
D4,normal,advanced,D4-Q071,negative_query,1,1,1.0,175
D4,normal,advanced,D4-Q072,negative_query,1,1,1.0,175
D4,normal,advanced,D4-Q073,negative_query,1,1,1.0,175
D4,normal,advanced,D4-Q074,temporal,1,1,1.0,175
D4,normal,advanced,D4-Q075,negative_query,1,1,1.0,175
D4,normal,advanced,D4-Q076,negation,1,1,1.0,175
D4,normal,advanced,D4-Q077,conditional_exception,1,1,1.0,175
D4,normal,advanced,D4-Q078,temporal,1,1,1.0,175
D4,normal,advanced,D4-Q079,conditional_exception,1,1,1.0,175
D4,normal,advanced,D4-Q080,conditional_exception,1,1,1.0,175
D4,normal,advanced,D4-Q081,procedural,1,1,1.0,175
D4,normal,advanced,D4-Q082,procedural,1,1,1.0,175
D4,normal,advanced,D4-Q083,numerical,1,1,1.0,175
D4,normal,advanced,D4-Q084,numerical,1,1,1.0,175
D4,normal,advanced,D4-Q085,numerical,1,1,1.0,175
D4,normal,advanced,D4-Q086,procedural,1,1,1.0,175
D4,normal,advanced,D4-Q087,procedural,1,1,1.0,175
D4,normal,advanced,D4-Q088,exact_fact,1,1,1.0,175
D4,normal,advanced,D4-Q089,exact_fact,1,1,1.0,175
D4,normal,advanced,D4-Q090,list_membership,1,1,1.0,175
D4,normal,advanced,D4-Q091,conditional_exception,1,1,1.0,175
D4,normal,advanced,D4-Q092,exact_fact,1,1,1.0,175
D4,normal,advanced,D4-Q093,negative_query,1,1,1.0,175
D4,normal,advanced,D4-Q094,exact_fact,1,1,1.0,175
D4,normal,advanced,D4-Q095,temporal,1,1,1.0,175
D4,normal,advanced,D4-Q096,numerical,1,1,1.0,175
D4,normal,advanced,D4-Q097,temporal,1,1,1.0,175
D4,normal,advanced,D4-Q098,negation,1,1,1.0,175
D4,normal,advanced,D4-Q099,numerical,1,1,1.0,175
D4,normal,advanced,D4-Q100,procedural,1,1,1.0,175
D4,normal,advanced,D4-Q101,exact_fact,1,1,1.0,175
D4,normal,advanced,D4-Q102,comparison,1,1,1.0,175
D4,normal,advanced,D4-Q103,comparison,1,1,1.0,175
D4,normal,advanced,D4-Q104,negation,1,1,1.0,175
D4,normal,advanced,D4-Q105,procedural,1,1,1.0,175
D4,normal,advanced,D4-Q106,procedural,1,1,1.0,175
D4,normal,advanced,D4-Q107,conditional_exception,1,1,1.0,175
D4,normal,advanced,D4-Q108,conditional_exception,1,1,1.0,175
D4,normal,advanced,D4-Q109,procedural,1,1,1.0,175
D4,normal,advanced,D4-Q110,exact_fact,1,1,1.0,175
D4,normal,advanced,D4-Q111,exact_fact,1,1,1.0,175
D4,normal,advanced,D4-Q112,list_membership,1,1,1.0,175
D4,normal,advanced,D4-Q113,conditional_exception,1,1,1.0,175
D4,normal,advanced,D4-Q114,exact_fact,1,1,1.0,175
D4,normal,advanced,D4-Q115,temporal,1,1,1.0,175
D4,normal,advanced,D4-Q116,comparison,1,1,1.0,175
D4,normal,advanced,D4-Q117,comparison,1,1,1.0,175
D4,normal,advanced,D4-Q118,procedural,2,2,1.0,175
D4,normal,advanced,D4-Q119,procedural,1,1,1.0,175
D4,normal,advanced,D4-Q120,procedural,1,1,1.0,175
D4,normal,advanced,D4-Q121,negation,1,1,1.0,175
D4,normal,advanced,D4-Q122,numerical,1,1,1.0,175
D4,normal,advanced,D4-Q123,conditional_exception,1,1,1.0,175
D4,normal,advanced,D4-Q124,numerical,1,1,1.0,175
D4,normal,advanced,D4-Q125,procedural,1,1,1.0,175
D4,normal,advanced,D4-Q126,numerical,1,1,1.0,175
D4,normal,advanced,D4-Q127,exact_fact,1,1,1.0,175
D4,normal,advanced,D4-Q128,list_membership,4,4,1.0,175
D4,normal,advanced,D4-Q129,numerical,1,1,1.0,175
D4,normal,advanced,D4-Q130,numerical,1,1,1.0,175
D4,normal,advanced,D4-Q131,procedural,1,1,1.0,175
D4,normal,advanced,D4-Q132,procedural,1,1,1.0,175
D4,normal,advanced,D4-Q133,conditional_exception,3,3,1.0,175
D4,normal,advanced,D4-Q134,exact_fact,1,1,1.0,175
D4,normal,advanced,D4-Q135,exact_fact,1,1,1.0,175
D4,normal,advanced,D4-Q136,negation,1,1,1.0,175
D4,normal,advanced,D4-Q137,negative_query,1,1,1.0,175
D4,normal,advanced,D4-Q138,negative_query,1,1,1.0,175
D4,normal,advanced,D4-Q139,numerical,1,1,1.0,175
D4,normal,advanced,D4-Q140,procedural,1,1,1.0,175
D4,normal,advanced,D4-Q141,procedural,1,1,1.0,175
D4,normal,advanced,D4-Q142,exact_fact,1,1,1.0,175
D4,normal,advanced,D4-Q143,exact_fact,1,1,1.0,175
D4,normal,advanced,D4-Q144,exact_fact,1,1,1.0,175
D4,normal,advanced,D4-Q145,procedural,1,1,1.0,175
D4,normal,advanced,D4-Q146,numerical,1,1,1.0,175
D4,normal,advanced,D4-Q147,exact_fact,1,1,1.0,175
D4,normal,advanced,D4-Q148,exact_fact,1,1,1.0,175
D4,normal,advanced,D4-Q149,exact_fact,1,1,1.0,175
D4,normal,advanced,D4-Q150,procedural,1,1,1.0,175
D4,normal,advanced,D4-Q151,exact_fact,1,1,1.0,175
D4,normal,advanced,D4-Q152,procedural,1,1,1.0,175
D4,normal,advanced,D4-Q153,procedural,1,1,1.0,175
D4,normal,advanced,D4-Q154,temporal,1,1,1.0,175
D4,normal,advanced,D4-Q155,exact_fact,1,1,1.0,175
D4,normal,advanced,D4-Q156,exact_fact,4,4,1.0,175
D4,normal,advanced,D4-Q157,list_membership,1,1,1.0,175
D4,normal,advanced,D4-Q158,list_membership,1,1,1.0,175
D4,normal,advanced,D4-Q159,list_membership,1,1,1.0,175
D4,normal,advanced,D4-Q160,list_membership,1,1,1.0,175
D4,normal,advanced,D4-Q161,paraphrase,1,1,1.0,175
D4,normal,advanced,D4-Q162,numerical,1,1,1.0,175
D4,normal,advanced,D4-Q163,numerical,1,1,1.0,175
D4,normal,advanced,D4-Q164,numerical,1,1,1.0,175
D4,normal,advanced,D4-Q165,numerical,1,1,1.0,175
D4,normal,advanced,D4-Q166,numerical,1,1,1.0,175
D4,normal,advanced,D4-Q167,negative_query,1,1,1.0,175
D4,normal,advanced,D4-Q168,negation,1,1,1.0,175
D4,normal,advanced,D4-Q169,negation,1,1,1.0,175
D4,normal,advanced,D4-Q170,numerical,1,1,1.0,175
D4,normal,advanced,D4-Q171,numerical,1,1,1.0,175
D4,normal,advanced,D4-Q172,exact_fact,1,1,1.0,175
D4,normal,advanced,D4-Q173,numerical,1,1,1.0,175
D4,normal,advanced,D4-Q174,numerical,1,1,1.0,175
D4,normal,advanced,D4-Q175,numerical,1,1,1.0,175
D4,normal,advanced,D4-Q176,table_lookup,1,1,1.0,175
D4,normal,advanced,D4-Q177,numerical,1,1,1.0,175
D4,normal,advanced,D4-Q178,numerical,1,1,1.0,175
D4,normal,advanced,D4-Q179,exact_fact,1,1,1.0,175
D4,normal,advanced,D4-Q180,exact_fact,1,1,1.0,175
D4,normal,advanced,D4-Q181,procedural,1,1,1.0,175
D4,normal,advanced,D4-Q182,procedural,1,1,1.0,175
D4,normal,advanced,D4-Q183,conditional_exception,1,1,1.0,175
D4,normal,advanced,D4-Q184,conditional_exception,1,1,1.0,175
D4,normal,advanced,D4-Q185,procedural,1,1,1.0,175
D4,normal,advanced,D4-Q186,procedural,1,1,1.0,175
D4,normal,advanced,D4-Q187,procedural,1,1,1.0,175
D4,normal,advanced,D4-Q188,procedural,1,1,1.0,175
D4,normal,advanced,D4-Q189,procedural,1,1,1.0,175
D4,normal,advanced,D4-Q190,procedural,1,1,1.0,175
D4,normal,advanced,D4-Q191,procedural,1,1,1.0,175
D4,normal,advanced,D4-Q192,procedural,1,1,1.0,175
D4,normal,advanced,D4-Q193,procedural,1,1,1.0,175
D4,normal,advanced,D4-Q194,procedural,1,1,1.0,175
D4,normal,advanced,D4-Q195,procedural,1,1,1.0,175
D4,normal,advanced,D4-Q196,procedural,1,1,1.0,175
D4,normal,advanced,D4-Q197,exact_fact,1,1,1.0,175
D4,normal,advanced,D4-Q198,conditional_exception,1,1,1.0,175
D4,normal,advanced,D4-Q199,table_lookup,1,1,1.0,175
D4,normal,advanced,D4-Q200,table_lookup,1,1,1.0,175
D4,context_aware,basic,D4-Q001,exact_fact,1,1,1.0,161
D4,context_aware,basic,D4-Q002,exact_fact,1,1,1.0,161
D4,context_aware,basic,D4-Q003,temporal,1,1,1.0,161
D4,context_aware,basic,D4-Q004,list_membership,1,1,1.0,161
D4,context_aware,basic,D4-Q005,exact_fact,1,1,1.0,161
D4,context_aware,basic,D4-Q006,exact_fact,1,1,1.0,161
D4,context_aware,basic,D4-Q007,exact_fact,1,1,1.0,161
D4,context_aware,basic,D4-Q008,exact_fact,1,1,1.0,161
D4,context_aware,basic,D4-Q009,exact_fact,1,1,1.0,161
D4,context_aware,basic,D4-Q010,exact_fact,1,1,1.0,161
D4,context_aware,basic,D4-Q011,exact_fact,1,1,1.0,161
D4,context_aware,basic,D4-Q012,exact_fact,1,1,1.0,161
D4,context_aware,basic,D4-Q013,exact_fact,1,1,1.0,161
D4,context_aware,basic,D4-Q014,exact_fact,1,1,1.0,161
D4,context_aware,basic,D4-Q015,exact_fact,1,1,1.0,161
D4,context_aware,basic,D4-Q016,exact_fact,1,1,1.0,161
D4,context_aware,basic,D4-Q017,exact_fact,1,1,1.0,161
D4,context_aware,basic,D4-Q018,exact_fact,1,1,1.0,161
D4,context_aware,basic,D4-Q019,exact_fact,1,1,1.0,161
D4,context_aware,basic,D4-Q020,exact_fact,1,1,1.0,161
D4,context_aware,basic,D4-Q021,exact_fact,1,1,1.0,161
D4,context_aware,basic,D4-Q022,procedural,1,1,1.0,161
D4,context_aware,basic,D4-Q023,numerical,1,1,1.0,161
D4,context_aware,basic,D4-Q024,exact_fact,1,1,1.0,161
D4,context_aware,basic,D4-Q025,exact_fact,1,1,1.0,161
D4,context_aware,basic,D4-Q026,exact_fact,1,1,1.0,161
D4,context_aware,basic,D4-Q027,exact_fact,1,1,1.0,161
D4,context_aware,basic,D4-Q028,exact_fact,1,1,1.0,161
D4,context_aware,basic,D4-Q029,exact_fact,1,1,1.0,161
D4,context_aware,basic,D4-Q030,exact_fact,1,1,1.0,161
D4,context_aware,basic,D4-Q031,exact_fact,1,1,1.0,161
D4,context_aware,basic,D4-Q032,exact_fact,1,1,1.0,161
D4,context_aware,basic,D4-Q033,exact_fact,1,1,1.0,161
D4,context_aware,basic,D4-Q034,exact_fact,1,1,1.0,161
D4,context_aware,basic,D4-Q035,exact_fact,1,1,1.0,161
D4,context_aware,basic,D4-Q036,exact_fact,1,1,1.0,161
D4,context_aware,basic,D4-Q037,exact_fact,1,1,1.0,161
D4,context_aware,basic,D4-Q038,exact_fact,1,1,1.0,161
D4,context_aware,basic,D4-Q039,exact_fact,1,1,1.0,161
D4,context_aware,basic,D4-Q040,temporal,1,1,1.0,161
D4,context_aware,basic,D4-Q041,exact_fact,1,1,1.0,161
D4,context_aware,basic,D4-Q042,exact_fact,1,1,1.0,161
D4,context_aware,basic,D4-Q043,paraphrase,1,1,1.0,161
D4,context_aware,basic,D4-Q044,exact_fact,1,1,1.0,161
D4,context_aware,basic,D4-Q045,numerical,1,1,1.0,161
D4,context_aware,basic,D4-Q046,procedural,1,1,1.0,161
D4,context_aware,basic,D4-Q047,numerical,1,1,1.0,161
D4,context_aware,basic,D4-Q048,procedural,1,1,1.0,161
D4,context_aware,basic,D4-Q049,exact_fact,1,1,1.0,161
D4,context_aware,basic,D4-Q050,conditional_exception,1,1,1.0,161
D4,context_aware,basic,D4-Q051,exact_fact,1,1,1.0,161
D4,context_aware,basic,D4-Q052,negation,1,1,1.0,161
D4,context_aware,basic,D4-Q053,procedural,1,1,1.0,161
D4,context_aware,basic,D4-Q054,numerical,1,1,1.0,161
D4,context_aware,basic,D4-Q055,numerical,1,1,1.0,161
D4,context_aware,basic,D4-Q056,numerical,1,1,1.0,161
D4,context_aware,basic,D4-Q057,conditional_exception,1,1,1.0,161
D4,context_aware,basic,D4-Q058,procedural,1,1,1.0,161
D4,context_aware,basic,D4-Q059,exact_fact,1,1,1.0,161
D4,context_aware,basic,D4-Q060,procedural,1,1,1.0,161
D4,context_aware,basic,D4-Q061,negative_query,1,1,1.0,161
D4,context_aware,basic,D4-Q062,conditional_exception,1,1,1.0,161
D4,context_aware,basic,D4-Q063,procedural,1,1,1.0,161
D4,context_aware,basic,D4-Q064,conditional_exception,1,1,1.0,161
D4,context_aware,basic,D4-Q065,negative_query,1,1,1.0,161
D4,context_aware,basic,D4-Q066,negative_query,1,1,1.0,161
D4,context_aware,basic,D4-Q067,negative_query,1,1,1.0,161
D4,context_aware,basic,D4-Q068,conditional_exception,1,1,1.0,161
D4,context_aware,basic,D4-Q069,negative_query,1,1,1.0,161
D4,context_aware,basic,D4-Q070,negative_query,1,1,1.0,161
D4,context_aware,basic,D4-Q071,negative_query,1,1,1.0,161
D4,context_aware,basic,D4-Q072,negative_query,1,1,1.0,161
D4,context_aware,basic,D4-Q073,negative_query,1,1,1.0,161
D4,context_aware,basic,D4-Q074,temporal,1,1,1.0,161
D4,context_aware,basic,D4-Q075,negative_query,1,1,1.0,161
D4,context_aware,basic,D4-Q076,negation,1,1,1.0,161
D4,context_aware,basic,D4-Q077,conditional_exception,1,1,1.0,161
D4,context_aware,basic,D4-Q078,temporal,1,1,1.0,161
D4,context_aware,basic,D4-Q079,conditional_exception,1,1,1.0,161
D4,context_aware,basic,D4-Q080,conditional_exception,1,1,1.0,161
D4,context_aware,basic,D4-Q081,procedural,1,1,1.0,161
D4,context_aware,basic,D4-Q082,procedural,1,1,1.0,161
D4,context_aware,basic,D4-Q083,numerical,1,1,1.0,161
D4,context_aware,basic,D4-Q084,numerical,1,1,1.0,161
D4,context_aware,basic,D4-Q085,numerical,1,1,1.0,161
D4,context_aware,basic,D4-Q086,procedural,1,1,1.0,161
D4,context_aware,basic,D4-Q087,procedural,1,1,1.0,161
D4,context_aware,basic,D4-Q088,exact_fact,1,1,1.0,161
D4,context_aware,basic,D4-Q089,exact_fact,1,1,1.0,161
D4,context_aware,basic,D4-Q090,list_membership,1,1,1.0,161
D4,context_aware,basic,D4-Q091,conditional_exception,1,1,1.0,161
D4,context_aware,basic,D4-Q092,exact_fact,1,1,1.0,161
D4,context_aware,basic,D4-Q093,negative_query,1,1,1.0,161
D4,context_aware,basic,D4-Q094,exact_fact,1,1,1.0,161
D4,context_aware,basic,D4-Q095,temporal,1,1,1.0,161
D4,context_aware,basic,D4-Q096,numerical,1,1,1.0,161
D4,context_aware,basic,D4-Q097,temporal,1,1,1.0,161
D4,context_aware,basic,D4-Q098,negation,1,1,1.0,161
D4,context_aware,basic,D4-Q099,numerical,1,1,1.0,161
D4,context_aware,basic,D4-Q100,procedural,1,1,1.0,161
D4,context_aware,basic,D4-Q101,exact_fact,1,1,1.0,161
D4,context_aware,basic,D4-Q102,comparison,1,1,1.0,161
D4,context_aware,basic,D4-Q103,comparison,1,1,1.0,161
D4,context_aware,basic,D4-Q104,negation,1,1,1.0,161
D4,context_aware,basic,D4-Q105,procedural,1,1,1.0,161
D4,context_aware,basic,D4-Q106,procedural,1,1,1.0,161
D4,context_aware,basic,D4-Q107,conditional_exception,1,1,1.0,161
D4,context_aware,basic,D4-Q108,conditional_exception,1,1,1.0,161
D4,context_aware,basic,D4-Q109,procedural,1,1,1.0,161
D4,context_aware,basic,D4-Q110,exact_fact,1,1,1.0,161
D4,context_aware,basic,D4-Q111,exact_fact,1,1,1.0,161
D4,context_aware,basic,D4-Q112,list_membership,1,1,1.0,161
D4,context_aware,basic,D4-Q113,conditional_exception,1,1,1.0,161
D4,context_aware,basic,D4-Q114,exact_fact,1,1,1.0,161
D4,context_aware,basic,D4-Q115,temporal,1,1,1.0,161
D4,context_aware,basic,D4-Q116,comparison,1,1,1.0,161
D4,context_aware,basic,D4-Q117,comparison,1,1,1.0,161
D4,context_aware,basic,D4-Q118,procedural,2,2,1.0,161
D4,context_aware,basic,D4-Q119,procedural,1,1,1.0,161
D4,context_aware,basic,D4-Q120,procedural,1,1,1.0,161
D4,context_aware,basic,D4-Q121,negation,1,1,1.0,161
D4,context_aware,basic,D4-Q122,numerical,1,1,1.0,161
D4,context_aware,basic,D4-Q123,conditional_exception,1,1,1.0,161
D4,context_aware,basic,D4-Q124,numerical,1,1,1.0,161
D4,context_aware,basic,D4-Q125,procedural,1,1,1.0,161
D4,context_aware,basic,D4-Q126,numerical,1,1,1.0,161
D4,context_aware,basic,D4-Q127,exact_fact,1,1,1.0,161
D4,context_aware,basic,D4-Q128,list_membership,4,4,1.0,161
D4,context_aware,basic,D4-Q129,numerical,1,1,1.0,161
D4,context_aware,basic,D4-Q130,numerical,1,1,1.0,161
D4,context_aware,basic,D4-Q131,procedural,1,1,1.0,161
D4,context_aware,basic,D4-Q132,procedural,1,1,1.0,161
D4,context_aware,basic,D4-Q133,conditional_exception,3,3,1.0,161
D4,context_aware,basic,D4-Q134,exact_fact,1,1,1.0,161
D4,context_aware,basic,D4-Q135,exact_fact,1,1,1.0,161
D4,context_aware,basic,D4-Q136,negation,1,1,1.0,161
D4,context_aware,basic,D4-Q137,negative_query,1,1,1.0,161
D4,context_aware,basic,D4-Q138,negative_query,1,1,1.0,161
D4,context_aware,basic,D4-Q139,numerical,1,1,1.0,161
D4,context_aware,basic,D4-Q140,procedural,1,1,1.0,161
D4,context_aware,basic,D4-Q141,procedural,1,1,1.0,161
D4,context_aware,basic,D4-Q142,exact_fact,1,1,1.0,161
D4,context_aware,basic,D4-Q143,exact_fact,1,1,1.0,161
D4,context_aware,basic,D4-Q144,exact_fact,1,1,1.0,161
D4,context_aware,basic,D4-Q145,procedural,1,1,1.0,161
D4,context_aware,basic,D4-Q146,numerical,1,1,1.0,161
D4,context_aware,basic,D4-Q147,exact_fact,1,1,1.0,161
D4,context_aware,basic,D4-Q148,exact_fact,1,1,1.0,161
D4,context_aware,basic,D4-Q149,exact_fact,1,1,1.0,161
D4,context_aware,basic,D4-Q150,procedural,1,1,1.0,161
D4,context_aware,basic,D4-Q151,exact_fact,1,1,1.0,161
D4,context_aware,basic,D4-Q152,procedural,1,1,1.0,161
D4,context_aware,basic,D4-Q153,procedural,1,1,1.0,161
D4,context_aware,basic,D4-Q154,temporal,1,1,1.0,161
D4,context_aware,basic,D4-Q155,exact_fact,1,1,1.0,161
D4,context_aware,basic,D4-Q156,exact_fact,4,4,1.0,161
D4,context_aware,basic,D4-Q157,list_membership,1,1,1.0,161
D4,context_aware,basic,D4-Q158,list_membership,1,1,1.0,161
D4,context_aware,basic,D4-Q159,list_membership,1,1,1.0,161
D4,context_aware,basic,D4-Q160,list_membership,1,1,1.0,161
D4,context_aware,basic,D4-Q161,paraphrase,1,1,1.0,161
D4,context_aware,basic,D4-Q162,numerical,1,1,1.0,161
D4,context_aware,basic,D4-Q163,numerical,1,1,1.0,161
D4,context_aware,basic,D4-Q164,numerical,1,1,1.0,161
D4,context_aware,basic,D4-Q165,numerical,1,1,1.0,161
D4,context_aware,basic,D4-Q166,numerical,1,1,1.0,161
D4,context_aware,basic,D4-Q167,negative_query,1,1,1.0,161
D4,context_aware,basic,D4-Q168,negation,1,1,1.0,161
D4,context_aware,basic,D4-Q169,negation,1,1,1.0,161
D4,context_aware,basic,D4-Q170,numerical,1,1,1.0,161
D4,context_aware,basic,D4-Q171,numerical,1,1,1.0,161
D4,context_aware,basic,D4-Q172,exact_fact,1,1,1.0,161
D4,context_aware,basic,D4-Q173,numerical,1,1,1.0,161
D4,context_aware,basic,D4-Q174,numerical,1,1,1.0,161
D4,context_aware,basic,D4-Q175,numerical,1,1,1.0,161
D4,context_aware,basic,D4-Q176,table_lookup,1,1,1.0,161
D4,context_aware,basic,D4-Q177,numerical,1,1,1.0,161
D4,context_aware,basic,D4-Q178,numerical,1,1,1.0,161
D4,context_aware,basic,D4-Q179,exact_fact,1,1,1.0,161
D4,context_aware,basic,D4-Q180,exact_fact,1,1,1.0,161
D4,context_aware,basic,D4-Q181,procedural,1,1,1.0,161
D4,context_aware,basic,D4-Q182,procedural,1,1,1.0,161
D4,context_aware,basic,D4-Q183,conditional_exception,1,1,1.0,161
D4,context_aware,basic,D4-Q184,conditional_exception,1,1,1.0,161
D4,context_aware,basic,D4-Q185,procedural,1,1,1.0,161
D4,context_aware,basic,D4-Q186,procedural,1,1,1.0,161
D4,context_aware,basic,D4-Q187,procedural,1,1,1.0,161
D4,context_aware,basic,D4-Q188,procedural,1,1,1.0,161
D4,context_aware,basic,D4-Q189,procedural,1,1,1.0,161
D4,context_aware,basic,D4-Q190,procedural,1,1,1.0,161
D4,context_aware,basic,D4-Q191,procedural,1,1,1.0,161
D4,context_aware,basic,D4-Q192,procedural,1,1,1.0,161
D4,context_aware,basic,D4-Q193,procedural,1,1,1.0,161
D4,context_aware,basic,D4-Q194,procedural,1,1,1.0,161
D4,context_aware,basic,D4-Q195,procedural,1,1,1.0,161
D4,context_aware,basic,D4-Q196,procedural,1,1,1.0,161
D4,context_aware,basic,D4-Q197,exact_fact,1,1,1.0,161
D4,context_aware,basic,D4-Q198,conditional_exception,1,1,1.0,161
D4,context_aware,basic,D4-Q199,table_lookup,1,1,1.0,161
D4,context_aware,basic,D4-Q200,table_lookup,1,1,1.0,161
D4,context_aware,medium,D4-Q001,exact_fact,1,1,1.0,344
D4,context_aware,medium,D4-Q002,exact_fact,1,1,1.0,344
D4,context_aware,medium,D4-Q003,temporal,1,1,1.0,344
D4,context_aware,medium,D4-Q004,list_membership,1,1,1.0,344
D4,context_aware,medium,D4-Q005,exact_fact,1,1,1.0,344
D4,context_aware,medium,D4-Q006,exact_fact,1,1,1.0,344
D4,context_aware,medium,D4-Q007,exact_fact,1,1,1.0,344
D4,context_aware,medium,D4-Q008,exact_fact,1,1,1.0,344
D4,context_aware,medium,D4-Q009,exact_fact,1,1,1.0,344
D4,context_aware,medium,D4-Q010,exact_fact,1,1,1.0,344
D4,context_aware,medium,D4-Q011,exact_fact,1,1,1.0,344
D4,context_aware,medium,D4-Q012,exact_fact,1,1,1.0,344
D4,context_aware,medium,D4-Q013,exact_fact,1,1,1.0,344
D4,context_aware,medium,D4-Q014,exact_fact,1,1,1.0,344
D4,context_aware,medium,D4-Q015,exact_fact,1,1,1.0,344
D4,context_aware,medium,D4-Q016,exact_fact,1,1,1.0,344
D4,context_aware,medium,D4-Q017,exact_fact,1,1,1.0,344
D4,context_aware,medium,D4-Q018,exact_fact,1,1,1.0,344
D4,context_aware,medium,D4-Q019,exact_fact,1,1,1.0,344
D4,context_aware,medium,D4-Q020,exact_fact,1,1,1.0,344
D4,context_aware,medium,D4-Q021,exact_fact,1,1,1.0,344
D4,context_aware,medium,D4-Q022,procedural,1,1,1.0,344
D4,context_aware,medium,D4-Q023,numerical,1,1,1.0,344
D4,context_aware,medium,D4-Q024,exact_fact,1,1,1.0,344
D4,context_aware,medium,D4-Q025,exact_fact,1,1,1.0,344
D4,context_aware,medium,D4-Q026,exact_fact,1,1,1.0,344
D4,context_aware,medium,D4-Q027,exact_fact,1,1,1.0,344
D4,context_aware,medium,D4-Q028,exact_fact,1,1,1.0,344
D4,context_aware,medium,D4-Q029,exact_fact,1,1,1.0,344
D4,context_aware,medium,D4-Q030,exact_fact,1,1,1.0,344
D4,context_aware,medium,D4-Q031,exact_fact,1,1,1.0,344
D4,context_aware,medium,D4-Q032,exact_fact,1,1,1.0,344
D4,context_aware,medium,D4-Q033,exact_fact,1,1,1.0,344
D4,context_aware,medium,D4-Q034,exact_fact,1,1,1.0,344
D4,context_aware,medium,D4-Q035,exact_fact,1,1,1.0,344
D4,context_aware,medium,D4-Q036,exact_fact,1,1,1.0,344
D4,context_aware,medium,D4-Q037,exact_fact,1,1,1.0,344
D4,context_aware,medium,D4-Q038,exact_fact,1,1,1.0,344
D4,context_aware,medium,D4-Q039,exact_fact,1,1,1.0,344
D4,context_aware,medium,D4-Q040,temporal,1,1,1.0,344
D4,context_aware,medium,D4-Q041,exact_fact,1,1,1.0,344
D4,context_aware,medium,D4-Q042,exact_fact,1,1,1.0,344
D4,context_aware,medium,D4-Q043,paraphrase,1,1,1.0,344
D4,context_aware,medium,D4-Q044,exact_fact,1,1,1.0,344
D4,context_aware,medium,D4-Q045,numerical,1,1,1.0,344
D4,context_aware,medium,D4-Q046,procedural,1,1,1.0,344
D4,context_aware,medium,D4-Q047,numerical,1,1,1.0,344
D4,context_aware,medium,D4-Q048,procedural,1,1,1.0,344
D4,context_aware,medium,D4-Q049,exact_fact,1,1,1.0,344
D4,context_aware,medium,D4-Q050,conditional_exception,1,1,1.0,344
D4,context_aware,medium,D4-Q051,exact_fact,1,1,1.0,344
D4,context_aware,medium,D4-Q052,negation,1,1,1.0,344
D4,context_aware,medium,D4-Q053,procedural,1,1,1.0,344
D4,context_aware,medium,D4-Q054,numerical,1,1,1.0,344
D4,context_aware,medium,D4-Q055,numerical,1,1,1.0,344
D4,context_aware,medium,D4-Q056,numerical,1,1,1.0,344
D4,context_aware,medium,D4-Q057,conditional_exception,1,1,1.0,344
D4,context_aware,medium,D4-Q058,procedural,1,1,1.0,344
D4,context_aware,medium,D4-Q059,exact_fact,1,1,1.0,344
D4,context_aware,medium,D4-Q060,procedural,1,1,1.0,344
D4,context_aware,medium,D4-Q061,negative_query,1,1,1.0,344
D4,context_aware,medium,D4-Q062,conditional_exception,1,1,1.0,344
D4,context_aware,medium,D4-Q063,procedural,1,1,1.0,344
D4,context_aware,medium,D4-Q064,conditional_exception,1,1,1.0,344
D4,context_aware,medium,D4-Q065,negative_query,1,1,1.0,344
D4,context_aware,medium,D4-Q066,negative_query,1,1,1.0,344
D4,context_aware,medium,D4-Q067,negative_query,1,1,1.0,344
D4,context_aware,medium,D4-Q068,conditional_exception,1,1,1.0,344
D4,context_aware,medium,D4-Q069,negative_query,1,1,1.0,344
D4,context_aware,medium,D4-Q070,negative_query,1,1,1.0,344
D4,context_aware,medium,D4-Q071,negative_query,1,1,1.0,344
D4,context_aware,medium,D4-Q072,negative_query,1,1,1.0,344
D4,context_aware,medium,D4-Q073,negative_query,1,1,1.0,344
D4,context_aware,medium,D4-Q074,temporal,1,1,1.0,344
D4,context_aware,medium,D4-Q075,negative_query,1,1,1.0,344
D4,context_aware,medium,D4-Q076,negation,1,1,1.0,344
D4,context_aware,medium,D4-Q077,conditional_exception,1,1,1.0,344
D4,context_aware,medium,D4-Q078,temporal,1,1,1.0,344
D4,context_aware,medium,D4-Q079,conditional_exception,1,1,1.0,344
D4,context_aware,medium,D4-Q080,conditional_exception,1,1,1.0,344
D4,context_aware,medium,D4-Q081,procedural,1,1,1.0,344
D4,context_aware,medium,D4-Q082,procedural,1,1,1.0,344
D4,context_aware,medium,D4-Q083,numerical,1,1,1.0,344
D4,context_aware,medium,D4-Q084,numerical,1,1,1.0,344
D4,context_aware,medium,D4-Q085,numerical,1,1,1.0,344
D4,context_aware,medium,D4-Q086,procedural,1,1,1.0,344
D4,context_aware,medium,D4-Q087,procedural,1,1,1.0,344
D4,context_aware,medium,D4-Q088,exact_fact,1,1,1.0,344
D4,context_aware,medium,D4-Q089,exact_fact,1,1,1.0,344
D4,context_aware,medium,D4-Q090,list_membership,1,1,1.0,344
D4,context_aware,medium,D4-Q091,conditional_exception,1,1,1.0,344
D4,context_aware,medium,D4-Q092,exact_fact,1,1,1.0,344
D4,context_aware,medium,D4-Q093,negative_query,1,1,1.0,344
D4,context_aware,medium,D4-Q094,exact_fact,1,1,1.0,344
D4,context_aware,medium,D4-Q095,temporal,1,1,1.0,344
D4,context_aware,medium,D4-Q096,numerical,1,1,1.0,344
D4,context_aware,medium,D4-Q097,temporal,1,1,1.0,344
D4,context_aware,medium,D4-Q098,negation,1,1,1.0,344
D4,context_aware,medium,D4-Q099,numerical,1,1,1.0,344
D4,context_aware,medium,D4-Q100,procedural,1,1,1.0,344
D4,context_aware,medium,D4-Q101,exact_fact,1,1,1.0,344
D4,context_aware,medium,D4-Q102,comparison,1,1,1.0,344
D4,context_aware,medium,D4-Q103,comparison,1,1,1.0,344
D4,context_aware,medium,D4-Q104,negation,1,1,1.0,344
D4,context_aware,medium,D4-Q105,procedural,1,1,1.0,344
D4,context_aware,medium,D4-Q106,procedural,1,1,1.0,344
D4,context_aware,medium,D4-Q107,conditional_exception,1,1,1.0,344
D4,context_aware,medium,D4-Q108,conditional_exception,1,1,1.0,344
D4,context_aware,medium,D4-Q109,procedural,1,1,1.0,344
D4,context_aware,medium,D4-Q110,exact_fact,1,1,1.0,344
D4,context_aware,medium,D4-Q111,exact_fact,1,1,1.0,344
D4,context_aware,medium,D4-Q112,list_membership,1,1,1.0,344
D4,context_aware,medium,D4-Q113,conditional_exception,1,1,1.0,344
D4,context_aware,medium,D4-Q114,exact_fact,1,1,1.0,344
D4,context_aware,medium,D4-Q115,temporal,1,1,1.0,344
D4,context_aware,medium,D4-Q116,comparison,1,1,1.0,344
D4,context_aware,medium,D4-Q117,comparison,1,1,1.0,344
D4,context_aware,medium,D4-Q118,procedural,2,2,1.0,344
D4,context_aware,medium,D4-Q119,procedural,1,1,1.0,344
D4,context_aware,medium,D4-Q120,procedural,1,1,1.0,344
D4,context_aware,medium,D4-Q121,negation,1,1,1.0,344
D4,context_aware,medium,D4-Q122,numerical,1,1,1.0,344
D4,context_aware,medium,D4-Q123,conditional_exception,1,1,1.0,344
D4,context_aware,medium,D4-Q124,numerical,1,1,1.0,344
D4,context_aware,medium,D4-Q125,procedural,1,1,1.0,344
D4,context_aware,medium,D4-Q126,numerical,1,1,1.0,344
D4,context_aware,medium,D4-Q127,exact_fact,1,1,1.0,344
D4,context_aware,medium,D4-Q128,list_membership,4,4,1.0,344
D4,context_aware,medium,D4-Q129,numerical,1,1,1.0,344
D4,context_aware,medium,D4-Q130,numerical,1,1,1.0,344
D4,context_aware,medium,D4-Q131,procedural,1,1,1.0,344
D4,context_aware,medium,D4-Q132,procedural,1,1,1.0,344
D4,context_aware,medium,D4-Q133,conditional_exception,3,3,1.0,344
D4,context_aware,medium,D4-Q134,exact_fact,1,1,1.0,344
D4,context_aware,medium,D4-Q135,exact_fact,1,1,1.0,344
D4,context_aware,medium,D4-Q136,negation,1,1,1.0,344
D4,context_aware,medium,D4-Q137,negative_query,1,1,1.0,344
D4,context_aware,medium,D4-Q138,negative_query,1,1,1.0,344
D4,context_aware,medium,D4-Q139,numerical,1,1,1.0,344
D4,context_aware,medium,D4-Q140,procedural,1,1,1.0,344
D4,context_aware,medium,D4-Q141,procedural,1,1,1.0,344
D4,context_aware,medium,D4-Q142,exact_fact,1,1,1.0,344
D4,context_aware,medium,D4-Q143,exact_fact,1,1,1.0,344
D4,context_aware,medium,D4-Q144,exact_fact,1,1,1.0,344
D4,context_aware,medium,D4-Q145,procedural,1,1,1.0,344
D4,context_aware,medium,D4-Q146,numerical,1,1,1.0,344
D4,context_aware,medium,D4-Q147,exact_fact,1,1,1.0,344
D4,context_aware,medium,D4-Q148,exact_fact,1,1,1.0,344
D4,context_aware,medium,D4-Q149,exact_fact,1,1,1.0,344
D4,context_aware,medium,D4-Q150,procedural,1,1,1.0,344
D4,context_aware,medium,D4-Q151,exact_fact,1,1,1.0,344
D4,context_aware,medium,D4-Q152,procedural,1,1,1.0,344
D4,context_aware,medium,D4-Q153,procedural,1,1,1.0,344
D4,context_aware,medium,D4-Q154,temporal,1,1,1.0,344
D4,context_aware,medium,D4-Q155,exact_fact,1,1,1.0,344
D4,context_aware,medium,D4-Q156,exact_fact,4,4,1.0,344
D4,context_aware,medium,D4-Q157,list_membership,1,1,1.0,344
D4,context_aware,medium,D4-Q158,list_membership,1,1,1.0,344
D4,context_aware,medium,D4-Q159,list_membership,1,1,1.0,344
D4,context_aware,medium,D4-Q160,list_membership,1,1,1.0,344
D4,context_aware,medium,D4-Q161,paraphrase,1,1,1.0,344
D4,context_aware,medium,D4-Q162,numerical,1,1,1.0,344
D4,context_aware,medium,D4-Q163,numerical,1,1,1.0,344
D4,context_aware,medium,D4-Q164,numerical,1,1,1.0,344
D4,context_aware,medium,D4-Q165,numerical,1,1,1.0,344
D4,context_aware,medium,D4-Q166,numerical,1,1,1.0,344
D4,context_aware,medium,D4-Q167,negative_query,1,1,1.0,344
D4,context_aware,medium,D4-Q168,negation,1,1,1.0,344
D4,context_aware,medium,D4-Q169,negation,1,1,1.0,344
D4,context_aware,medium,D4-Q170,numerical,1,1,1.0,344
D4,context_aware,medium,D4-Q171,numerical,1,1,1.0,344
D4,context_aware,medium,D4-Q172,exact_fact,1,1,1.0,344
D4,context_aware,medium,D4-Q173,numerical,1,1,1.0,344
D4,context_aware,medium,D4-Q174,numerical,1,1,1.0,344
D4,context_aware,medium,D4-Q175,numerical,1,1,1.0,344
D4,context_aware,medium,D4-Q176,table_lookup,1,1,1.0,344
D4,context_aware,medium,D4-Q177,numerical,1,1,1.0,344
D4,context_aware,medium,D4-Q178,numerical,1,1,1.0,344
D4,context_aware,medium,D4-Q179,exact_fact,1,1,1.0,344
D4,context_aware,medium,D4-Q180,exact_fact,1,1,1.0,344
D4,context_aware,medium,D4-Q181,procedural,1,1,1.0,344
D4,context_aware,medium,D4-Q182,procedural,1,1,1.0,344
D4,context_aware,medium,D4-Q183,conditional_exception,1,1,1.0,344
D4,context_aware,medium,D4-Q184,conditional_exception,1,1,1.0,344
D4,context_aware,medium,D4-Q185,procedural,1,1,1.0,344
D4,context_aware,medium,D4-Q186,procedural,1,1,1.0,344
D4,context_aware,medium,D4-Q187,procedural,1,1,1.0,344
D4,context_aware,medium,D4-Q188,procedural,1,1,1.0,344
D4,context_aware,medium,D4-Q189,procedural,1,1,1.0,344
D4,context_aware,medium,D4-Q190,procedural,1,1,1.0,344
D4,context_aware,medium,D4-Q191,procedural,1,1,1.0,344
D4,context_aware,medium,D4-Q192,procedural,1,1,1.0,344
D4,context_aware,medium,D4-Q193,procedural,1,1,1.0,344
D4,context_aware,medium,D4-Q194,procedural,1,1,1.0,344
D4,context_aware,medium,D4-Q195,procedural,1,1,1.0,344
D4,context_aware,medium,D4-Q196,procedural,1,1,1.0,344
D4,context_aware,medium,D4-Q197,exact_fact,1,1,1.0,344
D4,context_aware,medium,D4-Q198,conditional_exception,1,1,1.0,344
D4,context_aware,medium,D4-Q199,table_lookup,1,1,1.0,344
D4,context_aware,medium,D4-Q200,table_lookup,1,1,1.0,344
D4,context_aware,advanced,D4-Q001,exact_fact,1,1,1.0,274
D4,context_aware,advanced,D4-Q002,exact_fact,1,1,1.0,274
D4,context_aware,advanced,D4-Q003,temporal,1,1,1.0,274
D4,context_aware,advanced,D4-Q004,list_membership,1,1,1.0,274
D4,context_aware,advanced,D4-Q005,exact_fact,1,1,1.0,274
D4,context_aware,advanced,D4-Q006,exact_fact,1,1,1.0,274
D4,context_aware,advanced,D4-Q007,exact_fact,1,1,1.0,274
D4,context_aware,advanced,D4-Q008,exact_fact,1,1,1.0,274
D4,context_aware,advanced,D4-Q009,exact_fact,1,1,1.0,274
D4,context_aware,advanced,D4-Q010,exact_fact,1,1,1.0,274
D4,context_aware,advanced,D4-Q011,exact_fact,1,1,1.0,274
D4,context_aware,advanced,D4-Q012,exact_fact,1,1,1.0,274
D4,context_aware,advanced,D4-Q013,exact_fact,1,1,1.0,274
D4,context_aware,advanced,D4-Q014,exact_fact,1,1,1.0,274
D4,context_aware,advanced,D4-Q015,exact_fact,1,1,1.0,274
D4,context_aware,advanced,D4-Q016,exact_fact,1,1,1.0,274
D4,context_aware,advanced,D4-Q017,exact_fact,1,1,1.0,274
D4,context_aware,advanced,D4-Q018,exact_fact,1,1,1.0,274
D4,context_aware,advanced,D4-Q019,exact_fact,1,1,1.0,274
D4,context_aware,advanced,D4-Q020,exact_fact,1,1,1.0,274
D4,context_aware,advanced,D4-Q021,exact_fact,1,1,1.0,274
D4,context_aware,advanced,D4-Q022,procedural,1,1,1.0,274
D4,context_aware,advanced,D4-Q023,numerical,1,1,1.0,274
D4,context_aware,advanced,D4-Q024,exact_fact,1,1,1.0,274
D4,context_aware,advanced,D4-Q025,exact_fact,1,1,1.0,274
D4,context_aware,advanced,D4-Q026,exact_fact,1,1,1.0,274
D4,context_aware,advanced,D4-Q027,exact_fact,1,1,1.0,274
D4,context_aware,advanced,D4-Q028,exact_fact,1,1,1.0,274
D4,context_aware,advanced,D4-Q029,exact_fact,1,1,1.0,274
D4,context_aware,advanced,D4-Q030,exact_fact,1,1,1.0,274
D4,context_aware,advanced,D4-Q031,exact_fact,1,1,1.0,274
D4,context_aware,advanced,D4-Q032,exact_fact,1,1,1.0,274
D4,context_aware,advanced,D4-Q033,exact_fact,1,1,1.0,274
D4,context_aware,advanced,D4-Q034,exact_fact,1,1,1.0,274
D4,context_aware,advanced,D4-Q035,exact_fact,1,1,1.0,274
D4,context_aware,advanced,D4-Q036,exact_fact,1,1,1.0,274
D4,context_aware,advanced,D4-Q037,exact_fact,1,1,1.0,274
D4,context_aware,advanced,D4-Q038,exact_fact,1,1,1.0,274
D4,context_aware,advanced,D4-Q039,exact_fact,1,1,1.0,274
D4,context_aware,advanced,D4-Q040,temporal,1,1,1.0,274
D4,context_aware,advanced,D4-Q041,exact_fact,1,1,1.0,274
D4,context_aware,advanced,D4-Q042,exact_fact,1,1,1.0,274
D4,context_aware,advanced,D4-Q043,paraphrase,1,1,1.0,274
D4,context_aware,advanced,D4-Q044,exact_fact,1,1,1.0,274
D4,context_aware,advanced,D4-Q045,numerical,1,1,1.0,274
D4,context_aware,advanced,D4-Q046,procedural,1,1,1.0,274
D4,context_aware,advanced,D4-Q047,numerical,1,1,1.0,274
D4,context_aware,advanced,D4-Q048,procedural,1,1,1.0,274
D4,context_aware,advanced,D4-Q049,exact_fact,1,1,1.0,274
D4,context_aware,advanced,D4-Q050,conditional_exception,1,1,1.0,274
D4,context_aware,advanced,D4-Q051,exact_fact,1,1,1.0,274
D4,context_aware,advanced,D4-Q052,negation,1,1,1.0,274
D4,context_aware,advanced,D4-Q053,procedural,1,1,1.0,274
D4,context_aware,advanced,D4-Q054,numerical,1,1,1.0,274
D4,context_aware,advanced,D4-Q055,numerical,1,1,1.0,274
D4,context_aware,advanced,D4-Q056,numerical,1,1,1.0,274
D4,context_aware,advanced,D4-Q057,conditional_exception,1,1,1.0,274
D4,context_aware,advanced,D4-Q058,procedural,1,1,1.0,274
D4,context_aware,advanced,D4-Q059,exact_fact,1,1,1.0,274
D4,context_aware,advanced,D4-Q060,procedural,1,1,1.0,274
D4,context_aware,advanced,D4-Q061,negative_query,1,1,1.0,274
D4,context_aware,advanced,D4-Q062,conditional_exception,1,1,1.0,274
D4,context_aware,advanced,D4-Q063,procedural,1,1,1.0,274
D4,context_aware,advanced,D4-Q064,conditional_exception,1,1,1.0,274
D4,context_aware,advanced,D4-Q065,negative_query,1,1,1.0,274
D4,context_aware,advanced,D4-Q066,negative_query,1,1,1.0,274
D4,context_aware,advanced,D4-Q067,negative_query,1,1,1.0,274
D4,context_aware,advanced,D4-Q068,conditional_exception,1,1,1.0,274
D4,context_aware,advanced,D4-Q069,negative_query,1,1,1.0,274
D4,context_aware,advanced,D4-Q070,negative_query,1,1,1.0,274
D4,context_aware,advanced,D4-Q071,negative_query,1,1,1.0,274
D4,context_aware,advanced,D4-Q072,negative_query,1,1,1.0,274
D4,context_aware,advanced,D4-Q073,negative_query,1,1,1.0,274
D4,context_aware,advanced,D4-Q074,temporal,1,1,1.0,274
D4,context_aware,advanced,D4-Q075,negative_query,1,1,1.0,274
D4,context_aware,advanced,D4-Q076,negation,1,1,1.0,274
D4,context_aware,advanced,D4-Q077,conditional_exception,1,1,1.0,274
D4,context_aware,advanced,D4-Q078,temporal,1,1,1.0,274
D4,context_aware,advanced,D4-Q079,conditional_exception,1,1,1.0,274
D4,context_aware,advanced,D4-Q080,conditional_exception,1,1,1.0,274
D4,context_aware,advanced,D4-Q081,procedural,1,1,1.0,274
D4,context_aware,advanced,D4-Q082,procedural,1,1,1.0,274
D4,context_aware,advanced,D4-Q083,numerical,1,1,1.0,274
D4,context_aware,advanced,D4-Q084,numerical,1,1,1.0,274
D4,context_aware,advanced,D4-Q085,numerical,1,1,1.0,274
D4,context_aware,advanced,D4-Q086,procedural,1,1,1.0,274
D4,context_aware,advanced,D4-Q087,procedural,1,1,1.0,274
D4,context_aware,advanced,D4-Q088,exact_fact,1,1,1.0,274
D4,context_aware,advanced,D4-Q089,exact_fact,1,1,1.0,274
D4,context_aware,advanced,D4-Q090,list_membership,1,1,1.0,274
D4,context_aware,advanced,D4-Q091,conditional_exception,1,1,1.0,274
D4,context_aware,advanced,D4-Q092,exact_fact,1,1,1.0,274
D4,context_aware,advanced,D4-Q093,negative_query,1,1,1.0,274
D4,context_aware,advanced,D4-Q094,exact_fact,1,1,1.0,274
D4,context_aware,advanced,D4-Q095,temporal,1,1,1.0,274
D4,context_aware,advanced,D4-Q096,numerical,1,1,1.0,274
D4,context_aware,advanced,D4-Q097,temporal,1,1,1.0,274
D4,context_aware,advanced,D4-Q098,negation,1,1,1.0,274
D4,context_aware,advanced,D4-Q099,numerical,1,1,1.0,274
D4,context_aware,advanced,D4-Q100,procedural,1,1,1.0,274
D4,context_aware,advanced,D4-Q101,exact_fact,1,1,1.0,274
D4,context_aware,advanced,D4-Q102,comparison,1,1,1.0,274
D4,context_aware,advanced,D4-Q103,comparison,1,1,1.0,274
D4,context_aware,advanced,D4-Q104,negation,1,1,1.0,274
D4,context_aware,advanced,D4-Q105,procedural,1,1,1.0,274
D4,context_aware,advanced,D4-Q106,procedural,1,1,1.0,274
D4,context_aware,advanced,D4-Q107,conditional_exception,1,1,1.0,274
D4,context_aware,advanced,D4-Q108,conditional_exception,1,1,1.0,274
D4,context_aware,advanced,D4-Q109,procedural,1,1,1.0,274
D4,context_aware,advanced,D4-Q110,exact_fact,1,1,1.0,274
D4,context_aware,advanced,D4-Q111,exact_fact,1,1,1.0,274
D4,context_aware,advanced,D4-Q112,list_membership,1,1,1.0,274
D4,context_aware,advanced,D4-Q113,conditional_exception,1,1,1.0,274
D4,context_aware,advanced,D4-Q114,exact_fact,1,1,1.0,274
D4,context_aware,advanced,D4-Q115,temporal,1,1,1.0,274
D4,context_aware,advanced,D4-Q116,comparison,1,1,1.0,274
D4,context_aware,advanced,D4-Q117,comparison,1,1,1.0,274
D4,context_aware,advanced,D4-Q118,procedural,2,2,1.0,274
D4,context_aware,advanced,D4-Q119,procedural,1,1,1.0,274
D4,context_aware,advanced,D4-Q120,procedural,1,1,1.0,274
D4,context_aware,advanced,D4-Q121,negation,1,1,1.0,274
D4,context_aware,advanced,D4-Q122,numerical,1,1,1.0,274
D4,context_aware,advanced,D4-Q123,conditional_exception,1,1,1.0,274
D4,context_aware,advanced,D4-Q124,numerical,1,1,1.0,274
D4,context_aware,advanced,D4-Q125,procedural,1,1,1.0,274
D4,context_aware,advanced,D4-Q126,numerical,1,1,1.0,274
D4,context_aware,advanced,D4-Q127,exact_fact,1,1,1.0,274
D4,context_aware,advanced,D4-Q128,list_membership,4,4,1.0,274
D4,context_aware,advanced,D4-Q129,numerical,1,1,1.0,274
D4,context_aware,advanced,D4-Q130,numerical,1,1,1.0,274
D4,context_aware,advanced,D4-Q131,procedural,1,1,1.0,274
D4,context_aware,advanced,D4-Q132,procedural,1,1,1.0,274
D4,context_aware,advanced,D4-Q133,conditional_exception,3,3,1.0,274
D4,context_aware,advanced,D4-Q134,exact_fact,1,1,1.0,274
D4,context_aware,advanced,D4-Q135,exact_fact,1,1,1.0,274
D4,context_aware,advanced,D4-Q136,negation,1,1,1.0,274
D4,context_aware,advanced,D4-Q137,negative_query,1,1,1.0,274
D4,context_aware,advanced,D4-Q138,negative_query,1,1,1.0,274
D4,context_aware,advanced,D4-Q139,numerical,1,1,1.0,274
D4,context_aware,advanced,D4-Q140,procedural,1,1,1.0,274
D4,context_aware,advanced,D4-Q141,procedural,1,1,1.0,274
D4,context_aware,advanced,D4-Q142,exact_fact,1,1,1.0,274
D4,context_aware,advanced,D4-Q143,exact_fact,1,1,1.0,274
D4,context_aware,advanced,D4-Q144,exact_fact,1,1,1.0,274
D4,context_aware,advanced,D4-Q145,procedural,1,1,1.0,274
D4,context_aware,advanced,D4-Q146,numerical,1,1,1.0,274
D4,context_aware,advanced,D4-Q147,exact_fact,1,1,1.0,274
D4,context_aware,advanced,D4-Q148,exact_fact,1,1,1.0,274
D4,context_aware,advanced,D4-Q149,exact_fact,1,1,1.0,274
D4,context_aware,advanced,D4-Q150,procedural,1,1,1.0,274
D4,context_aware,advanced,D4-Q151,exact_fact,1,1,1.0,274
D4,context_aware,advanced,D4-Q152,procedural,1,1,1.0,274
D4,context_aware,advanced,D4-Q153,procedural,1,1,1.0,274
D4,context_aware,advanced,D4-Q154,temporal,1,1,1.0,274
D4,context_aware,advanced,D4-Q155,exact_fact,1,1,1.0,274
D4,context_aware,advanced,D4-Q156,exact_fact,4,4,1.0,274
D4,context_aware,advanced,D4-Q157,list_membership,1,1,1.0,274
D4,context_aware,advanced,D4-Q158,list_membership,1,1,1.0,274
D4,context_aware,advanced,D4-Q159,list_membership,1,1,1.0,274
D4,context_aware,advanced,D4-Q160,list_membership,1,1,1.0,274
D4,context_aware,advanced,D4-Q161,paraphrase,1,1,1.0,274
D4,context_aware,advanced,D4-Q162,numerical,1,1,1.0,274
D4,context_aware,advanced,D4-Q163,numerical,1,1,1.0,274
D4,context_aware,advanced,D4-Q164,numerical,1,1,1.0,274
D4,context_aware,advanced,D4-Q165,numerical,1,1,1.0,274
D4,context_aware,advanced,D4-Q166,numerical,1,1,1.0,274
D4,context_aware,advanced,D4-Q167,negative_query,1,1,1.0,274
D4,context_aware,advanced,D4-Q168,negation,1,1,1.0,274
D4,context_aware,advanced,D4-Q169,negation,1,1,1.0,274
D4,context_aware,advanced,D4-Q170,numerical,1,1,1.0,274
D4,context_aware,advanced,D4-Q171,numerical,1,1,1.0,274
D4,context_aware,advanced,D4-Q172,exact_fact,1,1,1.0,274
D4,context_aware,advanced,D4-Q173,numerical,1,1,1.0,274
D4,context_aware,advanced,D4-Q174,numerical,1,1,1.0,274
D4,context_aware,advanced,D4-Q175,numerical,1,1,1.0,274
D4,context_aware,advanced,D4-Q176,table_lookup,1,1,1.0,274
D4,context_aware,advanced,D4-Q177,numerical,1,1,1.0,274
D4,context_aware,advanced,D4-Q178,numerical,1,1,1.0,274
D4,context_aware,advanced,D4-Q179,exact_fact,1,1,1.0,274
D4,context_aware,advanced,D4-Q180,exact_fact,1,1,1.0,274
D4,context_aware,advanced,D4-Q181,procedural,1,1,1.0,274
D4,context_aware,advanced,D4-Q182,procedural,1,1,1.0,274
D4,context_aware,advanced,D4-Q183,conditional_exception,1,1,1.0,274
D4,context_aware,advanced,D4-Q184,conditional_exception,1,1,1.0,274
D4,context_aware,advanced,D4-Q185,procedural,1,1,1.0,274
D4,context_aware,advanced,D4-Q186,procedural,1,1,1.0,274
D4,context_aware,advanced,D4-Q187,procedural,1,1,1.0,274
D4,context_aware,advanced,D4-Q188,procedural,1,1,1.0,274
D4,context_aware,advanced,D4-Q189,procedural,1,1,1.0,274
D4,context_aware,advanced,D4-Q190,procedural,1,1,1.0,274
D4,context_aware,advanced,D4-Q191,procedural,1,1,1.0,274
D4,context_aware,advanced,D4-Q192,procedural,1,1,1.0,274
D4,context_aware,advanced,D4-Q193,procedural,1,1,1.0,274
D4,context_aware,advanced,D4-Q194,procedural,1,1,1.0,274
D4,context_aware,advanced,D4-Q195,procedural,1,1,1.0,274
D4,context_aware,advanced,D4-Q196,procedural,1,1,1.0,274
D4,context_aware,advanced,D4-Q197,exact_fact,1,1,1.0,274
D4,context_aware,advanced,D4-Q198,conditional_exception,1,1,1.0,274
D4,context_aware,advanced,D4-Q199,table_lookup,1,1,1.0,274
D4,context_aware,advanced,D4-Q200,table_lookup,1,1,1.0,274
D4,docling,basic,D4-Q001,exact_fact,1,1,1.0,149
D4,docling,basic,D4-Q002,exact_fact,1,1,1.0,149
D4,docling,basic,D4-Q003,temporal,1,1,1.0,149
D4,docling,basic,D4-Q004,list_membership,1,1,1.0,149
D4,docling,basic,D4-Q005,exact_fact,1,1,1.0,149
D4,docling,basic,D4-Q006,exact_fact,1,1,1.0,149
D4,docling,basic,D4-Q007,exact_fact,1,1,1.0,149
D4,docling,basic,D4-Q008,exact_fact,1,1,1.0,149
D4,docling,basic,D4-Q009,exact_fact,1,1,1.0,149
D4,docling,basic,D4-Q010,exact_fact,1,1,1.0,149
D4,docling,basic,D4-Q011,exact_fact,1,1,1.0,149
D4,docling,basic,D4-Q012,exact_fact,1,1,1.0,149
D4,docling,basic,D4-Q013,exact_fact,1,1,1.0,149
D4,docling,basic,D4-Q014,exact_fact,1,1,1.0,149
D4,docling,basic,D4-Q015,exact_fact,1,1,1.0,149
D4,docling,basic,D4-Q016,exact_fact,1,1,1.0,149
D4,docling,basic,D4-Q017,exact_fact,1,1,1.0,149
D4,docling,basic,D4-Q018,exact_fact,1,1,1.0,149
D4,docling,basic,D4-Q019,exact_fact,1,1,1.0,149
D4,docling,basic,D4-Q020,exact_fact,1,1,1.0,149
D4,docling,basic,D4-Q021,exact_fact,1,1,1.0,149
D4,docling,basic,D4-Q022,procedural,1,1,1.0,149
D4,docling,basic,D4-Q023,numerical,1,1,1.0,149
D4,docling,basic,D4-Q024,exact_fact,1,1,1.0,149
D4,docling,basic,D4-Q025,exact_fact,1,1,1.0,149
D4,docling,basic,D4-Q026,exact_fact,1,1,1.0,149
D4,docling,basic,D4-Q027,exact_fact,1,1,1.0,149
D4,docling,basic,D4-Q028,exact_fact,1,1,1.0,149
D4,docling,basic,D4-Q029,exact_fact,1,1,1.0,149
D4,docling,basic,D4-Q030,exact_fact,1,1,1.0,149
D4,docling,basic,D4-Q031,exact_fact,1,1,1.0,149
D4,docling,basic,D4-Q032,exact_fact,1,1,1.0,149
D4,docling,basic,D4-Q033,exact_fact,1,1,1.0,149
D4,docling,basic,D4-Q034,exact_fact,1,1,1.0,149
D4,docling,basic,D4-Q035,exact_fact,1,1,1.0,149
D4,docling,basic,D4-Q036,exact_fact,1,1,1.0,149
D4,docling,basic,D4-Q037,exact_fact,1,1,1.0,149
D4,docling,basic,D4-Q038,exact_fact,1,1,1.0,149
D4,docling,basic,D4-Q039,exact_fact,1,1,1.0,149
D4,docling,basic,D4-Q040,temporal,1,1,1.0,149
D4,docling,basic,D4-Q041,exact_fact,1,1,1.0,149
D4,docling,basic,D4-Q042,exact_fact,1,1,1.0,149
D4,docling,basic,D4-Q043,paraphrase,1,1,1.0,149
D4,docling,basic,D4-Q044,exact_fact,1,1,1.0,149
D4,docling,basic,D4-Q045,numerical,1,1,1.0,149
D4,docling,basic,D4-Q046,procedural,1,1,1.0,149
D4,docling,basic,D4-Q047,numerical,1,1,1.0,149
D4,docling,basic,D4-Q048,procedural,1,1,1.0,149
D4,docling,basic,D4-Q049,exact_fact,1,1,1.0,149
D4,docling,basic,D4-Q050,conditional_exception,1,1,1.0,149
D4,docling,basic,D4-Q051,exact_fact,1,1,1.0,149
D4,docling,basic,D4-Q052,negation,1,1,1.0,149
D4,docling,basic,D4-Q053,procedural,1,1,1.0,149
D4,docling,basic,D4-Q054,numerical,1,1,1.0,149
D4,docling,basic,D4-Q055,numerical,1,1,1.0,149
D4,docling,basic,D4-Q056,numerical,1,1,1.0,149
D4,docling,basic,D4-Q057,conditional_exception,1,1,1.0,149
D4,docling,basic,D4-Q058,procedural,1,1,1.0,149
D4,docling,basic,D4-Q059,exact_fact,1,1,1.0,149
D4,docling,basic,D4-Q060,procedural,1,1,1.0,149
D4,docling,basic,D4-Q061,negative_query,1,1,1.0,149
D4,docling,basic,D4-Q062,conditional_exception,1,1,1.0,149
D4,docling,basic,D4-Q063,procedural,1,1,1.0,149
D4,docling,basic,D4-Q064,conditional_exception,1,1,1.0,149
D4,docling,basic,D4-Q065,negative_query,1,1,1.0,149
D4,docling,basic,D4-Q066,negative_query,1,1,1.0,149
D4,docling,basic,D4-Q067,negative_query,1,1,1.0,149
D4,docling,basic,D4-Q068,conditional_exception,1,1,1.0,149
D4,docling,basic,D4-Q069,negative_query,1,1,1.0,149
D4,docling,basic,D4-Q070,negative_query,1,1,1.0,149
D4,docling,basic,D4-Q071,negative_query,1,1,1.0,149
D4,docling,basic,D4-Q072,negative_query,1,1,1.0,149
D4,docling,basic,D4-Q073,negative_query,1,1,1.0,149
D4,docling,basic,D4-Q074,temporal,1,1,1.0,149
D4,docling,basic,D4-Q075,negative_query,1,1,1.0,149
D4,docling,basic,D4-Q076,negation,1,1,1.0,149
D4,docling,basic,D4-Q077,conditional_exception,1,1,1.0,149
D4,docling,basic,D4-Q078,temporal,1,1,1.0,149
D4,docling,basic,D4-Q079,conditional_exception,1,1,1.0,149
D4,docling,basic,D4-Q080,conditional_exception,1,1,1.0,149
D4,docling,basic,D4-Q081,procedural,1,1,1.0,149
D4,docling,basic,D4-Q082,procedural,1,1,1.0,149
D4,docling,basic,D4-Q083,numerical,1,1,1.0,149
D4,docling,basic,D4-Q084,numerical,1,1,1.0,149
D4,docling,basic,D4-Q085,numerical,1,1,1.0,149
D4,docling,basic,D4-Q086,procedural,1,1,1.0,149
D4,docling,basic,D4-Q087,procedural,1,1,1.0,149
D4,docling,basic,D4-Q088,exact_fact,1,1,1.0,149
D4,docling,basic,D4-Q089,exact_fact,1,1,1.0,149
D4,docling,basic,D4-Q090,list_membership,1,1,1.0,149
D4,docling,basic,D4-Q091,conditional_exception,1,1,1.0,149
D4,docling,basic,D4-Q092,exact_fact,1,1,1.0,149
D4,docling,basic,D4-Q093,negative_query,1,1,1.0,149
D4,docling,basic,D4-Q094,exact_fact,1,1,1.0,149
D4,docling,basic,D4-Q095,temporal,1,1,1.0,149
D4,docling,basic,D4-Q096,numerical,1,1,1.0,149
D4,docling,basic,D4-Q097,temporal,1,1,1.0,149
D4,docling,basic,D4-Q098,negation,1,1,1.0,149
D4,docling,basic,D4-Q099,numerical,1,1,1.0,149
D4,docling,basic,D4-Q100,procedural,1,1,1.0,149
D4,docling,basic,D4-Q101,exact_fact,1,1,1.0,149
D4,docling,basic,D4-Q102,comparison,1,1,1.0,149
D4,docling,basic,D4-Q103,comparison,1,1,1.0,149
D4,docling,basic,D4-Q104,negation,1,1,1.0,149
D4,docling,basic,D4-Q105,procedural,1,1,1.0,149
D4,docling,basic,D4-Q106,procedural,1,1,1.0,149
D4,docling,basic,D4-Q107,conditional_exception,1,1,1.0,149
D4,docling,basic,D4-Q108,conditional_exception,1,1,1.0,149
D4,docling,basic,D4-Q109,procedural,1,1,1.0,149
D4,docling,basic,D4-Q110,exact_fact,1,1,1.0,149
D4,docling,basic,D4-Q111,exact_fact,1,1,1.0,149
D4,docling,basic,D4-Q112,list_membership,1,1,1.0,149
D4,docling,basic,D4-Q113,conditional_exception,1,1,1.0,149
D4,docling,basic,D4-Q114,exact_fact,1,1,1.0,149
D4,docling,basic,D4-Q115,temporal,1,1,1.0,149
D4,docling,basic,D4-Q116,comparison,1,1,1.0,149
D4,docling,basic,D4-Q117,comparison,1,1,1.0,149
D4,docling,basic,D4-Q118,procedural,2,2,1.0,149
D4,docling,basic,D4-Q119,procedural,1,1,1.0,149
D4,docling,basic,D4-Q120,procedural,1,1,1.0,149
D4,docling,basic,D4-Q121,negation,1,1,1.0,149
D4,docling,basic,D4-Q122,numerical,1,1,1.0,149
D4,docling,basic,D4-Q123,conditional_exception,1,1,1.0,149
D4,docling,basic,D4-Q124,numerical,1,1,1.0,149
D4,docling,basic,D4-Q125,procedural,1,1,1.0,149
D4,docling,basic,D4-Q126,numerical,1,1,1.0,149
D4,docling,basic,D4-Q127,exact_fact,1,1,1.0,149
D4,docling,basic,D4-Q128,list_membership,4,4,1.0,149
D4,docling,basic,D4-Q129,numerical,1,1,1.0,149
D4,docling,basic,D4-Q130,numerical,1,1,1.0,149
D4,docling,basic,D4-Q131,procedural,1,1,1.0,149
D4,docling,basic,D4-Q132,procedural,1,1,1.0,149
D4,docling,basic,D4-Q133,conditional_exception,3,3,1.0,149
D4,docling,basic,D4-Q134,exact_fact,1,1,1.0,149
D4,docling,basic,D4-Q135,exact_fact,1,1,1.0,149
D4,docling,basic,D4-Q136,negation,1,1,1.0,149
D4,docling,basic,D4-Q137,negative_query,1,1,1.0,149
D4,docling,basic,D4-Q138,negative_query,1,1,1.0,149
D4,docling,basic,D4-Q139,numerical,1,1,1.0,149
D4,docling,basic,D4-Q140,procedural,1,1,1.0,149
D4,docling,basic,D4-Q141,procedural,1,1,1.0,149
D4,docling,basic,D4-Q142,exact_fact,1,1,1.0,149
D4,docling,basic,D4-Q143,exact_fact,1,1,1.0,149
D4,docling,basic,D4-Q144,exact_fact,1,1,1.0,149
D4,docling,basic,D4-Q145,procedural,1,1,1.0,149
D4,docling,basic,D4-Q146,numerical,1,1,1.0,149
D4,docling,basic,D4-Q147,exact_fact,1,1,1.0,149
D4,docling,basic,D4-Q148,exact_fact,1,1,1.0,149
D4,docling,basic,D4-Q149,exact_fact,1,1,1.0,149
D4,docling,basic,D4-Q150,procedural,1,1,1.0,149
D4,docling,basic,D4-Q151,exact_fact,1,1,1.0,149
D4,docling,basic,D4-Q152,procedural,1,1,1.0,149
D4,docling,basic,D4-Q153,procedural,1,1,1.0,149
D4,docling,basic,D4-Q154,temporal,1,1,1.0,149
D4,docling,basic,D4-Q155,exact_fact,1,1,1.0,149
D4,docling,basic,D4-Q156,exact_fact,4,4,1.0,149
D4,docling,basic,D4-Q157,list_membership,1,1,1.0,149
D4,docling,basic,D4-Q158,list_membership,1,1,1.0,149
D4,docling,basic,D4-Q159,list_membership,1,1,1.0,149
D4,docling,basic,D4-Q160,list_membership,1,1,1.0,149
D4,docling,basic,D4-Q161,paraphrase,1,1,1.0,149
D4,docling,basic,D4-Q162,numerical,1,1,1.0,149
D4,docling,basic,D4-Q163,numerical,1,1,1.0,149
D4,docling,basic,D4-Q164,numerical,1,1,1.0,149
D4,docling,basic,D4-Q165,numerical,1,1,1.0,149
D4,docling,basic,D4-Q166,numerical,1,1,1.0,149
D4,docling,basic,D4-Q167,negative_query,1,1,1.0,149
D4,docling,basic,D4-Q168,negation,1,1,1.0,149
D4,docling,basic,D4-Q169,negation,1,1,1.0,149
D4,docling,basic,D4-Q170,numerical,1,1,1.0,149
D4,docling,basic,D4-Q171,numerical,1,1,1.0,149
D4,docling,basic,D4-Q172,exact_fact,1,1,1.0,149
D4,docling,basic,D4-Q173,numerical,1,0,0.0,149
D4,docling,basic,D4-Q174,numerical,1,1,1.0,149
D4,docling,basic,D4-Q175,numerical,1,1,1.0,149
D4,docling,basic,D4-Q176,table_lookup,1,1,1.0,149
D4,docling,basic,D4-Q177,numerical,1,1,1.0,149
D4,docling,basic,D4-Q178,numerical,1,1,1.0,149
D4,docling,basic,D4-Q179,exact_fact,1,1,1.0,149
D4,docling,basic,D4-Q180,exact_fact,1,1,1.0,149
D4,docling,basic,D4-Q181,procedural,1,1,1.0,149
D4,docling,basic,D4-Q182,procedural,1,1,1.0,149
D4,docling,basic,D4-Q183,conditional_exception,1,1,1.0,149
D4,docling,basic,D4-Q184,conditional_exception,1,1,1.0,149
D4,docling,basic,D4-Q185,procedural,1,1,1.0,149
D4,docling,basic,D4-Q186,procedural,1,1,1.0,149
D4,docling,basic,D4-Q187,procedural,1,1,1.0,149
D4,docling,basic,D4-Q188,procedural,1,1,1.0,149
D4,docling,basic,D4-Q189,procedural,1,1,1.0,149
D4,docling,basic,D4-Q190,procedural,1,1,1.0,149
D4,docling,basic,D4-Q191,procedural,1,1,1.0,149
D4,docling,basic,D4-Q192,procedural,1,1,1.0,149
D4,docling,basic,D4-Q193,procedural,1,1,1.0,149
D4,docling,basic,D4-Q194,procedural,1,1,1.0,149
D4,docling,basic,D4-Q195,procedural,1,1,1.0,149
D4,docling,basic,D4-Q196,procedural,1,1,1.0,149
D4,docling,basic,D4-Q197,exact_fact,1,1,1.0,149
D4,docling,basic,D4-Q198,conditional_exception,1,0,0.0,149
D4,docling,basic,D4-Q199,table_lookup,1,1,1.0,149
D4,docling,basic,D4-Q200,table_lookup,1,1,1.0,149
D4,docling,medium,D4-Q001,exact_fact,1,1,1.0,635
D4,docling,medium,D4-Q002,exact_fact,1,1,1.0,635
D4,docling,medium,D4-Q003,temporal,1,1,1.0,635
D4,docling,medium,D4-Q004,list_membership,1,1,1.0,635
D4,docling,medium,D4-Q005,exact_fact,1,1,1.0,635
D4,docling,medium,D4-Q006,exact_fact,1,1,1.0,635
D4,docling,medium,D4-Q007,exact_fact,1,1,1.0,635
D4,docling,medium,D4-Q008,exact_fact,1,1,1.0,635
D4,docling,medium,D4-Q009,exact_fact,1,1,1.0,635
D4,docling,medium,D4-Q010,exact_fact,1,1,1.0,635
D4,docling,medium,D4-Q011,exact_fact,1,1,1.0,635
D4,docling,medium,D4-Q012,exact_fact,1,1,1.0,635
D4,docling,medium,D4-Q013,exact_fact,1,1,1.0,635
D4,docling,medium,D4-Q014,exact_fact,1,1,1.0,635
D4,docling,medium,D4-Q015,exact_fact,1,1,1.0,635
D4,docling,medium,D4-Q016,exact_fact,1,1,1.0,635
D4,docling,medium,D4-Q017,exact_fact,1,1,1.0,635
D4,docling,medium,D4-Q018,exact_fact,1,1,1.0,635
D4,docling,medium,D4-Q019,exact_fact,1,1,1.0,635
D4,docling,medium,D4-Q020,exact_fact,1,1,1.0,635
D4,docling,medium,D4-Q021,exact_fact,1,1,1.0,635
D4,docling,medium,D4-Q022,procedural,1,1,1.0,635
D4,docling,medium,D4-Q023,numerical,1,1,1.0,635
D4,docling,medium,D4-Q024,exact_fact,1,1,1.0,635
D4,docling,medium,D4-Q025,exact_fact,1,1,1.0,635
D4,docling,medium,D4-Q026,exact_fact,1,1,1.0,635
D4,docling,medium,D4-Q027,exact_fact,1,1,1.0,635
D4,docling,medium,D4-Q028,exact_fact,1,1,1.0,635
D4,docling,medium,D4-Q029,exact_fact,1,1,1.0,635
D4,docling,medium,D4-Q030,exact_fact,1,1,1.0,635
D4,docling,medium,D4-Q031,exact_fact,1,1,1.0,635
D4,docling,medium,D4-Q032,exact_fact,1,1,1.0,635
D4,docling,medium,D4-Q033,exact_fact,1,1,1.0,635
D4,docling,medium,D4-Q034,exact_fact,1,1,1.0,635
D4,docling,medium,D4-Q035,exact_fact,1,1,1.0,635
D4,docling,medium,D4-Q036,exact_fact,1,1,1.0,635
D4,docling,medium,D4-Q037,exact_fact,1,1,1.0,635
D4,docling,medium,D4-Q038,exact_fact,1,1,1.0,635
D4,docling,medium,D4-Q039,exact_fact,1,1,1.0,635
D4,docling,medium,D4-Q040,temporal,1,1,1.0,635
D4,docling,medium,D4-Q041,exact_fact,1,1,1.0,635
D4,docling,medium,D4-Q042,exact_fact,1,1,1.0,635
D4,docling,medium,D4-Q043,paraphrase,1,1,1.0,635
D4,docling,medium,D4-Q044,exact_fact,1,1,1.0,635
D4,docling,medium,D4-Q045,numerical,1,1,1.0,635
D4,docling,medium,D4-Q046,procedural,1,1,1.0,635
D4,docling,medium,D4-Q047,numerical,1,1,1.0,635
D4,docling,medium,D4-Q048,procedural,1,1,1.0,635
D4,docling,medium,D4-Q049,exact_fact,1,1,1.0,635
D4,docling,medium,D4-Q050,conditional_exception,1,1,1.0,635
D4,docling,medium,D4-Q051,exact_fact,1,1,1.0,635
D4,docling,medium,D4-Q052,negation,1,1,1.0,635
D4,docling,medium,D4-Q053,procedural,1,1,1.0,635
D4,docling,medium,D4-Q054,numerical,1,1,1.0,635
D4,docling,medium,D4-Q055,numerical,1,1,1.0,635
D4,docling,medium,D4-Q056,numerical,1,1,1.0,635
D4,docling,medium,D4-Q057,conditional_exception,1,1,1.0,635
D4,docling,medium,D4-Q058,procedural,1,1,1.0,635
D4,docling,medium,D4-Q059,exact_fact,1,1,1.0,635
D4,docling,medium,D4-Q060,procedural,1,1,1.0,635
D4,docling,medium,D4-Q061,negative_query,1,1,1.0,635
D4,docling,medium,D4-Q062,conditional_exception,1,1,1.0,635
D4,docling,medium,D4-Q063,procedural,1,0,0.0,635
D4,docling,medium,D4-Q064,conditional_exception,1,1,1.0,635
D4,docling,medium,D4-Q065,negative_query,1,1,1.0,635
D4,docling,medium,D4-Q066,negative_query,1,1,1.0,635
D4,docling,medium,D4-Q067,negative_query,1,1,1.0,635
D4,docling,medium,D4-Q068,conditional_exception,1,1,1.0,635
D4,docling,medium,D4-Q069,negative_query,1,1,1.0,635
D4,docling,medium,D4-Q070,negative_query,1,1,1.0,635
D4,docling,medium,D4-Q071,negative_query,1,1,1.0,635
D4,docling,medium,D4-Q072,negative_query,1,1,1.0,635
D4,docling,medium,D4-Q073,negative_query,1,1,1.0,635
D4,docling,medium,D4-Q074,temporal,1,1,1.0,635
D4,docling,medium,D4-Q075,negative_query,1,1,1.0,635
D4,docling,medium,D4-Q076,negation,1,1,1.0,635
D4,docling,medium,D4-Q077,conditional_exception,1,1,1.0,635
D4,docling,medium,D4-Q078,temporal,1,1,1.0,635
D4,docling,medium,D4-Q079,conditional_exception,1,1,1.0,635
D4,docling,medium,D4-Q080,conditional_exception,1,1,1.0,635
D4,docling,medium,D4-Q081,procedural,1,1,1.0,635
D4,docling,medium,D4-Q082,procedural,1,1,1.0,635
D4,docling,medium,D4-Q083,numerical,1,1,1.0,635
D4,docling,medium,D4-Q084,numerical,1,1,1.0,635
D4,docling,medium,D4-Q085,numerical,1,1,1.0,635
D4,docling,medium,D4-Q086,procedural,1,1,1.0,635
D4,docling,medium,D4-Q087,procedural,1,1,1.0,635
D4,docling,medium,D4-Q088,exact_fact,1,1,1.0,635
D4,docling,medium,D4-Q089,exact_fact,1,1,1.0,635
D4,docling,medium,D4-Q090,list_membership,1,1,1.0,635
D4,docling,medium,D4-Q091,conditional_exception,1,1,1.0,635
D4,docling,medium,D4-Q092,exact_fact,1,1,1.0,635
D4,docling,medium,D4-Q093,negative_query,1,1,1.0,635
D4,docling,medium,D4-Q094,exact_fact,1,1,1.0,635
D4,docling,medium,D4-Q095,temporal,1,1,1.0,635
D4,docling,medium,D4-Q096,numerical,1,1,1.0,635
D4,docling,medium,D4-Q097,temporal,1,1,1.0,635
D4,docling,medium,D4-Q098,negation,1,1,1.0,635
D4,docling,medium,D4-Q099,numerical,1,1,1.0,635
D4,docling,medium,D4-Q100,procedural,1,1,1.0,635
D4,docling,medium,D4-Q101,exact_fact,1,1,1.0,635
D4,docling,medium,D4-Q102,comparison,1,1,1.0,635
D4,docling,medium,D4-Q103,comparison,1,1,1.0,635
D4,docling,medium,D4-Q104,negation,1,1,1.0,635
D4,docling,medium,D4-Q105,procedural,1,1,1.0,635
D4,docling,medium,D4-Q106,procedural,1,1,1.0,635
D4,docling,medium,D4-Q107,conditional_exception,1,1,1.0,635
D4,docling,medium,D4-Q108,conditional_exception,1,1,1.0,635
D4,docling,medium,D4-Q109,procedural,1,1,1.0,635
D4,docling,medium,D4-Q110,exact_fact,1,1,1.0,635
D4,docling,medium,D4-Q111,exact_fact,1,1,1.0,635
D4,docling,medium,D4-Q112,list_membership,1,1,1.0,635
D4,docling,medium,D4-Q113,conditional_exception,1,1,1.0,635
D4,docling,medium,D4-Q114,exact_fact,1,1,1.0,635
D4,docling,medium,D4-Q115,temporal,1,1,1.0,635
D4,docling,medium,D4-Q116,comparison,1,1,1.0,635
D4,docling,medium,D4-Q117,comparison,1,1,1.0,635
D4,docling,medium,D4-Q118,procedural,2,2,1.0,635
D4,docling,medium,D4-Q119,procedural,1,1,1.0,635
D4,docling,medium,D4-Q120,procedural,1,1,1.0,635
D4,docling,medium,D4-Q121,negation,1,1,1.0,635
D4,docling,medium,D4-Q122,numerical,1,1,1.0,635
D4,docling,medium,D4-Q123,conditional_exception,1,1,1.0,635
D4,docling,medium,D4-Q124,numerical,1,1,1.0,635
D4,docling,medium,D4-Q125,procedural,1,1,1.0,635
D4,docling,medium,D4-Q126,numerical,1,1,1.0,635
D4,docling,medium,D4-Q127,exact_fact,1,1,1.0,635
D4,docling,medium,D4-Q128,list_membership,4,4,1.0,635
D4,docling,medium,D4-Q129,numerical,1,1,1.0,635
D4,docling,medium,D4-Q130,numerical,1,1,1.0,635
D4,docling,medium,D4-Q131,procedural,1,1,1.0,635
D4,docling,medium,D4-Q132,procedural,1,1,1.0,635
D4,docling,medium,D4-Q133,conditional_exception,3,3,1.0,635
D4,docling,medium,D4-Q134,exact_fact,1,1,1.0,635
D4,docling,medium,D4-Q135,exact_fact,1,1,1.0,635
D4,docling,medium,D4-Q136,negation,1,1,1.0,635
D4,docling,medium,D4-Q137,negative_query,1,1,1.0,635
D4,docling,medium,D4-Q138,negative_query,1,1,1.0,635
D4,docling,medium,D4-Q139,numerical,1,1,1.0,635
D4,docling,medium,D4-Q140,procedural,1,1,1.0,635
D4,docling,medium,D4-Q141,procedural,1,1,1.0,635
D4,docling,medium,D4-Q142,exact_fact,1,1,1.0,635
D4,docling,medium,D4-Q143,exact_fact,1,1,1.0,635
D4,docling,medium,D4-Q144,exact_fact,1,1,1.0,635
D4,docling,medium,D4-Q145,procedural,1,1,1.0,635
D4,docling,medium,D4-Q146,numerical,1,1,1.0,635
D4,docling,medium,D4-Q147,exact_fact,1,1,1.0,635
D4,docling,medium,D4-Q148,exact_fact,1,1,1.0,635
D4,docling,medium,D4-Q149,exact_fact,1,1,1.0,635
D4,docling,medium,D4-Q150,procedural,1,1,1.0,635
D4,docling,medium,D4-Q151,exact_fact,1,1,1.0,635
D4,docling,medium,D4-Q152,procedural,1,1,1.0,635
D4,docling,medium,D4-Q153,procedural,1,1,1.0,635
D4,docling,medium,D4-Q154,temporal,1,1,1.0,635
D4,docling,medium,D4-Q155,exact_fact,1,1,1.0,635
D4,docling,medium,D4-Q156,exact_fact,4,4,1.0,635
D4,docling,medium,D4-Q157,list_membership,1,1,1.0,635
D4,docling,medium,D4-Q158,list_membership,1,1,1.0,635
D4,docling,medium,D4-Q159,list_membership,1,1,1.0,635
D4,docling,medium,D4-Q160,list_membership,1,1,1.0,635
D4,docling,medium,D4-Q161,paraphrase,1,1,1.0,635
D4,docling,medium,D4-Q162,numerical,1,1,1.0,635
D4,docling,medium,D4-Q163,numerical,1,1,1.0,635
D4,docling,medium,D4-Q164,numerical,1,1,1.0,635
D4,docling,medium,D4-Q165,numerical,1,1,1.0,635
D4,docling,medium,D4-Q166,numerical,1,1,1.0,635
D4,docling,medium,D4-Q167,negative_query,1,1,1.0,635
D4,docling,medium,D4-Q168,negation,1,1,1.0,635
D4,docling,medium,D4-Q169,negation,1,1,1.0,635
D4,docling,medium,D4-Q170,numerical,1,1,1.0,635
D4,docling,medium,D4-Q171,numerical,1,1,1.0,635
D4,docling,medium,D4-Q172,exact_fact,1,1,1.0,635
D4,docling,medium,D4-Q173,numerical,1,1,1.0,635
D4,docling,medium,D4-Q174,numerical,1,1,1.0,635
D4,docling,medium,D4-Q175,numerical,1,1,1.0,635
D4,docling,medium,D4-Q176,table_lookup,1,1,1.0,635
D4,docling,medium,D4-Q177,numerical,1,1,1.0,635
D4,docling,medium,D4-Q178,numerical,1,1,1.0,635
D4,docling,medium,D4-Q179,exact_fact,1,1,1.0,635
D4,docling,medium,D4-Q180,exact_fact,1,1,1.0,635
D4,docling,medium,D4-Q181,procedural,1,1,1.0,635
D4,docling,medium,D4-Q182,procedural,1,1,1.0,635
D4,docling,medium,D4-Q183,conditional_exception,1,1,1.0,635
D4,docling,medium,D4-Q184,conditional_exception,1,1,1.0,635
D4,docling,medium,D4-Q185,procedural,1,1,1.0,635
D4,docling,medium,D4-Q186,procedural,1,1,1.0,635
D4,docling,medium,D4-Q187,procedural,1,1,1.0,635
D4,docling,medium,D4-Q188,procedural,1,1,1.0,635
D4,docling,medium,D4-Q189,procedural,1,1,1.0,635
D4,docling,medium,D4-Q190,procedural,1,1,1.0,635
D4,docling,medium,D4-Q191,procedural,1,1,1.0,635
D4,docling,medium,D4-Q192,procedural,1,1,1.0,635
D4,docling,medium,D4-Q193,procedural,1,1,1.0,635
D4,docling,medium,D4-Q194,procedural,1,1,1.0,635
D4,docling,medium,D4-Q195,procedural,1,1,1.0,635
D4,docling,medium,D4-Q196,procedural,1,1,1.0,635
D4,docling,medium,D4-Q197,exact_fact,1,1,1.0,635
D4,docling,medium,D4-Q198,conditional_exception,1,1,1.0,635
D4,docling,medium,D4-Q199,table_lookup,1,1,1.0,635
D4,docling,medium,D4-Q200,table_lookup,1,1,1.0,635
D4,docling,advanced,D4-Q001,exact_fact,1,1,1.0,225
D4,docling,advanced,D4-Q002,exact_fact,1,1,1.0,225
D4,docling,advanced,D4-Q003,temporal,1,1,1.0,225
D4,docling,advanced,D4-Q004,list_membership,1,1,1.0,225
D4,docling,advanced,D4-Q005,exact_fact,1,1,1.0,225
D4,docling,advanced,D4-Q006,exact_fact,1,1,1.0,225
D4,docling,advanced,D4-Q007,exact_fact,1,1,1.0,225
D4,docling,advanced,D4-Q008,exact_fact,1,1,1.0,225
D4,docling,advanced,D4-Q009,exact_fact,1,1,1.0,225
D4,docling,advanced,D4-Q010,exact_fact,1,1,1.0,225
D4,docling,advanced,D4-Q011,exact_fact,1,1,1.0,225
D4,docling,advanced,D4-Q012,exact_fact,1,1,1.0,225
D4,docling,advanced,D4-Q013,exact_fact,1,1,1.0,225
D4,docling,advanced,D4-Q014,exact_fact,1,1,1.0,225
D4,docling,advanced,D4-Q015,exact_fact,1,1,1.0,225
D4,docling,advanced,D4-Q016,exact_fact,1,1,1.0,225
D4,docling,advanced,D4-Q017,exact_fact,1,1,1.0,225
D4,docling,advanced,D4-Q018,exact_fact,1,1,1.0,225
D4,docling,advanced,D4-Q019,exact_fact,1,1,1.0,225
D4,docling,advanced,D4-Q020,exact_fact,1,1,1.0,225
D4,docling,advanced,D4-Q021,exact_fact,1,1,1.0,225
D4,docling,advanced,D4-Q022,procedural,1,1,1.0,225
D4,docling,advanced,D4-Q023,numerical,1,1,1.0,225
D4,docling,advanced,D4-Q024,exact_fact,1,1,1.0,225
D4,docling,advanced,D4-Q025,exact_fact,1,1,1.0,225
D4,docling,advanced,D4-Q026,exact_fact,1,1,1.0,225
D4,docling,advanced,D4-Q027,exact_fact,1,1,1.0,225
D4,docling,advanced,D4-Q028,exact_fact,1,1,1.0,225
D4,docling,advanced,D4-Q029,exact_fact,1,1,1.0,225
D4,docling,advanced,D4-Q030,exact_fact,1,1,1.0,225
D4,docling,advanced,D4-Q031,exact_fact,1,1,1.0,225
D4,docling,advanced,D4-Q032,exact_fact,1,1,1.0,225
D4,docling,advanced,D4-Q033,exact_fact,1,1,1.0,225
D4,docling,advanced,D4-Q034,exact_fact,1,1,1.0,225
D4,docling,advanced,D4-Q035,exact_fact,1,1,1.0,225
D4,docling,advanced,D4-Q036,exact_fact,1,1,1.0,225
D4,docling,advanced,D4-Q037,exact_fact,1,1,1.0,225
D4,docling,advanced,D4-Q038,exact_fact,1,1,1.0,225
D4,docling,advanced,D4-Q039,exact_fact,1,1,1.0,225
D4,docling,advanced,D4-Q040,temporal,1,1,1.0,225
D4,docling,advanced,D4-Q041,exact_fact,1,1,1.0,225
D4,docling,advanced,D4-Q042,exact_fact,1,1,1.0,225
D4,docling,advanced,D4-Q043,paraphrase,1,1,1.0,225
D4,docling,advanced,D4-Q044,exact_fact,1,1,1.0,225
D4,docling,advanced,D4-Q045,numerical,1,1,1.0,225
D4,docling,advanced,D4-Q046,procedural,1,1,1.0,225
D4,docling,advanced,D4-Q047,numerical,1,1,1.0,225
D4,docling,advanced,D4-Q048,procedural,1,1,1.0,225
D4,docling,advanced,D4-Q049,exact_fact,1,1,1.0,225
D4,docling,advanced,D4-Q050,conditional_exception,1,1,1.0,225
D4,docling,advanced,D4-Q051,exact_fact,1,1,1.0,225
D4,docling,advanced,D4-Q052,negation,1,1,1.0,225
D4,docling,advanced,D4-Q053,procedural,1,1,1.0,225
D4,docling,advanced,D4-Q054,numerical,1,1,1.0,225
D4,docling,advanced,D4-Q055,numerical,1,1,1.0,225
D4,docling,advanced,D4-Q056,numerical,1,1,1.0,225
D4,docling,advanced,D4-Q057,conditional_exception,1,1,1.0,225
D4,docling,advanced,D4-Q058,procedural,1,1,1.0,225
D4,docling,advanced,D4-Q059,exact_fact,1,1,1.0,225
D4,docling,advanced,D4-Q060,procedural,1,1,1.0,225
D4,docling,advanced,D4-Q061,negative_query,1,1,1.0,225
D4,docling,advanced,D4-Q062,conditional_exception,1,1,1.0,225
D4,docling,advanced,D4-Q063,procedural,1,1,1.0,225
D4,docling,advanced,D4-Q064,conditional_exception,1,1,1.0,225
D4,docling,advanced,D4-Q065,negative_query,1,1,1.0,225
D4,docling,advanced,D4-Q066,negative_query,1,1,1.0,225
D4,docling,advanced,D4-Q067,negative_query,1,1,1.0,225
D4,docling,advanced,D4-Q068,conditional_exception,1,1,1.0,225
D4,docling,advanced,D4-Q069,negative_query,1,1,1.0,225
D4,docling,advanced,D4-Q070,negative_query,1,1,1.0,225
D4,docling,advanced,D4-Q071,negative_query,1,1,1.0,225
D4,docling,advanced,D4-Q072,negative_query,1,1,1.0,225
D4,docling,advanced,D4-Q073,negative_query,1,1,1.0,225
D4,docling,advanced,D4-Q074,temporal,1,1,1.0,225
D4,docling,advanced,D4-Q075,negative_query,1,1,1.0,225
D4,docling,advanced,D4-Q076,negation,1,1,1.0,225
D4,docling,advanced,D4-Q077,conditional_exception,1,1,1.0,225
D4,docling,advanced,D4-Q078,temporal,1,1,1.0,225
D4,docling,advanced,D4-Q079,conditional_exception,1,1,1.0,225
D4,docling,advanced,D4-Q080,conditional_exception,1,1,1.0,225
D4,docling,advanced,D4-Q081,procedural,1,1,1.0,225
D4,docling,advanced,D4-Q082,procedural,1,1,1.0,225
D4,docling,advanced,D4-Q083,numerical,1,1,1.0,225
D4,docling,advanced,D4-Q084,numerical,1,1,1.0,225
D4,docling,advanced,D4-Q085,numerical,1,1,1.0,225
D4,docling,advanced,D4-Q086,procedural,1,1,1.0,225
D4,docling,advanced,D4-Q087,procedural,1,1,1.0,225
D4,docling,advanced,D4-Q088,exact_fact,1,1,1.0,225
D4,docling,advanced,D4-Q089,exact_fact,1,1,1.0,225
D4,docling,advanced,D4-Q090,list_membership,1,1,1.0,225
D4,docling,advanced,D4-Q091,conditional_exception,1,1,1.0,225
D4,docling,advanced,D4-Q092,exact_fact,1,1,1.0,225
D4,docling,advanced,D4-Q093,negative_query,1,1,1.0,225
D4,docling,advanced,D4-Q094,exact_fact,1,1,1.0,225
D4,docling,advanced,D4-Q095,temporal,1,1,1.0,225
D4,docling,advanced,D4-Q096,numerical,1,1,1.0,225
D4,docling,advanced,D4-Q097,temporal,1,1,1.0,225
D4,docling,advanced,D4-Q098,negation,1,1,1.0,225
D4,docling,advanced,D4-Q099,numerical,1,1,1.0,225
D4,docling,advanced,D4-Q100,procedural,1,1,1.0,225
D4,docling,advanced,D4-Q101,exact_fact,1,1,1.0,225
D4,docling,advanced,D4-Q102,comparison,1,1,1.0,225
D4,docling,advanced,D4-Q103,comparison,1,1,1.0,225
D4,docling,advanced,D4-Q104,negation,1,1,1.0,225
D4,docling,advanced,D4-Q105,procedural,1,1,1.0,225
D4,docling,advanced,D4-Q106,procedural,1,1,1.0,225
D4,docling,advanced,D4-Q107,conditional_exception,1,1,1.0,225
D4,docling,advanced,D4-Q108,conditional_exception,1,1,1.0,225
D4,docling,advanced,D4-Q109,procedural,1,1,1.0,225
D4,docling,advanced,D4-Q110,exact_fact,1,1,1.0,225
D4,docling,advanced,D4-Q111,exact_fact,1,1,1.0,225
D4,docling,advanced,D4-Q112,list_membership,1,1,1.0,225
D4,docling,advanced,D4-Q113,conditional_exception,1,1,1.0,225
D4,docling,advanced,D4-Q114,exact_fact,1,1,1.0,225
D4,docling,advanced,D4-Q115,temporal,1,1,1.0,225
D4,docling,advanced,D4-Q116,comparison,1,1,1.0,225
D4,docling,advanced,D4-Q117,comparison,1,1,1.0,225
D4,docling,advanced,D4-Q118,procedural,2,2,1.0,225
D4,docling,advanced,D4-Q119,procedural,1,1,1.0,225
D4,docling,advanced,D4-Q120,procedural,1,1,1.0,225
D4,docling,advanced,D4-Q121,negation,1,1,1.0,225
D4,docling,advanced,D4-Q122,numerical,1,1,1.0,225
D4,docling,advanced,D4-Q123,conditional_exception,1,1,1.0,225
D4,docling,advanced,D4-Q124,numerical,1,1,1.0,225
D4,docling,advanced,D4-Q125,procedural,1,1,1.0,225
D4,docling,advanced,D4-Q126,numerical,1,1,1.0,225
D4,docling,advanced,D4-Q127,exact_fact,1,1,1.0,225
D4,docling,advanced,D4-Q128,list_membership,4,4,1.0,225
D4,docling,advanced,D4-Q129,numerical,1,1,1.0,225
D4,docling,advanced,D4-Q130,numerical,1,1,1.0,225
D4,docling,advanced,D4-Q131,procedural,1,1,1.0,225
D4,docling,advanced,D4-Q132,procedural,1,1,1.0,225
D4,docling,advanced,D4-Q133,conditional_exception,3,3,1.0,225
D4,docling,advanced,D4-Q134,exact_fact,1,1,1.0,225
D4,docling,advanced,D4-Q135,exact_fact,1,1,1.0,225
D4,docling,advanced,D4-Q136,negation,1,1,1.0,225
D4,docling,advanced,D4-Q137,negative_query,1,1,1.0,225
D4,docling,advanced,D4-Q138,negative_query,1,1,1.0,225
D4,docling,advanced,D4-Q139,numerical,1,1,1.0,225
D4,docling,advanced,D4-Q140,procedural,1,1,1.0,225
D4,docling,advanced,D4-Q141,procedural,1,1,1.0,225
D4,docling,advanced,D4-Q142,exact_fact,1,1,1.0,225
D4,docling,advanced,D4-Q143,exact_fact,1,1,1.0,225
D4,docling,advanced,D4-Q144,exact_fact,1,1,1.0,225
D4,docling,advanced,D4-Q145,procedural,1,1,1.0,225
D4,docling,advanced,D4-Q146,numerical,1,1,1.0,225
D4,docling,advanced,D4-Q147,exact_fact,1,1,1.0,225
D4,docling,advanced,D4-Q148,exact_fact,1,1,1.0,225
D4,docling,advanced,D4-Q149,exact_fact,1,1,1.0,225
D4,docling,advanced,D4-Q150,procedural,1,1,1.0,225
D4,docling,advanced,D4-Q151,exact_fact,1,1,1.0,225
D4,docling,advanced,D4-Q152,procedural,1,1,1.0,225
D4,docling,advanced,D4-Q153,procedural,1,1,1.0,225
D4,docling,advanced,D4-Q154,temporal,1,1,1.0,225
D4,docling,advanced,D4-Q155,exact_fact,1,1,1.0,225
D4,docling,advanced,D4-Q156,exact_fact,4,4,1.0,225
D4,docling,advanced,D4-Q157,list_membership,1,1,1.0,225
D4,docling,advanced,D4-Q158,list_membership,1,1,1.0,225
D4,docling,advanced,D4-Q159,list_membership,1,1,1.0,225
D4,docling,advanced,D4-Q160,list_membership,1,1,1.0,225
D4,docling,advanced,D4-Q161,paraphrase,1,1,1.0,225
D4,docling,advanced,D4-Q162,numerical,1,1,1.0,225
D4,docling,advanced,D4-Q163,numerical,1,1,1.0,225
D4,docling,advanced,D4-Q164,numerical,1,1,1.0,225
D4,docling,advanced,D4-Q165,numerical,1,1,1.0,225
D4,docling,advanced,D4-Q166,numerical,1,1,1.0,225
D4,docling,advanced,D4-Q167,negative_query,1,1,1.0,225
D4,docling,advanced,D4-Q168,negation,1,1,1.0,225
D4,docling,advanced,D4-Q169,negation,1,1,1.0,225
D4,docling,advanced,D4-Q170,numerical,1,1,1.0,225
D4,docling,advanced,D4-Q171,numerical,1,1,1.0,225
D4,docling,advanced,D4-Q172,exact_fact,1,1,1.0,225
D4,docling,advanced,D4-Q173,numerical,1,1,1.0,225
D4,docling,advanced,D4-Q174,numerical,1,1,1.0,225
D4,docling,advanced,D4-Q175,numerical,1,1,1.0,225
D4,docling,advanced,D4-Q176,table_lookup,1,1,1.0,225
D4,docling,advanced,D4-Q177,numerical,1,1,1.0,225
D4,docling,advanced,D4-Q178,numerical,1,1,1.0,225
D4,docling,advanced,D4-Q179,exact_fact,1,1,1.0,225
D4,docling,advanced,D4-Q180,exact_fact,1,1,1.0,225
D4,docling,advanced,D4-Q181,procedural,1,1,1.0,225
D4,docling,advanced,D4-Q182,procedural,1,1,1.0,225
D4,docling,advanced,D4-Q183,conditional_exception,1,1,1.0,225
D4,docling,advanced,D4-Q184,conditional_exception,1,1,1.0,225
D4,docling,advanced,D4-Q185,procedural,1,1,1.0,225
D4,docling,advanced,D4-Q186,procedural,1,1,1.0,225
D4,docling,advanced,D4-Q187,procedural,1,1,1.0,225
D4,docling,advanced,D4-Q188,procedural,1,1,1.0,225
D4,docling,advanced,D4-Q189,procedural,1,1,1.0,225
D4,docling,advanced,D4-Q190,procedural,1,1,1.0,225
D4,docling,advanced,D4-Q191,procedural,1,1,1.0,225
D4,docling,advanced,D4-Q192,procedural,1,1,1.0,225
D4,docling,advanced,D4-Q193,procedural,1,1,1.0,225
D4,docling,advanced,D4-Q194,procedural,1,1,1.0,225
D4,docling,advanced,D4-Q195,procedural,1,1,1.0,225
D4,docling,advanced,D4-Q196,procedural,1,1,1.0,225
D4,docling,advanced,D4-Q197,exact_fact,1,1,1.0,225
D4,docling,advanced,D4-Q198,conditional_exception,1,1,1.0,225
D4,docling,advanced,D4-Q199,table_lookup,1,1,1.0,225
D4,docling,advanced,D4-Q200,table_lookup,1,1,1.0,225
