document_id,query_id,question_type,parser,chunker,dimension,n_chunks,vector_bytes,passage_encode_s,latency_ms,evidence_recall@1,hit@1,full@1,evidence_recall@3,hit@3,full@3,evidence_recall@5,hit@5,full@5,evidence_recall@10,hit@10,full@10,mrr,ndcg@5,ndcg@10,evidence_coverage,n_matched@10,doc_query_key,recall_10
D1,D1-Q001,exact_fact,normal,advanced,64,175,44800,4.662495374679565,24.503469467163086,1.0,1.0,1.0,1.0,1.0,1.0,1.0,1.0,1.0,1.0,1.0,1.0,1.0,1.0,1.0,1.0,1,D1::D1-Q001,1.0
D1,D1-Q002,temporal,normal,advanced,64,175,44800,4.662495374679565,19.970417022705078,1.0,1.0,1.0,1.0,1.0,1.0,1.0,1.0,1.0,1.0,1.0,1.0,1.0,1.0,1.0,1.0,1,D1::D1-Q002,1.0
D1,D1-Q003,list_membership,normal,advanced,64,175,44800,4.662495374679565,19.99211311340332,0.0,0.0,0.0,0.0,0.0,0.0,1.0,1.0,1.0,1.0,1.0,1.0,0.25,1.606751848269771,1.0426720080650584,1.0,11,D1::D1-Q003,1.0
D1,D1-Q004,exact_fact,normal,advanced,64,175,44800,4.662495374679565,18.57280731201172,1.0,1.0,1.0,1.0,1.0,1.0,1.0,1.0,1.0,1.0,1.0,1.0,1.0,1.0,1.0,1.0,1,D1::D1-Q004,1.0
D1,D1-Q005,exact_fact,normal,advanced,64,175,44800,4.662495374679565,19.083738327026367,1.0,1.0,1.0,1.0,1.0,1.0,1.0,1.0,1.0,1.0,1.0,1.0,1.0,1.0,1.0,1.0,1,D1::D1-Q005,1.0
D1,D1-Q006,exact_fact,normal,advanced,64,175,44800,4.662495374679565,18.371105194091797,0.0,0.0,0.0,0.0,0.0,0.0,1.0,1.0,1.0,1.0,1.0,1.0,0.25,0.43067655807339306,0.43067655807339306,1.0,1,D1::D1-Q006,1.0
D1,D1-Q007,paraphrase,normal,advanced,64,175,44800,4.662495374679565,19.434690475463867,0.0,0.0,0.0,0.0,0.0,0.0,0.0,0.0,0.0,1.0,1.0,1.0,0.16666666666666666,0.0,0.3562071871080222,1.0,1,D1::D1-Q007,1.0
D1,D1-Q008,exact_fact,normal,advanced,64,175,44800,4.662495374679565,20.065784454345703,0.0,0.0,0.0,0.0,0.0,0.0,0.0,0.0,0.0,0.0,0.0,0.0,0.0,0.0,0.0,0.0,0,D1::D1-Q008,0.0
D1,D1-Q009,list_membership,normal,advanced,64,175,44800,4.662495374679565,19.372940063476562,1.0,1.0,1.0,1.0,1.0,1.0,1.0,1.0,1.0,1.0,1.0,1.0,1.0,1.0,1.0,1.0,1,D1::D1-Q009,1.0
D1,D1-Q010,exact_fact,normal,advanced,64,175,44800,4.662495374679565,20.006179809570312,1.0,1.0,1.0,1.0,1.0,1.0,1.0,1.0,1.0,1.0,1.0,1.0,1.0,1.0,1.0,1.0,1,D1::D1-Q010,1.0
D1,D1-Q011,exact_fact,normal,advanced,64,175,44800,4.662495374679565,19.39105987548828,0.0,0.0,0.0,0.0,0.0,0.0,0.0,0.0,0.0,0.0,0.0,0.0,0.0,0.0,0.0,0.0,0,D1::D1-Q011,0.0
D1,D1-Q012,exact_fact,normal,advanced,64,175,44800,4.662495374679565,18.924951553344727,0.0,0.0,0.0,0.0,0.0,0.0,0.0,0.0,0.0,0.0,0.0,0.0,0.0,0.0,0.0,0.0,0,D1::D1-Q012,0.0
D1,D1-Q013,list_membership,normal,advanced,64,175,44800,4.662495374679565,19.07944679260254,0.6666666666666666,1.0,0.0,0.6666666666666666,1.0,0.0,0.6666666666666666,1.0,0.0,0.6666666666666666,1.0,0.0,1.0,0.9385574520455129,0.9385574520455129,0.6666666666666666,2,D1::D1-Q013,0.6666666666666666
D1,D1-Q014,exact_fact,normal,advanced,64,175,44800,4.662495374679565,18.398284912109375,1.0,1.0,1.0,1.0,1.0,1.0,1.0,1.0,1.0,1.0,1.0,1.0,1.0,1.0,1.0,1.0,1,D1::D1-Q014,1.0
D1,D1-Q015,exact_fact,normal,advanced,64,175,44800,4.662495374679565,18.610715866088867,1.0,1.0,1.0,1.0,1.0,1.0,1.0,1.0,1.0,1.0,1.0,1.0,1.0,1.0,1.0,1.0,1,D1::D1-Q015,1.0
D1,D1-Q016,list_membership,normal,advanced,64,175,44800,4.662495374679565,18.294572830200195,0.0,0.0,0.0,1.0,1.0,1.0,1.0,1.0,1.0,1.0,1.0,1.0,0.3333333333333333,0.7039180890341347,0.7039180890341347,1.0,3,D1::D1-Q016,1.0
D1,D1-Q017,exact_fact,normal,advanced,64,175,44800,4.662495374679565,19.002437591552734,0.0,0.0,0.0,0.0,0.0,0.0,1.0,1.0,1.0,1.0,1.0,1.0,0.25,0.43067655807339306,0.43067655807339306,1.0,1,D1::D1-Q017,1.0
D1,D1-Q018,exact_fact,normal,advanced,64,175,44800,4.662495374679565,18.687009811401367,1.0,1.0,1.0,1.0,1.0,1.0,1.0,1.0,1.0,1.0,1.0,1.0,1.0,1.0,1.0,1.0,1,D1::D1-Q018,1.0
D1,D1-Q019,conditional_exception,normal,advanced,64,175,44800,4.662495374679565,20.856857299804688,1.0,1.0,1.0,1.0,1.0,1.0,1.0,1.0,1.0,1.0,1.0,1.0,1.0,1.0,1.0,1.0,1,D1::D1-Q019,1.0
D1,D1-Q020,procedural,normal,advanced,64,175,44800,4.662495374679565,25.94280242919922,1.0,1.0,1.0,1.0,1.0,1.0,1.0,1.0,1.0,1.0,1.0,1.0,1.0,1.0,1.0,1.0,1,D1::D1-Q020,1.0
D1,D1-Q021,conditional_exception,normal,advanced,64,175,44800,4.662495374679565,19.734621047973633,1.0,1.0,1.0,1.0,1.0,1.0,1.0,1.0,1.0,1.0,1.0,1.0,1.0,1.0,1.0,1.0,1,D1::D1-Q021,1.0
D1,D1-Q022,numerical,normal,advanced,64,175,44800,4.662495374679565,26.18098258972168,1.0,1.0,1.0,1.0,1.0,1.0,1.0,1.0,1.0,1.0,1.0,1.0,1.0,1.0,1.0,1.0,1,D1::D1-Q022,1.0
D1,D1-Q023,negation,normal,advanced,64,175,44800,4.662495374679565,21.90542221069336,0.0,0.0,0.0,0.0,0.0,0.0,1.0,1.0,1.0,1.0,1.0,1.0,0.25,0.43067655807339306,0.43067655807339306,1.0,1,D1::D1-Q023,1.0
D1,D1-Q024,conditional_exception,normal,advanced,64,175,44800,4.662495374679565,23.884057998657227,1.0,1.0,1.0,1.0,1.0,1.0,1.0,1.0,1.0,1.0,1.0,1.0,1.0,1.0,1.0,1.0,1,D1::D1-Q024,1.0
D1,D1-Q025,negation,normal,advanced,64,175,44800,4.662495374679565,26.974201202392578,0.0,0.0,0.0,1.0,1.0,1.0,1.0,1.0,1.0,1.0,1.0,1.0,0.5,0.6309297535714575,0.6309297535714575,1.0,1,D1::D1-Q025,1.0
D1,D1-Q026,paraphrase,normal,advanced,64,175,44800,4.662495374679565,22.945165634155273,1.0,1.0,1.0,1.0,1.0,1.0,1.0,1.0,1.0,1.0,1.0,1.0,1.0,1.0,1.0,1.0,1,D1::D1-Q026,1.0
D1,D1-Q027,exact_fact,normal,advanced,64,175,44800,4.662495374679565,21.04043960571289,1.0,1.0,1.0,1.0,1.0,1.0,1.0,1.0,1.0,1.0,1.0,1.0,1.0,1.0,1.0,1.0,1,D1::D1-Q027,1.0
D1,D1-Q028,conditional_exception,normal,advanced,64,175,44800,4.662495374679565,22.541046142578125,1.0,1.0,1.0,1.0,1.0,1.0,1.0,1.0,1.0,1.0,1.0,1.0,1.0,1.0,1.0,1.0,1,D1::D1-Q028,1.0
D1,D1-Q029,exact_fact,normal,advanced,64,175,44800,4.662495374679565,28.607845306396484,0.0,0.0,0.0,1.0,1.0,1.0,1.0,1.0,1.0,1.0,1.0,1.0,0.3333333333333333,0.5,0.5,1.0,1,D1::D1-Q029,1.0
D1,D1-Q030,exact_fact,normal,advanced,64,175,44800,4.662495374679565,22.161483764648438,0.0,0.0,0.0,0.0,0.0,0.0,0.0,0.0,0.0,0.0,0.0,0.0,0.0,0.0,0.0,0.0,0,D1::D1-Q030,0.0
D1,D1-Q031,negation,normal,advanced,64,175,44800,4.662495374679565,24.595260620117188,1.0,1.0,1.0,1.0,1.0,1.0,1.0,1.0,1.0,1.0,1.0,1.0,1.0,1.0,1.0,1.0,1,D1::D1-Q031,1.0
D1,D1-Q032,temporal,normal,advanced,64,175,44800,4.662495374679565,23.987770080566406,0.0,0.0,0.0,0.0,0.0,0.0,0.0,0.0,0.0,1.0,1.0,1.0,0.14285714285714285,0.0,0.3333333333333333,1.0,1,D1::D1-Q032,1.0
D1,D1-Q033,exact_fact,normal,advanced,64,175,44800,4.662495374679565,21.7592716217041,0.0,0.0,0.0,1.0,1.0,1.0,1.0,1.0,1.0,1.0,1.0,1.0,0.5,0.6309297535714575,0.6309297535714575,1.0,1,D1::D1-Q033,1.0
D1,D1-Q034,negation,normal,advanced,64,175,44800,4.662495374679565,18.89181137084961,1.0,1.0,1.0,1.0,1.0,1.0,1.0,1.0,1.0,1.0,1.0,1.0,1.0,1.0,1.0,1.0,1,D1::D1-Q034,1.0
D1,D1-Q035,numerical,normal,advanced,64,175,44800,4.662495374679565,18.8291072845459,1.0,1.0,1.0,1.0,1.0,1.0,1.0,1.0,1.0,1.0,1.0,1.0,1.0,1.0,1.0,1.0,1,D1::D1-Q035,1.0
D1,D1-Q036,conditional_exception,normal,advanced,64,175,44800,4.662495374679565,20.09105682373047,0.0,0.0,0.0,0.0,0.0,0.0,0.0,0.0,0.0,1.0,1.0,1.0,0.1,0.0,0.2890648263178879,1.0,1,D1::D1-Q036,1.0
D1,D1-Q037,conditional_exception,normal,advanced,64,175,44800,4.662495374679565,18.733501434326172,1.0,1.0,1.0,1.0,1.0,1.0,1.0,1.0,1.0,1.0,1.0,1.0,1.0,1.0,1.0,1.0,1,D1::D1-Q037,1.0
D1,D1-Q038,negation,normal,advanced,64,175,44800,4.662495374679565,18.242359161376953,0.0,0.0,0.0,0.0,0.0,0.0,0.0,0.0,0.0,1.0,1.0,1.0,0.14285714285714285,0.0,0.3333333333333333,1.0,1,D1::D1-Q038,1.0
D1,D1-Q039,exact_fact,normal,advanced,64,175,44800,4.662495374679565,18.692731857299805,1.0,1.0,1.0,1.0,1.0,1.0,1.0,1.0,1.0,1.0,1.0,1.0,1.0,1.0,1.0,1.0,1,D1::D1-Q039,1.0
D1,D1-Q040,exact_fact,normal,advanced,64,175,44800,4.662495374679565,20.117759704589844,1.0,1.0,1.0,1.0,1.0,1.0,1.0,1.0,1.0,1.0,1.0,1.0,1.0,1.0,1.0,1.0,1,D1::D1-Q040,1.0
D1,D1-Q041,negation,normal,advanced,64,175,44800,4.662495374679565,24.29056167602539,1.0,1.0,1.0,1.0,1.0,1.0,1.0,1.0,1.0,1.0,1.0,1.0,1.0,1.0,1.0,1.0,1,D1::D1-Q041,1.0
D1,D1-Q042,exact_fact,normal,advanced,64,175,44800,4.662495374679565,23.540019989013672,1.0,1.0,1.0,1.0,1.0,1.0,1.0,1.0,1.0,1.0,1.0,1.0,1.0,1.0,1.0,1.0,1,D1::D1-Q042,1.0
D1,D1-Q043,list_membership,normal,advanced,64,175,44800,4.662495374679565,24.30891990661621,1.0,1.0,1.0,1.0,1.0,1.0,1.0,1.0,1.0,1.0,1.0,1.0,1.0,1.0,1.0,1.0,1,D1::D1-Q043,1.0
D1,D1-Q044,exact_fact,normal,advanced,64,175,44800,4.662495374679565,24.936437606811523,0.0,0.0,0.0,1.0,1.0,1.0,1.0,1.0,1.0,1.0,1.0,1.0,0.5,0.6309297535714575,0.6309297535714575,1.0,1,D1::D1-Q044,1.0
D1,D1-Q045,exact_fact,normal,advanced,64,175,44800,4.662495374679565,23.482561111450195,1.0,1.0,1.0,1.0,1.0,1.0,1.0,1.0,1.0,1.0,1.0,1.0,1.0,1.0,1.0,1.0,1,D1::D1-Q045,1.0
D1,D1-Q046,procedural,normal,advanced,64,175,44800,4.662495374679565,25.578975677490234,0.0,0.0,0.0,1.0,1.0,1.0,1.0,1.0,1.0,1.0,1.0,1.0,0.5,0.6309297535714575,0.6309297535714575,1.0,1,D1::D1-Q046,1.0
D1,D1-Q047,numerical,normal,advanced,64,175,44800,4.662495374679565,25.844573974609375,1.0,1.0,1.0,1.0,1.0,1.0,1.0,1.0,1.0,1.0,1.0,1.0,1.0,1.0,1.0,1.0,1,D1::D1-Q047,1.0
D1,D1-Q048,negation,normal,advanced,64,175,44800,4.662495374679565,24.36518669128418,0.0,0.0,0.0,1.0,1.0,1.0,1.0,1.0,1.0,1.0,1.0,1.0,0.5,0.6309297535714575,0.6309297535714575,1.0,1,D1::D1-Q048,1.0
D1,D1-Q049,procedural,normal,advanced,64,175,44800,4.662495374679565,22.433996200561523,1.0,1.0,1.0,1.0,1.0,1.0,1.0,1.0,1.0,1.0,1.0,1.0,1.0,1.0,1.0,1.0,1,D1::D1-Q049,1.0
D1,D1-Q050,procedural,normal,advanced,64,175,44800,4.662495374679565,24.738311767578125,1.0,1.0,1.0,1.0,1.0,1.0,1.0,1.0,1.0,1.0,1.0,1.0,1.0,1.0,1.0,1.0,1,D1::D1-Q050,1.0
D1,D1-Q051,list_membership,normal,advanced,64,175,44800,4.662495374679565,24.265050888061523,1.0,1.0,1.0,1.0,1.0,1.0,1.0,1.0,1.0,1.0,1.0,1.0,1.0,1.4078361780682693,1.4078361780682693,1.0,3,D1::D1-Q051,1.0
D1,D1-Q052,negation,normal,advanced,64,175,44800,4.662495374679565,23.021221160888672,1.0,1.0,1.0,1.0,1.0,1.0,1.0,1.0,1.0,1.0,1.0,1.0,1.0,1.0,1.0,1.0,1,D1::D1-Q052,1.0
D1,D1-Q053,numerical,normal,advanced,64,175,44800,4.662495374679565,23.257017135620117,1.0,1.0,1.0,1.0,1.0,1.0,1.0,1.0,1.0,1.0,1.0,1.0,1.0,1.0,1.0,1.0,1,D1::D1-Q053,1.0
D1,D1-Q054,exact_fact,normal,advanced,64,175,44800,4.662495374679565,22.353410720825195,1.0,1.0,1.0,1.0,1.0,1.0,1.0,1.0,1.0,1.0,1.0,1.0,1.0,1.0,1.0,1.0,1,D1::D1-Q054,1.0
D1,D1-Q055,conditional_exception,normal,advanced,64,175,44800,4.662495374679565,22.994518280029297,1.0,1.0,1.0,1.0,1.0,1.0,1.0,1.0,1.0,1.0,1.0,1.0,1.0,1.0,1.0,1.0,1,D1::D1-Q055,1.0
D1,D1-Q056,procedural,normal,advanced,64,175,44800,4.662495374679565,23.538827896118164,1.0,1.0,1.0,1.0,1.0,1.0,1.0,1.0,1.0,1.0,1.0,1.0,1.0,1.0,1.0,1.0,1,D1::D1-Q056,1.0
D1,D1-Q057,exact_fact,normal,advanced,64,175,44800,4.662495374679565,23.913860321044922,1.0,1.0,1.0,1.0,1.0,1.0,1.0,1.0,1.0,1.0,1.0,1.0,1.0,1.0,1.0,1.0,1,D1::D1-Q057,1.0
D1,D1-Q058,negation,normal,advanced,64,175,44800,4.662495374679565,25.882959365844727,1.0,1.0,1.0,1.0,1.0,1.0,1.0,1.0,1.0,1.0,1.0,1.0,1.0,1.0,1.0,1.0,1,D1::D1-Q058,1.0
D1,D1-Q059,procedural,normal,advanced,64,175,44800,4.662495374679565,27.03118324279785,0.0,0.0,0.0,0.0,0.0,0.0,0.0,0.0,0.0,1.0,1.0,1.0,0.125,0.0,0.31546487678572877,1.0,1,D1::D1-Q059,1.0
D1,D1-Q060,negation,normal,advanced,64,175,44800,4.662495374679565,19.580841064453125,1.0,1.0,1.0,1.0,1.0,1.0,1.0,1.0,1.0,1.0,1.0,1.0,1.0,1.0,1.0,1.0,1,D1::D1-Q060,1.0
D1,D1-Q061,procedural,normal,advanced,64,175,44800,4.662495374679565,14.049768447875977,1.0,1.0,1.0,1.0,1.0,1.0,1.0,1.0,1.0,1.0,1.0,1.0,1.0,1.0,1.0,1.0,1,D1::D1-Q061,1.0
D1,D1-Q062,numerical,normal,advanced,64,175,44800,4.662495374679565,14.004707336425781,1.0,1.0,1.0,1.0,1.0,1.0,1.0,1.0,1.0,1.0,1.0,1.0,1.0,1.0,1.0,1.0,1,D1::D1-Q062,1.0
D1,D1-Q063,numerical,normal,advanced,64,175,44800,4.662495374679565,14.942407608032227,0.0,0.0,0.0,1.0,1.0,1.0,1.0,1.0,1.0,1.0,1.0,1.0,0.5,0.6309297535714575,0.6309297535714575,1.0,1,D1::D1-Q063,1.0
D1,D1-Q064,numerical,normal,advanced,64,175,44800,4.662495374679565,14.07480239868164,1.0,1.0,1.0,1.0,1.0,1.0,1.0,1.0,1.0,1.0,1.0,1.0,1.0,1.0,1.0,1.0,1,D1::D1-Q064,1.0
D1,D1-Q065,numerical,normal,advanced,64,175,44800,4.662495374679565,14.392852783203125,0.0,0.0,0.0,1.0,1.0,1.0,1.0,1.0,1.0,1.0,1.0,1.0,0.5,0.6309297535714575,0.6309297535714575,1.0,1,D1::D1-Q065,1.0
D1,D1-Q066,list_membership,normal,advanced,64,175,44800,4.662495374679565,20.335912704467773,1.0,1.0,1.0,1.0,1.0,1.0,1.0,1.0,1.0,1.0,1.0,1.0,1.0,1.0,1.0,1.0,1,D1::D1-Q066,1.0
D1,D1-Q067,numerical,normal,advanced,64,175,44800,4.662495374679565,14.380693435668945,1.0,1.0,1.0,1.0,1.0,1.0,1.0,1.0,1.0,1.0,1.0,1.0,1.0,1.0,1.0,1.0,1,D1::D1-Q067,1.0
D1,D1-Q068,numerical,normal,advanced,64,175,44800,4.662495374679565,14.758110046386719,0.0,0.0,0.0,1.0,1.0,1.0,1.0,1.0,1.0,1.0,1.0,1.0,0.5,0.6309297535714575,0.6309297535714575,1.0,1,D1::D1-Q068,1.0
D1,D1-Q069,numerical,normal,advanced,64,175,44800,4.662495374679565,14.071464538574219,1.0,1.0,1.0,1.0,1.0,1.0,1.0,1.0,1.0,1.0,1.0,1.0,1.0,1.0,1.0,1.0,1,D1::D1-Q069,1.0
D1,D1-Q070,numerical,normal,advanced,64,175,44800,4.662495374679565,14.364480972290039,0.0,0.0,0.0,1.0,1.0,1.0,1.0,1.0,1.0,1.0,1.0,1.0,0.5,0.6309297535714575,0.6309297535714575,1.0,1,D1::D1-Q070,1.0
D1,D1-Q071,numerical,normal,advanced,64,175,44800,4.662495374679565,14.761686325073242,1.0,1.0,1.0,1.0,1.0,1.0,1.0,1.0,1.0,1.0,1.0,1.0,1.0,1.0,1.0,1.0,1,D1::D1-Q071,1.0
D1,D1-Q072,numerical,normal,advanced,64,175,44800,4.662495374679565,14.704227447509766,1.0,1.0,1.0,1.0,1.0,1.0,1.0,1.0,1.0,1.0,1.0,1.0,1.0,1.0,1.0,1.0,1,D1::D1-Q072,1.0
D1,D1-Q073,numerical,normal,advanced,64,175,44800,4.662495374679565,14.27316665649414,1.0,1.0,1.0,1.0,1.0,1.0,1.0,1.0,1.0,1.0,1.0,1.0,1.0,1.0,1.0,1.0,1,D1::D1-Q073,1.0
D1,D1-Q074,numerical,normal,advanced,64,175,44800,4.662495374679565,14.08076286315918,0.0,0.0,0.0,0.0,0.0,0.0,0.0,0.0,0.0,1.0,1.0,1.0,0.125,0.0,0.31546487678572877,1.0,1,D1::D1-Q074,1.0
D1,D1-Q075,numerical,normal,advanced,64,175,44800,4.662495374679565,14.208555221557617,0.0,0.0,0.0,1.0,1.0,1.0,1.0,1.0,1.0,1.0,1.0,1.0,0.5,0.6309297535714575,0.6309297535714575,1.0,1,D1::D1-Q075,1.0
D1,D1-Q076,numerical,normal,advanced,64,175,44800,4.662495374679565,14.520883560180664,1.0,1.0,1.0,1.0,1.0,1.0,1.0,1.0,1.0,1.0,1.0,1.0,1.0,1.0,1.0,1.0,1,D1::D1-Q076,1.0
D1,D1-Q077,numerical,normal,advanced,64,175,44800,4.662495374679565,14.424800872802734,1.0,1.0,1.0,1.0,1.0,1.0,1.0,1.0,1.0,1.0,1.0,1.0,1.0,1.0,1.0,1.0,1,D1::D1-Q077,1.0
D1,D1-Q078,conditional_exception,normal,advanced,64,175,44800,4.662495374679565,24.867534637451172,1.0,1.0,1.0,1.0,1.0,1.0,1.0,1.0,1.0,1.0,1.0,1.0,1.0,1.0,1.0,1.0,1,D1::D1-Q078,1.0
D1,D1-Q079,conditional_exception,normal,advanced,64,175,44800,4.662495374679565,18.642187118530273,1.0,1.0,1.0,1.0,1.0,1.0,1.0,1.0,1.0,1.0,1.0,1.0,1.0,1.4078361780682693,1.4078361780682693,1.0,3,D1::D1-Q079,1.0
D1,D1-Q080,numerical,normal,advanced,64,175,44800,4.662495374679565,15.537261962890625,0.5,1.0,0.0,1.0,1.0,1.0,1.0,1.0,1.0,1.0,1.0,1.0,1.0,1.0,1.0,1.0,2,D1::D1-Q080,1.0
D1,D1-Q081,numerical,normal,advanced,64,175,44800,4.662495374679565,14.22572135925293,0.0,0.0,0.0,1.0,1.0,1.0,1.0,1.0,1.0,1.0,1.0,1.0,0.5,0.6309297535714575,0.6309297535714575,1.0,1,D1::D1-Q081,1.0
D1,D1-Q082,procedural,normal,advanced,64,175,44800,4.662495374679565,13.720512390136719,1.0,1.0,1.0,1.0,1.0,1.0,1.0,1.0,1.0,1.0,1.0,1.0,1.0,1.0,1.0,1.0,1,D1::D1-Q082,1.0
D1,D1-Q083,numerical,normal,advanced,64,175,44800,4.662495374679565,14.572858810424805,0.0,0.0,0.0,0.0,0.0,0.0,0.5,1.0,0.0,0.5,1.0,0.0,0.2,0.23719771276929622,0.23719771276929622,0.5,1,D1::D1-Q083,0.5
D1,D1-Q084,exact_fact,normal,advanced,64,175,44800,4.662495374679565,14.004707336425781,1.0,1.0,1.0,1.0,1.0,1.0,1.0,1.0,1.0,1.0,1.0,1.0,1.0,1.0,1.0,1.0,1,D1::D1-Q084,1.0
D1,D1-Q085,numerical,normal,advanced,64,175,44800,4.662495374679565,14.888525009155273,1.0,1.0,1.0,1.0,1.0,1.0,1.0,1.0,1.0,1.0,1.0,1.0,1.0,1.0,1.0,1.0,1,D1::D1-Q085,1.0
D1,D1-Q086,negation,normal,advanced,64,175,44800,4.662495374679565,13.900279998779297,1.0,1.0,1.0,1.0,1.0,1.0,1.0,1.0,1.0,1.0,1.0,1.0,1.0,1.0,1.0,1.0,1,D1::D1-Q086,1.0
D1,D1-Q087,numerical,normal,advanced,64,175,44800,4.662495374679565,14.012336730957031,0.0,0.0,0.0,1.0,1.0,1.0,1.0,1.0,1.0,1.0,1.0,1.0,0.5,0.6309297535714575,0.6309297535714575,1.0,1,D1::D1-Q087,1.0
D1,D1-Q088,numerical,normal,advanced,64,175,44800,4.662495374679565,14.014005661010742,1.0,1.0,1.0,1.0,1.0,1.0,1.0,1.0,1.0,1.0,1.0,1.0,1.0,1.0,1.0,1.0,1,D1::D1-Q088,1.0
D1,D1-Q089,numerical,normal,advanced,64,175,44800,4.662495374679565,14.194726943969727,0.0,0.0,0.0,1.0,1.0,1.0,1.0,1.0,1.0,1.0,1.0,1.0,0.5,0.6309297535714575,0.6309297535714575,1.0,1,D1::D1-Q089,1.0
D1,D1-Q090,numerical,normal,advanced,64,175,44800,4.662495374679565,13.124942779541016,1.0,1.0,1.0,1.0,1.0,1.0,1.0,1.0,1.0,1.0,1.0,1.0,1.0,1.0,1.0,1.0,1,D1::D1-Q090,1.0
D1,D1-Q091,numerical,normal,advanced,64,175,44800,4.662495374679565,14.147043228149414,1.0,1.0,1.0,1.0,1.0,1.0,1.0,1.0,1.0,1.0,1.0,1.0,1.0,1.0,1.0,1.0,1,D1::D1-Q091,1.0
D1,D1-Q092,procedural,normal,advanced,64,175,44800,4.662495374679565,15.342950820922852,1.0,1.0,1.0,1.0,1.0,1.0,1.0,1.0,1.0,1.0,1.0,1.0,1.0,1.0,1.0,1.0,1,D1::D1-Q092,1.0
D1,D1-Q093,numerical,normal,advanced,64,175,44800,4.662495374679565,14.699935913085938,1.0,1.0,1.0,1.0,1.0,1.0,1.0,1.0,1.0,1.0,1.0,1.0,1.0,1.0,1.0,1.0,1,D1::D1-Q093,1.0
D1,D1-Q094,exact_fact,normal,advanced,64,175,44800,4.662495374679565,15.169382095336914,0.0,0.0,0.0,0.0,0.0,0.0,0.0,0.0,0.0,1.0,1.0,1.0,0.1111111111111111,0.0,0.3010299956639812,1.0,1,D1::D1-Q094,1.0
D1,D1-Q095,exact_fact,normal,advanced,64,175,44800,4.662495374679565,13.614416122436523,0.0,0.0,0.0,1.0,1.0,1.0,1.0,1.0,1.0,1.0,1.0,1.0,0.5,0.6309297535714575,0.6309297535714575,1.0,1,D1::D1-Q095,1.0
D1,D1-Q096,negation,normal,advanced,64,175,44800,4.662495374679565,13.999700546264648,1.0,1.0,1.0,1.0,1.0,1.0,1.0,1.0,1.0,1.0,1.0,1.0,1.0,1.0,1.0,1.0,1,D1::D1-Q096,1.0
D1,D1-Q097,exact_fact,normal,advanced,64,175,44800,4.662495374679565,14.377355575561523,1.0,1.0,1.0,1.0,1.0,1.0,1.0,1.0,1.0,1.0,1.0,1.0,1.0,1.0,1.0,1.0,1,D1::D1-Q097,1.0
D1,D1-Q098,numerical,normal,advanced,64,175,44800,4.662495374679565,13.823986053466797,1.0,1.0,1.0,1.0,1.0,1.0,1.0,1.0,1.0,1.0,1.0,1.0,1.0,1.0,1.0,1.0,1,D1::D1-Q098,1.0
D1,D1-Q099,numerical,normal,advanced,64,175,44800,4.662495374679565,17.185211181640625,1.0,1.0,1.0,1.0,1.0,1.0,1.0,1.0,1.0,1.0,1.0,1.0,1.0,1.0,1.0,1.0,1,D1::D1-Q099,1.0
D1,D1-Q100,exact_fact,normal,advanced,64,175,44800,4.662495374679565,14.12820816040039,1.0,1.0,1.0,1.0,1.0,1.0,1.0,1.0,1.0,1.0,1.0,1.0,1.0,1.0,1.0,1.0,1,D1::D1-Q100,1.0
D1,D1-Q101,numerical,normal,advanced,64,175,44800,4.662495374679565,13.688087463378906,1.0,1.0,1.0,1.0,1.0,1.0,1.0,1.0,1.0,1.0,1.0,1.0,1.0,1.0,1.0,1.0,1,D1::D1-Q101,1.0
D1,D1-Q102,negation,normal,advanced,64,175,44800,4.662495374679565,13.691186904907227,1.0,1.0,1.0,1.0,1.0,1.0,1.0,1.0,1.0,1.0,1.0,1.0,1.0,1.0,1.0,1.0,1,D1::D1-Q102,1.0
D1,D1-Q103,numerical,normal,advanced,64,175,44800,4.662495374679565,13.671398162841797,1.0,1.0,1.0,1.0,1.0,1.0,1.0,1.0,1.0,1.0,1.0,1.0,1.0,1.0,1.0,1.0,1,D1::D1-Q103,1.0
D1,D1-Q104,negation,normal,advanced,64,175,44800,4.662495374679565,13.699769973754883,1.0,1.0,1.0,1.0,1.0,1.0,1.0,1.0,1.0,1.0,1.0,1.0,1.0,1.0,1.0,1.0,1,D1::D1-Q104,1.0
D1,D1-Q105,numerical,normal,advanced,64,175,44800,4.662495374679565,13.886690139770508,1.0,1.0,1.0,1.0,1.0,1.0,1.0,1.0,1.0,1.0,1.0,1.0,1.0,1.0,1.0,1.0,1,D1::D1-Q105,1.0
D1,D1-Q106,numerical,normal,advanced,64,175,44800,4.662495374679565,13.880729675292969,1.0,1.0,1.0,1.0,1.0,1.0,1.0,1.0,1.0,1.0,1.0,1.0,1.0,1.0,1.0,1.0,1,D1::D1-Q106,1.0
D1,D1-Q107,numerical,normal,advanced,64,175,44800,4.662495374679565,15.202522277832031,0.0,0.0,0.0,1.0,1.0,1.0,1.0,1.0,1.0,1.0,1.0,1.0,0.3333333333333333,0.5,0.5,1.0,1,D1::D1-Q107,1.0
D1,D1-Q108,numerical,normal,advanced,64,175,44800,4.662495374679565,14.744281768798828,0.0,0.0,0.0,0.0,0.0,0.0,0.0,0.0,0.0,1.0,1.0,1.0,0.1,0.0,0.2890648263178879,1.0,1,D1::D1-Q108,1.0
D1,D1-Q109,numerical,normal,advanced,64,175,44800,4.662495374679565,14.055013656616211,0.0,0.0,0.0,0.0,0.0,0.0,0.0,0.0,0.0,1.0,1.0,1.0,0.16666666666666666,0.0,0.3562071871080222,1.0,1,D1::D1-Q109,1.0
D1,D1-Q110,exact_fact,normal,advanced,64,175,44800,4.662495374679565,14.201879501342773,1.0,1.0,1.0,1.0,1.0,1.0,1.0,1.0,1.0,1.0,1.0,1.0,1.0,1.0,1.0,1.0,1,D1::D1-Q110,1.0
D1,D1-Q111,exact_fact,normal,advanced,64,175,44800,4.662495374679565,14.835357666015625,1.0,1.0,1.0,1.0,1.0,1.0,1.0,1.0,1.0,1.0,1.0,1.0,1.0,1.0,1.0,1.0,1,D1::D1-Q111,1.0
D1,D1-Q112,numerical,normal,advanced,64,175,44800,4.662495374679565,14.132261276245117,1.0,1.0,1.0,1.0,1.0,1.0,1.0,1.0,1.0,1.0,1.0,1.0,1.0,1.0,1.0,1.0,1,D1::D1-Q112,1.0
D1,D1-Q113,numerical,normal,advanced,64,175,44800,4.662495374679565,13.867378234863281,1.0,1.0,1.0,1.0,1.0,1.0,1.0,1.0,1.0,1.0,1.0,1.0,1.0,1.0,1.0,1.0,1,D1::D1-Q113,1.0
D1,D1-Q114,numerical,normal,advanced,64,175,44800,4.662495374679565,14.20736312866211,1.0,1.0,1.0,1.0,1.0,1.0,1.0,1.0,1.0,1.0,1.0,1.0,1.0,1.0,1.0,1.0,1,D1::D1-Q114,1.0
D1,D1-Q115,negation,normal,advanced,64,175,44800,4.662495374679565,14.282464981079102,1.0,1.0,1.0,1.0,1.0,1.0,1.0,1.0,1.0,1.0,1.0,1.0,1.0,1.0,1.0,1.0,1,D1::D1-Q115,1.0
D1,D1-Q116,list_membership,normal,advanced,64,175,44800,4.662495374679565,13.345956802368164,1.0,1.0,1.0,1.0,1.0,1.0,1.0,1.0,1.0,1.0,1.0,1.0,1.0,1.4078361780682693,1.4078361780682693,1.0,3,D1::D1-Q116,1.0
D1,D1-Q117,numerical,normal,advanced,64,175,44800,4.662495374679565,13.967275619506836,1.0,1.0,1.0,1.0,1.0,1.0,1.0,1.0,1.0,1.0,1.0,1.0,1.0,1.0,1.0,1.0,1,D1::D1-Q117,1.0
D1,D1-Q118,negation,normal,advanced,64,175,44800,4.662495374679565,14.390230178833008,1.0,1.0,1.0,1.0,1.0,1.0,1.0,1.0,1.0,1.0,1.0,1.0,1.0,1.0,1.0,1.0,1,D1::D1-Q118,1.0
D1,D1-Q119,exact_fact,normal,advanced,64,175,44800,4.662495374679565,14.537572860717773,1.0,1.0,1.0,1.0,1.0,1.0,1.0,1.0,1.0,1.0,1.0,1.0,1.0,1.0,1.0,1.0,1,D1::D1-Q119,1.0
D1,D1-Q120,numerical,normal,advanced,64,175,44800,4.662495374679565,16.53313636779785,1.0,1.0,1.0,1.0,1.0,1.0,1.0,1.0,1.0,1.0,1.0,1.0,1.0,1.2262943855309167,1.2262943855309167,1.0,2,D1::D1-Q120,1.0
D1,D1-Q121,numerical,normal,advanced,64,175,44800,4.662495374679565,14.097929000854492,1.0,1.0,1.0,1.0,1.0,1.0,1.0,1.0,1.0,1.0,1.0,1.0,1.0,1.0,1.0,1.0,1,D1::D1-Q121,1.0
D1,D1-Q122,numerical,normal,advanced,64,175,44800,4.662495374679565,14.832735061645508,0.0,0.0,0.0,1.0,1.0,1.0,1.0,1.0,1.0,1.0,1.0,1.0,0.5,0.6309297535714575,0.6309297535714575,1.0,1,D1::D1-Q122,1.0
D1,D1-Q123,procedural,normal,advanced,64,175,44800,4.662495374679565,14.034509658813477,1.0,1.0,1.0,1.0,1.0,1.0,1.0,1.0,1.0,1.0,1.0,1.0,1.0,1.0,1.0,1.0,1,D1::D1-Q123,1.0
D1,D1-Q124,exact_fact,normal,advanced,64,175,44800,4.662495374679565,14.191627502441406,0.0,0.0,0.0,0.0,0.0,0.0,0.0,0.0,0.0,1.0,1.0,1.0,0.16666666666666666,0.0,0.3562071871080222,1.0,1,D1::D1-Q124,1.0
D1,D1-Q125,exact_fact,normal,advanced,64,175,44800,4.662495374679565,14.177560806274414,0.0,0.0,0.0,0.0,0.0,0.0,0.0,0.0,0.0,1.0,1.0,1.0,0.125,0.0,0.31546487678572877,1.0,1,D1::D1-Q125,1.0
D1,D1-Q126,negation,normal,advanced,64,175,44800,4.662495374679565,14.557361602783203,1.0,1.0,1.0,1.0,1.0,1.0,1.0,1.0,1.0,1.0,1.0,1.0,1.0,1.0,1.0,1.0,1,D1::D1-Q126,1.0
D1,D1-Q127,numerical,normal,advanced,64,175,44800,4.662495374679565,14.30821418762207,1.0,1.0,1.0,1.0,1.0,1.0,1.0,1.0,1.0,1.0,1.0,1.0,1.0,1.0,1.0,1.0,1,D1::D1-Q127,1.0
D1,D1-Q128,numerical,normal,advanced,64,175,44800,4.662495374679565,18.848419189453125,1.0,1.0,1.0,1.0,1.0,1.0,1.0,1.0,1.0,1.0,1.0,1.0,1.0,1.0,1.0,1.0,1,D1::D1-Q128,1.0
D1,D1-Q129,exact_fact,normal,advanced,64,175,44800,4.662495374679565,16.10589027404785,0.0,0.0,0.0,1.0,1.0,1.0,1.0,1.0,1.0,1.0,1.0,1.0,0.5,0.6309297535714575,0.6309297535714575,1.0,1,D1::D1-Q129,1.0
D1,D1-Q130,numerical,normal,advanced,64,175,44800,4.662495374679565,14.233589172363281,1.0,1.0,1.0,1.0,1.0,1.0,1.0,1.0,1.0,1.0,1.0,1.0,1.0,1.0,1.0,1.0,1,D1::D1-Q130,1.0
D1,D1-Q131,negation,normal,advanced,64,175,44800,4.662495374679565,15.02084732055664,1.0,1.0,1.0,1.0,1.0,1.0,1.0,1.0,1.0,1.0,1.0,1.0,1.0,1.0,1.0,1.0,1,D1::D1-Q131,1.0
D1,D1-Q132,negation,normal,advanced,64,175,44800,4.662495374679565,14.861583709716797,1.0,1.0,1.0,1.0,1.0,1.0,1.0,1.0,1.0,1.0,1.0,1.0,1.0,1.0,1.0,1.0,1,D1::D1-Q132,1.0
D1,D1-Q133,procedural,normal,advanced,64,175,44800,4.662495374679565,13.7481689453125,0.6666666666666666,1.0,0.0,1.0,1.0,1.0,1.0,1.0,1.0,1.0,1.0,1.0,1.0,1.173196815056891,1.173196815056891,1.0,3,D1::D1-Q133,1.0
D1,D1-Q134,exact_fact,normal,advanced,64,175,44800,4.662495374679565,14.716863632202148,1.0,1.0,1.0,1.0,1.0,1.0,1.0,1.0,1.0,1.0,1.0,1.0,1.0,1.0,1.0,1.0,1,D1::D1-Q134,1.0
D1,D1-Q135,conditional_exception,normal,advanced,64,175,44800,4.662495374679565,14.81485366821289,1.0,1.0,1.0,1.0,1.0,1.0,1.0,1.0,1.0,1.0,1.0,1.0,1.0,1.0,1.0,1.0,1,D1::D1-Q135,1.0
D1,D1-Q136,exact_fact,normal,advanced,64,175,44800,4.662495374679565,13.828277587890625,0.0,0.0,0.0,1.0,1.0,1.0,1.0,1.0,1.0,1.0,1.0,1.0,0.3333333333333333,0.5,0.5,1.0,1,D1::D1-Q136,1.0
D1,D1-Q137,table_lookup,normal,advanced,64,175,44800,4.662495374679565,14.498710632324219,0.0,0.0,0.0,0.0,0.0,0.0,0.6666666666666666,1.0,0.0,0.6666666666666666,1.0,0.0,0.25,0.5842733993708258,0.5212950636414825,0.6666666666666666,4,D1::D1-Q137,0.6666666666666666
D1,D1-Q138,table_context,normal,advanced,64,175,44800,4.662495374679565,14.160394668579102,0.0,0.0,0.0,0.0,0.0,0.0,0.0,0.0,0.0,0.0,0.0,0.0,0.0,0.0,0.0,0.0,0,D1::D1-Q138,0.0
D1,D1-Q139,heading_context,normal,advanced,64,175,44800,4.662495374679565,13.806819915771484,0.0,0.0,0.0,1.0,1.0,1.0,1.0,1.0,1.0,1.0,1.0,1.0,0.3333333333333333,0.5,0.5,1.0,1,D1::D1-Q139,1.0
D1,D1-Q140,exact_fact,normal,advanced,64,175,44800,4.662495374679565,15.754222869873047,0.0,0.0,0.0,0.0,0.0,0.0,0.0,0.0,0.0,0.0,0.0,0.0,0.0,0.0,0.0,0.0,0,D1::D1-Q140,0.0
D1,D1-Q141,exact_fact,normal,advanced,64,175,44800,4.662495374679565,13.913631439208984,0.0,0.0,0.0,0.0,0.0,0.0,0.0,0.0,0.0,0.0,0.0,0.0,0.0,0.0,0.0,0.0,0,D1::D1-Q141,0.0
D1,D1-Q142,exact_fact,normal,advanced,64,175,44800,4.662495374679565,24.210691452026367,0.0,0.0,0.0,0.0,0.0,0.0,0.0,0.0,0.0,0.0,0.0,0.0,0.0,0.0,0.0,0.0,0,D1::D1-Q142,0.0
D1,D1-Q143,exact_fact,normal,advanced,64,175,44800,4.662495374679565,21.739721298217773,0.0,0.0,0.0,0.0,0.0,0.0,0.0,0.0,0.0,0.0,0.0,0.0,0.0,0.0,0.0,0.0,0,D1::D1-Q143,0.0
D1,D1-Q144,exact_fact,normal,advanced,64,175,44800,4.662495374679565,13.665914535522461,0.0,0.0,0.0,0.0,0.0,0.0,0.0,0.0,0.0,0.0,0.0,0.0,0.0,0.0,0.0,0.0,0,D1::D1-Q144,0.0
D1,D1-Q145,exact_fact,normal,advanced,64,175,44800,4.662495374679565,15.371561050415039,0.0,0.0,0.0,1.0,1.0,1.0,1.0,1.0,1.0,1.0,1.0,1.0,0.5,0.6309297535714575,0.6309297535714575,1.0,1,D1::D1-Q145,1.0
D1,D1-Q146,exact_fact,normal,advanced,64,175,44800,4.662495374679565,14.28842544555664,0.0,0.0,0.0,0.0,0.0,0.0,1.0,1.0,1.0,1.0,1.0,1.0,0.2,0.38685280723454163,0.38685280723454163,1.0,1,D1::D1-Q146,1.0
D1,D1-Q147,exact_fact,normal,advanced,64,175,44800,4.662495374679565,15.178442001342773,0.0,0.0,0.0,0.0,0.0,0.0,0.0,0.0,0.0,1.0,1.0,1.0,0.14285714285714285,0.0,0.3333333333333333,1.0,1,D1::D1-Q147,1.0
D1,D1-Q148,exact_fact,normal,advanced,64,175,44800,4.662495374679565,14.97793197631836,0.0,0.0,0.0,0.0,0.0,0.0,0.0,0.0,0.0,1.0,1.0,1.0,0.16666666666666666,0.0,0.3562071871080222,1.0,1,D1::D1-Q148,1.0
D1,D1-Q149,exact_fact,normal,advanced,64,175,44800,4.662495374679565,14.275312423706055,0.0,0.0,0.0,1.0,1.0,1.0,1.0,1.0,1.0,1.0,1.0,1.0,0.3333333333333333,0.5,0.5,1.0,1,D1::D1-Q149,1.0
D1,D1-Q150,numerical,normal,advanced,64,175,44800,4.662495374679565,15.275955200195312,1.0,1.0,1.0,1.0,1.0,1.0,1.0,1.0,1.0,1.0,1.0,1.0,1.0,1.0,1.0,1.0,1,D1::D1-Q150,1.0
D1,D1-Q151,numerical,normal,advanced,64,175,44800,4.662495374679565,14.09769058227539,1.0,1.0,1.0,1.0,1.0,1.0,1.0,1.0,1.0,1.0,1.0,1.0,1.0,1.2262943855309167,1.2262943855309167,1.0,2,D1::D1-Q151,1.0
D1,D1-Q152,numerical,normal,advanced,64,175,44800,4.662495374679565,13.936996459960938,1.0,1.0,1.0,1.0,1.0,1.0,1.0,1.0,1.0,1.0,1.0,1.0,1.0,1.0,1.0,1.0,1,D1::D1-Q152,1.0
D1,D1-Q153,numerical,normal,advanced,64,175,44800,4.662495374679565,14.825582504272461,1.0,1.0,1.0,1.0,1.0,1.0,1.0,1.0,1.0,1.0,1.0,1.0,1.0,1.0,1.0,1.0,1,D1::D1-Q153,1.0
D1,D1-Q154,numerical,normal,advanced,64,175,44800,4.662495374679565,14.097929000854492,1.0,1.0,1.0,1.0,1.0,1.0,1.0,1.0,1.0,1.0,1.0,1.0,1.0,1.0,1.0,1.0,1,D1::D1-Q154,1.0
D1,D1-Q155,numerical,normal,advanced,64,175,44800,4.662495374679565,16.355514526367188,0.0,0.0,0.0,0.0,0.0,0.0,1.0,1.0,1.0,1.0,1.0,1.0,0.25,0.43067655807339306,0.43067655807339306,1.0,1,D1::D1-Q155,1.0
D1,D1-Q156,numerical,normal,advanced,64,175,44800,4.662495374679565,14.258623123168945,1.0,1.0,1.0,1.0,1.0,1.0,1.0,1.0,1.0,1.0,1.0,1.0,1.0,1.0,1.0,1.0,1,D1::D1-Q156,1.0
D1,D1-Q157,numerical,normal,advanced,64,175,44800,4.662495374679565,14.252901077270508,0.0,0.0,0.0,1.0,1.0,1.0,1.0,1.0,1.0,1.0,1.0,1.0,0.5,0.6309297535714575,0.6309297535714575,1.0,1,D1::D1-Q157,1.0
D1,D1-Q158,numerical,normal,advanced,64,175,44800,4.662495374679565,14.787912368774414,1.0,1.0,1.0,1.0,1.0,1.0,1.0,1.0,1.0,1.0,1.0,1.0,1.0,1.0,1.0,1.0,1,D1::D1-Q158,1.0
D1,D1-Q159,procedural,normal,advanced,64,175,44800,4.662495374679565,14.734983444213867,0.0,0.0,0.0,0.0,0.0,0.0,1.0,1.0,1.0,1.0,1.0,1.0,0.25,0.43067655807339306,0.43067655807339306,1.0,1,D1::D1-Q159,1.0
D1,D1-Q160,exact_fact,normal,advanced,64,175,44800,4.662495374679565,14.417886734008789,1.0,1.0,1.0,1.0,1.0,1.0,1.0,1.0,1.0,1.0,1.0,1.0,1.0,1.0,1.0,1.0,1,D1::D1-Q160,1.0
D1,D1-Q161,numerical,normal,advanced,64,175,44800,4.662495374679565,16.03841781616211,1.0,1.0,1.0,1.0,1.0,1.0,1.0,1.0,1.0,1.0,1.0,1.0,1.0,1.0,1.0,1.0,1,D1::D1-Q161,1.0
D1,D1-Q162,procedural,normal,advanced,64,175,44800,4.662495374679565,13.41557502746582,0.0,0.0,0.0,0.0,0.0,0.0,0.0,0.0,0.0,0.0,0.0,0.0,0.0,0.0,0.0,0.0,0,D1::D1-Q162,0.0
D1,D1-Q163,exact_fact,normal,advanced,64,175,44800,4.662495374679565,13.307571411132812,0.0,0.0,0.0,0.0,0.0,0.0,0.0,0.0,0.0,0.0,0.0,0.0,0.0,0.0,0.0,0.0,0,D1::D1-Q163,0.0
D1,D1-Q164,procedural,normal,advanced,64,175,44800,4.662495374679565,18.79715919494629,0.0,0.0,0.0,1.0,1.0,1.0,1.0,1.0,1.0,1.0,1.0,1.0,0.5,0.6309297535714575,0.6309297535714575,1.0,1,D1::D1-Q164,1.0
D1,D1-Q165,exact_fact,normal,advanced,64,175,44800,4.662495374679565,13.637542724609375,0.0,0.0,0.0,0.0,0.0,0.0,0.0,0.0,0.0,1.0,1.0,1.0,0.16666666666666666,0.0,0.3562071871080222,1.0,1,D1::D1-Q165,1.0
D1,D1-Q166,negation,normal,advanced,64,175,44800,4.662495374679565,14.215707778930664,0.0,0.0,0.0,1.0,1.0,1.0,1.0,1.0,1.0,1.0,1.0,1.0,0.3333333333333333,0.5,0.5,1.0,1,D1::D1-Q166,1.0
D1,D1-Q167,numerical,normal,advanced,64,175,44800,4.662495374679565,14.227151870727539,1.0,1.0,1.0,1.0,1.0,1.0,1.0,1.0,1.0,1.0,1.0,1.0,1.0,1.0,1.0,1.0,1,D1::D1-Q167,1.0
D1,D1-Q168,procedural,normal,advanced,64,175,44800,4.662495374679565,13.950347900390625,1.0,1.0,1.0,1.0,1.0,1.0,1.0,1.0,1.0,1.0,1.0,1.0,1.0,1.0,1.0,1.0,1,D1::D1-Q168,1.0
D1,D1-Q169,exact_fact,normal,advanced,64,175,44800,4.662495374679565,15.96379280090332,1.0,1.0,1.0,1.0,1.0,1.0,1.0,1.0,1.0,1.0,1.0,1.0,1.0,1.0,1.0,1.0,1,D1::D1-Q169,1.0
D1,D1-Q170,temporal,normal,advanced,64,175,44800,4.662495374679565,15.94996452331543,1.0,1.0,1.0,1.0,1.0,1.0,1.0,1.0,1.0,1.0,1.0,1.0,1.0,1.0,1.0,1.0,1,D1::D1-Q170,1.0
D1,D1-Q171,temporal,normal,advanced,64,175,44800,4.662495374679565,15.14744758605957,1.0,1.0,1.0,1.0,1.0,1.0,1.0,1.0,1.0,1.0,1.0,1.0,1.0,1.0,1.0,1.0,1,D1::D1-Q171,1.0
D1,D1-Q172,exact_fact,normal,advanced,64,175,44800,4.662495374679565,14.761924743652344,0.0,0.0,0.0,1.0,1.0,1.0,1.0,1.0,1.0,1.0,1.0,1.0,0.5,0.6309297535714575,0.6309297535714575,1.0,1,D1::D1-Q172,1.0
D1,D1-Q173,procedural,normal,advanced,64,175,44800,4.662495374679565,15.756607055664062,1.0,1.0,1.0,1.0,1.0,1.0,1.0,1.0,1.0,1.0,1.0,1.0,1.0,1.0,1.0,1.0,1,D1::D1-Q173,1.0
D1,D1-Q174,conditional_exception,normal,advanced,64,175,44800,4.662495374679565,15.031099319458008,0.0,0.0,0.0,1.0,1.0,1.0,1.0,1.0,1.0,1.0,1.0,1.0,0.5,0.6309297535714575,0.6309297535714575,1.0,1,D1::D1-Q174,1.0
D1,D1-Q175,negation,normal,advanced,64,175,44800,4.662495374679565,14.249086380004883,0.0,0.0,0.0,0.0,0.0,0.0,1.0,1.0,1.0,1.0,1.0,1.0,0.25,0.43067655807339306,0.43067655807339306,1.0,1,D1::D1-Q175,1.0
D1,D1-Q176,procedural,normal,advanced,64,175,44800,4.662495374679565,15.16103744506836,0.0,0.0,0.0,0.0,0.0,0.0,0.0,0.0,0.0,0.0,0.0,0.0,0.0,0.0,0.0,0.0,0,D1::D1-Q176,0.0
D1,D1-Q177,exact_fact,normal,advanced,64,175,44800,4.662495374679565,14.364957809448242,1.0,1.0,1.0,1.0,1.0,1.0,1.0,1.0,1.0,1.0,1.0,1.0,1.0,1.0,1.0,1.0,1,D1::D1-Q177,1.0
D1,D1-Q178,negation,normal,advanced,64,175,44800,4.662495374679565,15.177726745605469,0.0,0.0,0.0,0.0,0.0,0.0,0.0,0.0,0.0,0.0,0.0,0.0,0.0,0.0,0.0,0.0,0,D1::D1-Q178,0.0
D1,D1-Q179,exact_fact,normal,advanced,64,175,44800,4.662495374679565,14.25790786743164,1.0,1.0,1.0,1.0,1.0,1.0,1.0,1.0,1.0,1.0,1.0,1.0,1.0,1.0,1.0,1.0,1,D1::D1-Q179,1.0
D1,D1-Q180,exact_fact,normal,advanced,64,175,44800,4.662495374679565,14.70184326171875,1.0,1.0,1.0,1.0,1.0,1.0,1.0,1.0,1.0,1.0,1.0,1.0,1.0,1.0,1.0,1.0,1,D1::D1-Q180,1.0
D1,D1-Q181,procedural,normal,advanced,64,175,44800,4.662495374679565,17.47918128967285,1.0,1.0,1.0,1.0,1.0,1.0,1.0,1.0,1.0,1.0,1.0,1.0,1.0,1.0,1.0,1.0,1,D1::D1-Q181,1.0
D1,D1-Q182,conditional_exception,normal,advanced,64,175,44800,4.662495374679565,13.798952102661133,0.0,0.0,0.0,1.0,1.0,1.0,1.0,1.0,1.0,1.0,1.0,1.0,0.3333333333333333,0.5,0.5,1.0,1,D1::D1-Q182,1.0
D1,D1-Q183,conditional_exception,normal,advanced,64,175,44800,4.662495374679565,14.724969863891602,1.0,1.0,1.0,1.0,1.0,1.0,1.0,1.0,1.0,1.0,1.0,1.0,1.0,1.0,1.0,1.0,1,D1::D1-Q183,1.0
D1,D1-Q184,numerical,normal,advanced,64,175,44800,4.662495374679565,15.195131301879883,0.0,0.0,0.0,1.0,1.0,1.0,1.0,1.0,1.0,1.0,1.0,1.0,0.3333333333333333,0.5,0.5,1.0,1,D1::D1-Q184,1.0
D1,D1-Q185,procedural,normal,advanced,64,175,44800,4.662495374679565,14.484882354736328,0.0,0.0,0.0,1.0,1.0,1.0,1.0,1.0,1.0,1.0,1.0,1.0,0.5,0.6309297535714575,0.6309297535714575,1.0,1,D1::D1-Q185,1.0
D1,D1-Q186,conditional_exception,normal,advanced,64,175,44800,4.662495374679565,15.372991561889648,0.0,0.0,0.0,0.0,0.0,0.0,1.0,1.0,1.0,1.0,1.0,1.0,0.25,0.43067655807339306,0.43067655807339306,1.0,1,D1::D1-Q186,1.0
D1,D1-Q187,numerical,normal,advanced,64,175,44800,4.662495374679565,13.954639434814453,1.0,1.0,1.0,1.0,1.0,1.0,1.0,1.0,1.0,1.0,1.0,1.0,1.0,1.0,1.0,1.0,1,D1::D1-Q187,1.0
D1,D1-Q188,numerical,normal,advanced,64,175,44800,4.662495374679565,14.482498168945312,0.0,0.0,0.0,0.0,0.0,0.0,1.0,1.0,1.0,1.0,1.0,1.0,0.25,0.43067655807339306,0.43067655807339306,1.0,1,D1::D1-Q188,1.0
D1,D1-Q189,exact_fact,normal,advanced,64,175,44800,4.662495374679565,20.988941192626953,0.0,0.0,0.0,1.0,1.0,1.0,1.0,1.0,1.0,1.0,1.0,1.0,0.3333333333333333,0.5,0.5,1.0,1,D1::D1-Q189,1.0
D1,D1-Q190,conditional_exception,normal,advanced,64,175,44800,4.662495374679565,14.788389205932617,0.0,0.0,0.0,1.0,1.0,1.0,1.0,1.0,1.0,1.0,1.0,1.0,0.5,0.6309297535714575,0.6309297535714575,1.0,1,D1::D1-Q190,1.0
D1,D1-Q191,conditional_exception,normal,advanced,64,175,44800,4.662495374679565,15.88749885559082,0.0,0.0,0.0,0.0,0.0,0.0,0.0,0.0,0.0,1.0,1.0,1.0,0.14285714285714285,0.0,0.3333333333333333,1.0,1,D1::D1-Q191,1.0
D1,D1-Q192,list_membership,normal,advanced,64,175,44800,4.662495374679565,13.977527618408203,0.0,0.0,0.0,1.0,1.0,1.0,1.0,1.0,1.0,1.0,1.0,1.0,0.5,0.6309297535714575,0.6309297535714575,1.0,1,D1::D1-Q192,1.0
D1,D1-Q193,procedural,normal,advanced,64,175,44800,4.662495374679565,15.530109405517578,1.0,1.0,1.0,1.0,1.0,1.0,1.0,1.0,1.0,1.0,1.0,1.0,1.0,1.0,1.0,1.0,1,D1::D1-Q193,1.0
D1,D1-Q194,procedural,normal,advanced,64,175,44800,4.662495374679565,14.762163162231445,0.0,0.0,0.0,0.0,0.0,0.0,0.0,0.0,0.0,1.0,1.0,1.0,0.1111111111111111,0.0,0.3010299956639812,1.0,1,D1::D1-Q194,1.0
D1,D1-Q195,conditional_exception,normal,advanced,64,175,44800,4.662495374679565,14.372587203979492,1.0,1.0,1.0,1.0,1.0,1.0,1.0,1.0,1.0,1.0,1.0,1.0,1.0,1.0,1.0,1.0,1,D1::D1-Q195,1.0
D1,D1-Q196,exact_fact,normal,advanced,64,175,44800,4.662495374679565,14.118432998657227,1.0,1.0,1.0,1.0,1.0,1.0,1.0,1.0,1.0,1.0,1.0,1.0,1.0,1.0,1.0,1.0,1,D1::D1-Q196,1.0
D1,D1-Q197,procedural,normal,advanced,64,175,44800,4.662495374679565,14.163970947265625,0.0,0.0,0.0,0.0,0.0,0.0,1.0,1.0,1.0,1.0,1.0,1.0,0.2,0.38685280723454163,0.38685280723454163,1.0,1,D1::D1-Q197,1.0
D1,D1-Q198,conditional_exception,normal,advanced,64,175,44800,4.662495374679565,14.072418212890625,0.0,0.0,0.0,1.0,1.0,1.0,1.0,1.0,1.0,1.0,1.0,1.0,0.5,0.6309297535714575,0.6309297535714575,1.0,1,D1::D1-Q198,1.0
D1,D1-Q199,conditional_exception,normal,advanced,64,175,44800,4.662495374679565,14.970541000366211,1.0,1.0,1.0,1.0,1.0,1.0,1.0,1.0,1.0,1.0,1.0,1.0,1.0,1.0,1.0,1.0,1,D1::D1-Q199,1.0
D1,D1-Q200,numerical,normal,advanced,64,175,44800,4.662495374679565,14.554977416992188,1.0,1.0,1.0,1.0,1.0,1.0,1.0,1.0,1.0,1.0,1.0,1.0,1.0,1.0,1.0,1.0,1,D1::D1-Q200,1.0
D1,D1-Q001,exact_fact,normal,advanced,128,175,89600,4.662495374679565,15.05136489868164,1.0,1.0,1.0,1.0,1.0,1.0,1.0,1.0,1.0,1.0,1.0,1.0,1.0,1.0,1.0,1.0,1,D1::D1-Q001,1.0
D1,D1-Q002,temporal,normal,advanced,128,175,89600,4.662495374679565,14.551877975463867,1.0,1.0,1.0,1.0,1.0,1.0,1.0,1.0,1.0,1.0,1.0,1.0,1.0,1.0,1.0,1.0,1,D1::D1-Q002,1.0
D1,D1-Q003,list_membership,normal,advanced,128,175,89600,4.662495374679565,14.216899871826172,1.0,1.0,1.0,1.0,1.0,1.0,1.0,1.0,1.0,1.0,1.0,1.0,1.0,3.7307622580097775,2.421009429278882,1.0,11,D1::D1-Q003,1.0
D1,D1-Q004,exact_fact,normal,advanced,128,175,89600,4.662495374679565,15.405654907226562,1.0,1.0,1.0,1.0,1.0,1.0,1.0,1.0,1.0,1.0,1.0,1.0,1.0,1.0,1.0,1.0,1,D1::D1-Q004,1.0
D1,D1-Q005,exact_fact,normal,advanced,128,175,89600,4.662495374679565,26.3669490814209,1.0,1.0,1.0,1.0,1.0,1.0,1.0,1.0,1.0,1.0,1.0,1.0,1.0,1.0,1.0,1.0,1,D1::D1-Q005,1.0
D1,D1-Q006,exact_fact,normal,advanced,128,175,89600,4.662495374679565,15.863656997680664,0.0,0.0,0.0,0.0,0.0,0.0,0.0,0.0,0.0,1.0,1.0,1.0,0.16666666666666666,0.0,0.3562071871080222,1.0,1,D1::D1-Q006,1.0
D1,D1-Q007,paraphrase,normal,advanced,128,175,89600,4.662495374679565,14.603853225708008,0.0,0.0,0.0,1.0,1.0,1.0,1.0,1.0,1.0,1.0,1.0,1.0,0.3333333333333333,0.5,0.5,1.0,1,D1::D1-Q007,1.0
D1,D1-Q008,exact_fact,normal,advanced,128,175,89600,4.662495374679565,14.60719108581543,0.0,0.0,0.0,0.0,0.0,0.0,0.0,0.0,0.0,0.0,0.0,0.0,0.0,0.0,0.0,0.0,0,D1::D1-Q008,0.0
D1,D1-Q009,list_membership,normal,advanced,128,175,89600,4.662495374679565,15.629768371582031,1.0,1.0,1.0,1.0,1.0,1.0,1.0,1.0,1.0,1.0,1.0,1.0,1.0,1.0,1.0,1.0,1,D1::D1-Q009,1.0
D1,D1-Q010,exact_fact,normal,advanced,128,175,89600,4.662495374679565,15.404701232910156,1.0,1.0,1.0,1.0,1.0,1.0,1.0,1.0,1.0,1.0,1.0,1.0,1.0,1.0,1.0,1.0,1,D1::D1-Q010,1.0
D1,D1-Q011,exact_fact,normal,advanced,128,175,89600,4.662495374679565,14.969825744628906,0.0,0.0,0.0,0.0,0.0,0.0,0.0,0.0,0.0,0.0,0.0,0.0,0.0,0.0,0.0,0.0,0,D1::D1-Q011,0.0
D1,D1-Q012,exact_fact,normal,advanced,128,175,89600,4.662495374679565,16.116857528686523,0.0,0.0,0.0,0.0,0.0,0.0,0.0,0.0,0.0,0.0,0.0,0.0,0.0,0.0,0.0,0.0,0,D1::D1-Q012,0.0
D1,D1-Q013,list_membership,normal,advanced,128,175,89600,4.662495374679565,15.91038703918457,0.6666666666666666,1.0,0.0,0.6666666666666666,1.0,0.0,0.6666666666666666,1.0,0.0,0.6666666666666666,1.0,0.0,1.0,0.9385574520455129,0.9385574520455129,0.6666666666666666,2,D1::D1-Q013,0.6666666666666666
D1,D1-Q014,exact_fact,normal,advanced,128,175,89600,4.662495374679565,14.636516571044922,1.0,1.0,1.0,1.0,1.0,1.0,1.0,1.0,1.0,1.0,1.0,1.0,1.0,1.0,1.0,1.0,1,D1::D1-Q014,1.0
D1,D1-Q015,exact_fact,normal,advanced,128,175,89600,4.662495374679565,14.312505722045898,1.0,1.0,1.0,1.0,1.0,1.0,1.0,1.0,1.0,1.0,1.0,1.0,1.0,1.0,1.0,1.0,1,D1::D1-Q015,1.0
D1,D1-Q016,list_membership,normal,advanced,128,175,89600,4.662495374679565,16.074180603027344,1.0,1.0,1.0,1.0,1.0,1.0,1.0,1.0,1.0,1.0,1.0,1.0,1.0,1.4078361780682693,1.4078361780682693,1.0,3,D1::D1-Q016,1.0
D1,D1-Q017,exact_fact,normal,advanced,128,175,89600,4.662495374679565,15.84482192993164,0.0,0.0,0.0,0.0,0.0,0.0,0.0,0.0,0.0,1.0,1.0,1.0,0.16666666666666666,0.0,0.3562071871080222,1.0,1,D1::D1-Q017,1.0
D1,D1-Q018,exact_fact,normal,advanced,128,175,89600,4.662495374679565,14.689922332763672,1.0,1.0,1.0,1.0,1.0,1.0,1.0,1.0,1.0,1.0,1.0,1.0,1.0,1.0,1.0,1.0,1,D1::D1-Q018,1.0
D1,D1-Q019,conditional_exception,normal,advanced,128,175,89600,4.662495374679565,14.820575714111328,1.0,1.0,1.0,1.0,1.0,1.0,1.0,1.0,1.0,1.0,1.0,1.0,1.0,1.0,1.0,1.0,1,D1::D1-Q019,1.0
D1,D1-Q020,procedural,normal,advanced,128,175,89600,4.662495374679565,14.617919921875,1.0,1.0,1.0,1.0,1.0,1.0,1.0,1.0,1.0,1.0,1.0,1.0,1.0,1.0,1.0,1.0,1,D1::D1-Q020,1.0
D1,D1-Q021,conditional_exception,normal,advanced,128,175,89600,4.662495374679565,16.448020935058594,0.0,0.0,0.0,1.0,1.0,1.0,1.0,1.0,1.0,1.0,1.0,1.0,0.5,0.6309297535714575,0.6309297535714575,1.0,1,D1::D1-Q021,1.0
D1,D1-Q022,numerical,normal,advanced,128,175,89600,4.662495374679565,14.462471008300781,1.0,1.0,1.0,1.0,1.0,1.0,1.0,1.0,1.0,1.0,1.0,1.0,1.0,1.0,1.0,1.0,1,D1::D1-Q022,1.0
D1,D1-Q023,negation,normal,advanced,128,175,89600,4.662495374679565,14.873743057250977,1.0,1.0,1.0,1.0,1.0,1.0,1.0,1.0,1.0,1.0,1.0,1.0,1.0,1.0,1.0,1.0,1,D1::D1-Q023,1.0
D1,D1-Q024,conditional_exception,normal,advanced,128,175,89600,4.662495374679565,14.522552490234375,1.0,1.0,1.0,1.0,1.0,1.0,1.0,1.0,1.0,1.0,1.0,1.0,1.0,1.0,1.0,1.0,1,D1::D1-Q024,1.0
D1,D1-Q025,negation,normal,advanced,128,175,89600,4.662495374679565,14.552831649780273,0.0,0.0,0.0,0.0,0.0,0.0,1.0,1.0,1.0,1.0,1.0,1.0,0.2,0.38685280723454163,0.38685280723454163,1.0,1,D1::D1-Q025,1.0
D1,D1-Q026,paraphrase,normal,advanced,128,175,89600,4.662495374679565,14.223098754882812,1.0,1.0,1.0,1.0,1.0,1.0,1.0,1.0,1.0,1.0,1.0,1.0,1.0,1.0,1.0,1.0,1,D1::D1-Q026,1.0
D1,D1-Q027,exact_fact,normal,advanced,128,175,89600,4.662495374679565,14.339447021484375,1.0,1.0,1.0,1.0,1.0,1.0,1.0,1.0,1.0,1.0,1.0,1.0,1.0,1.0,1.0,1.0,1,D1::D1-Q027,1.0
D1,D1-Q028,conditional_exception,normal,advanced,128,175,89600,4.662495374679565,15.434741973876953,1.0,1.0,1.0,1.0,1.0,1.0,1.0,1.0,1.0,1.0,1.0,1.0,1.0,1.0,1.0,1.0,1,D1::D1-Q028,1.0
D1,D1-Q029,exact_fact,normal,advanced,128,175,89600,4.662495374679565,17.026901245117188,1.0,1.0,1.0,1.0,1.0,1.0,1.0,1.0,1.0,1.0,1.0,1.0,1.0,1.0,1.0,1.0,1,D1::D1-Q029,1.0
D1,D1-Q030,exact_fact,normal,advanced,128,175,89600,4.662495374679565,15.777826309204102,0.0,0.0,0.0,0.0,0.0,0.0,0.0,0.0,0.0,0.0,0.0,0.0,0.0,0.0,0.0,0.0,0,D1::D1-Q030,0.0
D1,D1-Q031,negation,normal,advanced,128,175,89600,4.662495374679565,15.867471694946289,1.0,1.0,1.0,1.0,1.0,1.0,1.0,1.0,1.0,1.0,1.0,1.0,1.0,1.0,1.0,1.0,1,D1::D1-Q031,1.0
D1,D1-Q032,temporal,normal,advanced,128,175,89600,4.662495374679565,14.41645622253418,0.0,0.0,0.0,0.0,0.0,0.0,1.0,1.0,1.0,1.0,1.0,1.0,0.25,0.43067655807339306,0.43067655807339306,1.0,1,D1::D1-Q032,1.0
D1,D1-Q033,exact_fact,normal,advanced,128,175,89600,4.662495374679565,15.26021957397461,0.0,0.0,0.0,1.0,1.0,1.0,1.0,1.0,1.0,1.0,1.0,1.0,0.5,0.6309297535714575,0.6309297535714575,1.0,1,D1::D1-Q033,1.0
D1,D1-Q034,negation,normal,advanced,128,175,89600,4.662495374679565,14.103412628173828,1.0,1.0,1.0,1.0,1.0,1.0,1.0,1.0,1.0,1.0,1.0,1.0,1.0,1.0,1.0,1.0,1,D1::D1-Q034,1.0
D1,D1-Q035,numerical,normal,advanced,128,175,89600,4.662495374679565,15.064716339111328,1.0,1.0,1.0,1.0,1.0,1.0,1.0,1.0,1.0,1.0,1.0,1.0,1.0,1.0,1.0,1.0,1,D1::D1-Q035,1.0
D1,D1-Q036,conditional_exception,normal,advanced,128,175,89600,4.662495374679565,13.906717300415039,1.0,1.0,1.0,1.0,1.0,1.0,1.0,1.0,1.0,1.0,1.0,1.0,1.0,1.0,1.0,1.0,1,D1::D1-Q036,1.0
D1,D1-Q037,conditional_exception,normal,advanced,128,175,89600,4.662495374679565,14.176368713378906,0.0,0.0,0.0,1.0,1.0,1.0,1.0,1.0,1.0,1.0,1.0,1.0,0.5,0.6309297535714575,0.6309297535714575,1.0,1,D1::D1-Q037,1.0
D1,D1-Q038,negation,normal,advanced,128,175,89600,4.662495374679565,15.115737915039062,1.0,1.0,1.0,1.0,1.0,1.0,1.0,1.0,1.0,1.0,1.0,1.0,1.0,1.0,1.0,1.0,1,D1::D1-Q038,1.0
D1,D1-Q039,exact_fact,normal,advanced,128,175,89600,4.662495374679565,15.649080276489258,1.0,1.0,1.0,1.0,1.0,1.0,1.0,1.0,1.0,1.0,1.0,1.0,1.0,1.0,1.0,1.0,1,D1::D1-Q039,1.0
D1,D1-Q040,exact_fact,normal,advanced,128,175,89600,4.662495374679565,14.669418334960938,1.0,1.0,1.0,1.0,1.0,1.0,1.0,1.0,1.0,1.0,1.0,1.0,1.0,1.0,1.0,1.0,1,D1::D1-Q040,1.0
D1,D1-Q041,negation,normal,advanced,128,175,89600,4.662495374679565,15.999078750610352,1.0,1.0,1.0,1.0,1.0,1.0,1.0,1.0,1.0,1.0,1.0,1.0,1.0,1.0,1.0,1.0,1,D1::D1-Q041,1.0
D1,D1-Q042,exact_fact,normal,advanced,128,175,89600,4.662495374679565,14.483928680419922,1.0,1.0,1.0,1.0,1.0,1.0,1.0,1.0,1.0,1.0,1.0,1.0,1.0,1.0,1.0,1.0,1,D1::D1-Q042,1.0
D1,D1-Q043,list_membership,normal,advanced,128,175,89600,4.662495374679565,15.141487121582031,1.0,1.0,1.0,1.0,1.0,1.0,1.0,1.0,1.0,1.0,1.0,1.0,1.0,1.0,1.0,1.0,1,D1::D1-Q043,1.0
D1,D1-Q044,exact_fact,normal,advanced,128,175,89600,4.662495374679565,15.539407730102539,1.0,1.0,1.0,1.0,1.0,1.0,1.0,1.0,1.0,1.0,1.0,1.0,1.0,1.0,1.0,1.0,1,D1::D1-Q044,1.0
D1,D1-Q045,exact_fact,normal,advanced,128,175,89600,4.662495374679565,14.40572738647461,1.0,1.0,1.0,1.0,1.0,1.0,1.0,1.0,1.0,1.0,1.0,1.0,1.0,1.0,1.0,1.0,1,D1::D1-Q045,1.0
D1,D1-Q046,procedural,normal,advanced,128,175,89600,4.662495374679565,14.321565628051758,0.0,0.0,0.0,1.0,1.0,1.0,1.0,1.0,1.0,1.0,1.0,1.0,0.5,0.6309297535714575,0.6309297535714575,1.0,1,D1::D1-Q046,1.0
D1,D1-Q047,numerical,normal,advanced,128,175,89600,4.662495374679565,14.460086822509766,0.0,0.0,0.0,1.0,1.0,1.0,1.0,1.0,1.0,1.0,1.0,1.0,0.3333333333333333,0.5,0.5,1.0,1,D1::D1-Q047,1.0
D1,D1-Q048,negation,normal,advanced,128,175,89600,4.662495374679565,17.203807830810547,0.0,0.0,0.0,1.0,1.0,1.0,1.0,1.0,1.0,1.0,1.0,1.0,0.5,0.6309297535714575,0.6309297535714575,1.0,1,D1::D1-Q048,1.0
D1,D1-Q049,procedural,normal,advanced,128,175,89600,4.662495374679565,19.78921890258789,1.0,1.0,1.0,1.0,1.0,1.0,1.0,1.0,1.0,1.0,1.0,1.0,1.0,1.0,1.0,1.0,1,D1::D1-Q049,1.0
D1,D1-Q050,procedural,normal,advanced,128,175,89600,4.662495374679565,14.91689682006836,1.0,1.0,1.0,1.0,1.0,1.0,1.0,1.0,1.0,1.0,1.0,1.0,1.0,1.0,1.0,1.0,1,D1::D1-Q050,1.0
D1,D1-Q051,list_membership,normal,advanced,128,175,89600,4.662495374679565,15.013694763183594,1.0,1.0,1.0,1.0,1.0,1.0,1.0,1.0,1.0,1.0,1.0,1.0,1.0,1.4078361780682693,1.4078361780682693,1.0,3,D1::D1-Q051,1.0
D1,D1-Q052,negation,normal,advanced,128,175,89600,4.662495374679565,14.600753784179688,1.0,1.0,1.0,1.0,1.0,1.0,1.0,1.0,1.0,1.0,1.0,1.0,1.0,1.0,1.0,1.0,1,D1::D1-Q052,1.0
D1,D1-Q053,numerical,normal,advanced,128,175,89600,4.662495374679565,15.158414840698242,1.0,1.0,1.0,1.0,1.0,1.0,1.0,1.0,1.0,1.0,1.0,1.0,1.0,1.0,1.0,1.0,1,D1::D1-Q053,1.0
D1,D1-Q054,exact_fact,normal,advanced,128,175,89600,4.662495374679565,13.892889022827148,1.0,1.0,1.0,1.0,1.0,1.0,1.0,1.0,1.0,1.0,1.0,1.0,1.0,1.0,1.0,1.0,1,D1::D1-Q054,1.0
D1,D1-Q055,conditional_exception,normal,advanced,128,175,89600,4.662495374679565,14.434576034545898,1.0,1.0,1.0,1.0,1.0,1.0,1.0,1.0,1.0,1.0,1.0,1.0,1.0,1.0,1.0,1.0,1,D1::D1-Q055,1.0
D1,D1-Q056,procedural,normal,advanced,128,175,89600,4.662495374679565,14.862537384033203,1.0,1.0,1.0,1.0,1.0,1.0,1.0,1.0,1.0,1.0,1.0,1.0,1.0,1.0,1.0,1.0,1,D1::D1-Q056,1.0
D1,D1-Q057,exact_fact,normal,advanced,128,175,89600,4.662495374679565,14.726400375366211,1.0,1.0,1.0,1.0,1.0,1.0,1.0,1.0,1.0,1.0,1.0,1.0,1.0,1.0,1.0,1.0,1,D1::D1-Q057,1.0
D1,D1-Q058,negation,normal,advanced,128,175,89600,4.662495374679565,16.5407657623291,1.0,1.0,1.0,1.0,1.0,1.0,1.0,1.0,1.0,1.0,1.0,1.0,1.0,1.0,1.0,1.0,1,D1::D1-Q058,1.0
D1,D1-Q059,procedural,normal,advanced,128,175,89600,4.662495374679565,14.349699020385742,0.0,0.0,0.0,1.0,1.0,1.0,1.0,1.0,1.0,1.0,1.0,1.0,0.3333333333333333,0.5,0.5,1.0,1,D1::D1-Q059,1.0
D1,D1-Q060,negation,normal,advanced,128,175,89600,4.662495374679565,14.424562454223633,1.0,1.0,1.0,1.0,1.0,1.0,1.0,1.0,1.0,1.0,1.0,1.0,1.0,1.0,1.0,1.0,1,D1::D1-Q060,1.0
D1,D1-Q061,procedural,normal,advanced,128,175,89600,4.662495374679565,14.250993728637695,1.0,1.0,1.0,1.0,1.0,1.0,1.0,1.0,1.0,1.0,1.0,1.0,1.0,1.0,1.0,1.0,1,D1::D1-Q061,1.0
D1,D1-Q062,numerical,normal,advanced,128,175,89600,4.662495374679565,16.041040420532227,1.0,1.0,1.0,1.0,1.0,1.0,1.0,1.0,1.0,1.0,1.0,1.0,1.0,1.0,1.0,1.0,1,D1::D1-Q062,1.0
D1,D1-Q063,numerical,normal,advanced,128,175,89600,4.662495374679565,16.736984252929688,1.0,1.0,1.0,1.0,1.0,1.0,1.0,1.0,1.0,1.0,1.0,1.0,1.0,1.0,1.0,1.0,1,D1::D1-Q063,1.0
D1,D1-Q064,numerical,normal,advanced,128,175,89600,4.662495374679565,16.17264747619629,1.0,1.0,1.0,1.0,1.0,1.0,1.0,1.0,1.0,1.0,1.0,1.0,1.0,1.0,1.0,1.0,1,D1::D1-Q064,1.0
D1,D1-Q065,numerical,normal,advanced,128,175,89600,4.662495374679565,14.577150344848633,0.0,0.0,0.0,0.0,0.0,0.0,1.0,1.0,1.0,1.0,1.0,1.0,0.2,0.38685280723454163,0.38685280723454163,1.0,1,D1::D1-Q065,1.0
D1,D1-Q066,list_membership,normal,advanced,128,175,89600,4.662495374679565,18.83840560913086,1.0,1.0,1.0,1.0,1.0,1.0,1.0,1.0,1.0,1.0,1.0,1.0,1.0,1.0,1.0,1.0,1,D1::D1-Q066,1.0
D1,D1-Q067,numerical,normal,advanced,128,175,89600,4.662495374679565,25.490760803222656,1.0,1.0,1.0,1.0,1.0,1.0,1.0,1.0,1.0,1.0,1.0,1.0,1.0,1.0,1.0,1.0,1,D1::D1-Q067,1.0
D1,D1-Q068,numerical,normal,advanced,128,175,89600,4.662495374679565,15.036582946777344,0.0,0.0,0.0,1.0,1.0,1.0,1.0,1.0,1.0,1.0,1.0,1.0,0.5,0.6309297535714575,0.6309297535714575,1.0,1,D1::D1-Q068,1.0
D1,D1-Q069,numerical,normal,advanced,128,175,89600,4.662495374679565,15.169143676757812,1.0,1.0,1.0,1.0,1.0,1.0,1.0,1.0,1.0,1.0,1.0,1.0,1.0,1.0,1.0,1.0,1,D1::D1-Q069,1.0
D1,D1-Q070,numerical,normal,advanced,128,175,89600,4.662495374679565,14.538288116455078,0.0,0.0,0.0,1.0,1.0,1.0,1.0,1.0,1.0,1.0,1.0,1.0,0.5,0.6309297535714575,0.6309297535714575,1.0,1,D1::D1-Q070,1.0
D1,D1-Q071,numerical,normal,advanced,128,175,89600,4.662495374679565,15.61284065246582,1.0,1.0,1.0,1.0,1.0,1.0,1.0,1.0,1.0,1.0,1.0,1.0,1.0,1.0,1.0,1.0,1,D1::D1-Q071,1.0
D1,D1-Q072,numerical,normal,advanced,128,175,89600,4.662495374679565,15.244483947753906,1.0,1.0,1.0,1.0,1.0,1.0,1.0,1.0,1.0,1.0,1.0,1.0,1.0,1.0,1.0,1.0,1,D1::D1-Q072,1.0
D1,D1-Q073,numerical,normal,advanced,128,175,89600,4.662495374679565,15.403270721435547,1.0,1.0,1.0,1.0,1.0,1.0,1.0,1.0,1.0,1.0,1.0,1.0,1.0,1.0,1.0,1.0,1,D1::D1-Q073,1.0
D1,D1-Q074,numerical,normal,advanced,128,175,89600,4.662495374679565,14.688968658447266,0.0,0.0,0.0,0.0,0.0,0.0,0.0,0.0,0.0,0.0,0.0,0.0,0.0,0.0,0.0,0.0,0,D1::D1-Q074,0.0
D1,D1-Q075,numerical,normal,advanced,128,175,89600,4.662495374679565,15.735387802124023,0.0,0.0,0.0,1.0,1.0,1.0,1.0,1.0,1.0,1.0,1.0,1.0,0.5,0.6309297535714575,0.6309297535714575,1.0,1,D1::D1-Q075,1.0
D1,D1-Q076,numerical,normal,advanced,128,175,89600,4.662495374679565,14.5263671875,1.0,1.0,1.0,1.0,1.0,1.0,1.0,1.0,1.0,1.0,1.0,1.0,1.0,1.0,1.0,1.0,1,D1::D1-Q076,1.0
D1,D1-Q077,numerical,normal,advanced,128,175,89600,4.662495374679565,15.551567077636719,1.0,1.0,1.0,1.0,1.0,1.0,1.0,1.0,1.0,1.0,1.0,1.0,1.0,1.0,1.0,1.0,1,D1::D1-Q077,1.0
D1,D1-Q078,conditional_exception,normal,advanced,128,175,89600,4.662495374679565,14.487743377685547,1.0,1.0,1.0,1.0,1.0,1.0,1.0,1.0,1.0,1.0,1.0,1.0,1.0,1.0,1.0,1.0,1,D1::D1-Q078,1.0
D1,D1-Q079,conditional_exception,normal,advanced,128,175,89600,4.662495374679565,14.503002166748047,1.0,1.0,1.0,1.0,1.0,1.0,1.0,1.0,1.0,1.0,1.0,1.0,1.0,1.4078361780682693,1.4078361780682693,1.0,3,D1::D1-Q079,1.0
D1,D1-Q080,numerical,normal,advanced,128,175,89600,4.662495374679565,15.879154205322266,0.5,1.0,0.0,1.0,1.0,1.0,1.0,1.0,1.0,1.0,1.0,1.0,1.0,1.0,1.0,1.0,2,D1::D1-Q080,1.0
D1,D1-Q081,numerical,normal,advanced,128,175,89600,4.662495374679565,15.276432037353516,1.0,1.0,1.0,1.0,1.0,1.0,1.0,1.0,1.0,1.0,1.0,1.0,1.0,1.0,1.0,1.0,1,D1::D1-Q081,1.0
D1,D1-Q082,procedural,normal,advanced,128,175,89600,4.662495374679565,16.036510467529297,1.0,1.0,1.0,1.0,1.0,1.0,1.0,1.0,1.0,1.0,1.0,1.0,1.0,1.0,1.0,1.0,1,D1::D1-Q082,1.0
D1,D1-Q083,numerical,normal,advanced,128,175,89600,4.662495374679565,15.870094299316406,0.0,0.0,0.0,0.0,0.0,0.0,0.5,1.0,0.0,1.0,1.0,1.0,0.2,0.23719771276929622,0.430624116386567,1.0,2,D1::D1-Q083,1.0
D1,D1-Q084,exact_fact,normal,advanced,128,175,89600,4.662495374679565,14.903783798217773,1.0,1.0,1.0,1.0,1.0,1.0,1.0,1.0,1.0,1.0,1.0,1.0,1.0,1.0,1.0,1.0,1,D1::D1-Q084,1.0
D1,D1-Q085,numerical,normal,advanced,128,175,89600,4.662495374679565,14.76907730102539,1.0,1.0,1.0,1.0,1.0,1.0,1.0,1.0,1.0,1.0,1.0,1.0,1.0,1.0,1.0,1.0,1,D1::D1-Q085,1.0
D1,D1-Q086,negation,normal,advanced,128,175,89600,4.662495374679565,14.594316482543945,1.0,1.0,1.0,1.0,1.0,1.0,1.0,1.0,1.0,1.0,1.0,1.0,1.0,1.0,1.0,1.0,1,D1::D1-Q086,1.0
D1,D1-Q087,numerical,normal,advanced,128,175,89600,4.662495374679565,14.753341674804688,1.0,1.0,1.0,1.0,1.0,1.0,1.0,1.0,1.0,1.0,1.0,1.0,1.0,1.0,1.0,1.0,1,D1::D1-Q087,1.0
D1,D1-Q088,numerical,normal,advanced,128,175,89600,4.662495374679565,14.29295539855957,1.0,1.0,1.0,1.0,1.0,1.0,1.0,1.0,1.0,1.0,1.0,1.0,1.0,1.0,1.0,1.0,1,D1::D1-Q088,1.0
D1,D1-Q089,numerical,normal,advanced,128,175,89600,4.662495374679565,15.601158142089844,0.0,0.0,0.0,1.0,1.0,1.0,1.0,1.0,1.0,1.0,1.0,1.0,0.3333333333333333,0.5,0.5,1.0,1,D1::D1-Q089,1.0
D1,D1-Q090,numerical,normal,advanced,128,175,89600,4.662495374679565,15.066862106323242,1.0,1.0,1.0,1.0,1.0,1.0,1.0,1.0,1.0,1.0,1.0,1.0,1.0,1.0,1.0,1.0,1,D1::D1-Q090,1.0
D1,D1-Q091,numerical,normal,advanced,128,175,89600,4.662495374679565,15.834808349609375,1.0,1.0,1.0,1.0,1.0,1.0,1.0,1.0,1.0,1.0,1.0,1.0,1.0,1.0,1.0,1.0,1,D1::D1-Q091,1.0
D1,D1-Q092,procedural,normal,advanced,128,175,89600,4.662495374679565,20.853042602539062,1.0,1.0,1.0,1.0,1.0,1.0,1.0,1.0,1.0,1.0,1.0,1.0,1.0,1.0,1.0,1.0,1,D1::D1-Q092,1.0
D1,D1-Q093,numerical,normal,advanced,128,175,89600,4.662495374679565,14.630317687988281,1.0,1.0,1.0,1.0,1.0,1.0,1.0,1.0,1.0,1.0,1.0,1.0,1.0,1.0,1.0,1.0,1,D1::D1-Q093,1.0
D1,D1-Q094,exact_fact,normal,advanced,128,175,89600,4.662495374679565,15.234947204589844,1.0,1.0,1.0,1.0,1.0,1.0,1.0,1.0,1.0,1.0,1.0,1.0,1.0,1.0,1.0,1.0,1,D1::D1-Q094,1.0
D1,D1-Q095,exact_fact,normal,advanced,128,175,89600,4.662495374679565,13.990163803100586,0.0,0.0,0.0,1.0,1.0,1.0,1.0,1.0,1.0,1.0,1.0,1.0,0.5,0.6309297535714575,0.6309297535714575,1.0,1,D1::D1-Q095,1.0
D1,D1-Q096,negation,normal,advanced,128,175,89600,4.662495374679565,14.068126678466797,1.0,1.0,1.0,1.0,1.0,1.0,1.0,1.0,1.0,1.0,1.0,1.0,1.0,1.0,1.0,1.0,1,D1::D1-Q096,1.0
D1,D1-Q097,exact_fact,normal,advanced,128,175,89600,4.662495374679565,14.097452163696289,1.0,1.0,1.0,1.0,1.0,1.0,1.0,1.0,1.0,1.0,1.0,1.0,1.0,1.0,1.0,1.0,1,D1::D1-Q097,1.0
D1,D1-Q098,numerical,normal,advanced,128,175,89600,4.662495374679565,14.263153076171875,1.0,1.0,1.0,1.0,1.0,1.0,1.0,1.0,1.0,1.0,1.0,1.0,1.0,1.0,1.0,1.0,1,D1::D1-Q098,1.0
D1,D1-Q099,numerical,normal,advanced,128,175,89600,4.662495374679565,14.197349548339844,1.0,1.0,1.0,1.0,1.0,1.0,1.0,1.0,1.0,1.0,1.0,1.0,1.0,1.0,1.0,1.0,1,D1::D1-Q099,1.0
D1,D1-Q100,exact_fact,normal,advanced,128,175,89600,4.662495374679565,16.93248748779297,1.0,1.0,1.0,1.0,1.0,1.0,1.0,1.0,1.0,1.0,1.0,1.0,1.0,1.0,1.0,1.0,1,D1::D1-Q100,1.0
D1,D1-Q101,numerical,normal,advanced,128,175,89600,4.662495374679565,14.25790786743164,1.0,1.0,1.0,1.0,1.0,1.0,1.0,1.0,1.0,1.0,1.0,1.0,1.0,1.0,1.0,1.0,1,D1::D1-Q101,1.0
D1,D1-Q102,negation,normal,advanced,128,175,89600,4.662495374679565,14.616250991821289,0.0,0.0,0.0,1.0,1.0,1.0,1.0,1.0,1.0,1.0,1.0,1.0,0.3333333333333333,0.5,0.5,1.0,1,D1::D1-Q102,1.0
D1,D1-Q103,numerical,normal,advanced,128,175,89600,4.662495374679565,14.02425765991211,1.0,1.0,1.0,1.0,1.0,1.0,1.0,1.0,1.0,1.0,1.0,1.0,1.0,1.0,1.0,1.0,1,D1::D1-Q103,1.0
D1,D1-Q104,negation,normal,advanced,128,175,89600,4.662495374679565,14.052867889404297,1.0,1.0,1.0,1.0,1.0,1.0,1.0,1.0,1.0,1.0,1.0,1.0,1.0,1.0,1.0,1.0,1,D1::D1-Q104,1.0
D1,D1-Q105,numerical,normal,advanced,128,175,89600,4.662495374679565,14.119386672973633,1.0,1.0,1.0,1.0,1.0,1.0,1.0,1.0,1.0,1.0,1.0,1.0,1.0,1.0,1.0,1.0,1,D1::D1-Q105,1.0
D1,D1-Q106,numerical,normal,advanced,128,175,89600,4.662495374679565,13.976097106933594,1.0,1.0,1.0,1.0,1.0,1.0,1.0,1.0,1.0,1.0,1.0,1.0,1.0,1.0,1.0,1.0,1,D1::D1-Q106,1.0
D1,D1-Q107,numerical,normal,advanced,128,175,89600,4.662495374679565,15.376806259155273,0.0,0.0,0.0,1.0,1.0,1.0,1.0,1.0,1.0,1.0,1.0,1.0,0.5,0.6309297535714575,0.6309297535714575,1.0,1,D1::D1-Q107,1.0
D1,D1-Q108,numerical,normal,advanced,128,175,89600,4.662495374679565,20.83420753479004,0.0,0.0,0.0,0.0,0.0,0.0,0.0,0.0,0.0,0.0,0.0,0.0,0.0,0.0,0.0,0.0,0,D1::D1-Q108,0.0
D1,D1-Q109,numerical,normal,advanced,128,175,89600,4.662495374679565,15.206575393676758,0.0,0.0,0.0,0.0,0.0,0.0,1.0,1.0,1.0,1.0,1.0,1.0,0.25,0.43067655807339306,0.43067655807339306,1.0,1,D1::D1-Q109,1.0
D1,D1-Q110,exact_fact,normal,advanced,128,175,89600,4.662495374679565,15.359878540039062,1.0,1.0,1.0,1.0,1.0,1.0,1.0,1.0,1.0,1.0,1.0,1.0,1.0,1.0,1.0,1.0,1,D1::D1-Q110,1.0
D1,D1-Q111,exact_fact,normal,advanced,128,175,89600,4.662495374679565,14.296770095825195,1.0,1.0,1.0,1.0,1.0,1.0,1.0,1.0,1.0,1.0,1.0,1.0,1.0,1.0,1.0,1.0,1,D1::D1-Q111,1.0
D1,D1-Q112,numerical,normal,advanced,128,175,89600,4.662495374679565,14.0228271484375,1.0,1.0,1.0,1.0,1.0,1.0,1.0,1.0,1.0,1.0,1.0,1.0,1.0,1.0,1.0,1.0,1,D1::D1-Q112,1.0
D1,D1-Q113,numerical,normal,advanced,128,175,89600,4.662495374679565,15.070438385009766,1.0,1.0,1.0,1.0,1.0,1.0,1.0,1.0,1.0,1.0,1.0,1.0,1.0,1.0,1.0,1.0,1,D1::D1-Q113,1.0
D1,D1-Q114,numerical,normal,advanced,128,175,89600,4.662495374679565,14.802217483520508,1.0,1.0,1.0,1.0,1.0,1.0,1.0,1.0,1.0,1.0,1.0,1.0,1.0,1.0,1.0,1.0,1,D1::D1-Q114,1.0
D1,D1-Q115,negation,normal,advanced,128,175,89600,4.662495374679565,14.932632446289062,1.0,1.0,1.0,1.0,1.0,1.0,1.0,1.0,1.0,1.0,1.0,1.0,1.0,1.0,1.0,1.0,1,D1::D1-Q115,1.0
D1,D1-Q116,list_membership,normal,advanced,128,175,89600,4.662495374679565,13.766765594482422,1.0,1.0,1.0,1.0,1.0,1.0,1.0,1.0,1.0,1.0,1.0,1.0,1.0,1.4078361780682693,1.4078361780682693,1.0,3,D1::D1-Q116,1.0
D1,D1-Q117,numerical,normal,advanced,128,175,89600,4.662495374679565,16.60013198852539,1.0,1.0,1.0,1.0,1.0,1.0,1.0,1.0,1.0,1.0,1.0,1.0,1.0,1.0,1.0,1.0,1,D1::D1-Q117,1.0
D1,D1-Q118,negation,normal,advanced,128,175,89600,4.662495374679565,14.395475387573242,1.0,1.0,1.0,1.0,1.0,1.0,1.0,1.0,1.0,1.0,1.0,1.0,1.0,1.0,1.0,1.0,1,D1::D1-Q118,1.0
D1,D1-Q119,exact_fact,normal,advanced,128,175,89600,4.662495374679565,14.206886291503906,1.0,1.0,1.0,1.0,1.0,1.0,1.0,1.0,1.0,1.0,1.0,1.0,1.0,1.0,1.0,1.0,1,D1::D1-Q119,1.0
D1,D1-Q120,numerical,normal,advanced,128,175,89600,4.662495374679565,14.824390411376953,1.0,1.0,1.0,1.0,1.0,1.0,1.0,1.0,1.0,1.0,1.0,1.0,1.0,1.2262943855309167,1.2262943855309167,1.0,2,D1::D1-Q120,1.0
D1,D1-Q121,numerical,normal,advanced,128,175,89600,4.662495374679565,14.042139053344727,1.0,1.0,1.0,1.0,1.0,1.0,1.0,1.0,1.0,1.0,1.0,1.0,1.0,1.0,1.0,1.0,1,D1::D1-Q121,1.0
D1,D1-Q122,numerical,normal,advanced,128,175,89600,4.662495374679565,14.714956283569336,0.0,0.0,0.0,1.0,1.0,1.0,1.0,1.0,1.0,1.0,1.0,1.0,0.5,0.6309297535714575,0.6309297535714575,1.0,1,D1::D1-Q122,1.0
D1,D1-Q123,procedural,normal,advanced,128,175,89600,4.662495374679565,15.327215194702148,1.0,1.0,1.0,1.0,1.0,1.0,1.0,1.0,1.0,1.0,1.0,1.0,1.0,1.0,1.0,1.0,1,D1::D1-Q123,1.0
D1,D1-Q124,exact_fact,normal,advanced,128,175,89600,4.662495374679565,15.193700790405273,1.0,1.0,1.0,1.0,1.0,1.0,1.0,1.0,1.0,1.0,1.0,1.0,1.0,1.0,1.0,1.0,1,D1::D1-Q124,1.0
D1,D1-Q125,exact_fact,normal,advanced,128,175,89600,4.662495374679565,14.82534408569336,0.0,0.0,0.0,1.0,1.0,1.0,1.0,1.0,1.0,1.0,1.0,1.0,0.5,0.6309297535714575,0.6309297535714575,1.0,1,D1::D1-Q125,1.0
D1,D1-Q126,negation,normal,advanced,128,175,89600,4.662495374679565,14.477968215942383,1.0,1.0,1.0,1.0,1.0,1.0,1.0,1.0,1.0,1.0,1.0,1.0,1.0,1.0,1.0,1.0,1,D1::D1-Q126,1.0
D1,D1-Q127,numerical,normal,advanced,128,175,89600,4.662495374679565,15.127897262573242,1.0,1.0,1.0,1.0,1.0,1.0,1.0,1.0,1.0,1.0,1.0,1.0,1.0,1.0,1.0,1.0,1,D1::D1-Q127,1.0
D1,D1-Q128,numerical,normal,advanced,128,175,89600,4.662495374679565,19.884586334228516,1.0,1.0,1.0,1.0,1.0,1.0,1.0,1.0,1.0,1.0,1.0,1.0,1.0,1.0,1.0,1.0,1,D1::D1-Q128,1.0
D1,D1-Q129,exact_fact,normal,advanced,128,175,89600,4.662495374679565,22.60732650756836,0.0,0.0,0.0,1.0,1.0,1.0,1.0,1.0,1.0,1.0,1.0,1.0,0.5,0.6309297535714575,0.6309297535714575,1.0,1,D1::D1-Q129,1.0
D1,D1-Q130,numerical,normal,advanced,128,175,89600,4.662495374679565,14.34183120727539,1.0,1.0,1.0,1.0,1.0,1.0,1.0,1.0,1.0,1.0,1.0,1.0,1.0,1.0,1.0,1.0,1,D1::D1-Q130,1.0
D1,D1-Q131,negation,normal,advanced,128,175,89600,4.662495374679565,14.485597610473633,1.0,1.0,1.0,1.0,1.0,1.0,1.0,1.0,1.0,1.0,1.0,1.0,1.0,1.0,1.0,1.0,1,D1::D1-Q131,1.0
D1,D1-Q132,negation,normal,advanced,128,175,89600,4.662495374679565,14.178037643432617,1.0,1.0,1.0,1.0,1.0,1.0,1.0,1.0,1.0,1.0,1.0,1.0,1.0,1.0,1.0,1.0,1,D1::D1-Q132,1.0
D1,D1-Q133,procedural,normal,advanced,128,175,89600,4.662495374679565,14.002561569213867,0.6666666666666666,1.0,0.0,1.0,1.0,1.0,1.0,1.0,1.0,1.0,1.0,1.0,1.0,1.234639363011378,1.234639363011378,1.0,3,D1::D1-Q133,1.0
D1,D1-Q134,exact_fact,normal,advanced,128,175,89600,4.662495374679565,14.156579971313477,1.0,1.0,1.0,1.0,1.0,1.0,1.0,1.0,1.0,1.0,1.0,1.0,1.0,1.0,1.0,1.0,1,D1::D1-Q134,1.0
D1,D1-Q135,conditional_exception,normal,advanced,128,175,89600,4.662495374679565,14.319419860839844,1.0,1.0,1.0,1.0,1.0,1.0,1.0,1.0,1.0,1.0,1.0,1.0,1.0,1.0,1.0,1.0,1,D1::D1-Q135,1.0
D1,D1-Q136,exact_fact,normal,advanced,128,175,89600,4.662495374679565,14.173269271850586,0.0,0.0,0.0,1.0,1.0,1.0,1.0,1.0,1.0,1.0,1.0,1.0,0.3333333333333333,0.5,0.5,1.0,1,D1::D1-Q136,1.0
D1,D1-Q137,table_lookup,normal,advanced,128,175,89600,4.662495374679565,14.381647109985352,0.6666666666666666,1.0,0.0,0.6666666666666666,1.0,0.0,0.6666666666666666,1.0,0.0,0.6666666666666666,1.0,0.0,1.0,1.3566408210944645,1.2104096539952538,0.6666666666666666,4,D1::D1-Q137,0.6666666666666666
D1,D1-Q138,table_context,normal,advanced,128,175,89600,4.662495374679565,14.27912712097168,0.0,0.0,0.0,0.0,0.0,0.0,0.0,0.0,0.0,0.0,0.0,0.0,0.0,0.0,0.0,0.0,0,D1::D1-Q138,0.0
D1,D1-Q139,heading_context,normal,advanced,128,175,89600,4.662495374679565,13.743162155151367,0.0,0.0,0.0,0.0,0.0,0.0,0.0,0.0,0.0,0.0,0.0,0.0,0.0,0.0,0.0,0.0,0,D1::D1-Q139,0.0
D1,D1-Q140,exact_fact,normal,advanced,128,175,89600,4.662495374679565,14.152050018310547,0.0,0.0,0.0,0.0,0.0,0.0,0.0,0.0,0.0,0.0,0.0,0.0,0.0,0.0,0.0,0.0,0,D1::D1-Q140,0.0
D1,D1-Q141,exact_fact,normal,advanced,128,175,89600,4.662495374679565,16.20769500732422,0.0,0.0,0.0,0.0,0.0,0.0,0.0,0.0,0.0,0.0,0.0,0.0,0.0,0.0,0.0,0.0,0,D1::D1-Q141,0.0
D1,D1-Q142,exact_fact,normal,advanced,128,175,89600,4.662495374679565,13.948440551757812,0.0,0.0,0.0,1.0,1.0,1.0,1.0,1.0,1.0,1.0,1.0,1.0,0.3333333333333333,0.5,0.5,1.0,1,D1::D1-Q142,1.0
D1,D1-Q143,exact_fact,normal,advanced,128,175,89600,4.662495374679565,14.088153839111328,0.0,0.0,0.0,0.0,0.0,0.0,0.0,0.0,0.0,0.0,0.0,0.0,0.0,0.0,0.0,0.0,0,D1::D1-Q143,0.0
D1,D1-Q144,exact_fact,normal,advanced,128,175,89600,4.662495374679565,15.61880111694336,0.0,0.0,0.0,0.0,0.0,0.0,0.0,0.0,0.0,0.0,0.0,0.0,0.0,0.0,0.0,0.0,0,D1::D1-Q144,0.0
D1,D1-Q145,exact_fact,normal,advanced,128,175,89600,4.662495374679565,15.085935592651367,0.0,0.0,0.0,0.0,0.0,0.0,0.0,0.0,0.0,0.0,0.0,0.0,0.0,0.0,0.0,0.0,0,D1::D1-Q145,0.0
D1,D1-Q146,exact_fact,normal,advanced,128,175,89600,4.662495374679565,13.830184936523438,0.0,0.0,0.0,0.0,0.0,0.0,0.0,0.0,0.0,1.0,1.0,1.0,0.125,0.0,0.31546487678572877,1.0,1,D1::D1-Q146,1.0
D1,D1-Q147,exact_fact,normal,advanced,128,175,89600,4.662495374679565,14.071464538574219,0.0,0.0,0.0,0.0,0.0,0.0,0.0,0.0,0.0,0.0,0.0,0.0,0.0,0.0,0.0,0.0,0,D1::D1-Q147,0.0
D1,D1-Q148,exact_fact,normal,advanced,128,175,89600,4.662495374679565,14.045476913452148,0.0,0.0,0.0,1.0,1.0,1.0,1.0,1.0,1.0,1.0,1.0,1.0,0.5,0.6309297535714575,0.6309297535714575,1.0,1,D1::D1-Q148,1.0
D1,D1-Q149,exact_fact,normal,advanced,128,175,89600,4.662495374679565,14.502286911010742,0.0,0.0,0.0,1.0,1.0,1.0,1.0,1.0,1.0,1.0,1.0,1.0,0.5,0.6309297535714575,0.6309297535714575,1.0,1,D1::D1-Q149,1.0
D1,D1-Q150,numerical,normal,advanced,128,175,89600,4.662495374679565,15.000104904174805,1.0,1.0,1.0,1.0,1.0,1.0,1.0,1.0,1.0,1.0,1.0,1.0,1.0,1.0,1.0,1.0,1,D1::D1-Q150,1.0
D1,D1-Q151,numerical,normal,advanced,128,175,89600,4.662495374679565,14.525651931762695,1.0,1.0,1.0,1.0,1.0,1.0,1.0,1.0,1.0,1.0,1.0,1.0,1.0,1.2262943855309167,1.2262943855309167,1.0,2,D1::D1-Q151,1.0
D1,D1-Q152,numerical,normal,advanced,128,175,89600,4.662495374679565,13.83662223815918,1.0,1.0,1.0,1.0,1.0,1.0,1.0,1.0,1.0,1.0,1.0,1.0,1.0,1.0,1.0,1.0,1,D1::D1-Q152,1.0
D1,D1-Q153,numerical,normal,advanced,128,175,89600,4.662495374679565,14.936447143554688,1.0,1.0,1.0,1.0,1.0,1.0,1.0,1.0,1.0,1.0,1.0,1.0,1.0,1.0,1.0,1.0,1,D1::D1-Q153,1.0
D1,D1-Q154,numerical,normal,advanced,128,175,89600,4.662495374679565,14.084100723266602,1.0,1.0,1.0,1.0,1.0,1.0,1.0,1.0,1.0,1.0,1.0,1.0,1.0,1.0,1.0,1.0,1,D1::D1-Q154,1.0
D1,D1-Q155,numerical,normal,advanced,128,175,89600,4.662495374679565,13.888835906982422,0.0,0.0,0.0,0.0,0.0,0.0,1.0,1.0,1.0,1.0,1.0,1.0,0.25,0.43067655807339306,0.43067655807339306,1.0,1,D1::D1-Q155,1.0
D1,D1-Q156,numerical,normal,advanced,128,175,89600,4.662495374679565,13.93270492553711,1.0,1.0,1.0,1.0,1.0,1.0,1.0,1.0,1.0,1.0,1.0,1.0,1.0,1.0,1.0,1.0,1,D1::D1-Q156,1.0
D1,D1-Q157,numerical,normal,advanced,128,175,89600,4.662495374679565,14.260053634643555,0.0,0.0,0.0,1.0,1.0,1.0,1.0,1.0,1.0,1.0,1.0,1.0,0.5,0.6309297535714575,0.6309297535714575,1.0,1,D1::D1-Q157,1.0
D1,D1-Q158,numerical,normal,advanced,128,175,89600,4.662495374679565,14.83011245727539,1.0,1.0,1.0,1.0,1.0,1.0,1.0,1.0,1.0,1.0,1.0,1.0,1.0,1.0,1.0,1.0,1,D1::D1-Q158,1.0
D1,D1-Q159,procedural,normal,advanced,128,175,89600,4.662495374679565,13.788223266601562,1.0,1.0,1.0,1.0,1.0,1.0,1.0,1.0,1.0,1.0,1.0,1.0,1.0,1.0,1.0,1.0,1,D1::D1-Q159,1.0
D1,D1-Q160,exact_fact,normal,advanced,128,175,89600,4.662495374679565,14.145135879516602,1.0,1.0,1.0,1.0,1.0,1.0,1.0,1.0,1.0,1.0,1.0,1.0,1.0,1.0,1.0,1.0,1,D1::D1-Q160,1.0
D1,D1-Q161,numerical,normal,advanced,128,175,89600,4.662495374679565,14.067888259887695,0.0,0.0,0.0,1.0,1.0,1.0,1.0,1.0,1.0,1.0,1.0,1.0,0.3333333333333333,0.5,0.5,1.0,1,D1::D1-Q161,1.0
D1,D1-Q162,procedural,normal,advanced,128,175,89600,4.662495374679565,15.572071075439453,0.0,0.0,0.0,0.0,0.0,0.0,0.0,0.0,0.0,0.0,0.0,0.0,0.0,0.0,0.0,0.0,0,D1::D1-Q162,0.0
D1,D1-Q163,exact_fact,normal,advanced,128,175,89600,4.662495374679565,13.567686080932617,0.0,0.0,0.0,0.0,0.0,0.0,0.0,0.0,0.0,0.0,0.0,0.0,0.0,0.0,0.0,0.0,0,D1::D1-Q163,0.0
D1,D1-Q164,procedural,normal,advanced,128,175,89600,4.662495374679565,14.230966567993164,0.0,0.0,0.0,1.0,1.0,1.0,1.0,1.0,1.0,1.0,1.0,1.0,0.5,0.6309297535714575,0.6309297535714575,1.0,1,D1::D1-Q164,1.0
D1,D1-Q165,exact_fact,normal,advanced,128,175,89600,4.662495374679565,13.152599334716797,0.0,0.0,0.0,1.0,1.0,1.0,1.0,1.0,1.0,1.0,1.0,1.0,0.5,0.6309297535714575,0.6309297535714575,1.0,1,D1::D1-Q165,1.0
D1,D1-Q166,negation,normal,advanced,128,175,89600,4.662495374679565,13.645410537719727,0.0,0.0,0.0,1.0,1.0,1.0,1.0,1.0,1.0,1.0,1.0,1.0,0.5,0.6309297535714575,0.6309297535714575,1.0,1,D1::D1-Q166,1.0
D1,D1-Q167,numerical,normal,advanced,128,175,89600,4.662495374679565,13.806581497192383,1.0,1.0,1.0,1.0,1.0,1.0,1.0,1.0,1.0,1.0,1.0,1.0,1.0,1.0,1.0,1.0,1,D1::D1-Q167,1.0
D1,D1-Q168,procedural,normal,advanced,128,175,89600,4.662495374679565,13.5955810546875,1.0,1.0,1.0,1.0,1.0,1.0,1.0,1.0,1.0,1.0,1.0,1.0,1.0,1.0,1.0,1.0,1,D1::D1-Q168,1.0
D1,D1-Q169,exact_fact,normal,advanced,128,175,89600,4.662495374679565,13.988018035888672,0.0,0.0,0.0,0.0,0.0,0.0,0.0,0.0,0.0,1.0,1.0,1.0,0.16666666666666666,0.0,0.3562071871080222,1.0,1,D1::D1-Q169,1.0
D1,D1-Q170,temporal,normal,advanced,128,175,89600,4.662495374679565,21.13795280456543,1.0,1.0,1.0,1.0,1.0,1.0,1.0,1.0,1.0,1.0,1.0,1.0,1.0,1.0,1.0,1.0,1,D1::D1-Q170,1.0
D1,D1-Q171,temporal,normal,advanced,128,175,89600,4.662495374679565,13.422966003417969,1.0,1.0,1.0,1.0,1.0,1.0,1.0,1.0,1.0,1.0,1.0,1.0,1.0,1.0,1.0,1.0,1,D1::D1-Q171,1.0
D1,D1-Q172,exact_fact,normal,advanced,128,175,89600,4.662495374679565,13.81063461303711,0.0,0.0,0.0,1.0,1.0,1.0,1.0,1.0,1.0,1.0,1.0,1.0,0.5,0.6309297535714575,0.6309297535714575,1.0,1,D1::D1-Q172,1.0
D1,D1-Q173,procedural,normal,advanced,128,175,89600,4.662495374679565,13.82899284362793,1.0,1.0,1.0,1.0,1.0,1.0,1.0,1.0,1.0,1.0,1.0,1.0,1.0,1.0,1.0,1.0,1,D1::D1-Q173,1.0
D1,D1-Q174,conditional_exception,normal,advanced,128,175,89600,4.662495374679565,14.70637321472168,0.0,0.0,0.0,1.0,1.0,1.0,1.0,1.0,1.0,1.0,1.0,1.0,0.5,0.6309297535714575,0.6309297535714575,1.0,1,D1::D1-Q174,1.0
D1,D1-Q175,negation,normal,advanced,128,175,89600,4.662495374679565,13.842582702636719,0.0,0.0,0.0,0.0,0.0,0.0,1.0,1.0,1.0,1.0,1.0,1.0,0.25,0.43067655807339306,0.43067655807339306,1.0,1,D1::D1-Q175,1.0
D1,D1-Q176,procedural,normal,advanced,128,175,89600,4.662495374679565,13.048171997070312,0.0,0.0,0.0,0.0,0.0,0.0,0.0,0.0,0.0,1.0,1.0,1.0,0.1,0.0,0.2890648263178879,1.0,1,D1::D1-Q176,1.0
D1,D1-Q177,exact_fact,normal,advanced,128,175,89600,4.662495374679565,13.19122314453125,1.0,1.0,1.0,1.0,1.0,1.0,1.0,1.0,1.0,1.0,1.0,1.0,1.0,1.0,1.0,1.0,1,D1::D1-Q177,1.0
D1,D1-Q178,negation,normal,advanced,128,175,89600,4.662495374679565,14.275074005126953,0.0,0.0,0.0,0.0,0.0,0.0,0.0,0.0,0.0,0.0,0.0,0.0,0.0,0.0,0.0,0.0,0,D1::D1-Q178,0.0
D1,D1-Q179,exact_fact,normal,advanced,128,175,89600,4.662495374679565,14.494895935058594,1.0,1.0,1.0,1.0,1.0,1.0,1.0,1.0,1.0,1.0,1.0,1.0,1.0,1.0,1.0,1.0,1,D1::D1-Q179,1.0
D1,D1-Q180,exact_fact,normal,advanced,128,175,89600,4.662495374679565,14.172792434692383,1.0,1.0,1.0,1.0,1.0,1.0,1.0,1.0,1.0,1.0,1.0,1.0,1.0,1.0,1.0,1.0,1,D1::D1-Q180,1.0
D1,D1-Q181,procedural,normal,advanced,128,175,89600,4.662495374679565,14.261722564697266,1.0,1.0,1.0,1.0,1.0,1.0,1.0,1.0,1.0,1.0,1.0,1.0,1.0,1.0,1.0,1.0,1,D1::D1-Q181,1.0
D1,D1-Q182,conditional_exception,normal,advanced,128,175,89600,4.662495374679565,13.725757598876953,0.0,0.0,0.0,1.0,1.0,1.0,1.0,1.0,1.0,1.0,1.0,1.0,0.3333333333333333,0.5,0.5,1.0,1,D1::D1-Q182,1.0
D1,D1-Q183,conditional_exception,normal,advanced,128,175,89600,4.662495374679565,13.803720474243164,0.0,0.0,0.0,1.0,1.0,1.0,1.0,1.0,1.0,1.0,1.0,1.0,0.5,0.6309297535714575,0.6309297535714575,1.0,1,D1::D1-Q183,1.0
D1,D1-Q184,numerical,normal,advanced,128,175,89600,4.662495374679565,13.953685760498047,1.0,1.0,1.0,1.0,1.0,1.0,1.0,1.0,1.0,1.0,1.0,1.0,1.0,1.0,1.0,1.0,1,D1::D1-Q184,1.0
D1,D1-Q185,procedural,normal,advanced,128,175,89600,4.662495374679565,14.321565628051758,1.0,1.0,1.0,1.0,1.0,1.0,1.0,1.0,1.0,1.0,1.0,1.0,1.0,1.0,1.0,1.0,1,D1::D1-Q185,1.0
D1,D1-Q186,conditional_exception,normal,advanced,128,175,89600,4.662495374679565,15.405654907226562,0.0,0.0,0.0,1.0,1.0,1.0,1.0,1.0,1.0,1.0,1.0,1.0,0.5,0.6309297535714575,0.6309297535714575,1.0,1,D1::D1-Q186,1.0
D1,D1-Q187,numerical,normal,advanced,128,175,89600,4.662495374679565,14.050722122192383,1.0,1.0,1.0,1.0,1.0,1.0,1.0,1.0,1.0,1.0,1.0,1.0,1.0,1.0,1.0,1.0,1,D1::D1-Q187,1.0
D1,D1-Q188,numerical,normal,advanced,128,175,89600,4.662495374679565,13.582229614257812,0.0,0.0,0.0,0.0,0.0,0.0,1.0,1.0,1.0,1.0,1.0,1.0,0.25,0.43067655807339306,0.43067655807339306,1.0,1,D1::D1-Q188,1.0
D1,D1-Q189,exact_fact,normal,advanced,128,175,89600,4.662495374679565,15.173673629760742,0.0,0.0,0.0,1.0,1.0,1.0,1.0,1.0,1.0,1.0,1.0,1.0,0.3333333333333333,0.5,0.5,1.0,1,D1::D1-Q189,1.0
D1,D1-Q190,conditional_exception,normal,advanced,128,175,89600,4.662495374679565,14.489173889160156,1.0,1.0,1.0,1.0,1.0,1.0,1.0,1.0,1.0,1.0,1.0,1.0,1.0,1.0,1.0,1.0,1,D1::D1-Q190,1.0
D1,D1-Q191,conditional_exception,normal,advanced,128,175,89600,4.662495374679565,14.740467071533203,0.0,0.0,0.0,0.0,0.0,0.0,1.0,1.0,1.0,1.0,1.0,1.0,0.2,0.38685280723454163,0.38685280723454163,1.0,1,D1::D1-Q191,1.0
D1,D1-Q192,list_membership,normal,advanced,128,175,89600,4.662495374679565,14.303207397460938,1.0,1.0,1.0,1.0,1.0,1.0,1.0,1.0,1.0,1.0,1.0,1.0,1.0,1.0,1.0,1.0,1,D1::D1-Q192,1.0
D1,D1-Q193,procedural,normal,advanced,128,175,89600,4.662495374679565,17.80080795288086,1.0,1.0,1.0,1.0,1.0,1.0,1.0,1.0,1.0,1.0,1.0,1.0,1.0,1.0,1.0,1.0,1,D1::D1-Q193,1.0
D1,D1-Q194,procedural,normal,advanced,128,175,89600,4.662495374679565,24.327993392944336,0.0,0.0,0.0,0.0,0.0,0.0,0.0,0.0,0.0,0.0,0.0,0.0,0.0,0.0,0.0,0.0,0,D1::D1-Q194,0.0
D1,D1-Q195,conditional_exception,normal,advanced,128,175,89600,4.662495374679565,14.291524887084961,1.0,1.0,1.0,1.0,1.0,1.0,1.0,1.0,1.0,1.0,1.0,1.0,1.0,1.0,1.0,1.0,1,D1::D1-Q195,1.0
D1,D1-Q196,exact_fact,normal,advanced,128,175,89600,4.662495374679565,15.461921691894531,1.0,1.0,1.0,1.0,1.0,1.0,1.0,1.0,1.0,1.0,1.0,1.0,1.0,1.0,1.0,1.0,1,D1::D1-Q196,1.0
D1,D1-Q197,procedural,normal,advanced,128,175,89600,4.662495374679565,14.539241790771484,0.0,0.0,0.0,1.0,1.0,1.0,1.0,1.0,1.0,1.0,1.0,1.0,0.5,0.6309297535714575,0.6309297535714575,1.0,1,D1::D1-Q197,1.0
D1,D1-Q198,conditional_exception,normal,advanced,128,175,89600,4.662495374679565,13.96799087524414,0.0,0.0,0.0,1.0,1.0,1.0,1.0,1.0,1.0,1.0,1.0,1.0,0.5,0.6309297535714575,0.6309297535714575,1.0,1,D1::D1-Q198,1.0
D1,D1-Q199,conditional_exception,normal,advanced,128,175,89600,4.662495374679565,14.115333557128906,0.0,0.0,0.0,1.0,1.0,1.0,1.0,1.0,1.0,1.0,1.0,1.0,0.5,0.6309297535714575,0.6309297535714575,1.0,1,D1::D1-Q199,1.0
D1,D1-Q200,numerical,normal,advanced,128,175,89600,4.662495374679565,13.743162155151367,1.0,1.0,1.0,1.0,1.0,1.0,1.0,1.0,1.0,1.0,1.0,1.0,1.0,1.0,1.0,1.0,1,D1::D1-Q200,1.0
D1,D1-Q001,exact_fact,normal,advanced,256,175,179200,4.662495374679565,13.892889022827148,1.0,1.0,1.0,1.0,1.0,1.0,1.0,1.0,1.0,1.0,1.0,1.0,1.0,1.0,1.0,1.0,1,D1::D1-Q001,1.0
D1,D1-Q002,temporal,normal,advanced,256,175,179200,4.662495374679565,13.836383819580078,1.0,1.0,1.0,1.0,1.0,1.0,1.0,1.0,1.0,1.0,1.0,1.0,1.0,1.0,1.0,1.0,1,D1::D1-Q002,1.0
D1,D1-Q003,list_membership,normal,advanced,256,175,179200,4.662495374679565,13.676881790161133,1.0,1.0,1.0,1.0,1.0,1.0,1.0,1.0,1.0,1.0,1.0,1.0,1.0,3.7307622580097775,2.421009429278882,1.0,11,D1::D1-Q003,1.0
D1,D1-Q004,exact_fact,normal,advanced,256,175,179200,4.662495374679565,16.001462936401367,1.0,1.0,1.0,1.0,1.0,1.0,1.0,1.0,1.0,1.0,1.0,1.0,1.0,1.0,1.0,1.0,1,D1::D1-Q004,1.0
D1,D1-Q005,exact_fact,normal,advanced,256,175,179200,4.662495374679565,15.34414291381836,1.0,1.0,1.0,1.0,1.0,1.0,1.0,1.0,1.0,1.0,1.0,1.0,1.0,1.0,1.0,1.0,1,D1::D1-Q005,1.0
D1,D1-Q006,exact_fact,normal,advanced,256,175,179200,4.662495374679565,13.55600357055664,0.0,0.0,0.0,0.0,0.0,0.0,1.0,1.0,1.0,1.0,1.0,1.0,0.25,0.43067655807339306,0.43067655807339306,1.0,1,D1::D1-Q006,1.0
D1,D1-Q007,paraphrase,normal,advanced,256,175,179200,4.662495374679565,15.101194381713867,0.0,0.0,0.0,1.0,1.0,1.0,1.0,1.0,1.0,1.0,1.0,1.0,0.3333333333333333,0.5,0.5,1.0,1,D1::D1-Q007,1.0
D1,D1-Q008,exact_fact,normal,advanced,256,175,179200,4.662495374679565,14.867544174194336,0.0,0.0,0.0,0.0,0.0,0.0,0.0,0.0,0.0,0.0,0.0,0.0,0.0,0.0,0.0,0.0,0,D1::D1-Q008,0.0
D1,D1-Q009,list_membership,normal,advanced,256,175,179200,4.662495374679565,15.326738357543945,1.0,1.0,1.0,1.0,1.0,1.0,1.0,1.0,1.0,1.0,1.0,1.0,1.0,1.0,1.0,1.0,1,D1::D1-Q009,1.0
D1,D1-Q010,exact_fact,normal,advanced,256,175,179200,4.662495374679565,13.97848129272461,1.0,1.0,1.0,1.0,1.0,1.0,1.0,1.0,1.0,1.0,1.0,1.0,1.0,1.0,1.0,1.0,1,D1::D1-Q010,1.0
D1,D1-Q011,exact_fact,normal,advanced,256,175,179200,4.662495374679565,14.173269271850586,0.0,0.0,0.0,0.0,0.0,0.0,0.0,0.0,0.0,0.0,0.0,0.0,0.0,0.0,0.0,0.0,0,D1::D1-Q011,0.0
D1,D1-Q012,exact_fact,normal,advanced,256,175,179200,4.662495374679565,14.490127563476562,0.0,0.0,0.0,0.0,0.0,0.0,0.0,0.0,0.0,0.0,0.0,0.0,0.0,0.0,0.0,0.0,0,D1::D1-Q012,0.0
D1,D1-Q013,list_membership,normal,advanced,256,175,179200,4.662495374679565,14.401674270629883,0.6666666666666666,1.0,0.0,0.6666666666666666,1.0,0.0,0.6666666666666666,1.0,0.0,0.6666666666666666,1.0,0.0,1.0,0.9385574520455129,0.9385574520455129,0.6666666666666666,2,D1::D1-Q013,0.6666666666666666
D1,D1-Q014,exact_fact,normal,advanced,256,175,179200,4.662495374679565,15.41280746459961,1.0,1.0,1.0,1.0,1.0,1.0,1.0,1.0,1.0,1.0,1.0,1.0,1.0,1.0,1.0,1.0,1,D1::D1-Q014,1.0
D1,D1-Q015,exact_fact,normal,advanced,256,175,179200,4.662495374679565,14.181375503540039,1.0,1.0,1.0,1.0,1.0,1.0,1.0,1.0,1.0,1.0,1.0,1.0,1.0,1.0,1.0,1.0,1,D1::D1-Q015,1.0
D1,D1-Q016,list_membership,normal,advanced,256,175,179200,4.662495374679565,14.188051223754883,1.0,1.0,1.0,1.0,1.0,1.0,1.0,1.0,1.0,1.0,1.0,1.0,1.0,1.4078361780682693,1.4078361780682693,1.0,3,D1::D1-Q016,1.0
D1,D1-Q017,exact_fact,normal,advanced,256,175,179200,4.662495374679565,13.75579833984375,0.0,0.0,0.0,0.0,0.0,0.0,1.0,1.0,1.0,1.0,1.0,1.0,0.2,0.38685280723454163,0.38685280723454163,1.0,1,D1::D1-Q017,1.0
D1,D1-Q018,exact_fact,normal,advanced,256,175,179200,4.662495374679565,14.65463638305664,1.0,1.0,1.0,1.0,1.0,1.0,1.0,1.0,1.0,1.0,1.0,1.0,1.0,1.0,1.0,1.0,1,D1::D1-Q018,1.0
D1,D1-Q019,conditional_exception,normal,advanced,256,175,179200,4.662495374679565,13.946294784545898,1.0,1.0,1.0,1.0,1.0,1.0,1.0,1.0,1.0,1.0,1.0,1.0,1.0,1.0,1.0,1.0,1,D1::D1-Q019,1.0
D1,D1-Q020,procedural,normal,advanced,256,175,179200,4.662495374679565,13.576030731201172,1.0,1.0,1.0,1.0,1.0,1.0,1.0,1.0,1.0,1.0,1.0,1.0,1.0,1.0,1.0,1.0,1,D1::D1-Q020,1.0
D1,D1-Q021,conditional_exception,normal,advanced,256,175,179200,4.662495374679565,14.11890983581543,1.0,1.0,1.0,1.0,1.0,1.0,1.0,1.0,1.0,1.0,1.0,1.0,1.0,1.0,1.0,1.0,1,D1::D1-Q021,1.0
D1,D1-Q022,numerical,normal,advanced,256,175,179200,4.662495374679565,13.748645782470703,1.0,1.0,1.0,1.0,1.0,1.0,1.0,1.0,1.0,1.0,1.0,1.0,1.0,1.0,1.0,1.0,1,D1::D1-Q022,1.0
D1,D1-Q023,negation,normal,advanced,256,175,179200,4.662495374679565,14.235258102416992,0.0,0.0,0.0,1.0,1.0,1.0,1.0,1.0,1.0,1.0,1.0,1.0,0.5,0.6309297535714575,0.6309297535714575,1.0,1,D1::D1-Q023,1.0
D1,D1-Q024,conditional_exception,normal,advanced,256,175,179200,4.662495374679565,14.753103256225586,1.0,1.0,1.0,1.0,1.0,1.0,1.0,1.0,1.0,1.0,1.0,1.0,1.0,1.0,1.0,1.0,1,D1::D1-Q024,1.0
D1,D1-Q025,negation,normal,advanced,256,175,179200,4.662495374679565,15.816450119018555,0.0,0.0,0.0,0.0,0.0,0.0,1.0,1.0,1.0,1.0,1.0,1.0,0.2,0.38685280723454163,0.38685280723454163,1.0,1,D1::D1-Q025,1.0
D1,D1-Q026,paraphrase,normal,advanced,256,175,179200,4.662495374679565,14.861345291137695,1.0,1.0,1.0,1.0,1.0,1.0,1.0,1.0,1.0,1.0,1.0,1.0,1.0,1.0,1.0,1.0,1,D1::D1-Q026,1.0
D1,D1-Q027,exact_fact,normal,advanced,256,175,179200,4.662495374679565,13.92817497253418,1.0,1.0,1.0,1.0,1.0,1.0,1.0,1.0,1.0,1.0,1.0,1.0,1.0,1.0,1.0,1.0,1,D1::D1-Q027,1.0
D1,D1-Q028,conditional_exception,normal,advanced,256,175,179200,4.662495374679565,13.84592056274414,1.0,1.0,1.0,1.0,1.0,1.0,1.0,1.0,1.0,1.0,1.0,1.0,1.0,1.0,1.0,1.0,1,D1::D1-Q028,1.0
D1,D1-Q029,exact_fact,normal,advanced,256,175,179200,4.662495374679565,13.878583908081055,1.0,1.0,1.0,1.0,1.0,1.0,1.0,1.0,1.0,1.0,1.0,1.0,1.0,1.0,1.0,1.0,1,D1::D1-Q029,1.0
D1,D1-Q030,exact_fact,normal,advanced,256,175,179200,4.662495374679565,13.837099075317383,0.0,0.0,0.0,0.0,0.0,0.0,0.0,0.0,0.0,0.0,0.0,0.0,0.0,0.0,0.0,0.0,0,D1::D1-Q030,0.0
D1,D1-Q031,negation,normal,advanced,256,175,179200,4.662495374679565,14.647483825683594,1.0,1.0,1.0,1.0,1.0,1.0,1.0,1.0,1.0,1.0,1.0,1.0,1.0,1.0,1.0,1.0,1,D1::D1-Q031,1.0
D1,D1-Q032,temporal,normal,advanced,256,175,179200,4.662495374679565,21.04806900024414,1.0,1.0,1.0,1.0,1.0,1.0,1.0,1.0,1.0,1.0,1.0,1.0,1.0,1.0,1.0,1.0,1,D1::D1-Q032,1.0
D1,D1-Q033,exact_fact,normal,advanced,256,175,179200,4.662495374679565,15.131711959838867,1.0,1.0,1.0,1.0,1.0,1.0,1.0,1.0,1.0,1.0,1.0,1.0,1.0,1.0,1.0,1.0,1,D1::D1-Q033,1.0
D1,D1-Q034,negation,normal,advanced,256,175,179200,4.662495374679565,14.092445373535156,1.0,1.0,1.0,1.0,1.0,1.0,1.0,1.0,1.0,1.0,1.0,1.0,1.0,1.0,1.0,1.0,1,D1::D1-Q034,1.0
D1,D1-Q035,numerical,normal,advanced,256,175,179200,4.662495374679565,15.408515930175781,1.0,1.0,1.0,1.0,1.0,1.0,1.0,1.0,1.0,1.0,1.0,1.0,1.0,1.0,1.0,1.0,1,D1::D1-Q035,1.0
D1,D1-Q036,conditional_exception,normal,advanced,256,175,179200,4.662495374679565,14.130115509033203,1.0,1.0,1.0,1.0,1.0,1.0,1.0,1.0,1.0,1.0,1.0,1.0,1.0,1.0,1.0,1.0,1,D1::D1-Q036,1.0
D1,D1-Q037,conditional_exception,normal,advanced,256,175,179200,4.662495374679565,14.852046966552734,0.0,0.0,0.0,1.0,1.0,1.0,1.0,1.0,1.0,1.0,1.0,1.0,0.5,0.6309297535714575,0.6309297535714575,1.0,1,D1::D1-Q037,1.0
D1,D1-Q038,negation,normal,advanced,256,175,179200,4.662495374679565,13.322830200195312,1.0,1.0,1.0,1.0,1.0,1.0,1.0,1.0,1.0,1.0,1.0,1.0,1.0,1.0,1.0,1.0,1,D1::D1-Q038,1.0
D1,D1-Q039,exact_fact,normal,advanced,256,175,179200,4.662495374679565,14.220714569091797,1.0,1.0,1.0,1.0,1.0,1.0,1.0,1.0,1.0,1.0,1.0,1.0,1.0,1.0,1.0,1.0,1,D1::D1-Q039,1.0
D1,D1-Q040,exact_fact,normal,advanced,256,175,179200,4.662495374679565,14.176607131958008,1.0,1.0,1.0,1.0,1.0,1.0,1.0,1.0,1.0,1.0,1.0,1.0,1.0,1.0,1.0,1.0,1,D1::D1-Q040,1.0
D1,D1-Q041,negation,normal,advanced,256,175,179200,4.662495374679565,14.90640640258789,1.0,1.0,1.0,1.0,1.0,1.0,1.0,1.0,1.0,1.0,1.0,1.0,1.0,1.0,1.0,1.0,1,D1::D1-Q041,1.0
D1,D1-Q042,exact_fact,normal,advanced,256,175,179200,4.662495374679565,15.073537826538086,1.0,1.0,1.0,1.0,1.0,1.0,1.0,1.0,1.0,1.0,1.0,1.0,1.0,1.0,1.0,1.0,1,D1::D1-Q042,1.0
D1,D1-Q043,list_membership,normal,advanced,256,175,179200,4.662495374679565,14.703035354614258,1.0,1.0,1.0,1.0,1.0,1.0,1.0,1.0,1.0,1.0,1.0,1.0,1.0,1.0,1.0,1.0,1,D1::D1-Q043,1.0
D1,D1-Q044,exact_fact,normal,advanced,256,175,179200,4.662495374679565,14.023542404174805,1.0,1.0,1.0,1.0,1.0,1.0,1.0,1.0,1.0,1.0,1.0,1.0,1.0,1.0,1.0,1.0,1,D1::D1-Q044,1.0
D1,D1-Q045,exact_fact,normal,advanced,256,175,179200,4.662495374679565,14.252185821533203,1.0,1.0,1.0,1.0,1.0,1.0,1.0,1.0,1.0,1.0,1.0,1.0,1.0,1.0,1.0,1.0,1,D1::D1-Q045,1.0
D1,D1-Q046,procedural,normal,advanced,256,175,179200,4.662495374679565,14.302730560302734,1.0,1.0,1.0,1.0,1.0,1.0,1.0,1.0,1.0,1.0,1.0,1.0,1.0,1.0,1.0,1.0,1,D1::D1-Q046,1.0
D1,D1-Q047,numerical,normal,advanced,256,175,179200,4.662495374679565,15.549182891845703,0.0,0.0,0.0,1.0,1.0,1.0,1.0,1.0,1.0,1.0,1.0,1.0,0.5,0.6309297535714575,0.6309297535714575,1.0,1,D1::D1-Q047,1.0
D1,D1-Q048,negation,normal,advanced,256,175,179200,4.662495374679565,14.823198318481445,0.0,0.0,0.0,1.0,1.0,1.0,1.0,1.0,1.0,1.0,1.0,1.0,0.5,0.6309297535714575,0.6309297535714575,1.0,1,D1::D1-Q048,1.0
D1,D1-Q049,procedural,normal,advanced,256,175,179200,4.662495374679565,15.419244766235352,1.0,1.0,1.0,1.0,1.0,1.0,1.0,1.0,1.0,1.0,1.0,1.0,1.0,1.0,1.0,1.0,1,D1::D1-Q049,1.0
D1,D1-Q050,procedural,normal,advanced,256,175,179200,4.662495374679565,15.778064727783203,1.0,1.0,1.0,1.0,1.0,1.0,1.0,1.0,1.0,1.0,1.0,1.0,1.0,1.0,1.0,1.0,1,D1::D1-Q050,1.0
D1,D1-Q051,list_membership,normal,advanced,256,175,179200,4.662495374679565,15.054464340209961,1.0,1.0,1.0,1.0,1.0,1.0,1.0,1.0,1.0,1.0,1.0,1.0,1.0,1.4078361780682693,1.4078361780682693,1.0,3,D1::D1-Q051,1.0
D1,D1-Q052,negation,normal,advanced,256,175,179200,4.662495374679565,15.250444412231445,1.0,1.0,1.0,1.0,1.0,1.0,1.0,1.0,1.0,1.0,1.0,1.0,1.0,1.0,1.0,1.0,1,D1::D1-Q052,1.0
D1,D1-Q053,numerical,normal,advanced,256,175,179200,4.662495374679565,14.40739631652832,1.0,1.0,1.0,1.0,1.0,1.0,1.0,1.0,1.0,1.0,1.0,1.0,1.0,1.0,1.0,1.0,1,D1::D1-Q053,1.0
D1,D1-Q054,exact_fact,normal,advanced,256,175,179200,4.662495374679565,15.228986740112305,1.0,1.0,1.0,1.0,1.0,1.0,1.0,1.0,1.0,1.0,1.0,1.0,1.0,1.0,1.0,1.0,1,D1::D1-Q054,1.0
D1,D1-Q055,conditional_exception,normal,advanced,256,175,179200,4.662495374679565,14.704465866088867,1.0,1.0,1.0,1.0,1.0,1.0,1.0,1.0,1.0,1.0,1.0,1.0,1.0,1.0,1.0,1.0,1,D1::D1-Q055,1.0
D1,D1-Q056,procedural,normal,advanced,256,175,179200,4.662495374679565,16.97397232055664,1.0,1.0,1.0,1.0,1.0,1.0,1.0,1.0,1.0,1.0,1.0,1.0,1.0,1.0,1.0,1.0,1,D1::D1-Q056,1.0
D1,D1-Q057,exact_fact,normal,advanced,256,175,179200,4.662495374679565,25.445938110351562,1.0,1.0,1.0,1.0,1.0,1.0,1.0,1.0,1.0,1.0,1.0,1.0,1.0,1.0,1.0,1.0,1,D1::D1-Q057,1.0
D1,D1-Q058,negation,normal,advanced,256,175,179200,4.662495374679565,16.293764114379883,1.0,1.0,1.0,1.0,1.0,1.0,1.0,1.0,1.0,1.0,1.0,1.0,1.0,1.0,1.0,1.0,1,D1::D1-Q058,1.0
D1,D1-Q059,procedural,normal,advanced,256,175,179200,4.662495374679565,14.746665954589844,0.0,0.0,0.0,1.0,1.0,1.0,1.0,1.0,1.0,1.0,1.0,1.0,0.5,0.6309297535714575,0.6309297535714575,1.0,1,D1::D1-Q059,1.0
D1,D1-Q060,negation,normal,advanced,256,175,179200,4.662495374679565,15.131711959838867,1.0,1.0,1.0,1.0,1.0,1.0,1.0,1.0,1.0,1.0,1.0,1.0,1.0,1.0,1.0,1.0,1,D1::D1-Q060,1.0
D1,D1-Q061,procedural,normal,advanced,256,175,179200,4.662495374679565,14.387130737304688,1.0,1.0,1.0,1.0,1.0,1.0,1.0,1.0,1.0,1.0,1.0,1.0,1.0,1.0,1.0,1.0,1,D1::D1-Q061,1.0
D1,D1-Q062,numerical,normal,advanced,256,175,179200,4.662495374679565,14.314889907836914,1.0,1.0,1.0,1.0,1.0,1.0,1.0,1.0,1.0,1.0,1.0,1.0,1.0,1.0,1.0,1.0,1,D1::D1-Q062,1.0
D1,D1-Q063,numerical,normal,advanced,256,175,179200,4.662495374679565,15.08784294128418,0.0,0.0,0.0,1.0,1.0,1.0,1.0,1.0,1.0,1.0,1.0,1.0,0.5,0.6309297535714575,0.6309297535714575,1.0,1,D1::D1-Q063,1.0
D1,D1-Q064,numerical,normal,advanced,256,175,179200,4.662495374679565,15.49839973449707,1.0,1.0,1.0,1.0,1.0,1.0,1.0,1.0,1.0,1.0,1.0,1.0,1.0,1.0,1.0,1.0,1,D1::D1-Q064,1.0
D1,D1-Q065,numerical,normal,advanced,256,175,179200,4.662495374679565,15.959978103637695,0.0,0.0,0.0,1.0,1.0,1.0,1.0,1.0,1.0,1.0,1.0,1.0,0.5,0.6309297535714575,0.6309297535714575,1.0,1,D1::D1-Q065,1.0
D1,D1-Q066,list_membership,normal,advanced,256,175,179200,4.662495374679565,17.05479621887207,1.0,1.0,1.0,1.0,1.0,1.0,1.0,1.0,1.0,1.0,1.0,1.0,1.0,1.0,1.0,1.0,1,D1::D1-Q066,1.0
D1,D1-Q067,numerical,normal,advanced,256,175,179200,4.662495374679565,14.566421508789062,1.0,1.0,1.0,1.0,1.0,1.0,1.0,1.0,1.0,1.0,1.0,1.0,1.0,1.0,1.0,1.0,1,D1::D1-Q067,1.0
D1,D1-Q068,numerical,normal,advanced,256,175,179200,4.662495374679565,15.236854553222656,0.0,0.0,0.0,1.0,1.0,1.0,1.0,1.0,1.0,1.0,1.0,1.0,0.5,0.6309297535714575,0.6309297535714575,1.0,1,D1::D1-Q068,1.0
D1,D1-Q069,numerical,normal,advanced,256,175,179200,4.662495374679565,14.23025131225586,1.0,1.0,1.0,1.0,1.0,1.0,1.0,1.0,1.0,1.0,1.0,1.0,1.0,1.0,1.0,1.0,1,D1::D1-Q069,1.0
D1,D1-Q070,numerical,normal,advanced,256,175,179200,4.662495374679565,14.078855514526367,0.0,0.0,0.0,1.0,1.0,1.0,1.0,1.0,1.0,1.0,1.0,1.0,0.5,0.6309297535714575,0.6309297535714575,1.0,1,D1::D1-Q070,1.0
D1,D1-Q071,numerical,normal,advanced,256,175,179200,4.662495374679565,14.01209831237793,1.0,1.0,1.0,1.0,1.0,1.0,1.0,1.0,1.0,1.0,1.0,1.0,1.0,1.0,1.0,1.0,1,D1::D1-Q071,1.0
D1,D1-Q072,numerical,normal,advanced,256,175,179200,4.662495374679565,14.201641082763672,1.0,1.0,1.0,1.0,1.0,1.0,1.0,1.0,1.0,1.0,1.0,1.0,1.0,1.0,1.0,1.0,1,D1::D1-Q072,1.0
D1,D1-Q073,numerical,normal,advanced,256,175,179200,4.662495374679565,16.28875732421875,1.0,1.0,1.0,1.0,1.0,1.0,1.0,1.0,1.0,1.0,1.0,1.0,1.0,1.0,1.0,1.0,1,D1::D1-Q073,1.0
D1,D1-Q074,numerical,normal,advanced,256,175,179200,4.662495374679565,14.694929122924805,0.0,0.0,0.0,0.0,0.0,0.0,0.0,0.0,0.0,1.0,1.0,1.0,0.1,0.0,0.2890648263178879,1.0,1,D1::D1-Q074,1.0
D1,D1-Q075,numerical,normal,advanced,256,175,179200,4.662495374679565,15.494108200073242,0.0,0.0,0.0,1.0,1.0,1.0,1.0,1.0,1.0,1.0,1.0,1.0,0.5,0.6309297535714575,0.6309297535714575,1.0,1,D1::D1-Q075,1.0
D1,D1-Q076,numerical,normal,advanced,256,175,179200,4.662495374679565,15.689849853515625,1.0,1.0,1.0,1.0,1.0,1.0,1.0,1.0,1.0,1.0,1.0,1.0,1.0,1.0,1.0,1.0,1,D1::D1-Q076,1.0
D1,D1-Q077,numerical,normal,advanced,256,175,179200,4.662495374679565,15.099048614501953,0.0,0.0,0.0,1.0,1.0,1.0,1.0,1.0,1.0,1.0,1.0,1.0,0.5,0.6309297535714575,0.6309297535714575,1.0,1,D1::D1-Q077,1.0
D1,D1-Q078,conditional_exception,normal,advanced,256,175,179200,4.662495374679565,14.533758163452148,1.0,1.0,1.0,1.0,1.0,1.0,1.0,1.0,1.0,1.0,1.0,1.0,1.0,1.0,1.0,1.0,1,D1::D1-Q078,1.0
D1,D1-Q079,conditional_exception,normal,advanced,256,175,179200,4.662495374679565,14.791011810302734,1.0,1.0,1.0,1.0,1.0,1.0,1.0,1.0,1.0,1.0,1.0,1.0,1.0,1.4078361780682693,1.4078361780682693,1.0,3,D1::D1-Q079,1.0
D1,D1-Q080,numerical,normal,advanced,256,175,179200,4.662495374679565,15.075206756591797,0.5,1.0,0.0,1.0,1.0,1.0,1.0,1.0,1.0,1.0,1.0,1.0,1.0,1.0,1.0,1.0,2,D1::D1-Q080,1.0
D1,D1-Q081,numerical,normal,advanced,256,175,179200,4.662495374679565,13.920068740844727,1.0,1.0,1.0,1.0,1.0,1.0,1.0,1.0,1.0,1.0,1.0,1.0,1.0,1.0,1.0,1.0,1,D1::D1-Q081,1.0
D1,D1-Q082,procedural,normal,advanced,256,175,179200,4.662495374679565,14.32657241821289,1.0,1.0,1.0,1.0,1.0,1.0,1.0,1.0,1.0,1.0,1.0,1.0,1.0,1.0,1.0,1.0,1,D1::D1-Q082,1.0
D1,D1-Q083,numerical,normal,advanced,256,175,179200,4.662495374679565,14.23025131225586,0.0,0.0,0.0,0.0,0.0,0.0,0.5,1.0,0.0,1.0,1.0,1.0,0.25,0.2640681225725909,0.48247555939075504,1.0,2,D1::D1-Q083,1.0
D1,D1-Q084,exact_fact,normal,advanced,256,175,179200,4.662495374679565,14.366865158081055,1.0,1.0,1.0,1.0,1.0,1.0,1.0,1.0,1.0,1.0,1.0,1.0,1.0,1.0,1.0,1.0,1,D1::D1-Q084,1.0
D1,D1-Q085,numerical,normal,advanced,256,175,179200,4.662495374679565,15.366554260253906,1.0,1.0,1.0,1.0,1.0,1.0,1.0,1.0,1.0,1.0,1.0,1.0,1.0,1.0,1.0,1.0,1,D1::D1-Q085,1.0
D1,D1-Q086,negation,normal,advanced,256,175,179200,4.662495374679565,14.463186264038086,1.0,1.0,1.0,1.0,1.0,1.0,1.0,1.0,1.0,1.0,1.0,1.0,1.0,1.0,1.0,1.0,1,D1::D1-Q086,1.0
D1,D1-Q087,numerical,normal,advanced,256,175,179200,4.662495374679565,13.828039169311523,1.0,1.0,1.0,1.0,1.0,1.0,1.0,1.0,1.0,1.0,1.0,1.0,1.0,1.0,1.0,1.0,1,D1::D1-Q087,1.0
D1,D1-Q088,numerical,normal,advanced,256,175,179200,4.662495374679565,13.45682144165039,1.0,1.0,1.0,1.0,1.0,1.0,1.0,1.0,1.0,1.0,1.0,1.0,1.0,1.0,1.0,1.0,1,D1::D1-Q088,1.0
D1,D1-Q089,numerical,normal,advanced,256,175,179200,4.662495374679565,14.980316162109375,0.0,0.0,0.0,1.0,1.0,1.0,1.0,1.0,1.0,1.0,1.0,1.0,0.3333333333333333,0.5,0.5,1.0,1,D1::D1-Q089,1.0
D1,D1-Q090,numerical,normal,advanced,256,175,179200,4.662495374679565,14.698266983032227,1.0,1.0,1.0,1.0,1.0,1.0,1.0,1.0,1.0,1.0,1.0,1.0,1.0,1.0,1.0,1.0,1,D1::D1-Q090,1.0
D1,D1-Q091,numerical,normal,advanced,256,175,179200,4.662495374679565,14.738082885742188,1.0,1.0,1.0,1.0,1.0,1.0,1.0,1.0,1.0,1.0,1.0,1.0,1.0,1.0,1.0,1.0,1,D1::D1-Q091,1.0
D1,D1-Q092,procedural,normal,advanced,256,175,179200,4.662495374679565,15.564441680908203,1.0,1.0,1.0,1.0,1.0,1.0,1.0,1.0,1.0,1.0,1.0,1.0,1.0,1.0,1.0,1.0,1,D1::D1-Q092,1.0
D1,D1-Q093,numerical,normal,advanced,256,175,179200,4.662495374679565,19.893646240234375,1.0,1.0,1.0,1.0,1.0,1.0,1.0,1.0,1.0,1.0,1.0,1.0,1.0,1.0,1.0,1.0,1,D1::D1-Q093,1.0
D1,D1-Q094,exact_fact,normal,advanced,256,175,179200,4.662495374679565,14.066696166992188,1.0,1.0,1.0,1.0,1.0,1.0,1.0,1.0,1.0,1.0,1.0,1.0,1.0,1.0,1.0,1.0,1,D1::D1-Q094,1.0
D1,D1-Q095,exact_fact,normal,advanced,256,175,179200,4.662495374679565,14.484882354736328,0.0,0.0,0.0,1.0,1.0,1.0,1.0,1.0,1.0,1.0,1.0,1.0,0.5,0.6309297535714575,0.6309297535714575,1.0,1,D1::D1-Q095,1.0
D1,D1-Q096,negation,normal,advanced,256,175,179200,4.662495374679565,13.97085189819336,1.0,1.0,1.0,1.0,1.0,1.0,1.0,1.0,1.0,1.0,1.0,1.0,1.0,1.0,1.0,1.0,1,D1::D1-Q096,1.0
D1,D1-Q097,exact_fact,normal,advanced,256,175,179200,4.662495374679565,14.364004135131836,1.0,1.0,1.0,1.0,1.0,1.0,1.0,1.0,1.0,1.0,1.0,1.0,1.0,1.0,1.0,1.0,1,D1::D1-Q097,1.0
D1,D1-Q098,numerical,normal,advanced,256,175,179200,4.662495374679565,14.087200164794922,1.0,1.0,1.0,1.0,1.0,1.0,1.0,1.0,1.0,1.0,1.0,1.0,1.0,1.0,1.0,1.0,1,D1::D1-Q098,1.0
D1,D1-Q099,numerical,normal,advanced,256,175,179200,4.662495374679565,14.558792114257812,1.0,1.0,1.0,1.0,1.0,1.0,1.0,1.0,1.0,1.0,1.0,1.0,1.0,1.0,1.0,1.0,1,D1::D1-Q099,1.0
D1,D1-Q100,exact_fact,normal,advanced,256,175,179200,4.662495374679565,13.928651809692383,1.0,1.0,1.0,1.0,1.0,1.0,1.0,1.0,1.0,1.0,1.0,1.0,1.0,1.0,1.0,1.0,1,D1::D1-Q100,1.0
D1,D1-Q101,numerical,normal,advanced,256,175,179200,4.662495374679565,13.785600662231445,1.0,1.0,1.0,1.0,1.0,1.0,1.0,1.0,1.0,1.0,1.0,1.0,1.0,1.0,1.0,1.0,1,D1::D1-Q101,1.0
D1,D1-Q102,negation,normal,advanced,256,175,179200,4.662495374679565,14.405250549316406,0.0,0.0,0.0,1.0,1.0,1.0,1.0,1.0,1.0,1.0,1.0,1.0,0.5,0.6309297535714575,0.6309297535714575,1.0,1,D1::D1-Q102,1.0
D1,D1-Q103,numerical,normal,advanced,256,175,179200,4.662495374679565,14.870643615722656,1.0,1.0,1.0,1.0,1.0,1.0,1.0,1.0,1.0,1.0,1.0,1.0,1.0,1.0,1.0,1.0,1,D1::D1-Q103,1.0
D1,D1-Q104,negation,normal,advanced,256,175,179200,4.662495374679565,14.284372329711914,1.0,1.0,1.0,1.0,1.0,1.0,1.0,1.0,1.0,1.0,1.0,1.0,1.0,1.0,1.0,1.0,1,D1::D1-Q104,1.0
D1,D1-Q105,numerical,normal,advanced,256,175,179200,4.662495374679565,14.110326766967773,1.0,1.0,1.0,1.0,1.0,1.0,1.0,1.0,1.0,1.0,1.0,1.0,1.0,1.0,1.0,1.0,1,D1::D1-Q105,1.0
D1,D1-Q106,numerical,normal,advanced,256,175,179200,4.662495374679565,14.389276504516602,1.0,1.0,1.0,1.0,1.0,1.0,1.0,1.0,1.0,1.0,1.0,1.0,1.0,1.0,1.0,1.0,1,D1::D1-Q106,1.0
D1,D1-Q107,numerical,normal,advanced,256,175,179200,4.662495374679565,14.08529281616211,0.0,0.0,0.0,1.0,1.0,1.0,1.0,1.0,1.0,1.0,1.0,1.0,0.5,0.6309297535714575,0.6309297535714575,1.0,1,D1::D1-Q107,1.0
D1,D1-Q108,numerical,normal,advanced,256,175,179200,4.662495374679565,14.31584358215332,0.0,0.0,0.0,0.0,0.0,0.0,0.0,0.0,0.0,0.0,0.0,0.0,0.0,0.0,0.0,0.0,0,D1::D1-Q108,0.0
D1,D1-Q109,numerical,normal,advanced,256,175,179200,4.662495374679565,14.363765716552734,0.0,0.0,0.0,0.0,0.0,0.0,0.0,0.0,0.0,0.0,0.0,0.0,0.0,0.0,0.0,0.0,0,D1::D1-Q109,0.0
D1,D1-Q110,exact_fact,normal,advanced,256,175,179200,4.662495374679565,13.948440551757812,1.0,1.0,1.0,1.0,1.0,1.0,1.0,1.0,1.0,1.0,1.0,1.0,1.0,1.0,1.0,1.0,1,D1::D1-Q110,1.0
D1,D1-Q111,exact_fact,normal,advanced,256,175,179200,4.662495374679565,14.317035675048828,1.0,1.0,1.0,1.0,1.0,1.0,1.0,1.0,1.0,1.0,1.0,1.0,1.0,1.0,1.0,1.0,1,D1::D1-Q111,1.0
D1,D1-Q112,numerical,normal,advanced,256,175,179200,4.662495374679565,13.988256454467773,1.0,1.0,1.0,1.0,1.0,1.0,1.0,1.0,1.0,1.0,1.0,1.0,1.0,1.0,1.0,1.0,1,D1::D1-Q112,1.0
D1,D1-Q113,numerical,normal,advanced,256,175,179200,4.662495374679565,13.917207717895508,1.0,1.0,1.0,1.0,1.0,1.0,1.0,1.0,1.0,1.0,1.0,1.0,1.0,1.0,1.0,1.0,1,D1::D1-Q113,1.0
D1,D1-Q114,numerical,normal,advanced,256,175,179200,4.662495374679565,15.122413635253906,1.0,1.0,1.0,1.0,1.0,1.0,1.0,1.0,1.0,1.0,1.0,1.0,1.0,1.0,1.0,1.0,1,D1::D1-Q114,1.0
D1,D1-Q115,negation,normal,advanced,256,175,179200,4.662495374679565,14.087438583374023,1.0,1.0,1.0,1.0,1.0,1.0,1.0,1.0,1.0,1.0,1.0,1.0,1.0,1.0,1.0,1.0,1,D1::D1-Q115,1.0
D1,D1-Q116,list_membership,normal,advanced,256,175,179200,4.662495374679565,13.63682746887207,1.0,1.0,1.0,1.0,1.0,1.0,1.0,1.0,1.0,1.0,1.0,1.0,1.0,1.4078361780682693,1.4078361780682693,1.0,3,D1::D1-Q116,1.0
D1,D1-Q117,numerical,normal,advanced,256,175,179200,4.662495374679565,14.000892639160156,1.0,1.0,1.0,1.0,1.0,1.0,1.0,1.0,1.0,1.0,1.0,1.0,1.0,1.0,1.0,1.0,1,D1::D1-Q117,1.0
D1,D1-Q118,negation,normal,advanced,256,175,179200,4.662495374679565,13.988256454467773,1.0,1.0,1.0,1.0,1.0,1.0,1.0,1.0,1.0,1.0,1.0,1.0,1.0,1.0,1.0,1.0,1,D1::D1-Q118,1.0
D1,D1-Q119,exact_fact,normal,advanced,256,175,179200,4.662495374679565,14.537811279296875,1.0,1.0,1.0,1.0,1.0,1.0,1.0,1.0,1.0,1.0,1.0,1.0,1.0,1.0,1.0,1.0,1,D1::D1-Q119,1.0
D1,D1-Q120,numerical,normal,advanced,256,175,179200,4.662495374679565,19.928932189941406,1.0,1.0,1.0,1.0,1.0,1.0,1.0,1.0,1.0,1.0,1.0,1.0,1.0,1.2262943855309167,1.2262943855309167,1.0,2,D1::D1-Q120,1.0
D1,D1-Q121,numerical,normal,advanced,256,175,179200,4.662495374679565,22.580862045288086,1.0,1.0,1.0,1.0,1.0,1.0,1.0,1.0,1.0,1.0,1.0,1.0,1.0,1.0,1.0,1.0,1,D1::D1-Q121,1.0
D1,D1-Q122,numerical,normal,advanced,256,175,179200,4.662495374679565,14.287710189819336,1.0,1.0,1.0,1.0,1.0,1.0,1.0,1.0,1.0,1.0,1.0,1.0,1.0,1.0,1.0,1.0,1,D1::D1-Q122,1.0
D1,D1-Q123,procedural,normal,advanced,256,175,179200,4.662495374679565,14.32490348815918,1.0,1.0,1.0,1.0,1.0,1.0,1.0,1.0,1.0,1.0,1.0,1.0,1.0,1.0,1.0,1.0,1,D1::D1-Q123,1.0
D1,D1-Q124,exact_fact,normal,advanced,256,175,179200,4.662495374679565,14.34326171875,1.0,1.0,1.0,1.0,1.0,1.0,1.0,1.0,1.0,1.0,1.0,1.0,1.0,1.0,1.0,1.0,1,D1::D1-Q124,1.0
D1,D1-Q125,exact_fact,normal,advanced,256,175,179200,4.662495374679565,14.027595520019531,1.0,1.0,1.0,1.0,1.0,1.0,1.0,1.0,1.0,1.0,1.0,1.0,1.0,1.0,1.0,1.0,1,D1::D1-Q125,1.0
D1,D1-Q126,negation,normal,advanced,256,175,179200,4.662495374679565,14.497756958007812,1.0,1.0,1.0,1.0,1.0,1.0,1.0,1.0,1.0,1.0,1.0,1.0,1.0,1.0,1.0,1.0,1,D1::D1-Q126,1.0
D1,D1-Q127,numerical,normal,advanced,256,175,179200,4.662495374679565,14.106273651123047,1.0,1.0,1.0,1.0,1.0,1.0,1.0,1.0,1.0,1.0,1.0,1.0,1.0,1.0,1.0,1.0,1,D1::D1-Q127,1.0
D1,D1-Q128,numerical,normal,advanced,256,175,179200,4.662495374679565,16.49188995361328,1.0,1.0,1.0,1.0,1.0,1.0,1.0,1.0,1.0,1.0,1.0,1.0,1.0,1.0,1.0,1.0,1,D1::D1-Q128,1.0
D1,D1-Q129,exact_fact,normal,advanced,256,175,179200,4.662495374679565,15.230417251586914,1.0,1.0,1.0,1.0,1.0,1.0,1.0,1.0,1.0,1.0,1.0,1.0,1.0,1.0,1.0,1.0,1,D1::D1-Q129,1.0
D1,D1-Q130,numerical,normal,advanced,256,175,179200,4.662495374679565,22.445201873779297,1.0,1.0,1.0,1.0,1.0,1.0,1.0,1.0,1.0,1.0,1.0,1.0,1.0,1.0,1.0,1.0,1,D1::D1-Q130,1.0
D1,D1-Q131,negation,normal,advanced,256,175,179200,4.662495374679565,19.569873809814453,1.0,1.0,1.0,1.0,1.0,1.0,1.0,1.0,1.0,1.0,1.0,1.0,1.0,1.0,1.0,1.0,1,D1::D1-Q131,1.0
D1,D1-Q132,negation,normal,advanced,256,175,179200,4.662495374679565,14.554500579833984,1.0,1.0,1.0,1.0,1.0,1.0,1.0,1.0,1.0,1.0,1.0,1.0,1.0,1.0,1.0,1.0,1,D1::D1-Q132,1.0
D1,D1-Q133,procedural,normal,advanced,256,175,179200,4.662495374679565,14.565706253051758,0.6666666666666666,1.0,0.0,1.0,1.0,1.0,1.0,1.0,1.0,1.0,1.0,1.0,1.0,1.234639363011378,1.234639363011378,1.0,3,D1::D1-Q133,1.0
D1,D1-Q134,exact_fact,normal,advanced,256,175,179200,4.662495374679565,15.32435417175293,1.0,1.0,1.0,1.0,1.0,1.0,1.0,1.0,1.0,1.0,1.0,1.0,1.0,1.0,1.0,1.0,1,D1::D1-Q134,1.0
D1,D1-Q135,conditional_exception,normal,advanced,256,175,179200,4.662495374679565,14.397621154785156,1.0,1.0,1.0,1.0,1.0,1.0,1.0,1.0,1.0,1.0,1.0,1.0,1.0,1.0,1.0,1.0,1,D1::D1-Q135,1.0
D1,D1-Q136,exact_fact,normal,advanced,256,175,179200,4.662495374679565,15.414714813232422,0.0,0.0,0.0,1.0,1.0,1.0,1.0,1.0,1.0,1.0,1.0,1.0,0.3333333333333333,0.5,0.5,1.0,1,D1::D1-Q136,1.0
D1,D1-Q137,table_lookup,normal,advanced,256,175,179200,4.662495374679565,14.70041275024414,0.6666666666666666,1.0,0.0,0.6666666666666666,1.0,0.0,0.6666666666666666,1.0,0.0,0.6666666666666666,1.0,0.0,1.0,1.3566408210944645,1.2104096539952538,0.6666666666666666,4,D1::D1-Q137,0.6666666666666666
D1,D1-Q138,table_context,normal,advanced,256,175,179200,4.662495374679565,14.403104782104492,0.0,0.0,0.0,0.0,0.0,0.0,1.0,1.0,1.0,1.0,1.0,1.0,0.2,0.544625377612058,0.544625377612058,1.0,3,D1::D1-Q138,1.0
D1,D1-Q139,heading_context,normal,advanced,256,175,179200,4.662495374679565,13.948202133178711,0.0,0.0,0.0,0.0,0.0,0.0,0.0,0.0,0.0,1.0,1.0,1.0,0.1111111111111111,0.0,0.3010299956639812,1.0,1,D1::D1-Q139,1.0
D1,D1-Q140,exact_fact,normal,advanced,256,175,179200,4.662495374679565,14.527559280395508,0.0,0.0,0.0,0.0,0.0,0.0,0.0,0.0,0.0,1.0,1.0,1.0,0.14285714285714285,0.0,0.3333333333333333,1.0,1,D1::D1-Q140,1.0
D1,D1-Q141,exact_fact,normal,advanced,256,175,179200,4.662495374679565,13.859987258911133,0.0,0.0,0.0,0.0,0.0,0.0,0.0,0.0,0.0,0.0,0.0,0.0,0.0,0.0,0.0,0.0,0,D1::D1-Q141,0.0
D1,D1-Q142,exact_fact,normal,advanced,256,175,179200,4.662495374679565,14.615535736083984,1.0,1.0,1.0,1.0,1.0,1.0,1.0,1.0,1.0,1.0,1.0,1.0,1.0,1.0,1.0,1.0,1,D1::D1-Q142,1.0
D1,D1-Q143,exact_fact,normal,advanced,256,175,179200,4.662495374679565,14.748334884643555,0.0,0.0,0.0,0.0,0.0,0.0,0.0,0.0,0.0,1.0,1.0,1.0,0.1,0.0,0.2890648263178879,1.0,1,D1::D1-Q143,1.0
D1,D1-Q144,exact_fact,normal,advanced,256,175,179200,4.662495374679565,15.023231506347656,0.0,0.0,0.0,0.0,0.0,0.0,0.0,0.0,0.0,0.0,0.0,0.0,0.0,0.0,0.0,0.0,0,D1::D1-Q144,0.0
D1,D1-Q145,exact_fact,normal,advanced,256,175,179200,4.662495374679565,15.33055305480957,0.0,0.0,0.0,0.0,0.0,0.0,0.0,0.0,0.0,0.0,0.0,0.0,0.0,0.0,0.0,0.0,0,D1::D1-Q145,0.0
D1,D1-Q146,exact_fact,normal,advanced,256,175,179200,4.662495374679565,21.157264709472656,0.0,0.0,0.0,0.0,0.0,0.0,0.0,0.0,0.0,1.0,1.0,1.0,0.16666666666666666,0.0,0.3562071871080222,1.0,1,D1::D1-Q146,1.0
D1,D1-Q147,exact_fact,normal,advanced,256,175,179200,4.662495374679565,14.243364334106445,0.0,0.0,0.0,0.0,0.0,0.0,1.0,1.0,1.0,1.0,1.0,1.0,0.2,0.38685280723454163,0.38685280723454163,1.0,1,D1::D1-Q147,1.0
D1,D1-Q148,exact_fact,normal,advanced,256,175,179200,4.662495374679565,14.245033264160156,1.0,1.0,1.0,1.0,1.0,1.0,1.0,1.0,1.0,1.0,1.0,1.0,1.0,1.0,1.0,1.0,1,D1::D1-Q148,1.0
D1,D1-Q149,exact_fact,normal,advanced,256,175,179200,4.662495374679565,13.784646987915039,1.0,1.0,1.0,1.0,1.0,1.0,1.0,1.0,1.0,1.0,1.0,1.0,1.0,1.0,1.0,1.0,1,D1::D1-Q149,1.0
D1,D1-Q150,numerical,normal,advanced,256,175,179200,4.662495374679565,14.561176300048828,1.0,1.0,1.0,1.0,1.0,1.0,1.0,1.0,1.0,1.0,1.0,1.0,1.0,1.0,1.0,1.0,1,D1::D1-Q150,1.0
D1,D1-Q151,numerical,normal,advanced,256,175,179200,4.662495374679565,14.385461807250977,1.0,1.0,1.0,1.0,1.0,1.0,1.0,1.0,1.0,1.0,1.0,1.0,1.0,1.2262943855309167,1.2262943855309167,1.0,2,D1::D1-Q151,1.0
D1,D1-Q152,numerical,normal,advanced,256,175,179200,4.662495374679565,14.086246490478516,1.0,1.0,1.0,1.0,1.0,1.0,1.0,1.0,1.0,1.0,1.0,1.0,1.0,1.0,1.0,1.0,1,D1::D1-Q152,1.0
D1,D1-Q153,numerical,normal,advanced,256,175,179200,4.662495374679565,15.363216400146484,1.0,1.0,1.0,1.0,1.0,1.0,1.0,1.0,1.0,1.0,1.0,1.0,1.0,1.0,1.0,1.0,1,D1::D1-Q153,1.0
D1,D1-Q154,numerical,normal,advanced,256,175,179200,4.662495374679565,14.232873916625977,1.0,1.0,1.0,1.0,1.0,1.0,1.0,1.0,1.0,1.0,1.0,1.0,1.0,1.0,1.0,1.0,1,D1::D1-Q154,1.0
D1,D1-Q155,numerical,normal,advanced,256,175,179200,4.662495374679565,15.202522277832031,0.0,0.0,0.0,1.0,1.0,1.0,1.0,1.0,1.0,1.0,1.0,1.0,0.3333333333333333,0.5,0.5,1.0,1,D1::D1-Q155,1.0
D1,D1-Q156,numerical,normal,advanced,256,175,179200,4.662495374679565,15.444755554199219,1.0,1.0,1.0,1.0,1.0,1.0,1.0,1.0,1.0,1.0,1.0,1.0,1.0,1.0,1.0,1.0,1,D1::D1-Q156,1.0
D1,D1-Q157,numerical,normal,advanced,256,175,179200,4.662495374679565,14.016866683959961,1.0,1.0,1.0,1.0,1.0,1.0,1.0,1.0,1.0,1.0,1.0,1.0,1.0,1.0,1.0,1.0,1,D1::D1-Q157,1.0
D1,D1-Q158,numerical,normal,advanced,256,175,179200,4.662495374679565,15.57159423828125,1.0,1.0,1.0,1.0,1.0,1.0,1.0,1.0,1.0,1.0,1.0,1.0,1.0,1.0,1.0,1.0,1,D1::D1-Q158,1.0
D1,D1-Q159,procedural,normal,advanced,256,175,179200,4.662495374679565,13.904571533203125,0.0,0.0,0.0,1.0,1.0,1.0,1.0,1.0,1.0,1.0,1.0,1.0,0.5,0.6309297535714575,0.6309297535714575,1.0,1,D1::D1-Q159,1.0
D1,D1-Q160,exact_fact,normal,advanced,256,175,179200,4.662495374679565,13.779401779174805,1.0,1.0,1.0,1.0,1.0,1.0,1.0,1.0,1.0,1.0,1.0,1.0,1.0,1.0,1.0,1.0,1,D1::D1-Q160,1.0
D1,D1-Q161,numerical,normal,advanced,256,175,179200,4.662495374679565,13.776779174804688,0.0,0.0,0.0,1.0,1.0,1.0,1.0,1.0,1.0,1.0,1.0,1.0,0.3333333333333333,0.5,0.5,1.0,1,D1::D1-Q161,1.0
D1,D1-Q162,procedural,normal,advanced,256,175,179200,4.662495374679565,13.391971588134766,0.0,0.0,0.0,0.0,0.0,0.0,0.0,0.0,0.0,0.0,0.0,0.0,0.0,0.0,0.0,0.0,0,D1::D1-Q162,0.0
D1,D1-Q163,exact_fact,normal,advanced,256,175,179200,4.662495374679565,14.393091201782227,0.0,0.0,0.0,0.0,0.0,0.0,0.0,0.0,0.0,0.0,0.0,0.0,0.0,0.0,0.0,0.0,0,D1::D1-Q163,0.0
D1,D1-Q164,procedural,normal,advanced,256,175,179200,4.662495374679565,14.435529708862305,0.0,0.0,0.0,1.0,1.0,1.0,1.0,1.0,1.0,1.0,1.0,1.0,0.5,0.6309297535714575,0.6309297535714575,1.0,1,D1::D1-Q164,1.0
D1,D1-Q165,exact_fact,normal,advanced,256,175,179200,4.662495374679565,13.727903366088867,0.0,0.0,0.0,0.0,0.0,0.0,1.0,1.0,1.0,1.0,1.0,1.0,0.25,0.43067655807339306,0.43067655807339306,1.0,1,D1::D1-Q165,1.0
D1,D1-Q166,negation,normal,advanced,256,175,179200,4.662495374679565,14.388561248779297,1.0,1.0,1.0,1.0,1.0,1.0,1.0,1.0,1.0,1.0,1.0,1.0,1.0,1.0,1.0,1.0,1,D1::D1-Q166,1.0
D1,D1-Q167,numerical,normal,advanced,256,175,179200,4.662495374679565,13.83519172668457,1.0,1.0,1.0,1.0,1.0,1.0,1.0,1.0,1.0,1.0,1.0,1.0,1.0,1.0,1.0,1.0,1,D1::D1-Q167,1.0
D1,D1-Q168,procedural,normal,advanced,256,175,179200,4.662495374679565,13.736724853515625,1.0,1.0,1.0,1.0,1.0,1.0,1.0,1.0,1.0,1.0,1.0,1.0,1.0,1.0,1.0,1.0,1,D1::D1-Q168,1.0
D1,D1-Q169,exact_fact,normal,advanced,256,175,179200,4.662495374679565,14.278173446655273,0.0,0.0,0.0,0.0,0.0,0.0,1.0,1.0,1.0,1.0,1.0,1.0,0.2,0.38685280723454163,0.38685280723454163,1.0,1,D1::D1-Q169,1.0
D1,D1-Q170,temporal,normal,advanced,256,175,179200,4.662495374679565,14.49894905090332,1.0,1.0,1.0,1.0,1.0,1.0,1.0,1.0,1.0,1.0,1.0,1.0,1.0,1.0,1.0,1.0,1,D1::D1-Q170,1.0
D1,D1-Q171,temporal,normal,advanced,256,175,179200,4.662495374679565,13.941764831542969,1.0,1.0,1.0,1.0,1.0,1.0,1.0,1.0,1.0,1.0,1.0,1.0,1.0,1.0,1.0,1.0,1,D1::D1-Q171,1.0
D1,D1-Q172,exact_fact,normal,advanced,256,175,179200,4.662495374679565,14.141559600830078,0.0,0.0,0.0,1.0,1.0,1.0,1.0,1.0,1.0,1.0,1.0,1.0,0.5,0.6309297535714575,0.6309297535714575,1.0,1,D1::D1-Q172,1.0
D1,D1-Q173,procedural,normal,advanced,256,175,179200,4.662495374679565,14.021873474121094,1.0,1.0,1.0,1.0,1.0,1.0,1.0,1.0,1.0,1.0,1.0,1.0,1.0,1.0,1.0,1.0,1,D1::D1-Q173,1.0
D1,D1-Q174,conditional_exception,normal,advanced,256,175,179200,4.662495374679565,15.140056610107422,1.0,1.0,1.0,1.0,1.0,1.0,1.0,1.0,1.0,1.0,1.0,1.0,1.0,1.0,1.0,1.0,1,D1::D1-Q174,1.0
D1,D1-Q175,negation,normal,advanced,256,175,179200,4.662495374679565,14.234781265258789,0.0,0.0,0.0,1.0,1.0,1.0,1.0,1.0,1.0,1.0,1.0,1.0,0.3333333333333333,0.5,0.5,1.0,1,D1::D1-Q175,1.0
D1,D1-Q176,procedural,normal,advanced,256,175,179200,4.662495374679565,13.708114624023438,0.0,0.0,0.0,0.0,0.0,0.0,0.0,0.0,0.0,1.0,1.0,1.0,0.1,0.0,0.2890648263178879,1.0,1,D1::D1-Q176,1.0
D1,D1-Q177,exact_fact,normal,advanced,256,175,179200,4.662495374679565,14.10675048828125,1.0,1.0,1.0,1.0,1.0,1.0,1.0,1.0,1.0,1.0,1.0,1.0,1.0,1.0,1.0,1.0,1,D1::D1-Q177,1.0
D1,D1-Q178,negation,normal,advanced,256,175,179200,4.662495374679565,14.134407043457031,0.0,0.0,0.0,0.0,0.0,0.0,1.0,1.0,1.0,1.0,1.0,1.0,0.2,0.38685280723454163,0.38685280723454163,1.0,1,D1::D1-Q178,1.0
D1,D1-Q179,exact_fact,normal,advanced,256,175,179200,4.662495374679565,13.894796371459961,1.0,1.0,1.0,1.0,1.0,1.0,1.0,1.0,1.0,1.0,1.0,1.0,1.0,1.0,1.0,1.0,1,D1::D1-Q179,1.0
D1,D1-Q180,exact_fact,normal,advanced,256,175,179200,4.662495374679565,13.619661331176758,1.0,1.0,1.0,1.0,1.0,1.0,1.0,1.0,1.0,1.0,1.0,1.0,1.0,1.0,1.0,1.0,1,D1::D1-Q180,1.0
D1,D1-Q181,procedural,normal,advanced,256,175,179200,4.662495374679565,13.928413391113281,1.0,1.0,1.0,1.0,1.0,1.0,1.0,1.0,1.0,1.0,1.0,1.0,1.0,1.0,1.0,1.0,1,D1::D1-Q181,1.0
D1,D1-Q182,conditional_exception,normal,advanced,256,175,179200,4.662495374679565,14.466047286987305,0.0,0.0,0.0,1.0,1.0,1.0,1.0,1.0,1.0,1.0,1.0,1.0,0.5,0.6309297535714575,0.6309297535714575,1.0,1,D1::D1-Q182,1.0
D1,D1-Q183,conditional_exception,normal,advanced,256,175,179200,4.662495374679565,16.776323318481445,1.0,1.0,1.0,1.0,1.0,1.0,1.0,1.0,1.0,1.0,1.0,1.0,1.0,1.0,1.0,1.0,1,D1::D1-Q183,1.0
D1,D1-Q184,numerical,normal,advanced,256,175,179200,4.662495374679565,27.163267135620117,1.0,1.0,1.0,1.0,1.0,1.0,1.0,1.0,1.0,1.0,1.0,1.0,1.0,1.0,1.0,1.0,1,D1::D1-Q184,1.0
D1,D1-Q185,procedural,normal,advanced,256,175,179200,4.662495374679565,15.211343765258789,0.0,0.0,0.0,1.0,1.0,1.0,1.0,1.0,1.0,1.0,1.0,1.0,0.5,0.6309297535714575,0.6309297535714575,1.0,1,D1::D1-Q185,1.0
D1,D1-Q186,conditional_exception,normal,advanced,256,175,179200,4.662495374679565,14.632701873779297,0.0,0.0,0.0,1.0,1.0,1.0,1.0,1.0,1.0,1.0,1.0,1.0,0.5,0.6309297535714575,0.6309297535714575,1.0,1,D1::D1-Q186,1.0
D1,D1-Q187,numerical,normal,advanced,256,175,179200,4.662495374679565,14.648914337158203,1.0,1.0,1.0,1.0,1.0,1.0,1.0,1.0,1.0,1.0,1.0,1.0,1.0,1.0,1.0,1.0,1,D1::D1-Q187,1.0
D1,D1-Q188,numerical,normal,advanced,256,175,179200,4.662495374679565,13.727188110351562,0.0,0.0,0.0,0.0,0.0,0.0,1.0,1.0,1.0,1.0,1.0,1.0,0.25,0.43067655807339306,0.43067655807339306,1.0,1,D1::D1-Q188,1.0
D1,D1-Q189,exact_fact,normal,advanced,256,175,179200,4.662495374679565,16.623973846435547,1.0,1.0,1.0,1.0,1.0,1.0,1.0,1.0,1.0,1.0,1.0,1.0,1.0,1.0,1.0,1.0,1,D1::D1-Q189,1.0
D1,D1-Q190,conditional_exception,normal,advanced,256,175,179200,4.662495374679565,15.325546264648438,0.0,0.0,0.0,1.0,1.0,1.0,1.0,1.0,1.0,1.0,1.0,1.0,0.5,0.6309297535714575,0.6309297535714575,1.0,1,D1::D1-Q190,1.0
D1,D1-Q191,conditional_exception,normal,advanced,256,175,179200,4.662495374679565,13.972282409667969,0.0,0.0,0.0,0.0,0.0,0.0,0.0,0.0,0.0,1.0,1.0,1.0,0.14285714285714285,0.0,0.3333333333333333,1.0,1,D1::D1-Q191,1.0
D1,D1-Q192,list_membership,normal,advanced,256,175,179200,4.662495374679565,14.500617980957031,1.0,1.0,1.0,1.0,1.0,1.0,1.0,1.0,1.0,1.0,1.0,1.0,1.0,1.0,1.0,1.0,1,D1::D1-Q192,1.0
D1,D1-Q193,procedural,normal,advanced,256,175,179200,4.662495374679565,14.20736312866211,1.0,1.0,1.0,1.0,1.0,1.0,1.0,1.0,1.0,1.0,1.0,1.0,1.0,1.0,1.0,1.0,1,D1::D1-Q193,1.0
D1,D1-Q194,procedural,normal,advanced,256,175,179200,4.662495374679565,15.480518341064453,0.0,0.0,0.0,0.0,0.0,0.0,0.0,0.0,0.0,0.0,0.0,0.0,0.0,0.0,0.0,0.0,0,D1::D1-Q194,0.0
D1,D1-Q195,conditional_exception,normal,advanced,256,175,179200,4.662495374679565,14.403820037841797,1.0,1.0,1.0,1.0,1.0,1.0,1.0,1.0,1.0,1.0,1.0,1.0,1.0,1.0,1.0,1.0,1,D1::D1-Q195,1.0
D1,D1-Q196,exact_fact,normal,advanced,256,175,179200,4.662495374679565,14.753341674804688,1.0,1.0,1.0,1.0,1.0,1.0,1.0,1.0,1.0,1.0,1.0,1.0,1.0,1.0,1.0,1.0,1,D1::D1-Q196,1.0
D1,D1-Q197,procedural,normal,advanced,256,175,179200,4.662495374679565,14.538288116455078,0.0,0.0,0.0,1.0,1.0,1.0,1.0,1.0,1.0,1.0,1.0,1.0,0.3333333333333333,0.5,0.5,1.0,1,D1::D1-Q197,1.0
D1,D1-Q198,conditional_exception,normal,advanced,256,175,179200,4.662495374679565,14.936685562133789,1.0,1.0,1.0,1.0,1.0,1.0,1.0,1.0,1.0,1.0,1.0,1.0,1.0,1.0,1.0,1.0,1,D1::D1-Q198,1.0
D1,D1-Q199,conditional_exception,normal,advanced,256,175,179200,4.662495374679565,15.108585357666016,0.0,0.0,0.0,1.0,1.0,1.0,1.0,1.0,1.0,1.0,1.0,1.0,0.5,0.6309297535714575,0.6309297535714575,1.0,1,D1::D1-Q199,1.0
D1,D1-Q200,numerical,normal,advanced,256,175,179200,4.662495374679565,14.198064804077148,1.0,1.0,1.0,1.0,1.0,1.0,1.0,1.0,1.0,1.0,1.0,1.0,1.0,1.0,1.0,1.0,1,D1::D1-Q200,1.0
D1,D1-Q001,exact_fact,normal,advanced,384,175,268800,4.662495374679565,13.93890380859375,1.0,1.0,1.0,1.0,1.0,1.0,1.0,1.0,1.0,1.0,1.0,1.0,1.0,1.0,1.0,1.0,1,D1::D1-Q001,1.0
D1,D1-Q002,temporal,normal,advanced,384,175,268800,4.662495374679565,13.398170471191406,1.0,1.0,1.0,1.0,1.0,1.0,1.0,1.0,1.0,1.0,1.0,1.0,1.0,1.0,1.0,1.0,1,D1::D1-Q002,1.0
D1,D1-Q003,list_membership,normal,advanced,384,175,268800,4.662495374679565,13.976097106933594,1.0,1.0,1.0,1.0,1.0,1.0,1.0,1.0,1.0,1.0,1.0,1.0,1.0,3.7307622580097775,2.421009429278882,1.0,11,D1::D1-Q003,1.0
D1,D1-Q004,exact_fact,normal,advanced,384,175,268800,4.662495374679565,14.73379135131836,1.0,1.0,1.0,1.0,1.0,1.0,1.0,1.0,1.0,1.0,1.0,1.0,1.0,1.0,1.0,1.0,1,D1::D1-Q004,1.0
D1,D1-Q005,exact_fact,normal,advanced,384,175,268800,4.662495374679565,13.945341110229492,1.0,1.0,1.0,1.0,1.0,1.0,1.0,1.0,1.0,1.0,1.0,1.0,1.0,1.0,1.0,1.0,1,D1::D1-Q005,1.0
D1,D1-Q006,exact_fact,normal,advanced,384,175,268800,4.662495374679565,13.319969177246094,0.0,0.0,0.0,0.0,0.0,0.0,1.0,1.0,1.0,1.0,1.0,1.0,0.2,0.38685280723454163,0.38685280723454163,1.0,1,D1::D1-Q006,1.0
D1,D1-Q007,paraphrase,normal,advanced,384,175,268800,4.662495374679565,14.232397079467773,0.0,0.0,0.0,0.0,0.0,0.0,0.0,0.0,0.0,1.0,1.0,1.0,0.14285714285714285,0.0,0.3333333333333333,1.0,1,D1::D1-Q007,1.0
D1,D1-Q008,exact_fact,normal,advanced,384,175,268800,4.662495374679565,14.282941818237305,0.0,0.0,0.0,0.0,0.0,0.0,0.0,0.0,0.0,0.0,0.0,0.0,0.0,0.0,0.0,0.0,0,D1::D1-Q008,0.0
D1,D1-Q009,list_membership,normal,advanced,384,175,268800,4.662495374679565,15.249252319335938,1.0,1.0,1.0,1.0,1.0,1.0,1.0,1.0,1.0,1.0,1.0,1.0,1.0,1.0,1.0,1.0,1,D1::D1-Q009,1.0
D1,D1-Q010,exact_fact,normal,advanced,384,175,268800,4.662495374679565,14.49275016784668,1.0,1.0,1.0,1.0,1.0,1.0,1.0,1.0,1.0,1.0,1.0,1.0,1.0,1.0,1.0,1.0,1,D1::D1-Q010,1.0
D1,D1-Q011,exact_fact,normal,advanced,384,175,268800,4.662495374679565,14.182567596435547,0.0,0.0,0.0,0.0,0.0,0.0,0.0,0.0,0.0,0.0,0.0,0.0,0.0,0.0,0.0,0.0,0,D1::D1-Q011,0.0
D1,D1-Q012,exact_fact,normal,advanced,384,175,268800,4.662495374679565,14.246225357055664,0.0,0.0,0.0,0.0,0.0,0.0,0.0,0.0,0.0,0.0,0.0,0.0,0.0,0.0,0.0,0.0,0,D1::D1-Q012,0.0
D1,D1-Q013,list_membership,normal,advanced,384,175,268800,4.662495374679565,14.092445373535156,0.6666666666666666,1.0,0.0,0.6666666666666666,1.0,0.0,0.6666666666666666,1.0,0.0,0.6666666666666666,1.0,0.0,1.0,0.9385574520455129,0.9385574520455129,0.6666666666666666,2,D1::D1-Q013,0.6666666666666666
D1,D1-Q014,exact_fact,normal,advanced,384,175,268800,4.662495374679565,14.909505844116211,1.0,1.0,1.0,1.0,1.0,1.0,1.0,1.0,1.0,1.0,1.0,1.0,1.0,1.0,1.0,1.0,1,D1::D1-Q014,1.0
D1,D1-Q015,exact_fact,normal,advanced,384,175,268800,4.662495374679565,16.847848892211914,0.0,0.0,0.0,1.0,1.0,1.0,1.0,1.0,1.0,1.0,1.0,1.0,0.5,0.6309297535714575,0.6309297535714575,1.0,1,D1::D1-Q015,1.0
D1,D1-Q016,list_membership,normal,advanced,384,175,268800,4.662495374679565,18.24212074279785,0.0,0.0,0.0,1.0,1.0,1.0,1.0,1.0,1.0,1.0,1.0,1.0,0.5,0.8882457328975957,0.8882457328975957,1.0,3,D1::D1-Q016,1.0
D1,D1-Q017,exact_fact,normal,advanced,384,175,268800,4.662495374679565,18.565893173217773,0.0,0.0,0.0,0.0,0.0,0.0,0.0,0.0,0.0,1.0,1.0,1.0,0.125,0.0,0.31546487678572877,1.0,1,D1::D1-Q017,1.0
D1,D1-Q018,exact_fact,normal,advanced,384,175,268800,4.662495374679565,14.71400260925293,1.0,1.0,1.0,1.0,1.0,1.0,1.0,1.0,1.0,1.0,1.0,1.0,1.0,1.0,1.0,1.0,1,D1::D1-Q018,1.0
D1,D1-Q019,conditional_exception,normal,advanced,384,175,268800,4.662495374679565,14.148235321044922,1.0,1.0,1.0,1.0,1.0,1.0,1.0,1.0,1.0,1.0,1.0,1.0,1.0,1.0,1.0,1.0,1,D1::D1-Q019,1.0
D1,D1-Q020,procedural,normal,advanced,384,175,268800,4.662495374679565,14.08839225769043,1.0,1.0,1.0,1.0,1.0,1.0,1.0,1.0,1.0,1.0,1.0,1.0,1.0,1.0,1.0,1.0,1,D1::D1-Q020,1.0
D1,D1-Q021,conditional_exception,normal,advanced,384,175,268800,4.662495374679565,13.998031616210938,1.0,1.0,1.0,1.0,1.0,1.0,1.0,1.0,1.0,1.0,1.0,1.0,1.0,1.0,1.0,1.0,1,D1::D1-Q021,1.0
D1,D1-Q022,numerical,normal,advanced,384,175,268800,4.662495374679565,14.100313186645508,1.0,1.0,1.0,1.0,1.0,1.0,1.0,1.0,1.0,1.0,1.0,1.0,1.0,1.0,1.0,1.0,1,D1::D1-Q022,1.0
D1,D1-Q023,negation,normal,advanced,384,175,268800,4.662495374679565,15.004158020019531,1.0,1.0,1.0,1.0,1.0,1.0,1.0,1.0,1.0,1.0,1.0,1.0,1.0,1.0,1.0,1.0,1,D1::D1-Q023,1.0
D1,D1-Q024,conditional_exception,normal,advanced,384,175,268800,4.662495374679565,14.150381088256836,1.0,1.0,1.0,1.0,1.0,1.0,1.0,1.0,1.0,1.0,1.0,1.0,1.0,1.0,1.0,1.0,1,D1::D1-Q024,1.0
D1,D1-Q025,negation,normal,advanced,384,175,268800,4.662495374679565,16.778945922851562,0.0,0.0,0.0,0.0,0.0,0.0,1.0,1.0,1.0,1.0,1.0,1.0,0.2,0.38685280723454163,0.38685280723454163,1.0,1,D1::D1-Q025,1.0
D1,D1-Q026,paraphrase,normal,advanced,384,175,268800,4.662495374679565,13.905048370361328,1.0,1.0,1.0,1.0,1.0,1.0,1.0,1.0,1.0,1.0,1.0,1.0,1.0,1.0,1.0,1.0,1,D1::D1-Q026,1.0
D1,D1-Q027,exact_fact,normal,advanced,384,175,268800,4.662495374679565,14.6484375,1.0,1.0,1.0,1.0,1.0,1.0,1.0,1.0,1.0,1.0,1.0,1.0,1.0,1.0,1.0,1.0,1,D1::D1-Q027,1.0
D1,D1-Q028,conditional_exception,normal,advanced,384,175,268800,4.662495374679565,14.192581176757812,1.0,1.0,1.0,1.0,1.0,1.0,1.0,1.0,1.0,1.0,1.0,1.0,1.0,1.0,1.0,1.0,1,D1::D1-Q028,1.0
D1,D1-Q029,exact_fact,normal,advanced,384,175,268800,4.662495374679565,14.417171478271484,1.0,1.0,1.0,1.0,1.0,1.0,1.0,1.0,1.0,1.0,1.0,1.0,1.0,1.0,1.0,1.0,1,D1::D1-Q029,1.0
D1,D1-Q030,exact_fact,normal,advanced,384,175,268800,4.662495374679565,14.502286911010742,0.0,0.0,0.0,0.0,0.0,0.0,0.0,0.0,0.0,0.0,0.0,0.0,0.0,0.0,0.0,0.0,0,D1::D1-Q030,0.0
D1,D1-Q031,negation,normal,advanced,384,175,268800,4.662495374679565,14.46843147277832,1.0,1.0,1.0,1.0,1.0,1.0,1.0,1.0,1.0,1.0,1.0,1.0,1.0,1.0,1.0,1.0,1,D1::D1-Q031,1.0
D1,D1-Q032,temporal,normal,advanced,384,175,268800,4.662495374679565,14.791727066040039,1.0,1.0,1.0,1.0,1.0,1.0,1.0,1.0,1.0,1.0,1.0,1.0,1.0,1.0,1.0,1.0,1,D1::D1-Q032,1.0
D1,D1-Q033,exact_fact,normal,advanced,384,175,268800,4.662495374679565,15.421628952026367,1.0,1.0,1.0,1.0,1.0,1.0,1.0,1.0,1.0,1.0,1.0,1.0,1.0,1.0,1.0,1.0,1,D1::D1-Q033,1.0
D1,D1-Q034,negation,normal,advanced,384,175,268800,4.662495374679565,14.67752456665039,1.0,1.0,1.0,1.0,1.0,1.0,1.0,1.0,1.0,1.0,1.0,1.0,1.0,1.0,1.0,1.0,1,D1::D1-Q034,1.0
D1,D1-Q035,numerical,normal,advanced,384,175,268800,4.662495374679565,14.300346374511719,1.0,1.0,1.0,1.0,1.0,1.0,1.0,1.0,1.0,1.0,1.0,1.0,1.0,1.0,1.0,1.0,1,D1::D1-Q035,1.0
D1,D1-Q036,conditional_exception,normal,advanced,384,175,268800,4.662495374679565,14.39666748046875,1.0,1.0,1.0,1.0,1.0,1.0,1.0,1.0,1.0,1.0,1.0,1.0,1.0,1.0,1.0,1.0,1,D1::D1-Q036,1.0
D1,D1-Q037,conditional_exception,normal,advanced,384,175,268800,4.662495374679565,14.125347137451172,0.0,0.0,0.0,1.0,1.0,1.0,1.0,1.0,1.0,1.0,1.0,1.0,0.5,0.6309297535714575,0.6309297535714575,1.0,1,D1::D1-Q037,1.0
D1,D1-Q038,negation,normal,advanced,384,175,268800,4.662495374679565,13.647317886352539,0.0,0.0,0.0,1.0,1.0,1.0,1.0,1.0,1.0,1.0,1.0,1.0,0.5,0.6309297535714575,0.6309297535714575,1.0,1,D1::D1-Q038,1.0
D1,D1-Q039,exact_fact,normal,advanced,384,175,268800,4.662495374679565,14.094114303588867,1.0,1.0,1.0,1.0,1.0,1.0,1.0,1.0,1.0,1.0,1.0,1.0,1.0,1.0,1.0,1.0,1,D1::D1-Q039,1.0
D1,D1-Q040,exact_fact,normal,advanced,384,175,268800,4.662495374679565,14.17231559753418,1.0,1.0,1.0,1.0,1.0,1.0,1.0,1.0,1.0,1.0,1.0,1.0,1.0,1.0,1.0,1.0,1,D1::D1-Q040,1.0
D1,D1-Q041,negation,normal,advanced,384,175,268800,4.662495374679565,14.314889907836914,1.0,1.0,1.0,1.0,1.0,1.0,1.0,1.0,1.0,1.0,1.0,1.0,1.0,1.0,1.0,1.0,1,D1::D1-Q041,1.0
D1,D1-Q042,exact_fact,normal,advanced,384,175,268800,4.662495374679565,14.049530029296875,1.0,1.0,1.0,1.0,1.0,1.0,1.0,1.0,1.0,1.0,1.0,1.0,1.0,1.0,1.0,1.0,1,D1::D1-Q042,1.0
D1,D1-Q043,list_membership,normal,advanced,384,175,268800,4.662495374679565,15.281915664672852,1.0,1.0,1.0,1.0,1.0,1.0,1.0,1.0,1.0,1.0,1.0,1.0,1.0,1.0,1.0,1.0,1,D1::D1-Q043,1.0
D1,D1-Q044,exact_fact,normal,advanced,384,175,268800,4.662495374679565,14.271020889282227,1.0,1.0,1.0,1.0,1.0,1.0,1.0,1.0,1.0,1.0,1.0,1.0,1.0,1.0,1.0,1.0,1,D1::D1-Q044,1.0
D1,D1-Q045,exact_fact,normal,advanced,384,175,268800,4.662495374679565,14.1448974609375,1.0,1.0,1.0,1.0,1.0,1.0,1.0,1.0,1.0,1.0,1.0,1.0,1.0,1.0,1.0,1.0,1,D1::D1-Q045,1.0
D1,D1-Q046,procedural,normal,advanced,384,175,268800,4.662495374679565,14.28365707397461,0.0,0.0,0.0,0.0,0.0,0.0,1.0,1.0,1.0,1.0,1.0,1.0,0.2,0.38685280723454163,0.38685280723454163,1.0,1,D1::D1-Q046,1.0
D1,D1-Q047,numerical,normal,advanced,384,175,268800,4.662495374679565,25.628328323364258,0.0,0.0,0.0,1.0,1.0,1.0,1.0,1.0,1.0,1.0,1.0,1.0,0.5,0.6309297535714575,0.6309297535714575,1.0,1,D1::D1-Q047,1.0
D1,D1-Q048,negation,normal,advanced,384,175,268800,4.662495374679565,19.50526237487793,0.0,0.0,0.0,1.0,1.0,1.0,1.0,1.0,1.0,1.0,1.0,1.0,0.5,0.6309297535714575,0.6309297535714575,1.0,1,D1::D1-Q048,1.0
D1,D1-Q049,procedural,normal,advanced,384,175,268800,4.662495374679565,15.239477157592773,1.0,1.0,1.0,1.0,1.0,1.0,1.0,1.0,1.0,1.0,1.0,1.0,1.0,1.0,1.0,1.0,1,D1::D1-Q049,1.0
D1,D1-Q050,procedural,normal,advanced,384,175,268800,4.662495374679565,16.530990600585938,1.0,1.0,1.0,1.0,1.0,1.0,1.0,1.0,1.0,1.0,1.0,1.0,1.0,1.0,1.0,1.0,1,D1::D1-Q050,1.0
D1,D1-Q051,list_membership,normal,advanced,384,175,268800,4.662495374679565,14.325380325317383,1.0,1.0,1.0,1.0,1.0,1.0,1.0,1.0,1.0,1.0,1.0,1.0,1.0,1.4078361780682693,1.4078361780682693,1.0,3,D1::D1-Q051,1.0
D1,D1-Q052,negation,normal,advanced,384,175,268800,4.662495374679565,15.455484390258789,1.0,1.0,1.0,1.0,1.0,1.0,1.0,1.0,1.0,1.0,1.0,1.0,1.0,1.0,1.0,1.0,1,D1::D1-Q052,1.0
D1,D1-Q053,numerical,normal,advanced,384,175,268800,4.662495374679565,14.226675033569336,1.0,1.0,1.0,1.0,1.0,1.0,1.0,1.0,1.0,1.0,1.0,1.0,1.0,1.0,1.0,1.0,1,D1::D1-Q053,1.0
D1,D1-Q054,exact_fact,normal,advanced,384,175,268800,4.662495374679565,13.827085494995117,1.0,1.0,1.0,1.0,1.0,1.0,1.0,1.0,1.0,1.0,1.0,1.0,1.0,1.0,1.0,1.0,1,D1::D1-Q054,1.0
D1,D1-Q055,conditional_exception,normal,advanced,384,175,268800,4.662495374679565,14.367818832397461,1.0,1.0,1.0,1.0,1.0,1.0,1.0,1.0,1.0,1.0,1.0,1.0,1.0,1.0,1.0,1.0,1,D1::D1-Q055,1.0
D1,D1-Q056,procedural,normal,advanced,384,175,268800,4.662495374679565,14.27602767944336,1.0,1.0,1.0,1.0,1.0,1.0,1.0,1.0,1.0,1.0,1.0,1.0,1.0,1.0,1.0,1.0,1,D1::D1-Q056,1.0
D1,D1-Q057,exact_fact,normal,advanced,384,175,268800,4.662495374679565,16.051530838012695,1.0,1.0,1.0,1.0,1.0,1.0,1.0,1.0,1.0,1.0,1.0,1.0,1.0,1.0,1.0,1.0,1,D1::D1-Q057,1.0
D1,D1-Q058,negation,normal,advanced,384,175,268800,4.662495374679565,14.37067985534668,1.0,1.0,1.0,1.0,1.0,1.0,1.0,1.0,1.0,1.0,1.0,1.0,1.0,1.0,1.0,1.0,1,D1::D1-Q058,1.0
D1,D1-Q059,procedural,normal,advanced,384,175,268800,4.662495374679565,14.128684997558594,0.0,0.0,0.0,1.0,1.0,1.0,1.0,1.0,1.0,1.0,1.0,1.0,0.5,0.6309297535714575,0.6309297535714575,1.0,1,D1::D1-Q059,1.0
D1,D1-Q060,negation,normal,advanced,384,175,268800,4.662495374679565,14.245271682739258,1.0,1.0,1.0,1.0,1.0,1.0,1.0,1.0,1.0,1.0,1.0,1.0,1.0,1.0,1.0,1.0,1,D1::D1-Q060,1.0
D1,D1-Q061,procedural,normal,advanced,384,175,268800,4.662495374679565,13.966083526611328,1.0,1.0,1.0,1.0,1.0,1.0,1.0,1.0,1.0,1.0,1.0,1.0,1.0,1.0,1.0,1.0,1,D1::D1-Q061,1.0
D1,D1-Q062,numerical,normal,advanced,384,175,268800,4.662495374679565,14.005661010742188,1.0,1.0,1.0,1.0,1.0,1.0,1.0,1.0,1.0,1.0,1.0,1.0,1.0,1.0,1.0,1.0,1,D1::D1-Q062,1.0
D1,D1-Q063,numerical,normal,advanced,384,175,268800,4.662495374679565,13.746976852416992,1.0,1.0,1.0,1.0,1.0,1.0,1.0,1.0,1.0,1.0,1.0,1.0,1.0,1.0,1.0,1.0,1,D1::D1-Q063,1.0
D1,D1-Q064,numerical,normal,advanced,384,175,268800,4.662495374679565,15.717506408691406,1.0,1.0,1.0,1.0,1.0,1.0,1.0,1.0,1.0,1.0,1.0,1.0,1.0,1.0,1.0,1.0,1,D1::D1-Q064,1.0
D1,D1-Q065,numerical,normal,advanced,384,175,268800,4.662495374679565,14.388799667358398,1.0,1.0,1.0,1.0,1.0,1.0,1.0,1.0,1.0,1.0,1.0,1.0,1.0,1.0,1.0,1.0,1,D1::D1-Q065,1.0
D1,D1-Q066,list_membership,normal,advanced,384,175,268800,4.662495374679565,13.91291618347168,1.0,1.0,1.0,1.0,1.0,1.0,1.0,1.0,1.0,1.0,1.0,1.0,1.0,1.0,1.0,1.0,1,D1::D1-Q066,1.0
D1,D1-Q067,numerical,normal,advanced,384,175,268800,4.662495374679565,14.023780822753906,1.0,1.0,1.0,1.0,1.0,1.0,1.0,1.0,1.0,1.0,1.0,1.0,1.0,1.0,1.0,1.0,1,D1::D1-Q067,1.0
D1,D1-Q068,numerical,normal,advanced,384,175,268800,4.662495374679565,14.336347579956055,0.0,0.0,0.0,1.0,1.0,1.0,1.0,1.0,1.0,1.0,1.0,1.0,0.5,0.6309297535714575,0.6309297535714575,1.0,1,D1::D1-Q068,1.0
D1,D1-Q069,numerical,normal,advanced,384,175,268800,4.662495374679565,14.871835708618164,1.0,1.0,1.0,1.0,1.0,1.0,1.0,1.0,1.0,1.0,1.0,1.0,1.0,1.0,1.0,1.0,1,D1::D1-Q069,1.0
D1,D1-Q070,numerical,normal,advanced,384,175,268800,4.662495374679565,15.304088592529297,0.0,0.0,0.0,1.0,1.0,1.0,1.0,1.0,1.0,1.0,1.0,1.0,0.5,0.6309297535714575,0.6309297535714575,1.0,1,D1::D1-Q070,1.0
D1,D1-Q071,numerical,normal,advanced,384,175,268800,4.662495374679565,16.6168212890625,1.0,1.0,1.0,1.0,1.0,1.0,1.0,1.0,1.0,1.0,1.0,1.0,1.0,1.0,1.0,1.0,1,D1::D1-Q071,1.0
D1,D1-Q072,numerical,normal,advanced,384,175,268800,4.662495374679565,26.381492614746094,1.0,1.0,1.0,1.0,1.0,1.0,1.0,1.0,1.0,1.0,1.0,1.0,1.0,1.0,1.0,1.0,1,D1::D1-Q072,1.0
D1,D1-Q073,numerical,normal,advanced,384,175,268800,4.662495374679565,23.942232131958008,1.0,1.0,1.0,1.0,1.0,1.0,1.0,1.0,1.0,1.0,1.0,1.0,1.0,1.0,1.0,1.0,1,D1::D1-Q073,1.0
D1,D1-Q074,numerical,normal,advanced,384,175,268800,4.662495374679565,25.363445281982422,0.0,0.0,0.0,0.0,0.0,0.0,0.0,0.0,0.0,1.0,1.0,1.0,0.14285714285714285,0.0,0.3333333333333333,1.0,1,D1::D1-Q074,1.0
D1,D1-Q075,numerical,normal,advanced,384,175,268800,4.662495374679565,28.332948684692383,0.0,0.0,0.0,1.0,1.0,1.0,1.0,1.0,1.0,1.0,1.0,1.0,0.5,0.6309297535714575,0.6309297535714575,1.0,1,D1::D1-Q075,1.0
D1,D1-Q076,numerical,normal,advanced,384,175,268800,4.662495374679565,27.278661727905273,1.0,1.0,1.0,1.0,1.0,1.0,1.0,1.0,1.0,1.0,1.0,1.0,1.0,1.0,1.0,1.0,1,D1::D1-Q076,1.0
D1,D1-Q077,numerical,normal,advanced,384,175,268800,4.662495374679565,21.46172523498535,1.0,1.0,1.0,1.0,1.0,1.0,1.0,1.0,1.0,1.0,1.0,1.0,1.0,1.0,1.0,1.0,1,D1::D1-Q077,1.0
D1,D1-Q078,conditional_exception,normal,advanced,384,175,268800,4.662495374679565,25.645017623901367,1.0,1.0,1.0,1.0,1.0,1.0,1.0,1.0,1.0,1.0,1.0,1.0,1.0,1.0,1.0,1.0,1,D1::D1-Q078,1.0
D1,D1-Q079,conditional_exception,normal,advanced,384,175,268800,4.662495374679565,20.736217498779297,1.0,1.0,1.0,1.0,1.0,1.0,1.0,1.0,1.0,1.0,1.0,1.0,1.0,1.4078361780682693,1.4078361780682693,1.0,3,D1::D1-Q079,1.0
D1,D1-Q080,numerical,normal,advanced,384,175,268800,4.662495374679565,19.122838973999023,0.5,1.0,0.0,1.0,1.0,1.0,1.0,1.0,1.0,1.0,1.0,1.0,1.0,1.0,1.0,1.0,2,D1::D1-Q080,1.0
D1,D1-Q081,numerical,normal,advanced,384,175,268800,4.662495374679565,25.027990341186523,1.0,1.0,1.0,1.0,1.0,1.0,1.0,1.0,1.0,1.0,1.0,1.0,1.0,1.0,1.0,1.0,1,D1::D1-Q081,1.0
D1,D1-Q082,procedural,normal,advanced,384,175,268800,4.662495374679565,21.349191665649414,1.0,1.0,1.0,1.0,1.0,1.0,1.0,1.0,1.0,1.0,1.0,1.0,1.0,1.0,1.0,1.0,1,D1::D1-Q082,1.0
D1,D1-Q083,numerical,normal,advanced,384,175,268800,4.662495374679565,21.29364013671875,0.5,1.0,0.0,0.5,1.0,0.0,0.5,1.0,0.0,0.5,1.0,0.0,1.0,0.6131471927654584,0.6131471927654584,0.5,1,D1::D1-Q083,0.5
D1,D1-Q084,exact_fact,normal,advanced,384,175,268800,4.662495374679565,24.837493896484375,1.0,1.0,1.0,1.0,1.0,1.0,1.0,1.0,1.0,1.0,1.0,1.0,1.0,1.0,1.0,1.0,1,D1::D1-Q084,1.0
D1,D1-Q085,numerical,normal,advanced,384,175,268800,4.662495374679565,22.80402183532715,1.0,1.0,1.0,1.0,1.0,1.0,1.0,1.0,1.0,1.0,1.0,1.0,1.0,1.0,1.0,1.0,1,D1::D1-Q085,1.0
D1,D1-Q086,negation,normal,advanced,384,175,268800,4.662495374679565,19.407272338867188,1.0,1.0,1.0,1.0,1.0,1.0,1.0,1.0,1.0,1.0,1.0,1.0,1.0,1.0,1.0,1.0,1,D1::D1-Q086,1.0
D1,D1-Q087,numerical,normal,advanced,384,175,268800,4.662495374679565,19.047975540161133,1.0,1.0,1.0,1.0,1.0,1.0,1.0,1.0,1.0,1.0,1.0,1.0,1.0,1.0,1.0,1.0,1,D1::D1-Q087,1.0
D1,D1-Q088,numerical,normal,advanced,384,175,268800,4.662495374679565,18.618106842041016,1.0,1.0,1.0,1.0,1.0,1.0,1.0,1.0,1.0,1.0,1.0,1.0,1.0,1.0,1.0,1.0,1,D1::D1-Q088,1.0
D1,D1-Q089,numerical,normal,advanced,384,175,268800,4.662495374679565,20.315885543823242,0.0,0.0,0.0,1.0,1.0,1.0,1.0,1.0,1.0,1.0,1.0,1.0,0.5,0.6309297535714575,0.6309297535714575,1.0,1,D1::D1-Q089,1.0
D1,D1-Q090,numerical,normal,advanced,384,175,268800,4.662495374679565,22.47762680053711,1.0,1.0,1.0,1.0,1.0,1.0,1.0,1.0,1.0,1.0,1.0,1.0,1.0,1.0,1.0,1.0,1,D1::D1-Q090,1.0
D1,D1-Q091,numerical,normal,advanced,384,175,268800,4.662495374679565,21.578311920166016,1.0,1.0,1.0,1.0,1.0,1.0,1.0,1.0,1.0,1.0,1.0,1.0,1.0,1.0,1.0,1.0,1,D1::D1-Q091,1.0
D1,D1-Q092,procedural,normal,advanced,384,175,268800,4.662495374679565,22.121429443359375,1.0,1.0,1.0,1.0,1.0,1.0,1.0,1.0,1.0,1.0,1.0,1.0,1.0,1.0,1.0,1.0,1,D1::D1-Q092,1.0
D1,D1-Q093,numerical,normal,advanced,384,175,268800,4.662495374679565,21.307945251464844,1.0,1.0,1.0,1.0,1.0,1.0,1.0,1.0,1.0,1.0,1.0,1.0,1.0,1.0,1.0,1.0,1,D1::D1-Q093,1.0
D1,D1-Q094,exact_fact,normal,advanced,384,175,268800,4.662495374679565,21.050691604614258,0.0,0.0,0.0,1.0,1.0,1.0,1.0,1.0,1.0,1.0,1.0,1.0,0.3333333333333333,0.5,0.5,1.0,1,D1::D1-Q094,1.0
D1,D1-Q095,exact_fact,normal,advanced,384,175,268800,4.662495374679565,20.691633224487305,0.0,0.0,0.0,1.0,1.0,1.0,1.0,1.0,1.0,1.0,1.0,1.0,0.3333333333333333,0.5,0.5,1.0,1,D1::D1-Q095,1.0
D1,D1-Q096,negation,normal,advanced,384,175,268800,4.662495374679565,23.70166778564453,1.0,1.0,1.0,1.0,1.0,1.0,1.0,1.0,1.0,1.0,1.0,1.0,1.0,1.0,1.0,1.0,1,D1::D1-Q096,1.0
D1,D1-Q097,exact_fact,normal,advanced,384,175,268800,4.662495374679565,22.35245704650879,1.0,1.0,1.0,1.0,1.0,1.0,1.0,1.0,1.0,1.0,1.0,1.0,1.0,1.0,1.0,1.0,1,D1::D1-Q097,1.0
D1,D1-Q098,numerical,normal,advanced,384,175,268800,4.662495374679565,29.397249221801758,1.0,1.0,1.0,1.0,1.0,1.0,1.0,1.0,1.0,1.0,1.0,1.0,1.0,1.0,1.0,1.0,1,D1::D1-Q098,1.0
D1,D1-Q099,numerical,normal,advanced,384,175,268800,4.662495374679565,32.416582107543945,1.0,1.0,1.0,1.0,1.0,1.0,1.0,1.0,1.0,1.0,1.0,1.0,1.0,1.0,1.0,1.0,1,D1::D1-Q099,1.0
D1,D1-Q100,exact_fact,normal,advanced,384,175,268800,4.662495374679565,22.171735763549805,1.0,1.0,1.0,1.0,1.0,1.0,1.0,1.0,1.0,1.0,1.0,1.0,1.0,1.0,1.0,1.0,1,D1::D1-Q100,1.0
D1,D1-Q101,numerical,normal,advanced,384,175,268800,4.662495374679565,27.848005294799805,1.0,1.0,1.0,1.0,1.0,1.0,1.0,1.0,1.0,1.0,1.0,1.0,1.0,1.0,1.0,1.0,1,D1::D1-Q101,1.0
D1,D1-Q102,negation,normal,advanced,384,175,268800,4.662495374679565,23.81730079650879,0.0,0.0,0.0,1.0,1.0,1.0,1.0,1.0,1.0,1.0,1.0,1.0,0.5,0.6309297535714575,0.6309297535714575,1.0,1,D1::D1-Q102,1.0
D1,D1-Q103,numerical,normal,advanced,384,175,268800,4.662495374679565,22.6137638092041,1.0,1.0,1.0,1.0,1.0,1.0,1.0,1.0,1.0,1.0,1.0,1.0,1.0,1.0,1.0,1.0,1,D1::D1-Q103,1.0
D1,D1-Q104,negation,normal,advanced,384,175,268800,4.662495374679565,23.80967140197754,1.0,1.0,1.0,1.0,1.0,1.0,1.0,1.0,1.0,1.0,1.0,1.0,1.0,1.0,1.0,1.0,1,D1::D1-Q104,1.0
D1,D1-Q105,numerical,normal,advanced,384,175,268800,4.662495374679565,21.048307418823242,1.0,1.0,1.0,1.0,1.0,1.0,1.0,1.0,1.0,1.0,1.0,1.0,1.0,1.0,1.0,1.0,1,D1::D1-Q105,1.0
D1,D1-Q106,numerical,normal,advanced,384,175,268800,4.662495374679565,20.67852020263672,1.0,1.0,1.0,1.0,1.0,1.0,1.0,1.0,1.0,1.0,1.0,1.0,1.0,1.0,1.0,1.0,1,D1::D1-Q106,1.0
D1,D1-Q107,numerical,normal,advanced,384,175,268800,4.662495374679565,20.858049392700195,1.0,1.0,1.0,1.0,1.0,1.0,1.0,1.0,1.0,1.0,1.0,1.0,1.0,1.0,1.0,1.0,1,D1::D1-Q107,1.0
D1,D1-Q108,numerical,normal,advanced,384,175,268800,4.662495374679565,21.02828025817871,0.0,0.0,0.0,0.0,0.0,0.0,0.0,0.0,0.0,1.0,1.0,1.0,0.14285714285714285,0.0,0.3333333333333333,1.0,1,D1::D1-Q108,1.0
D1,D1-Q109,numerical,normal,advanced,384,175,268800,4.662495374679565,27.18973159790039,0.0,0.0,0.0,0.0,0.0,0.0,0.0,0.0,0.0,1.0,1.0,1.0,0.1111111111111111,0.0,0.3010299956639812,1.0,1,D1::D1-Q109,1.0
D1,D1-Q110,exact_fact,normal,advanced,384,175,268800,4.662495374679565,23.282766342163086,1.0,1.0,1.0,1.0,1.0,1.0,1.0,1.0,1.0,1.0,1.0,1.0,1.0,1.0,1.0,1.0,1,D1::D1-Q110,1.0
D1,D1-Q111,exact_fact,normal,advanced,384,175,268800,4.662495374679565,20.82371711730957,1.0,1.0,1.0,1.0,1.0,1.0,1.0,1.0,1.0,1.0,1.0,1.0,1.0,1.0,1.0,1.0,1,D1::D1-Q111,1.0
D1,D1-Q112,numerical,normal,advanced,384,175,268800,4.662495374679565,20.977258682250977,1.0,1.0,1.0,1.0,1.0,1.0,1.0,1.0,1.0,1.0,1.0,1.0,1.0,1.0,1.0,1.0,1,D1::D1-Q112,1.0
D1,D1-Q113,numerical,normal,advanced,384,175,268800,4.662495374679565,22.9339599609375,1.0,1.0,1.0,1.0,1.0,1.0,1.0,1.0,1.0,1.0,1.0,1.0,1.0,1.0,1.0,1.0,1,D1::D1-Q113,1.0
D1,D1-Q114,numerical,normal,advanced,384,175,268800,4.662495374679565,20.673036575317383,1.0,1.0,1.0,1.0,1.0,1.0,1.0,1.0,1.0,1.0,1.0,1.0,1.0,1.0,1.0,1.0,1,D1::D1-Q114,1.0
D1,D1-Q115,negation,normal,advanced,384,175,268800,4.662495374679565,30.83181381225586,1.0,1.0,1.0,1.0,1.0,1.0,1.0,1.0,1.0,1.0,1.0,1.0,1.0,1.0,1.0,1.0,1,D1::D1-Q115,1.0
D1,D1-Q116,list_membership,normal,advanced,384,175,268800,4.662495374679565,18.144607543945312,1.0,1.0,1.0,1.0,1.0,1.0,1.0,1.0,1.0,1.0,1.0,1.0,1.0,1.4078361780682693,1.4078361780682693,1.0,3,D1::D1-Q116,1.0
D1,D1-Q117,numerical,normal,advanced,384,175,268800,4.662495374679565,19.098281860351562,1.0,1.0,1.0,1.0,1.0,1.0,1.0,1.0,1.0,1.0,1.0,1.0,1.0,1.0,1.0,1.0,1,D1::D1-Q117,1.0
D1,D1-Q118,negation,normal,advanced,384,175,268800,4.662495374679565,18.91040802001953,1.0,1.0,1.0,1.0,1.0,1.0,1.0,1.0,1.0,1.0,1.0,1.0,1.0,1.0,1.0,1.0,1,D1::D1-Q118,1.0
D1,D1-Q119,exact_fact,normal,advanced,384,175,268800,4.662495374679565,18.680572509765625,1.0,1.0,1.0,1.0,1.0,1.0,1.0,1.0,1.0,1.0,1.0,1.0,1.0,1.0,1.0,1.0,1,D1::D1-Q119,1.0
D1,D1-Q120,numerical,normal,advanced,384,175,268800,4.662495374679565,18.869638442993164,1.0,1.0,1.0,1.0,1.0,1.0,1.0,1.0,1.0,1.0,1.0,1.0,1.0,1.2262943855309167,1.2262943855309167,1.0,2,D1::D1-Q120,1.0
D1,D1-Q121,numerical,normal,advanced,384,175,268800,4.662495374679565,19.078493118286133,1.0,1.0,1.0,1.0,1.0,1.0,1.0,1.0,1.0,1.0,1.0,1.0,1.0,1.0,1.0,1.0,1,D1::D1-Q121,1.0
D1,D1-Q122,numerical,normal,advanced,384,175,268800,4.662495374679565,18.752098083496094,1.0,1.0,1.0,1.0,1.0,1.0,1.0,1.0,1.0,1.0,1.0,1.0,1.0,1.0,1.0,1.0,1,D1::D1-Q122,1.0
D1,D1-Q123,procedural,normal,advanced,384,175,268800,4.662495374679565,19.077062606811523,1.0,1.0,1.0,1.0,1.0,1.0,1.0,1.0,1.0,1.0,1.0,1.0,1.0,1.0,1.0,1.0,1,D1::D1-Q123,1.0
D1,D1-Q124,exact_fact,normal,advanced,384,175,268800,4.662495374679565,18.431663513183594,1.0,1.0,1.0,1.0,1.0,1.0,1.0,1.0,1.0,1.0,1.0,1.0,1.0,1.0,1.0,1.0,1,D1::D1-Q124,1.0
D1,D1-Q125,exact_fact,normal,advanced,384,175,268800,4.662495374679565,18.67532730102539,1.0,1.0,1.0,1.0,1.0,1.0,1.0,1.0,1.0,1.0,1.0,1.0,1.0,1.0,1.0,1.0,1,D1::D1-Q125,1.0
D1,D1-Q126,negation,normal,advanced,384,175,268800,4.662495374679565,19.757747650146484,1.0,1.0,1.0,1.0,1.0,1.0,1.0,1.0,1.0,1.0,1.0,1.0,1.0,1.0,1.0,1.0,1,D1::D1-Q126,1.0
D1,D1-Q127,numerical,normal,advanced,384,175,268800,4.662495374679565,19.32549476623535,1.0,1.0,1.0,1.0,1.0,1.0,1.0,1.0,1.0,1.0,1.0,1.0,1.0,1.0,1.0,1.0,1,D1::D1-Q127,1.0
D1,D1-Q128,numerical,normal,advanced,384,175,268800,4.662495374679565,18.749713897705078,1.0,1.0,1.0,1.0,1.0,1.0,1.0,1.0,1.0,1.0,1.0,1.0,1.0,1.0,1.0,1.0,1,D1::D1-Q128,1.0
D1,D1-Q129,exact_fact,normal,advanced,384,175,268800,4.662495374679565,19.145488739013672,1.0,1.0,1.0,1.0,1.0,1.0,1.0,1.0,1.0,1.0,1.0,1.0,1.0,1.0,1.0,1.0,1,D1::D1-Q129,1.0
D1,D1-Q130,numerical,normal,advanced,384,175,268800,4.662495374679565,18.53179931640625,1.0,1.0,1.0,1.0,1.0,1.0,1.0,1.0,1.0,1.0,1.0,1.0,1.0,1.0,1.0,1.0,1,D1::D1-Q130,1.0
D1,D1-Q131,negation,normal,advanced,384,175,268800,4.662495374679565,19.138336181640625,1.0,1.0,1.0,1.0,1.0,1.0,1.0,1.0,1.0,1.0,1.0,1.0,1.0,1.0,1.0,1.0,1,D1::D1-Q131,1.0
D1,D1-Q132,negation,normal,advanced,384,175,268800,4.662495374679565,18.754243850708008,1.0,1.0,1.0,1.0,1.0,1.0,1.0,1.0,1.0,1.0,1.0,1.0,1.0,1.0,1.0,1.0,1,D1::D1-Q132,1.0
D1,D1-Q133,procedural,normal,advanced,384,175,268800,4.662495374679565,18.779754638671875,0.6666666666666666,1.0,0.0,1.0,1.0,1.0,1.0,1.0,1.0,1.0,1.0,1.0,1.0,1.173196815056891,1.173196815056891,1.0,3,D1::D1-Q133,1.0
D1,D1-Q134,exact_fact,normal,advanced,384,175,268800,4.662495374679565,18.66936683654785,1.0,1.0,1.0,1.0,1.0,1.0,1.0,1.0,1.0,1.0,1.0,1.0,1.0,1.0,1.0,1.0,1,D1::D1-Q134,1.0
D1,D1-Q135,conditional_exception,normal,advanced,384,175,268800,4.662495374679565,18.891096115112305,0.0,0.0,0.0,1.0,1.0,1.0,1.0,1.0,1.0,1.0,1.0,1.0,0.5,0.6309297535714575,0.6309297535714575,1.0,1,D1::D1-Q135,1.0
D1,D1-Q136,exact_fact,normal,advanced,384,175,268800,4.662495374679565,18.96953582763672,0.0,0.0,0.0,1.0,1.0,1.0,1.0,1.0,1.0,1.0,1.0,1.0,0.3333333333333333,0.5,0.5,1.0,1,D1::D1-Q136,1.0
D1,D1-Q137,table_lookup,normal,advanced,384,175,268800,4.662495374679565,19.390106201171875,0.6666666666666666,1.0,0.0,0.6666666666666666,1.0,0.0,0.6666666666666666,1.0,0.0,0.6666666666666666,1.0,0.0,1.0,1.3566408210944645,1.2104096539952538,0.6666666666666666,4,D1::D1-Q137,0.6666666666666666
D1,D1-Q138,table_context,normal,advanced,384,175,268800,4.662495374679565,18.805742263793945,0.0,0.0,0.0,0.0,0.0,0.0,1.0,1.0,1.0,1.0,1.0,1.0,0.2,0.544625377612058,0.544625377612058,1.0,3,D1::D1-Q138,1.0
D1,D1-Q139,heading_context,normal,advanced,384,175,268800,4.662495374679565,18.44930648803711,0.0,0.0,0.0,0.0,0.0,0.0,0.0,0.0,0.0,1.0,1.0,1.0,0.125,0.0,0.31546487678572877,1.0,1,D1::D1-Q139,1.0
D1,D1-Q140,exact_fact,normal,advanced,384,175,268800,4.662495374679565,20.970582962036133,0.0,0.0,0.0,1.0,1.0,1.0,1.0,1.0,1.0,1.0,1.0,1.0,0.5,0.6309297535714575,0.6309297535714575,1.0,1,D1::D1-Q140,1.0
D1,D1-Q141,exact_fact,normal,advanced,384,175,268800,4.662495374679565,26.861906051635742,0.0,0.0,0.0,0.0,0.0,0.0,0.0,0.0,0.0,0.0,0.0,0.0,0.0,0.0,0.0,0.0,0,D1::D1-Q141,0.0
D1,D1-Q142,exact_fact,normal,advanced,384,175,268800,4.662495374679565,25.736093521118164,1.0,1.0,1.0,1.0,1.0,1.0,1.0,1.0,1.0,1.0,1.0,1.0,1.0,1.0,1.0,1.0,1,D1::D1-Q142,1.0
D1,D1-Q143,exact_fact,normal,advanced,384,175,268800,4.662495374679565,24.15180206298828,0.0,0.0,0.0,0.0,0.0,0.0,1.0,1.0,1.0,1.0,1.0,1.0,0.25,0.43067655807339306,0.43067655807339306,1.0,1,D1::D1-Q143,1.0
D1,D1-Q144,exact_fact,normal,advanced,384,175,268800,4.662495374679565,29.64305877685547,0.0,0.0,0.0,0.0,0.0,0.0,0.0,0.0,0.0,0.0,0.0,0.0,0.0,0.0,0.0,0.0,0,D1::D1-Q144,0.0
D1,D1-Q145,exact_fact,normal,advanced,384,175,268800,4.662495374679565,28.355836868286133,0.0,0.0,0.0,0.0,0.0,0.0,0.0,0.0,0.0,0.0,0.0,0.0,0.0,0.0,0.0,0.0,0,D1::D1-Q145,0.0
D1,D1-Q146,exact_fact,normal,advanced,384,175,268800,4.662495374679565,22.95708656311035,0.0,0.0,0.0,0.0,0.0,0.0,1.0,1.0,1.0,1.0,1.0,1.0,0.2,0.38685280723454163,0.38685280723454163,1.0,1,D1::D1-Q146,1.0
D1,D1-Q147,exact_fact,normal,advanced,384,175,268800,4.662495374679565,22.54462242126465,0.0,0.0,0.0,0.0,0.0,0.0,1.0,1.0,1.0,1.0,1.0,1.0,0.25,0.43067655807339306,0.43067655807339306,1.0,1,D1::D1-Q147,1.0
D1,D1-Q148,exact_fact,normal,advanced,384,175,268800,4.662495374679565,25.04420280456543,1.0,1.0,1.0,1.0,1.0,1.0,1.0,1.0,1.0,1.0,1.0,1.0,1.0,1.0,1.0,1.0,1,D1::D1-Q148,1.0
D1,D1-Q149,exact_fact,normal,advanced,384,175,268800,4.662495374679565,21.532773971557617,1.0,1.0,1.0,1.0,1.0,1.0,1.0,1.0,1.0,1.0,1.0,1.0,1.0,1.0,1.0,1.0,1,D1::D1-Q149,1.0
D1,D1-Q150,numerical,normal,advanced,384,175,268800,4.662495374679565,21.036386489868164,1.0,1.0,1.0,1.0,1.0,1.0,1.0,1.0,1.0,1.0,1.0,1.0,1.0,1.0,1.0,1.0,1,D1::D1-Q150,1.0
D1,D1-Q151,numerical,normal,advanced,384,175,268800,4.662495374679565,21.50702476501465,1.0,1.0,1.0,1.0,1.0,1.0,1.0,1.0,1.0,1.0,1.0,1.0,1.0,1.2262943855309167,1.2262943855309167,1.0,2,D1::D1-Q151,1.0
D1,D1-Q152,numerical,normal,advanced,384,175,268800,4.662495374679565,22.803783416748047,1.0,1.0,1.0,1.0,1.0,1.0,1.0,1.0,1.0,1.0,1.0,1.0,1.0,1.0,1.0,1.0,1,D1::D1-Q152,1.0
D1,D1-Q153,numerical,normal,advanced,384,175,268800,4.662495374679565,20.783424377441406,1.0,1.0,1.0,1.0,1.0,1.0,1.0,1.0,1.0,1.0,1.0,1.0,1.0,1.0,1.0,1.0,1,D1::D1-Q153,1.0
D1,D1-Q154,numerical,normal,advanced,384,175,268800,4.662495374679565,23.625850677490234,1.0,1.0,1.0,1.0,1.0,1.0,1.0,1.0,1.0,1.0,1.0,1.0,1.0,1.0,1.0,1.0,1,D1::D1-Q154,1.0
D1,D1-Q155,numerical,normal,advanced,384,175,268800,4.662495374679565,20.933866500854492,1.0,1.0,1.0,1.0,1.0,1.0,1.0,1.0,1.0,1.0,1.0,1.0,1.0,1.0,1.0,1.0,1,D1::D1-Q155,1.0
D1,D1-Q156,numerical,normal,advanced,384,175,268800,4.662495374679565,20.653963088989258,1.0,1.0,1.0,1.0,1.0,1.0,1.0,1.0,1.0,1.0,1.0,1.0,1.0,1.0,1.0,1.0,1,D1::D1-Q156,1.0
D1,D1-Q157,numerical,normal,advanced,384,175,268800,4.662495374679565,20.205259323120117,1.0,1.0,1.0,1.0,1.0,1.0,1.0,1.0,1.0,1.0,1.0,1.0,1.0,1.0,1.0,1.0,1,D1::D1-Q157,1.0
D1,D1-Q158,numerical,normal,advanced,384,175,268800,4.662495374679565,18.799543380737305,1.0,1.0,1.0,1.0,1.0,1.0,1.0,1.0,1.0,1.0,1.0,1.0,1.0,1.0,1.0,1.0,1,D1::D1-Q158,1.0
D1,D1-Q159,procedural,normal,advanced,384,175,268800,4.662495374679565,19.039392471313477,1.0,1.0,1.0,1.0,1.0,1.0,1.0,1.0,1.0,1.0,1.0,1.0,1.0,1.0,1.0,1.0,1,D1::D1-Q159,1.0
D1,D1-Q160,exact_fact,normal,advanced,384,175,268800,4.662495374679565,19.08731460571289,1.0,1.0,1.0,1.0,1.0,1.0,1.0,1.0,1.0,1.0,1.0,1.0,1.0,1.0,1.0,1.0,1,D1::D1-Q160,1.0
D1,D1-Q161,numerical,normal,advanced,384,175,268800,4.662495374679565,19.526243209838867,0.0,0.0,0.0,1.0,1.0,1.0,1.0,1.0,1.0,1.0,1.0,1.0,0.3333333333333333,0.5,0.5,1.0,1,D1::D1-Q161,1.0
D1,D1-Q162,procedural,normal,advanced,384,175,268800,4.662495374679565,23.38099479675293,0.0,0.0,0.0,0.0,0.0,0.0,0.0,0.0,0.0,0.0,0.0,0.0,0.0,0.0,0.0,0.0,0,D1::D1-Q162,0.0
D1,D1-Q163,exact_fact,normal,advanced,384,175,268800,4.662495374679565,22.220611572265625,0.0,0.0,0.0,0.0,0.0,0.0,0.0,0.0,0.0,0.0,0.0,0.0,0.0,0.0,0.0,0.0,0,D1::D1-Q163,0.0
D1,D1-Q164,procedural,normal,advanced,384,175,268800,4.662495374679565,26.62205696105957,0.0,0.0,0.0,1.0,1.0,1.0,1.0,1.0,1.0,1.0,1.0,1.0,0.5,0.6309297535714575,0.6309297535714575,1.0,1,D1::D1-Q164,1.0
D1,D1-Q165,exact_fact,normal,advanced,384,175,268800,4.662495374679565,28.615951538085938,0.0,0.0,0.0,0.0,0.0,0.0,1.0,1.0,1.0,1.0,1.0,1.0,0.25,0.43067655807339306,0.43067655807339306,1.0,1,D1::D1-Q165,1.0
D1,D1-Q166,negation,normal,advanced,384,175,268800,4.662495374679565,27.678966522216797,1.0,1.0,1.0,1.0,1.0,1.0,1.0,1.0,1.0,1.0,1.0,1.0,1.0,1.0,1.0,1.0,1,D1::D1-Q166,1.0
D1,D1-Q167,numerical,normal,advanced,384,175,268800,4.662495374679565,20.906686782836914,1.0,1.0,1.0,1.0,1.0,1.0,1.0,1.0,1.0,1.0,1.0,1.0,1.0,1.0,1.0,1.0,1,D1::D1-Q167,1.0
D1,D1-Q168,procedural,normal,advanced,384,175,268800,4.662495374679565,28.133630752563477,1.0,1.0,1.0,1.0,1.0,1.0,1.0,1.0,1.0,1.0,1.0,1.0,1.0,1.0,1.0,1.0,1,D1::D1-Q168,1.0
D1,D1-Q169,exact_fact,normal,advanced,384,175,268800,4.662495374679565,25.827407836914062,0.0,0.0,0.0,0.0,0.0,0.0,1.0,1.0,1.0,1.0,1.0,1.0,0.2,0.38685280723454163,0.38685280723454163,1.0,1,D1::D1-Q169,1.0
D1,D1-Q170,temporal,normal,advanced,384,175,268800,4.662495374679565,24.811506271362305,1.0,1.0,1.0,1.0,1.0,1.0,1.0,1.0,1.0,1.0,1.0,1.0,1.0,1.0,1.0,1.0,1,D1::D1-Q170,1.0
D1,D1-Q171,temporal,normal,advanced,384,175,268800,4.662495374679565,25.157690048217773,1.0,1.0,1.0,1.0,1.0,1.0,1.0,1.0,1.0,1.0,1.0,1.0,1.0,1.0,1.0,1.0,1,D1::D1-Q171,1.0
D1,D1-Q172,exact_fact,normal,advanced,384,175,268800,4.662495374679565,26.144027709960938,0.0,0.0,0.0,1.0,1.0,1.0,1.0,1.0,1.0,1.0,1.0,1.0,0.5,0.6309297535714575,0.6309297535714575,1.0,1,D1::D1-Q172,1.0
D1,D1-Q173,procedural,normal,advanced,384,175,268800,4.662495374679565,22.918224334716797,1.0,1.0,1.0,1.0,1.0,1.0,1.0,1.0,1.0,1.0,1.0,1.0,1.0,1.0,1.0,1.0,1,D1::D1-Q173,1.0
D1,D1-Q174,conditional_exception,normal,advanced,384,175,268800,4.662495374679565,25.901317596435547,0.0,0.0,0.0,1.0,1.0,1.0,1.0,1.0,1.0,1.0,1.0,1.0,0.5,0.6309297535714575,0.6309297535714575,1.0,1,D1::D1-Q174,1.0
D1,D1-Q175,negation,normal,advanced,384,175,268800,4.662495374679565,27.11200714111328,0.0,0.0,0.0,1.0,1.0,1.0,1.0,1.0,1.0,1.0,1.0,1.0,0.3333333333333333,0.5,0.5,1.0,1,D1::D1-Q175,1.0
D1,D1-Q176,procedural,normal,advanced,384,175,268800,4.662495374679565,26.834726333618164,0.0,0.0,0.0,0.0,0.0,0.0,0.0,0.0,0.0,1.0,1.0,1.0,0.125,0.0,0.31546487678572877,1.0,1,D1::D1-Q176,1.0
D1,D1-Q177,exact_fact,normal,advanced,384,175,268800,4.662495374679565,27.842998504638672,1.0,1.0,1.0,1.0,1.0,1.0,1.0,1.0,1.0,1.0,1.0,1.0,1.0,1.0,1.0,1.0,1,D1::D1-Q177,1.0
D1,D1-Q178,negation,normal,advanced,384,175,268800,4.662495374679565,27.68707275390625,0.0,0.0,0.0,0.0,0.0,0.0,0.0,0.0,0.0,0.0,0.0,0.0,0.0,0.0,0.0,0.0,0,D1::D1-Q178,0.0
D1,D1-Q179,exact_fact,normal,advanced,384,175,268800,4.662495374679565,31.152009963989258,1.0,1.0,1.0,1.0,1.0,1.0,1.0,1.0,1.0,1.0,1.0,1.0,1.0,1.0,1.0,1.0,1,D1::D1-Q179,1.0
D1,D1-Q180,exact_fact,normal,advanced,384,175,268800,4.662495374679565,29.713153839111328,1.0,1.0,1.0,1.0,1.0,1.0,1.0,1.0,1.0,1.0,1.0,1.0,1.0,1.0,1.0,1.0,1,D1::D1-Q180,1.0
D1,D1-Q181,procedural,normal,advanced,384,175,268800,4.662495374679565,31.33869171142578,1.0,1.0,1.0,1.0,1.0,1.0,1.0,1.0,1.0,1.0,1.0,1.0,1.0,1.0,1.0,1.0,1,D1::D1-Q181,1.0
D1,D1-Q182,conditional_exception,normal,advanced,384,175,268800,4.662495374679565,27.16970443725586,0.0,0.0,0.0,1.0,1.0,1.0,1.0,1.0,1.0,1.0,1.0,1.0,0.3333333333333333,0.5,0.5,1.0,1,D1::D1-Q182,1.0
D1,D1-Q183,conditional_exception,normal,advanced,384,175,268800,4.662495374679565,26.96537971496582,1.0,1.0,1.0,1.0,1.0,1.0,1.0,1.0,1.0,1.0,1.0,1.0,1.0,1.0,1.0,1.0,1,D1::D1-Q183,1.0
D1,D1-Q184,numerical,normal,advanced,384,175,268800,4.662495374679565,18.116474151611328,1.0,1.0,1.0,1.0,1.0,1.0,1.0,1.0,1.0,1.0,1.0,1.0,1.0,1.0,1.0,1.0,1,D1::D1-Q184,1.0
D1,D1-Q185,procedural,normal,advanced,384,175,268800,4.662495374679565,16.607284545898438,0.0,0.0,0.0,1.0,1.0,1.0,1.0,1.0,1.0,1.0,1.0,1.0,0.5,0.6309297535714575,0.6309297535714575,1.0,1,D1::D1-Q185,1.0
D1,D1-Q186,conditional_exception,normal,advanced,384,175,268800,4.662495374679565,16.252517700195312,0.0,0.0,0.0,1.0,1.0,1.0,1.0,1.0,1.0,1.0,1.0,1.0,0.5,0.6309297535714575,0.6309297535714575,1.0,1,D1::D1-Q186,1.0
D1,D1-Q187,numerical,normal,advanced,384,175,268800,4.662495374679565,16.65496826171875,1.0,1.0,1.0,1.0,1.0,1.0,1.0,1.0,1.0,1.0,1.0,1.0,1.0,1.0,1.0,1.0,1,D1::D1-Q187,1.0
D1,D1-Q188,numerical,normal,advanced,384,175,268800,4.662495374679565,15.041589736938477,0.0,0.0,0.0,0.0,0.0,0.0,1.0,1.0,1.0,1.0,1.0,1.0,0.25,0.43067655807339306,0.43067655807339306,1.0,1,D1::D1-Q188,1.0
D1,D1-Q189,exact_fact,normal,advanced,384,175,268800,4.662495374679565,15.333175659179688,1.0,1.0,1.0,1.0,1.0,1.0,1.0,1.0,1.0,1.0,1.0,1.0,1.0,1.0,1.0,1.0,1,D1::D1-Q189,1.0
D1,D1-Q190,conditional_exception,normal,advanced,384,175,268800,4.662495374679565,15.702962875366211,0.0,0.0,0.0,1.0,1.0,1.0,1.0,1.0,1.0,1.0,1.0,1.0,0.5,0.6309297535714575,0.6309297535714575,1.0,1,D1::D1-Q190,1.0
D1,D1-Q191,conditional_exception,normal,advanced,384,175,268800,4.662495374679565,14.85753059387207,0.0,0.0,0.0,0.0,0.0,0.0,1.0,1.0,1.0,1.0,1.0,1.0,0.25,0.43067655807339306,0.43067655807339306,1.0,1,D1::D1-Q191,1.0
D1,D1-Q192,list_membership,normal,advanced,384,175,268800,4.662495374679565,16.7238712310791,1.0,1.0,1.0,1.0,1.0,1.0,1.0,1.0,1.0,1.0,1.0,1.0,1.0,1.0,1.0,1.0,1,D1::D1-Q192,1.0
D1,D1-Q193,procedural,normal,advanced,384,175,268800,4.662495374679565,16.254901885986328,1.0,1.0,1.0,1.0,1.0,1.0,1.0,1.0,1.0,1.0,1.0,1.0,1.0,1.0,1.0,1.0,1,D1::D1-Q193,1.0
D1,D1-Q194,procedural,normal,advanced,384,175,268800,4.662495374679565,14.748573303222656,0.0,0.0,0.0,0.0,0.0,0.0,0.0,0.0,0.0,0.0,0.0,0.0,0.0,0.0,0.0,0.0,0,D1::D1-Q194,0.0
D1,D1-Q195,conditional_exception,normal,advanced,384,175,268800,4.662495374679565,14.811992645263672,1.0,1.0,1.0,1.0,1.0,1.0,1.0,1.0,1.0,1.0,1.0,1.0,1.0,1.0,1.0,1.0,1,D1::D1-Q195,1.0
D1,D1-Q196,exact_fact,normal,advanced,384,175,268800,4.662495374679565,14.689922332763672,1.0,1.0,1.0,1.0,1.0,1.0,1.0,1.0,1.0,1.0,1.0,1.0,1.0,1.0,1.0,1.0,1,D1::D1-Q196,1.0
D1,D1-Q197,procedural,normal,advanced,384,175,268800,4.662495374679565,16.872167587280273,0.0,0.0,0.0,1.0,1.0,1.0,1.0,1.0,1.0,1.0,1.0,1.0,0.3333333333333333,0.5,0.5,1.0,1,D1::D1-Q197,1.0
D1,D1-Q198,conditional_exception,normal,advanced,384,175,268800,4.662495374679565,19.416093826293945,1.0,1.0,1.0,1.0,1.0,1.0,1.0,1.0,1.0,1.0,1.0,1.0,1.0,1.0,1.0,1.0,1,D1::D1-Q198,1.0
D1,D1-Q199,conditional_exception,normal,advanced,384,175,268800,4.662495374679565,14.863729476928711,0.0,0.0,0.0,1.0,1.0,1.0,1.0,1.0,1.0,1.0,1.0,1.0,0.5,0.6309297535714575,0.6309297535714575,1.0,1,D1::D1-Q199,1.0
D1,D1-Q200,numerical,normal,advanced,384,175,268800,4.662495374679565,15.495061874389648,1.0,1.0,1.0,1.0,1.0,1.0,1.0,1.0,1.0,1.0,1.0,1.0,1.0,1.0,1.0,1.0,1,D1::D1-Q200,1.0
D1,D1-Q001,exact_fact,normal,advanced,512,175,358400,4.662495374679565,16.09492301940918,1.0,1.0,1.0,1.0,1.0,1.0,1.0,1.0,1.0,1.0,1.0,1.0,1.0,1.0,1.0,1.0,1,D1::D1-Q001,1.0
D1,D1-Q002,temporal,normal,advanced,512,175,358400,4.662495374679565,15.582799911499023,1.0,1.0,1.0,1.0,1.0,1.0,1.0,1.0,1.0,1.0,1.0,1.0,1.0,1.0,1.0,1.0,1,D1::D1-Q002,1.0
D1,D1-Q003,list_membership,normal,advanced,512,175,358400,4.662495374679565,14.267206192016602,1.0,1.0,1.0,1.0,1.0,1.0,1.0,1.0,1.0,1.0,1.0,1.0,1.0,3.7307622580097775,2.421009429278882,1.0,11,D1::D1-Q003,1.0
D1,D1-Q004,exact_fact,normal,advanced,512,175,358400,4.662495374679565,14.844417572021484,1.0,1.0,1.0,1.0,1.0,1.0,1.0,1.0,1.0,1.0,1.0,1.0,1.0,1.0,1.0,1.0,1,D1::D1-Q004,1.0
D1,D1-Q005,exact_fact,normal,advanced,512,175,358400,4.662495374679565,15.209197998046875,1.0,1.0,1.0,1.0,1.0,1.0,1.0,1.0,1.0,1.0,1.0,1.0,1.0,1.0,1.0,1.0,1,D1::D1-Q005,1.0
D1,D1-Q006,exact_fact,normal,advanced,512,175,358400,4.662495374679565,13.907909393310547,0.0,0.0,0.0,0.0,0.0,0.0,1.0,1.0,1.0,1.0,1.0,1.0,0.2,0.38685280723454163,0.38685280723454163,1.0,1,D1::D1-Q006,1.0
D1,D1-Q007,paraphrase,normal,advanced,512,175,358400,4.662495374679565,14.868021011352539,0.0,0.0,0.0,0.0,0.0,0.0,1.0,1.0,1.0,1.0,1.0,1.0,0.2,0.38685280723454163,0.38685280723454163,1.0,1,D1::D1-Q007,1.0
D1,D1-Q008,exact_fact,normal,advanced,512,175,358400,4.662495374679565,14.230966567993164,0.0,0.0,0.0,0.0,0.0,0.0,0.0,0.0,0.0,0.0,0.0,0.0,0.0,0.0,0.0,0.0,0,D1::D1-Q008,0.0
D1,D1-Q009,list_membership,normal,advanced,512,175,358400,4.662495374679565,17.15564727783203,1.0,1.0,1.0,1.0,1.0,1.0,1.0,1.0,1.0,1.0,1.0,1.0,1.0,1.0,1.0,1.0,1,D1::D1-Q009,1.0
D1,D1-Q010,exact_fact,normal,advanced,512,175,358400,4.662495374679565,14.06717300415039,1.0,1.0,1.0,1.0,1.0,1.0,1.0,1.0,1.0,1.0,1.0,1.0,1.0,1.0,1.0,1.0,1,D1::D1-Q010,1.0
D1,D1-Q011,exact_fact,normal,advanced,512,175,358400,4.662495374679565,14.384269714355469,0.0,0.0,0.0,0.0,0.0,0.0,0.0,0.0,0.0,0.0,0.0,0.0,0.0,0.0,0.0,0.0,0,D1::D1-Q011,0.0
D1,D1-Q012,exact_fact,normal,advanced,512,175,358400,4.662495374679565,15.482902526855469,0.0,0.0,0.0,0.0,0.0,0.0,0.0,0.0,0.0,0.0,0.0,0.0,0.0,0.0,0.0,0.0,0,D1::D1-Q012,0.0
D1,D1-Q013,list_membership,normal,advanced,512,175,358400,4.662495374679565,14.395952224731445,0.6666666666666666,1.0,0.0,0.6666666666666666,1.0,0.0,0.6666666666666666,1.0,0.0,0.6666666666666666,1.0,0.0,1.0,0.9385574520455129,0.9385574520455129,0.6666666666666666,2,D1::D1-Q013,0.6666666666666666
D1,D1-Q014,exact_fact,normal,advanced,512,175,358400,4.662495374679565,16.09969139099121,1.0,1.0,1.0,1.0,1.0,1.0,1.0,1.0,1.0,1.0,1.0,1.0,1.0,1.0,1.0,1.0,1,D1::D1-Q014,1.0
D1,D1-Q015,exact_fact,normal,advanced,512,175,358400,4.662495374679565,16.525745391845703,0.0,0.0,0.0,1.0,1.0,1.0,1.0,1.0,1.0,1.0,1.0,1.0,0.5,0.6309297535714575,0.6309297535714575,1.0,1,D1::D1-Q015,1.0
D1,D1-Q016,list_membership,normal,advanced,512,175,358400,4.662495374679565,14.171600341796875,0.0,0.0,0.0,1.0,1.0,1.0,1.0,1.0,1.0,1.0,1.0,1.0,0.5,0.8882457328975957,0.8882457328975957,1.0,3,D1::D1-Q016,1.0
D1,D1-Q017,exact_fact,normal,advanced,512,175,358400,4.662495374679565,15.302419662475586,0.0,0.0,0.0,0.0,0.0,0.0,0.0,0.0,0.0,1.0,1.0,1.0,0.16666666666666666,0.0,0.3562071871080222,1.0,1,D1::D1-Q017,1.0
D1,D1-Q018,exact_fact,normal,advanced,512,175,358400,4.662495374679565,14.233589172363281,1.0,1.0,1.0,1.0,1.0,1.0,1.0,1.0,1.0,1.0,1.0,1.0,1.0,1.0,1.0,1.0,1,D1::D1-Q018,1.0
D1,D1-Q019,conditional_exception,normal,advanced,512,175,358400,4.662495374679565,14.65749740600586,1.0,1.0,1.0,1.0,1.0,1.0,1.0,1.0,1.0,1.0,1.0,1.0,1.0,1.0,1.0,1.0,1,D1::D1-Q019,1.0
D1,D1-Q020,procedural,normal,advanced,512,175,358400,4.662495374679565,14.782905578613281,1.0,1.0,1.0,1.0,1.0,1.0,1.0,1.0,1.0,1.0,1.0,1.0,1.0,1.0,1.0,1.0,1,D1::D1-Q020,1.0
D1,D1-Q021,conditional_exception,normal,advanced,512,175,358400,4.662495374679565,15.178918838500977,1.0,1.0,1.0,1.0,1.0,1.0,1.0,1.0,1.0,1.0,1.0,1.0,1.0,1.0,1.0,1.0,1,D1::D1-Q021,1.0
D1,D1-Q022,numerical,normal,advanced,512,175,358400,4.662495374679565,14.611005783081055,1.0,1.0,1.0,1.0,1.0,1.0,1.0,1.0,1.0,1.0,1.0,1.0,1.0,1.0,1.0,1.0,1,D1::D1-Q022,1.0
D1,D1-Q023,negation,normal,advanced,512,175,358400,4.662495374679565,13.842582702636719,1.0,1.0,1.0,1.0,1.0,1.0,1.0,1.0,1.0,1.0,1.0,1.0,1.0,1.0,1.0,1.0,1,D1::D1-Q023,1.0
D1,D1-Q024,conditional_exception,normal,advanced,512,175,358400,4.662495374679565,15.69509506225586,1.0,1.0,1.0,1.0,1.0,1.0,1.0,1.0,1.0,1.0,1.0,1.0,1.0,1.0,1.0,1.0,1,D1::D1-Q024,1.0
D1,D1-Q025,negation,normal,advanced,512,175,358400,4.662495374679565,14.444351196289062,0.0,0.0,0.0,0.0,0.0,0.0,1.0,1.0,1.0,1.0,1.0,1.0,0.2,0.38685280723454163,0.38685280723454163,1.0,1,D1::D1-Q025,1.0
D1,D1-Q026,paraphrase,normal,advanced,512,175,358400,4.662495374679565,14.452219009399414,1.0,1.0,1.0,1.0,1.0,1.0,1.0,1.0,1.0,1.0,1.0,1.0,1.0,1.0,1.0,1.0,1,D1::D1-Q026,1.0
D1,D1-Q027,exact_fact,normal,advanced,512,175,358400,4.662495374679565,14.593362808227539,1.0,1.0,1.0,1.0,1.0,1.0,1.0,1.0,1.0,1.0,1.0,1.0,1.0,1.0,1.0,1.0,1,D1::D1-Q027,1.0
D1,D1-Q028,conditional_exception,normal,advanced,512,175,358400,4.662495374679565,14.414787292480469,1.0,1.0,1.0,1.0,1.0,1.0,1.0,1.0,1.0,1.0,1.0,1.0,1.0,1.0,1.0,1.0,1,D1::D1-Q028,1.0
D1,D1-Q029,exact_fact,normal,advanced,512,175,358400,4.662495374679565,14.435291290283203,1.0,1.0,1.0,1.0,1.0,1.0,1.0,1.0,1.0,1.0,1.0,1.0,1.0,1.0,1.0,1.0,1,D1::D1-Q029,1.0
D1,D1-Q030,exact_fact,normal,advanced,512,175,358400,4.662495374679565,17.464160919189453,0.0,0.0,0.0,0.0,0.0,0.0,0.0,0.0,0.0,0.0,0.0,0.0,0.0,0.0,0.0,0.0,0,D1::D1-Q030,0.0
D1,D1-Q031,negation,normal,advanced,512,175,358400,4.662495374679565,18.125057220458984,1.0,1.0,1.0,1.0,1.0,1.0,1.0,1.0,1.0,1.0,1.0,1.0,1.0,1.0,1.0,1.0,1,D1::D1-Q031,1.0
D1,D1-Q032,temporal,normal,advanced,512,175,358400,4.662495374679565,16.724109649658203,1.0,1.0,1.0,1.0,1.0,1.0,1.0,1.0,1.0,1.0,1.0,1.0,1.0,1.0,1.0,1.0,1,D1::D1-Q032,1.0
D1,D1-Q033,exact_fact,normal,advanced,512,175,358400,4.662495374679565,16.58773422241211,1.0,1.0,1.0,1.0,1.0,1.0,1.0,1.0,1.0,1.0,1.0,1.0,1.0,1.0,1.0,1.0,1,D1::D1-Q033,1.0
D1,D1-Q034,negation,normal,advanced,512,175,358400,4.662495374679565,19.475221633911133,1.0,1.0,1.0,1.0,1.0,1.0,1.0,1.0,1.0,1.0,1.0,1.0,1.0,1.0,1.0,1.0,1,D1::D1-Q034,1.0
D1,D1-Q035,numerical,normal,advanced,512,175,358400,4.662495374679565,17.21024513244629,1.0,1.0,1.0,1.0,1.0,1.0,1.0,1.0,1.0,1.0,1.0,1.0,1.0,1.0,1.0,1.0,1,D1::D1-Q035,1.0
D1,D1-Q036,conditional_exception,normal,advanced,512,175,358400,4.662495374679565,18.09525489807129,1.0,1.0,1.0,1.0,1.0,1.0,1.0,1.0,1.0,1.0,1.0,1.0,1.0,1.0,1.0,1.0,1,D1::D1-Q036,1.0
D1,D1-Q037,conditional_exception,normal,advanced,512,175,358400,4.662495374679565,17.386674880981445,0.0,0.0,0.0,1.0,1.0,1.0,1.0,1.0,1.0,1.0,1.0,1.0,0.3333333333333333,0.5,0.5,1.0,1,D1::D1-Q037,1.0
D1,D1-Q038,negation,normal,advanced,512,175,358400,4.662495374679565,17.812252044677734,1.0,1.0,1.0,1.0,1.0,1.0,1.0,1.0,1.0,1.0,1.0,1.0,1.0,1.0,1.0,1.0,1,D1::D1-Q038,1.0
D1,D1-Q039,exact_fact,normal,advanced,512,175,358400,4.662495374679565,17.091751098632812,1.0,1.0,1.0,1.0,1.0,1.0,1.0,1.0,1.0,1.0,1.0,1.0,1.0,1.0,1.0,1.0,1,D1::D1-Q039,1.0
D1,D1-Q040,exact_fact,normal,advanced,512,175,358400,4.662495374679565,16.488075256347656,1.0,1.0,1.0,1.0,1.0,1.0,1.0,1.0,1.0,1.0,1.0,1.0,1.0,1.0,1.0,1.0,1,D1::D1-Q040,1.0
D1,D1-Q041,negation,normal,advanced,512,175,358400,4.662495374679565,27.232646942138672,1.0,1.0,1.0,1.0,1.0,1.0,1.0,1.0,1.0,1.0,1.0,1.0,1.0,1.0,1.0,1.0,1,D1::D1-Q041,1.0
D1,D1-Q042,exact_fact,normal,advanced,512,175,358400,4.662495374679565,22.88365364074707,1.0,1.0,1.0,1.0,1.0,1.0,1.0,1.0,1.0,1.0,1.0,1.0,1.0,1.0,1.0,1.0,1,D1::D1-Q042,1.0
D1,D1-Q043,list_membership,normal,advanced,512,175,358400,4.662495374679565,16.588449478149414,1.0,1.0,1.0,1.0,1.0,1.0,1.0,1.0,1.0,1.0,1.0,1.0,1.0,1.0,1.0,1.0,1,D1::D1-Q043,1.0
D1,D1-Q044,exact_fact,normal,advanced,512,175,358400,4.662495374679565,16.094684600830078,1.0,1.0,1.0,1.0,1.0,1.0,1.0,1.0,1.0,1.0,1.0,1.0,1.0,1.0,1.0,1.0,1,D1::D1-Q044,1.0
D1,D1-Q045,exact_fact,normal,advanced,512,175,358400,4.662495374679565,15.976428985595703,1.0,1.0,1.0,1.0,1.0,1.0,1.0,1.0,1.0,1.0,1.0,1.0,1.0,1.0,1.0,1.0,1,D1::D1-Q045,1.0
D1,D1-Q046,procedural,normal,advanced,512,175,358400,4.662495374679565,14.71257209777832,0.0,0.0,0.0,1.0,1.0,1.0,1.0,1.0,1.0,1.0,1.0,1.0,0.5,0.6309297535714575,0.6309297535714575,1.0,1,D1::D1-Q046,1.0
D1,D1-Q047,numerical,normal,advanced,512,175,358400,4.662495374679565,15.830516815185547,1.0,1.0,1.0,1.0,1.0,1.0,1.0,1.0,1.0,1.0,1.0,1.0,1.0,1.0,1.0,1.0,1,D1::D1-Q047,1.0
D1,D1-Q048,negation,normal,advanced,512,175,358400,4.662495374679565,14.646530151367188,0.0,0.0,0.0,1.0,1.0,1.0,1.0,1.0,1.0,1.0,1.0,1.0,0.5,0.6309297535714575,0.6309297535714575,1.0,1,D1::D1-Q048,1.0
D1,D1-Q049,procedural,normal,advanced,512,175,358400,4.662495374679565,17.284393310546875,1.0,1.0,1.0,1.0,1.0,1.0,1.0,1.0,1.0,1.0,1.0,1.0,1.0,1.0,1.0,1.0,1,D1::D1-Q049,1.0
D1,D1-Q050,procedural,normal,advanced,512,175,358400,4.662495374679565,18.13054084777832,1.0,1.0,1.0,1.0,1.0,1.0,1.0,1.0,1.0,1.0,1.0,1.0,1.0,1.0,1.0,1.0,1,D1::D1-Q050,1.0
D1,D1-Q051,list_membership,normal,advanced,512,175,358400,4.662495374679565,16.690731048583984,1.0,1.0,1.0,1.0,1.0,1.0,1.0,1.0,1.0,1.0,1.0,1.0,1.0,1.4078361780682693,1.4078361780682693,1.0,3,D1::D1-Q051,1.0
D1,D1-Q052,negation,normal,advanced,512,175,358400,4.662495374679565,15.100240707397461,1.0,1.0,1.0,1.0,1.0,1.0,1.0,1.0,1.0,1.0,1.0,1.0,1.0,1.0,1.0,1.0,1,D1::D1-Q052,1.0
D1,D1-Q053,numerical,normal,advanced,512,175,358400,4.662495374679565,14.850616455078125,1.0,1.0,1.0,1.0,1.0,1.0,1.0,1.0,1.0,1.0,1.0,1.0,1.0,1.0,1.0,1.0,1,D1::D1-Q053,1.0
D1,D1-Q054,exact_fact,normal,advanced,512,175,358400,4.662495374679565,21.004676818847656,1.0,1.0,1.0,1.0,1.0,1.0,1.0,1.0,1.0,1.0,1.0,1.0,1.0,1.0,1.0,1.0,1,D1::D1-Q054,1.0
D1,D1-Q055,conditional_exception,normal,advanced,512,175,358400,4.662495374679565,16.313791275024414,1.0,1.0,1.0,1.0,1.0,1.0,1.0,1.0,1.0,1.0,1.0,1.0,1.0,1.0,1.0,1.0,1,D1::D1-Q055,1.0
D1,D1-Q056,procedural,normal,advanced,512,175,358400,4.662495374679565,14.767169952392578,1.0,1.0,1.0,1.0,1.0,1.0,1.0,1.0,1.0,1.0,1.0,1.0,1.0,1.0,1.0,1.0,1,D1::D1-Q056,1.0
D1,D1-Q057,exact_fact,normal,advanced,512,175,358400,4.662495374679565,23.67711067199707,1.0,1.0,1.0,1.0,1.0,1.0,1.0,1.0,1.0,1.0,1.0,1.0,1.0,1.0,1.0,1.0,1,D1::D1-Q057,1.0
D1,D1-Q058,negation,normal,advanced,512,175,358400,4.662495374679565,14.71567153930664,1.0,1.0,1.0,1.0,1.0,1.0,1.0,1.0,1.0,1.0,1.0,1.0,1.0,1.0,1.0,1.0,1,D1::D1-Q058,1.0
D1,D1-Q059,procedural,normal,advanced,512,175,358400,4.662495374679565,15.030145645141602,0.0,0.0,0.0,1.0,1.0,1.0,1.0,1.0,1.0,1.0,1.0,1.0,0.3333333333333333,0.5,0.5,1.0,1,D1::D1-Q059,1.0
D1,D1-Q060,negation,normal,advanced,512,175,358400,4.662495374679565,14.994621276855469,1.0,1.0,1.0,1.0,1.0,1.0,1.0,1.0,1.0,1.0,1.0,1.0,1.0,1.0,1.0,1.0,1,D1::D1-Q060,1.0
D1,D1-Q061,procedural,normal,advanced,512,175,358400,4.662495374679565,16.536712646484375,1.0,1.0,1.0,1.0,1.0,1.0,1.0,1.0,1.0,1.0,1.0,1.0,1.0,1.0,1.0,1.0,1,D1::D1-Q061,1.0
D1,D1-Q062,numerical,normal,advanced,512,175,358400,4.662495374679565,14.784097671508789,1.0,1.0,1.0,1.0,1.0,1.0,1.0,1.0,1.0,1.0,1.0,1.0,1.0,1.0,1.0,1.0,1,D1::D1-Q062,1.0
D1,D1-Q063,numerical,normal,advanced,512,175,358400,4.662495374679565,15.304803848266602,1.0,1.0,1.0,1.0,1.0,1.0,1.0,1.0,1.0,1.0,1.0,1.0,1.0,1.0,1.0,1.0,1,D1::D1-Q063,1.0
D1,D1-Q064,numerical,normal,advanced,512,175,358400,4.662495374679565,15.783309936523438,1.0,1.0,1.0,1.0,1.0,1.0,1.0,1.0,1.0,1.0,1.0,1.0,1.0,1.0,1.0,1.0,1,D1::D1-Q064,1.0
D1,D1-Q065,numerical,normal,advanced,512,175,358400,4.662495374679565,15.05732536315918,1.0,1.0,1.0,1.0,1.0,1.0,1.0,1.0,1.0,1.0,1.0,1.0,1.0,1.0,1.0,1.0,1,D1::D1-Q065,1.0
D1,D1-Q066,list_membership,normal,advanced,512,175,358400,4.662495374679565,15.184640884399414,1.0,1.0,1.0,1.0,1.0,1.0,1.0,1.0,1.0,1.0,1.0,1.0,1.0,1.0,1.0,1.0,1,D1::D1-Q066,1.0
D1,D1-Q067,numerical,normal,advanced,512,175,358400,4.662495374679565,15.852689743041992,1.0,1.0,1.0,1.0,1.0,1.0,1.0,1.0,1.0,1.0,1.0,1.0,1.0,1.0,1.0,1.0,1,D1::D1-Q067,1.0
D1,D1-Q068,numerical,normal,advanced,512,175,358400,4.662495374679565,15.077352523803711,0.0,0.0,0.0,1.0,1.0,1.0,1.0,1.0,1.0,1.0,1.0,1.0,0.5,0.6309297535714575,0.6309297535714575,1.0,1,D1::D1-Q068,1.0
D1,D1-Q069,numerical,normal,advanced,512,175,358400,4.662495374679565,14.239311218261719,1.0,1.0,1.0,1.0,1.0,1.0,1.0,1.0,1.0,1.0,1.0,1.0,1.0,1.0,1.0,1.0,1,D1::D1-Q069,1.0
D1,D1-Q070,numerical,normal,advanced,512,175,358400,4.662495374679565,15.491962432861328,0.0,0.0,0.0,1.0,1.0,1.0,1.0,1.0,1.0,1.0,1.0,1.0,0.5,0.6309297535714575,0.6309297535714575,1.0,1,D1::D1-Q070,1.0
D1,D1-Q071,numerical,normal,advanced,512,175,358400,4.662495374679565,15.769243240356445,1.0,1.0,1.0,1.0,1.0,1.0,1.0,1.0,1.0,1.0,1.0,1.0,1.0,1.0,1.0,1.0,1,D1::D1-Q071,1.0
D1,D1-Q072,numerical,normal,advanced,512,175,358400,4.662495374679565,16.054630279541016,1.0,1.0,1.0,1.0,1.0,1.0,1.0,1.0,1.0,1.0,1.0,1.0,1.0,1.0,1.0,1.0,1,D1::D1-Q072,1.0
D1,D1-Q073,numerical,normal,advanced,512,175,358400,4.662495374679565,14.980077743530273,1.0,1.0,1.0,1.0,1.0,1.0,1.0,1.0,1.0,1.0,1.0,1.0,1.0,1.0,1.0,1.0,1,D1::D1-Q073,1.0
D1,D1-Q074,numerical,normal,advanced,512,175,358400,4.662495374679565,14.51873779296875,0.0,0.0,0.0,0.0,0.0,0.0,1.0,1.0,1.0,1.0,1.0,1.0,0.2,0.38685280723454163,0.38685280723454163,1.0,1,D1::D1-Q074,1.0
D1,D1-Q075,numerical,normal,advanced,512,175,358400,4.662495374679565,15.679597854614258,0.0,0.0,0.0,1.0,1.0,1.0,1.0,1.0,1.0,1.0,1.0,1.0,0.5,0.6309297535714575,0.6309297535714575,1.0,1,D1::D1-Q075,1.0
D1,D1-Q076,numerical,normal,advanced,512,175,358400,4.662495374679565,20.088672637939453,1.0,1.0,1.0,1.0,1.0,1.0,1.0,1.0,1.0,1.0,1.0,1.0,1.0,1.0,1.0,1.0,1,D1::D1-Q076,1.0
D1,D1-Q077,numerical,normal,advanced,512,175,358400,4.662495374679565,14.996528625488281,0.0,0.0,0.0,1.0,1.0,1.0,1.0,1.0,1.0,1.0,1.0,1.0,0.5,0.6309297535714575,0.6309297535714575,1.0,1,D1::D1-Q077,1.0
D1,D1-Q078,conditional_exception,normal,advanced,512,175,358400,4.662495374679565,14.901876449584961,1.0,1.0,1.0,1.0,1.0,1.0,1.0,1.0,1.0,1.0,1.0,1.0,1.0,1.0,1.0,1.0,1,D1::D1-Q078,1.0
D1,D1-Q079,conditional_exception,normal,advanced,512,175,358400,4.662495374679565,14.244556427001953,1.0,1.0,1.0,1.0,1.0,1.0,1.0,1.0,1.0,1.0,1.0,1.0,1.0,1.4078361780682693,1.4078361780682693,1.0,3,D1::D1-Q079,1.0
D1,D1-Q080,numerical,normal,advanced,512,175,358400,4.662495374679565,14.447450637817383,0.5,1.0,0.0,1.0,1.0,1.0,1.0,1.0,1.0,1.0,1.0,1.0,1.0,1.0,1.0,1.0,2,D1::D1-Q080,1.0
D1,D1-Q081,numerical,normal,advanced,512,175,358400,4.662495374679565,15.167236328125,1.0,1.0,1.0,1.0,1.0,1.0,1.0,1.0,1.0,1.0,1.0,1.0,1.0,1.0,1.0,1.0,1,D1::D1-Q081,1.0
D1,D1-Q082,procedural,normal,advanced,512,175,358400,4.662495374679565,14.615297317504883,1.0,1.0,1.0,1.0,1.0,1.0,1.0,1.0,1.0,1.0,1.0,1.0,1.0,1.0,1.0,1.0,1,D1::D1-Q082,1.0
D1,D1-Q083,numerical,normal,advanced,512,175,358400,4.662495374679565,14.641284942626953,0.0,0.0,0.0,0.5,1.0,0.0,0.5,1.0,0.0,0.5,1.0,0.0,0.5,0.38685280723454163,0.38685280723454163,0.5,1,D1::D1-Q083,0.5
D1,D1-Q084,exact_fact,normal,advanced,512,175,358400,4.662495374679565,14.89877700805664,1.0,1.0,1.0,1.0,1.0,1.0,1.0,1.0,1.0,1.0,1.0,1.0,1.0,1.0,1.0,1.0,1,D1::D1-Q084,1.0
D1,D1-Q085,numerical,normal,advanced,512,175,358400,4.662495374679565,14.36471939086914,1.0,1.0,1.0,1.0,1.0,1.0,1.0,1.0,1.0,1.0,1.0,1.0,1.0,1.0,1.0,1.0,1,D1::D1-Q085,1.0
D1,D1-Q086,negation,normal,advanced,512,175,358400,4.662495374679565,14.141321182250977,1.0,1.0,1.0,1.0,1.0,1.0,1.0,1.0,1.0,1.0,1.0,1.0,1.0,1.0,1.0,1.0,1,D1::D1-Q086,1.0
D1,D1-Q087,numerical,normal,advanced,512,175,358400,4.662495374679565,14.43028450012207,1.0,1.0,1.0,1.0,1.0,1.0,1.0,1.0,1.0,1.0,1.0,1.0,1.0,1.0,1.0,1.0,1,D1::D1-Q087,1.0
D1,D1-Q088,numerical,normal,advanced,512,175,358400,4.662495374679565,13.686895370483398,1.0,1.0,1.0,1.0,1.0,1.0,1.0,1.0,1.0,1.0,1.0,1.0,1.0,1.0,1.0,1.0,1,D1::D1-Q088,1.0
D1,D1-Q089,numerical,normal,advanced,512,175,358400,4.662495374679565,15.355587005615234,0.0,0.0,0.0,1.0,1.0,1.0,1.0,1.0,1.0,1.0,1.0,1.0,0.3333333333333333,0.5,0.5,1.0,1,D1::D1-Q089,1.0
D1,D1-Q090,numerical,normal,advanced,512,175,358400,4.662495374679565,15.793561935424805,1.0,1.0,1.0,1.0,1.0,1.0,1.0,1.0,1.0,1.0,1.0,1.0,1.0,1.0,1.0,1.0,1,D1::D1-Q090,1.0
D1,D1-Q091,numerical,normal,advanced,512,175,358400,4.662495374679565,15.194416046142578,1.0,1.0,1.0,1.0,1.0,1.0,1.0,1.0,1.0,1.0,1.0,1.0,1.0,1.0,1.0,1.0,1,D1::D1-Q091,1.0
D1,D1-Q092,procedural,normal,advanced,512,175,358400,4.662495374679565,14.566659927368164,0.0,0.0,0.0,1.0,1.0,1.0,1.0,1.0,1.0,1.0,1.0,1.0,0.5,0.6309297535714575,0.6309297535714575,1.0,1,D1::D1-Q092,1.0
D1,D1-Q093,numerical,normal,advanced,512,175,358400,4.662495374679565,15.01321792602539,1.0,1.0,1.0,1.0,1.0,1.0,1.0,1.0,1.0,1.0,1.0,1.0,1.0,1.0,1.0,1.0,1,D1::D1-Q093,1.0
D1,D1-Q094,exact_fact,normal,advanced,512,175,358400,4.662495374679565,15.134334564208984,0.0,0.0,0.0,1.0,1.0,1.0,1.0,1.0,1.0,1.0,1.0,1.0,0.3333333333333333,0.5,0.5,1.0,1,D1::D1-Q094,1.0
D1,D1-Q095,exact_fact,normal,advanced,512,175,358400,4.662495374679565,14.911651611328125,0.0,0.0,0.0,1.0,1.0,1.0,1.0,1.0,1.0,1.0,1.0,1.0,0.3333333333333333,0.5,0.5,1.0,1,D1::D1-Q095,1.0
D1,D1-Q096,negation,normal,advanced,512,175,358400,4.662495374679565,16.736507415771484,1.0,1.0,1.0,1.0,1.0,1.0,1.0,1.0,1.0,1.0,1.0,1.0,1.0,1.0,1.0,1.0,1,D1::D1-Q096,1.0
D1,D1-Q097,exact_fact,normal,advanced,512,175,358400,4.662495374679565,15.903234481811523,1.0,1.0,1.0,1.0,1.0,1.0,1.0,1.0,1.0,1.0,1.0,1.0,1.0,1.0,1.0,1.0,1,D1::D1-Q097,1.0
D1,D1-Q098,numerical,normal,advanced,512,175,358400,4.662495374679565,14.832735061645508,1.0,1.0,1.0,1.0,1.0,1.0,1.0,1.0,1.0,1.0,1.0,1.0,1.0,1.0,1.0,1.0,1,D1::D1-Q098,1.0
D1,D1-Q099,numerical,normal,advanced,512,175,358400,4.662495374679565,14.524459838867188,1.0,1.0,1.0,1.0,1.0,1.0,1.0,1.0,1.0,1.0,1.0,1.0,1.0,1.0,1.0,1.0,1,D1::D1-Q099,1.0
D1,D1-Q100,exact_fact,normal,advanced,512,175,358400,4.662495374679565,14.649152755737305,1.0,1.0,1.0,1.0,1.0,1.0,1.0,1.0,1.0,1.0,1.0,1.0,1.0,1.0,1.0,1.0,1,D1::D1-Q100,1.0
D1,D1-Q101,numerical,normal,advanced,512,175,358400,4.662495374679565,25.555133819580078,1.0,1.0,1.0,1.0,1.0,1.0,1.0,1.0,1.0,1.0,1.0,1.0,1.0,1.0,1.0,1.0,1,D1::D1-Q101,1.0
D1,D1-Q102,negation,normal,advanced,512,175,358400,4.662495374679565,19.23513412475586,0.0,0.0,0.0,1.0,1.0,1.0,1.0,1.0,1.0,1.0,1.0,1.0,0.3333333333333333,0.5,0.5,1.0,1,D1::D1-Q102,1.0
D1,D1-Q103,numerical,normal,advanced,512,175,358400,4.662495374679565,16.518115997314453,1.0,1.0,1.0,1.0,1.0,1.0,1.0,1.0,1.0,1.0,1.0,1.0,1.0,1.0,1.0,1.0,1,D1::D1-Q103,1.0
D1,D1-Q104,negation,normal,advanced,512,175,358400,4.662495374679565,16.73293113708496,1.0,1.0,1.0,1.0,1.0,1.0,1.0,1.0,1.0,1.0,1.0,1.0,1.0,1.0,1.0,1.0,1,D1::D1-Q104,1.0
D1,D1-Q105,numerical,normal,advanced,512,175,358400,4.662495374679565,15.966176986694336,1.0,1.0,1.0,1.0,1.0,1.0,1.0,1.0,1.0,1.0,1.0,1.0,1.0,1.0,1.0,1.0,1,D1::D1-Q105,1.0
D1,D1-Q106,numerical,normal,advanced,512,175,358400,4.662495374679565,15.241861343383789,1.0,1.0,1.0,1.0,1.0,1.0,1.0,1.0,1.0,1.0,1.0,1.0,1.0,1.0,1.0,1.0,1,D1::D1-Q106,1.0
D1,D1-Q107,numerical,normal,advanced,512,175,358400,4.662495374679565,16.162872314453125,0.0,0.0,0.0,1.0,1.0,1.0,1.0,1.0,1.0,1.0,1.0,1.0,0.5,0.6309297535714575,0.6309297535714575,1.0,1,D1::D1-Q107,1.0
D1,D1-Q108,numerical,normal,advanced,512,175,358400,4.662495374679565,14.737844467163086,0.0,0.0,0.0,1.0,1.0,1.0,1.0,1.0,1.0,1.0,1.0,1.0,0.5,0.6309297535714575,0.6309297535714575,1.0,1,D1::D1-Q108,1.0
D1,D1-Q109,numerical,normal,advanced,512,175,358400,4.662495374679565,14.786005020141602,0.0,0.0,0.0,1.0,1.0,1.0,1.0,1.0,1.0,1.0,1.0,1.0,0.3333333333333333,0.5,0.5,1.0,1,D1::D1-Q109,1.0
D1,D1-Q110,exact_fact,normal,advanced,512,175,358400,4.662495374679565,14.576196670532227,1.0,1.0,1.0,1.0,1.0,1.0,1.0,1.0,1.0,1.0,1.0,1.0,1.0,1.0,1.0,1.0,1,D1::D1-Q110,1.0
D1,D1-Q111,exact_fact,normal,advanced,512,175,358400,4.662495374679565,16.022205352783203,1.0,1.0,1.0,1.0,1.0,1.0,1.0,1.0,1.0,1.0,1.0,1.0,1.0,1.0,1.0,1.0,1,D1::D1-Q111,1.0
D1,D1-Q112,numerical,normal,advanced,512,175,358400,4.662495374679565,15.51508903503418,1.0,1.0,1.0,1.0,1.0,1.0,1.0,1.0,1.0,1.0,1.0,1.0,1.0,1.0,1.0,1.0,1,D1::D1-Q112,1.0
D1,D1-Q113,numerical,normal,advanced,512,175,358400,4.662495374679565,15.424966812133789,1.0,1.0,1.0,1.0,1.0,1.0,1.0,1.0,1.0,1.0,1.0,1.0,1.0,1.0,1.0,1.0,1,D1::D1-Q113,1.0
D1,D1-Q114,numerical,normal,advanced,512,175,358400,4.662495374679565,14.231204986572266,1.0,1.0,1.0,1.0,1.0,1.0,1.0,1.0,1.0,1.0,1.0,1.0,1.0,1.0,1.0,1.0,1,D1::D1-Q114,1.0
D1,D1-Q115,negation,normal,advanced,512,175,358400,4.662495374679565,15.050888061523438,1.0,1.0,1.0,1.0,1.0,1.0,1.0,1.0,1.0,1.0,1.0,1.0,1.0,1.0,1.0,1.0,1,D1::D1-Q115,1.0
D1,D1-Q116,list_membership,normal,advanced,512,175,358400,4.662495374679565,15.007495880126953,1.0,1.0,1.0,1.0,1.0,1.0,1.0,1.0,1.0,1.0,1.0,1.0,1.0,1.4078361780682693,1.4078361780682693,1.0,3,D1::D1-Q116,1.0
D1,D1-Q117,numerical,normal,advanced,512,175,358400,4.662495374679565,14.624357223510742,1.0,1.0,1.0,1.0,1.0,1.0,1.0,1.0,1.0,1.0,1.0,1.0,1.0,1.0,1.0,1.0,1,D1::D1-Q117,1.0
D1,D1-Q118,negation,normal,advanced,512,175,358400,4.662495374679565,14.268636703491211,1.0,1.0,1.0,1.0,1.0,1.0,1.0,1.0,1.0,1.0,1.0,1.0,1.0,1.0,1.0,1.0,1,D1::D1-Q118,1.0
D1,D1-Q119,exact_fact,normal,advanced,512,175,358400,4.662495374679565,14.424324035644531,1.0,1.0,1.0,1.0,1.0,1.0,1.0,1.0,1.0,1.0,1.0,1.0,1.0,1.0,1.0,1.0,1,D1::D1-Q119,1.0
D1,D1-Q120,numerical,normal,advanced,512,175,358400,4.662495374679565,14.415502548217773,1.0,1.0,1.0,1.0,1.0,1.0,1.0,1.0,1.0,1.0,1.0,1.0,1.0,1.2262943855309167,1.2262943855309167,1.0,2,D1::D1-Q120,1.0
D1,D1-Q121,numerical,normal,advanced,512,175,358400,4.662495374679565,14.420032501220703,1.0,1.0,1.0,1.0,1.0,1.0,1.0,1.0,1.0,1.0,1.0,1.0,1.0,1.0,1.0,1.0,1,D1::D1-Q121,1.0
D1,D1-Q122,numerical,normal,advanced,512,175,358400,4.662495374679565,16.179561614990234,1.0,1.0,1.0,1.0,1.0,1.0,1.0,1.0,1.0,1.0,1.0,1.0,1.0,1.0,1.0,1.0,1,D1::D1-Q122,1.0
D1,D1-Q123,procedural,normal,advanced,512,175,358400,4.662495374679565,14.625310897827148,1.0,1.0,1.0,1.0,1.0,1.0,1.0,1.0,1.0,1.0,1.0,1.0,1.0,1.0,1.0,1.0,1,D1::D1-Q123,1.0
D1,D1-Q124,exact_fact,normal,advanced,512,175,358400,4.662495374679565,14.724254608154297,1.0,1.0,1.0,1.0,1.0,1.0,1.0,1.0,1.0,1.0,1.0,1.0,1.0,1.0,1.0,1.0,1,D1::D1-Q124,1.0
D1,D1-Q125,exact_fact,normal,advanced,512,175,358400,4.662495374679565,16.149520874023438,1.0,1.0,1.0,1.0,1.0,1.0,1.0,1.0,1.0,1.0,1.0,1.0,1.0,1.0,1.0,1.0,1,D1::D1-Q125,1.0
D1,D1-Q126,negation,normal,advanced,512,175,358400,4.662495374679565,15.229940414428711,1.0,1.0,1.0,1.0,1.0,1.0,1.0,1.0,1.0,1.0,1.0,1.0,1.0,1.0,1.0,1.0,1,D1::D1-Q126,1.0
D1,D1-Q127,numerical,normal,advanced,512,175,358400,4.662495374679565,15.942811965942383,1.0,1.0,1.0,1.0,1.0,1.0,1.0,1.0,1.0,1.0,1.0,1.0,1.0,1.0,1.0,1.0,1,D1::D1-Q127,1.0
D1,D1-Q128,numerical,normal,advanced,512,175,358400,4.662495374679565,14.966487884521484,1.0,1.0,1.0,1.0,1.0,1.0,1.0,1.0,1.0,1.0,1.0,1.0,1.0,1.0,1.0,1.0,1,D1::D1-Q128,1.0
D1,D1-Q129,exact_fact,normal,advanced,512,175,358400,4.662495374679565,14.872312545776367,1.0,1.0,1.0,1.0,1.0,1.0,1.0,1.0,1.0,1.0,1.0,1.0,1.0,1.0,1.0,1.0,1,D1::D1-Q129,1.0
D1,D1-Q130,numerical,normal,advanced,512,175,358400,4.662495374679565,15.425682067871094,1.0,1.0,1.0,1.0,1.0,1.0,1.0,1.0,1.0,1.0,1.0,1.0,1.0,1.0,1.0,1.0,1,D1::D1-Q130,1.0
D1,D1-Q131,negation,normal,advanced,512,175,358400,4.662495374679565,14.560222625732422,1.0,1.0,1.0,1.0,1.0,1.0,1.0,1.0,1.0,1.0,1.0,1.0,1.0,1.0,1.0,1.0,1,D1::D1-Q131,1.0
D1,D1-Q132,negation,normal,advanced,512,175,358400,4.662495374679565,14.94455337524414,1.0,1.0,1.0,1.0,1.0,1.0,1.0,1.0,1.0,1.0,1.0,1.0,1.0,1.0,1.0,1.0,1,D1::D1-Q132,1.0
D1,D1-Q133,procedural,normal,advanced,512,175,358400,4.662495374679565,15.837907791137695,0.6666666666666666,1.0,0.0,1.0,1.0,1.0,1.0,1.0,1.0,1.0,1.0,1.0,1.0,1.173196815056891,1.173196815056891,1.0,3,D1::D1-Q133,1.0
D1,D1-Q134,exact_fact,normal,advanced,512,175,358400,4.662495374679565,14.626026153564453,1.0,1.0,1.0,1.0,1.0,1.0,1.0,1.0,1.0,1.0,1.0,1.0,1.0,1.0,1.0,1.0,1,D1::D1-Q134,1.0
D1,D1-Q135,conditional_exception,normal,advanced,512,175,358400,4.662495374679565,14.767169952392578,1.0,1.0,1.0,1.0,1.0,1.0,1.0,1.0,1.0,1.0,1.0,1.0,1.0,1.0,1.0,1.0,1,D1::D1-Q135,1.0
D1,D1-Q136,exact_fact,normal,advanced,512,175,358400,4.662495374679565,14.34326171875,0.0,0.0,0.0,1.0,1.0,1.0,1.0,1.0,1.0,1.0,1.0,1.0,0.3333333333333333,0.5,0.5,1.0,1,D1::D1-Q136,1.0
D1,D1-Q137,table_lookup,normal,advanced,512,175,358400,4.662495374679565,16.29495620727539,0.6666666666666666,1.0,0.0,0.6666666666666666,1.0,0.0,0.6666666666666666,1.0,0.0,0.6666666666666666,1.0,0.0,1.0,1.3566408210944645,1.2104096539952538,0.6666666666666666,4,D1::D1-Q137,0.6666666666666666
D1,D1-Q138,table_context,normal,advanced,512,175,358400,4.662495374679565,15.277624130249023,0.0,0.0,0.0,0.0,0.0,0.0,0.0,0.0,0.0,1.0,1.0,1.0,0.14285714285714285,0.0,0.46927872602275644,1.0,3,D1::D1-Q138,1.0
D1,D1-Q139,heading_context,normal,advanced,512,175,358400,4.662495374679565,14.822244644165039,0.0,0.0,0.0,0.0,0.0,0.0,0.0,0.0,0.0,1.0,1.0,1.0,0.16666666666666666,0.0,0.3562071871080222,1.0,1,D1::D1-Q139,1.0
D1,D1-Q140,exact_fact,normal,advanced,512,175,358400,4.662495374679565,14.69111442565918,1.0,1.0,1.0,1.0,1.0,1.0,1.0,1.0,1.0,1.0,1.0,1.0,1.0,1.0,1.0,1.0,1,D1::D1-Q140,1.0
D1,D1-Q141,exact_fact,normal,advanced,512,175,358400,4.662495374679565,15.60354232788086,0.0,0.0,0.0,0.0,0.0,0.0,0.0,0.0,0.0,0.0,0.0,0.0,0.0,0.0,0.0,0.0,0,D1::D1-Q141,0.0
D1,D1-Q142,exact_fact,normal,advanced,512,175,358400,4.662495374679565,14.438867568969727,1.0,1.0,1.0,1.0,1.0,1.0,1.0,1.0,1.0,1.0,1.0,1.0,1.0,1.0,1.0,1.0,1,D1::D1-Q142,1.0
D1,D1-Q143,exact_fact,normal,advanced,512,175,358400,4.662495374679565,14.403343200683594,0.0,0.0,0.0,1.0,1.0,1.0,1.0,1.0,1.0,1.0,1.0,1.0,0.5,0.6309297535714575,0.6309297535714575,1.0,1,D1::D1-Q143,1.0
D1,D1-Q144,exact_fact,normal,advanced,512,175,358400,4.662495374679565,14.418601989746094,0.0,0.0,0.0,1.0,1.0,1.0,1.0,1.0,1.0,1.0,1.0,1.0,0.3333333333333333,0.5,0.5,1.0,1,D1::D1-Q144,1.0
D1,D1-Q145,exact_fact,normal,advanced,512,175,358400,4.662495374679565,14.329671859741211,0.0,0.0,0.0,0.0,0.0,0.0,0.0,0.0,0.0,0.0,0.0,0.0,0.0,0.0,0.0,0.0,0,D1::D1-Q145,0.0
D1,D1-Q146,exact_fact,normal,advanced,512,175,358400,4.662495374679565,14.717340469360352,0.0,0.0,0.0,1.0,1.0,1.0,1.0,1.0,1.0,1.0,1.0,1.0,0.3333333333333333,0.5,0.5,1.0,1,D1::D1-Q146,1.0
D1,D1-Q147,exact_fact,normal,advanced,512,175,358400,4.662495374679565,14.268875122070312,0.0,0.0,0.0,1.0,1.0,1.0,1.0,1.0,1.0,1.0,1.0,1.0,0.5,0.6309297535714575,0.6309297535714575,1.0,1,D1::D1-Q147,1.0
D1,D1-Q148,exact_fact,normal,advanced,512,175,358400,4.662495374679565,14.72163200378418,1.0,1.0,1.0,1.0,1.0,1.0,1.0,1.0,1.0,1.0,1.0,1.0,1.0,1.0,1.0,1.0,1,D1::D1-Q148,1.0
D1,D1-Q149,exact_fact,normal,advanced,512,175,358400,4.662495374679565,16.041040420532227,1.0,1.0,1.0,1.0,1.0,1.0,1.0,1.0,1.0,1.0,1.0,1.0,1.0,1.0,1.0,1.0,1,D1::D1-Q149,1.0
D1,D1-Q150,numerical,normal,advanced,512,175,358400,4.662495374679565,17.739534378051758,1.0,1.0,1.0,1.0,1.0,1.0,1.0,1.0,1.0,1.0,1.0,1.0,1.0,1.0,1.0,1.0,1,D1::D1-Q150,1.0
D1,D1-Q151,numerical,normal,advanced,512,175,358400,4.662495374679565,16.293048858642578,1.0,1.0,1.0,1.0,1.0,1.0,1.0,1.0,1.0,1.0,1.0,1.0,1.0,1.2262943855309167,1.2262943855309167,1.0,2,D1::D1-Q151,1.0
D1,D1-Q152,numerical,normal,advanced,512,175,358400,4.662495374679565,15.374422073364258,1.0,1.0,1.0,1.0,1.0,1.0,1.0,1.0,1.0,1.0,1.0,1.0,1.0,1.0,1.0,1.0,1,D1::D1-Q152,1.0
D1,D1-Q153,numerical,normal,advanced,512,175,358400,4.662495374679565,16.762971878051758,1.0,1.0,1.0,1.0,1.0,1.0,1.0,1.0,1.0,1.0,1.0,1.0,1.0,1.0,1.0,1.0,1,D1::D1-Q153,1.0
D1,D1-Q154,numerical,normal,advanced,512,175,358400,4.662495374679565,16.397953033447266,1.0,1.0,1.0,1.0,1.0,1.0,1.0,1.0,1.0,1.0,1.0,1.0,1.0,1.0,1.0,1.0,1,D1::D1-Q154,1.0
D1,D1-Q155,numerical,normal,advanced,512,175,358400,4.662495374679565,15.20395278930664,0.0,0.0,0.0,1.0,1.0,1.0,1.0,1.0,1.0,1.0,1.0,1.0,0.5,0.6309297535714575,0.6309297535714575,1.0,1,D1::D1-Q155,1.0
D1,D1-Q156,numerical,normal,advanced,512,175,358400,4.662495374679565,15.868186950683594,1.0,1.0,1.0,1.0,1.0,1.0,1.0,1.0,1.0,1.0,1.0,1.0,1.0,1.0,1.0,1.0,1,D1::D1-Q156,1.0
D1,D1-Q157,numerical,normal,advanced,512,175,358400,4.662495374679565,16.06607437133789,1.0,1.0,1.0,1.0,1.0,1.0,1.0,1.0,1.0,1.0,1.0,1.0,1.0,1.0,1.0,1.0,1,D1::D1-Q157,1.0
D1,D1-Q158,numerical,normal,advanced,512,175,358400,4.662495374679565,14.63770866394043,1.0,1.0,1.0,1.0,1.0,1.0,1.0,1.0,1.0,1.0,1.0,1.0,1.0,1.0,1.0,1.0,1,D1::D1-Q158,1.0
D1,D1-Q159,procedural,normal,advanced,512,175,358400,4.662495374679565,15.71035385131836,1.0,1.0,1.0,1.0,1.0,1.0,1.0,1.0,1.0,1.0,1.0,1.0,1.0,1.0,1.0,1.0,1,D1::D1-Q159,1.0
D1,D1-Q160,exact_fact,normal,advanced,512,175,358400,4.662495374679565,14.95504379272461,1.0,1.0,1.0,1.0,1.0,1.0,1.0,1.0,1.0,1.0,1.0,1.0,1.0,1.0,1.0,1.0,1,D1::D1-Q160,1.0
D1,D1-Q161,numerical,normal,advanced,512,175,358400,4.662495374679565,14.835119247436523,0.0,0.0,0.0,1.0,1.0,1.0,1.0,1.0,1.0,1.0,1.0,1.0,0.3333333333333333,0.5,0.5,1.0,1,D1::D1-Q161,1.0
D1,D1-Q162,procedural,normal,advanced,512,175,358400,4.662495374679565,23.79441261291504,0.0,0.0,0.0,0.0,0.0,0.0,0.0,0.0,0.0,0.0,0.0,0.0,0.0,0.0,0.0,0.0,0,D1::D1-Q162,0.0
D1,D1-Q163,exact_fact,normal,advanced,512,175,358400,4.662495374679565,20.5690860748291,0.0,0.0,0.0,0.0,0.0,0.0,0.0,0.0,0.0,0.0,0.0,0.0,0.0,0.0,0.0,0.0,0,D1::D1-Q163,0.0
D1,D1-Q164,procedural,normal,advanced,512,175,358400,4.662495374679565,15.123605728149414,0.0,0.0,0.0,1.0,1.0,1.0,1.0,1.0,1.0,1.0,1.0,1.0,0.5,0.6309297535714575,0.6309297535714575,1.0,1,D1::D1-Q164,1.0
D1,D1-Q165,exact_fact,normal,advanced,512,175,358400,4.662495374679565,15.439033508300781,0.0,0.0,0.0,0.0,0.0,0.0,1.0,1.0,1.0,1.0,1.0,1.0,0.2,0.38685280723454163,0.38685280723454163,1.0,1,D1::D1-Q165,1.0
D1,D1-Q166,negation,normal,advanced,512,175,358400,4.662495374679565,17.391443252563477,1.0,1.0,1.0,1.0,1.0,1.0,1.0,1.0,1.0,1.0,1.0,1.0,1.0,1.0,1.0,1.0,1,D1::D1-Q166,1.0
D1,D1-Q167,numerical,normal,advanced,512,175,358400,4.662495374679565,15.097856521606445,1.0,1.0,1.0,1.0,1.0,1.0,1.0,1.0,1.0,1.0,1.0,1.0,1.0,1.0,1.0,1.0,1,D1::D1-Q167,1.0
D1,D1-Q168,procedural,normal,advanced,512,175,358400,4.662495374679565,14.812707901000977,1.0,1.0,1.0,1.0,1.0,1.0,1.0,1.0,1.0,1.0,1.0,1.0,1.0,1.0,1.0,1.0,1,D1::D1-Q168,1.0
D1,D1-Q169,exact_fact,normal,advanced,512,175,358400,4.662495374679565,14.776468276977539,0.0,0.0,0.0,1.0,1.0,1.0,1.0,1.0,1.0,1.0,1.0,1.0,0.5,0.6309297535714575,0.6309297535714575,1.0,1,D1::D1-Q169,1.0
D1,D1-Q170,temporal,normal,advanced,512,175,358400,4.662495374679565,14.561653137207031,1.0,1.0,1.0,1.0,1.0,1.0,1.0,1.0,1.0,1.0,1.0,1.0,1.0,1.0,1.0,1.0,1,D1::D1-Q170,1.0
D1,D1-Q171,temporal,normal,advanced,512,175,358400,4.662495374679565,16.926050186157227,1.0,1.0,1.0,1.0,1.0,1.0,1.0,1.0,1.0,1.0,1.0,1.0,1.0,1.0,1.0,1.0,1,D1::D1-Q171,1.0
D1,D1-Q172,exact_fact,normal,advanced,512,175,358400,4.662495374679565,18.311262130737305,0.0,0.0,0.0,1.0,1.0,1.0,1.0,1.0,1.0,1.0,1.0,1.0,0.5,0.6309297535714575,0.6309297535714575,1.0,1,D1::D1-Q172,1.0
D1,D1-Q173,procedural,normal,advanced,512,175,358400,4.662495374679565,14.339208602905273,1.0,1.0,1.0,1.0,1.0,1.0,1.0,1.0,1.0,1.0,1.0,1.0,1.0,1.0,1.0,1.0,1,D1::D1-Q173,1.0
D1,D1-Q174,conditional_exception,normal,advanced,512,175,358400,4.662495374679565,15.120983123779297,0.0,0.0,0.0,1.0,1.0,1.0,1.0,1.0,1.0,1.0,1.0,1.0,0.5,0.6309297535714575,0.6309297535714575,1.0,1,D1::D1-Q174,1.0
D1,D1-Q175,negation,normal,advanced,512,175,358400,4.662495374679565,15.067577362060547,0.0,0.0,0.0,1.0,1.0,1.0,1.0,1.0,1.0,1.0,1.0,1.0,0.3333333333333333,0.5,0.5,1.0,1,D1::D1-Q175,1.0
D1,D1-Q176,procedural,normal,advanced,512,175,358400,4.662495374679565,13.739585876464844,0.0,0.0,0.0,0.0,0.0,0.0,0.0,0.0,0.0,1.0,1.0,1.0,0.1111111111111111,0.0,0.3010299956639812,1.0,1,D1::D1-Q176,1.0
D1,D1-Q177,exact_fact,normal,advanced,512,175,358400,4.662495374679565,13.694047927856445,1.0,1.0,1.0,1.0,1.0,1.0,1.0,1.0,1.0,1.0,1.0,1.0,1.0,1.0,1.0,1.0,1,D1::D1-Q177,1.0
D1,D1-Q178,negation,normal,advanced,512,175,358400,4.662495374679565,14.299631118774414,0.0,0.0,0.0,0.0,0.0,0.0,0.0,0.0,0.0,1.0,1.0,1.0,0.1,0.0,0.2890648263178879,1.0,1,D1::D1-Q178,1.0
D1,D1-Q179,exact_fact,normal,advanced,512,175,358400,4.662495374679565,14.38593864440918,1.0,1.0,1.0,1.0,1.0,1.0,1.0,1.0,1.0,1.0,1.0,1.0,1.0,1.0,1.0,1.0,1,D1::D1-Q179,1.0
D1,D1-Q180,exact_fact,normal,advanced,512,175,358400,4.662495374679565,14.861583709716797,1.0,1.0,1.0,1.0,1.0,1.0,1.0,1.0,1.0,1.0,1.0,1.0,1.0,1.0,1.0,1.0,1,D1::D1-Q180,1.0
D1,D1-Q181,procedural,normal,advanced,512,175,358400,4.662495374679565,15.55633544921875,1.0,1.0,1.0,1.0,1.0,1.0,1.0,1.0,1.0,1.0,1.0,1.0,1.0,1.0,1.0,1.0,1,D1::D1-Q181,1.0
D1,D1-Q182,conditional_exception,normal,advanced,512,175,358400,4.662495374679565,14.329671859741211,0.0,0.0,0.0,1.0,1.0,1.0,1.0,1.0,1.0,1.0,1.0,1.0,0.3333333333333333,0.5,0.5,1.0,1,D1::D1-Q182,1.0
D1,D1-Q183,conditional_exception,normal,advanced,512,175,358400,4.662495374679565,15.136957168579102,1.0,1.0,1.0,1.0,1.0,1.0,1.0,1.0,1.0,1.0,1.0,1.0,1.0,1.0,1.0,1.0,1,D1::D1-Q183,1.0
D1,D1-Q184,numerical,normal,advanced,512,175,358400,4.662495374679565,14.142274856567383,1.0,1.0,1.0,1.0,1.0,1.0,1.0,1.0,1.0,1.0,1.0,1.0,1.0,1.0,1.0,1.0,1,D1::D1-Q184,1.0
D1,D1-Q185,procedural,normal,advanced,512,175,358400,4.662495374679565,14.816522598266602,0.0,0.0,0.0,1.0,1.0,1.0,1.0,1.0,1.0,1.0,1.0,1.0,0.5,0.6309297535714575,0.6309297535714575,1.0,1,D1::D1-Q185,1.0
D1,D1-Q186,conditional_exception,normal,advanced,512,175,358400,4.662495374679565,14.110565185546875,0.0,0.0,0.0,1.0,1.0,1.0,1.0,1.0,1.0,1.0,1.0,1.0,0.5,0.6309297535714575,0.6309297535714575,1.0,1,D1::D1-Q186,1.0
D1,D1-Q187,numerical,normal,advanced,512,175,358400,4.662495374679565,14.008760452270508,1.0,1.0,1.0,1.0,1.0,1.0,1.0,1.0,1.0,1.0,1.0,1.0,1.0,1.0,1.0,1.0,1,D1::D1-Q187,1.0
D1,D1-Q188,numerical,normal,advanced,512,175,358400,4.662495374679565,14.487028121948242,0.0,0.0,0.0,0.0,0.0,0.0,1.0,1.0,1.0,1.0,1.0,1.0,0.25,0.43067655807339306,0.43067655807339306,1.0,1,D1::D1-Q188,1.0
D1,D1-Q189,exact_fact,normal,advanced,512,175,358400,4.662495374679565,14.840126037597656,0.0,0.0,0.0,1.0,1.0,1.0,1.0,1.0,1.0,1.0,1.0,1.0,0.5,0.6309297535714575,0.6309297535714575,1.0,1,D1::D1-Q189,1.0
D1,D1-Q190,conditional_exception,normal,advanced,512,175,358400,4.662495374679565,14.619112014770508,0.0,0.0,0.0,0.0,0.0,0.0,1.0,1.0,1.0,1.0,1.0,1.0,0.25,0.43067655807339306,0.43067655807339306,1.0,1,D1::D1-Q190,1.0
D1,D1-Q191,conditional_exception,normal,advanced,512,175,358400,4.662495374679565,15.172481536865234,0.0,0.0,0.0,0.0,0.0,0.0,1.0,1.0,1.0,1.0,1.0,1.0,0.25,0.43067655807339306,0.43067655807339306,1.0,1,D1::D1-Q191,1.0
D1,D1-Q192,list_membership,normal,advanced,512,175,358400,4.662495374679565,14.751911163330078,1.0,1.0,1.0,1.0,1.0,1.0,1.0,1.0,1.0,1.0,1.0,1.0,1.0,1.0,1.0,1.0,1,D1::D1-Q192,1.0
D1,D1-Q193,procedural,normal,advanced,512,175,358400,4.662495374679565,15.599966049194336,1.0,1.0,1.0,1.0,1.0,1.0,1.0,1.0,1.0,1.0,1.0,1.0,1.0,1.0,1.0,1.0,1,D1::D1-Q193,1.0
D1,D1-Q194,procedural,normal,advanced,512,175,358400,4.662495374679565,14.590740203857422,0.0,0.0,0.0,0.0,0.0,0.0,0.0,0.0,0.0,0.0,0.0,0.0,0.0,0.0,0.0,0.0,0,D1::D1-Q194,0.0
D1,D1-Q195,conditional_exception,normal,advanced,512,175,358400,4.662495374679565,14.43791389465332,1.0,1.0,1.0,1.0,1.0,1.0,1.0,1.0,1.0,1.0,1.0,1.0,1.0,1.0,1.0,1.0,1,D1::D1-Q195,1.0
D1,D1-Q196,exact_fact,normal,advanced,512,175,358400,4.662495374679565,14.153242111206055,1.0,1.0,1.0,1.0,1.0,1.0,1.0,1.0,1.0,1.0,1.0,1.0,1.0,1.0,1.0,1.0,1,D1::D1-Q196,1.0
D1,D1-Q197,procedural,normal,advanced,512,175,358400,4.662495374679565,15.175819396972656,0.0,0.0,0.0,1.0,1.0,1.0,1.0,1.0,1.0,1.0,1.0,1.0,0.3333333333333333,0.5,0.5,1.0,1,D1::D1-Q197,1.0
D1,D1-Q198,conditional_exception,normal,advanced,512,175,358400,4.662495374679565,14.111042022705078,1.0,1.0,1.0,1.0,1.0,1.0,1.0,1.0,1.0,1.0,1.0,1.0,1.0,1.0,1.0,1.0,1,D1::D1-Q198,1.0
D1,D1-Q199,conditional_exception,normal,advanced,512,175,358400,4.662495374679565,14.34636116027832,0.0,0.0,0.0,1.0,1.0,1.0,1.0,1.0,1.0,1.0,1.0,1.0,0.5,0.6309297535714575,0.6309297535714575,1.0,1,D1::D1-Q199,1.0
D1,D1-Q200,numerical,normal,advanced,512,175,358400,4.662495374679565,13.961315155029297,1.0,1.0,1.0,1.0,1.0,1.0,1.0,1.0,1.0,1.0,1.0,1.0,1.0,1.0,1.0,1.0,1,D1::D1-Q200,1.0
D1,D1-Q001,exact_fact,normal,advanced,768,175,537600,4.662495374679565,14.406681060791016,1.0,1.0,1.0,1.0,1.0,1.0,1.0,1.0,1.0,1.0,1.0,1.0,1.0,1.0,1.0,1.0,1,D1::D1-Q001,1.0
D1,D1-Q002,temporal,normal,advanced,768,175,537600,4.662495374679565,13.579607009887695,1.0,1.0,1.0,1.0,1.0,1.0,1.0,1.0,1.0,1.0,1.0,1.0,1.0,1.0,1.0,1.0,1,D1::D1-Q002,1.0
D1,D1-Q003,list_membership,normal,advanced,768,175,537600,4.662495374679565,14.303445816040039,1.0,1.0,1.0,1.0,1.0,1.0,1.0,1.0,1.0,1.0,1.0,1.0,1.0,3.7307622580097775,2.421009429278882,1.0,11,D1::D1-Q003,1.0
D1,D1-Q004,exact_fact,normal,advanced,768,175,537600,4.662495374679565,14.467954635620117,1.0,1.0,1.0,1.0,1.0,1.0,1.0,1.0,1.0,1.0,1.0,1.0,1.0,1.0,1.0,1.0,1,D1::D1-Q004,1.0
D1,D1-Q005,exact_fact,normal,advanced,768,175,537600,4.662495374679565,14.220476150512695,1.0,1.0,1.0,1.0,1.0,1.0,1.0,1.0,1.0,1.0,1.0,1.0,1.0,1.0,1.0,1.0,1,D1::D1-Q005,1.0
D1,D1-Q006,exact_fact,normal,advanced,768,175,537600,4.662495374679565,13.909101486206055,0.0,0.0,0.0,0.0,0.0,0.0,1.0,1.0,1.0,1.0,1.0,1.0,0.2,0.38685280723454163,0.38685280723454163,1.0,1,D1::D1-Q006,1.0
D1,D1-Q007,paraphrase,normal,advanced,768,175,537600,4.662495374679565,14.712095260620117,0.0,0.0,0.0,1.0,1.0,1.0,1.0,1.0,1.0,1.0,1.0,1.0,0.5,0.6309297535714575,0.6309297535714575,1.0,1,D1::D1-Q007,1.0
D1,D1-Q008,exact_fact,normal,advanced,768,175,537600,4.662495374679565,13.994455337524414,0.0,0.0,0.0,0.0,0.0,0.0,0.0,0.0,0.0,0.0,0.0,0.0,0.0,0.0,0.0,0.0,0,D1::D1-Q008,0.0
D1,D1-Q009,list_membership,normal,advanced,768,175,537600,4.662495374679565,14.235973358154297,1.0,1.0,1.0,1.0,1.0,1.0,1.0,1.0,1.0,1.0,1.0,1.0,1.0,1.0,1.0,1.0,1,D1::D1-Q009,1.0
D1,D1-Q010,exact_fact,normal,advanced,768,175,537600,4.662495374679565,16.158103942871094,0.0,0.0,0.0,1.0,1.0,1.0,1.0,1.0,1.0,1.0,1.0,1.0,0.5,0.6309297535714575,0.6309297535714575,1.0,1,D1::D1-Q010,1.0
D1,D1-Q011,exact_fact,normal,advanced,768,175,537600,4.662495374679565,13.966798782348633,0.0,0.0,0.0,0.0,0.0,0.0,0.0,0.0,0.0,0.0,0.0,0.0,0.0,0.0,0.0,0.0,0,D1::D1-Q011,0.0
D1,D1-Q012,exact_fact,normal,advanced,768,175,537600,4.662495374679565,14.16635513305664,0.0,0.0,0.0,0.0,0.0,0.0,0.0,0.0,0.0,0.0,0.0,0.0,0.0,0.0,0.0,0.0,0,D1::D1-Q012,0.0
D1,D1-Q013,list_membership,normal,advanced,768,175,537600,4.662495374679565,14.629125595092773,0.6666666666666666,1.0,0.0,0.6666666666666666,1.0,0.0,0.6666666666666666,1.0,0.0,0.6666666666666666,1.0,0.0,1.0,0.9385574520455129,0.9385574520455129,0.6666666666666666,2,D1::D1-Q013,0.6666666666666666
D1,D1-Q014,exact_fact,normal,advanced,768,175,537600,4.662495374679565,14.386415481567383,1.0,1.0,1.0,1.0,1.0,1.0,1.0,1.0,1.0,1.0,1.0,1.0,1.0,1.0,1.0,1.0,1,D1::D1-Q014,1.0
D1,D1-Q015,exact_fact,normal,advanced,768,175,537600,4.662495374679565,14.533758163452148,0.0,0.0,0.0,1.0,1.0,1.0,1.0,1.0,1.0,1.0,1.0,1.0,0.5,0.6309297535714575,0.6309297535714575,1.0,1,D1::D1-Q015,1.0
D1,D1-Q016,list_membership,normal,advanced,768,175,537600,4.662495374679565,14.294147491455078,0.0,0.0,0.0,1.0,1.0,1.0,1.0,1.0,1.0,1.0,1.0,1.0,0.5,0.8882457328975957,0.8882457328975957,1.0,3,D1::D1-Q016,1.0
D1,D1-Q017,exact_fact,normal,advanced,768,175,537600,4.662495374679565,15.184164047241211,0.0,0.0,0.0,0.0,0.0,0.0,1.0,1.0,1.0,1.0,1.0,1.0,0.2,0.38685280723454163,0.38685280723454163,1.0,1,D1::D1-Q017,1.0
D1,D1-Q018,exact_fact,normal,advanced,768,175,537600,4.662495374679565,14.121055603027344,1.0,1.0,1.0,1.0,1.0,1.0,1.0,1.0,1.0,1.0,1.0,1.0,1.0,1.0,1.0,1.0,1,D1::D1-Q018,1.0
D1,D1-Q019,conditional_exception,normal,advanced,768,175,537600,4.662495374679565,13.964414596557617,1.0,1.0,1.0,1.0,1.0,1.0,1.0,1.0,1.0,1.0,1.0,1.0,1.0,1.0,1.0,1.0,1,D1::D1-Q019,1.0
D1,D1-Q020,procedural,normal,advanced,768,175,537600,4.662495374679565,13.644695281982422,1.0,1.0,1.0,1.0,1.0,1.0,1.0,1.0,1.0,1.0,1.0,1.0,1.0,1.0,1.0,1.0,1,D1::D1-Q020,1.0
D1,D1-Q021,conditional_exception,normal,advanced,768,175,537600,4.662495374679565,14.071464538574219,1.0,1.0,1.0,1.0,1.0,1.0,1.0,1.0,1.0,1.0,1.0,1.0,1.0,1.0,1.0,1.0,1,D1::D1-Q021,1.0
D1,D1-Q022,numerical,normal,advanced,768,175,537600,4.662495374679565,14.013290405273438,1.0,1.0,1.0,1.0,1.0,1.0,1.0,1.0,1.0,1.0,1.0,1.0,1.0,1.0,1.0,1.0,1,D1::D1-Q022,1.0
D1,D1-Q023,negation,normal,advanced,768,175,537600,4.662495374679565,13.688802719116211,1.0,1.0,1.0,1.0,1.0,1.0,1.0,1.0,1.0,1.0,1.0,1.0,1.0,1.0,1.0,1.0,1,D1::D1-Q023,1.0
D1,D1-Q024,conditional_exception,normal,advanced,768,175,537600,4.662495374679565,14.125823974609375,1.0,1.0,1.0,1.0,1.0,1.0,1.0,1.0,1.0,1.0,1.0,1.0,1.0,1.0,1.0,1.0,1,D1::D1-Q024,1.0
D1,D1-Q025,negation,normal,advanced,768,175,537600,4.662495374679565,20.57027816772461,0.0,0.0,0.0,0.0,0.0,0.0,1.0,1.0,1.0,1.0,1.0,1.0,0.25,0.43067655807339306,0.43067655807339306,1.0,1,D1::D1-Q025,1.0
D1,D1-Q026,paraphrase,normal,advanced,768,175,537600,4.662495374679565,22.133827209472656,1.0,1.0,1.0,1.0,1.0,1.0,1.0,1.0,1.0,1.0,1.0,1.0,1.0,1.0,1.0,1.0,1,D1::D1-Q026,1.0
D1,D1-Q027,exact_fact,normal,advanced,768,175,537600,4.662495374679565,14.210939407348633,1.0,1.0,1.0,1.0,1.0,1.0,1.0,1.0,1.0,1.0,1.0,1.0,1.0,1.0,1.0,1.0,1,D1::D1-Q027,1.0
D1,D1-Q028,conditional_exception,normal,advanced,768,175,537600,4.662495374679565,15.960931777954102,1.0,1.0,1.0,1.0,1.0,1.0,1.0,1.0,1.0,1.0,1.0,1.0,1.0,1.0,1.0,1.0,1,D1::D1-Q028,1.0
D1,D1-Q029,exact_fact,normal,advanced,768,175,537600,4.662495374679565,14.976024627685547,0.0,0.0,0.0,1.0,1.0,1.0,1.0,1.0,1.0,1.0,1.0,1.0,0.5,0.6309297535714575,0.6309297535714575,1.0,1,D1::D1-Q029,1.0
D1,D1-Q030,exact_fact,normal,advanced,768,175,537600,4.662495374679565,14.501094818115234,0.0,0.0,0.0,0.0,0.0,0.0,0.0,0.0,0.0,0.0,0.0,0.0,0.0,0.0,0.0,0.0,0,D1::D1-Q030,0.0
D1,D1-Q031,negation,normal,advanced,768,175,537600,4.662495374679565,14.133930206298828,1.0,1.0,1.0,1.0,1.0,1.0,1.0,1.0,1.0,1.0,1.0,1.0,1.0,1.0,1.0,1.0,1,D1::D1-Q031,1.0
D1,D1-Q032,temporal,normal,advanced,768,175,537600,4.662495374679565,14.717817306518555,1.0,1.0,1.0,1.0,1.0,1.0,1.0,1.0,1.0,1.0,1.0,1.0,1.0,1.0,1.0,1.0,1,D1::D1-Q032,1.0
D1,D1-Q033,exact_fact,normal,advanced,768,175,537600,4.662495374679565,20.661354064941406,1.0,1.0,1.0,1.0,1.0,1.0,1.0,1.0,1.0,1.0,1.0,1.0,1.0,1.0,1.0,1.0,1,D1::D1-Q033,1.0
D1,D1-Q034,negation,normal,advanced,768,175,537600,4.662495374679565,15.293359756469727,1.0,1.0,1.0,1.0,1.0,1.0,1.0,1.0,1.0,1.0,1.0,1.0,1.0,1.0,1.0,1.0,1,D1::D1-Q034,1.0
D1,D1-Q035,numerical,normal,advanced,768,175,537600,4.662495374679565,14.961719512939453,1.0,1.0,1.0,1.0,1.0,1.0,1.0,1.0,1.0,1.0,1.0,1.0,1.0,1.0,1.0,1.0,1,D1::D1-Q035,1.0
D1,D1-Q036,conditional_exception,normal,advanced,768,175,537600,4.662495374679565,14.170646667480469,1.0,1.0,1.0,1.0,1.0,1.0,1.0,1.0,1.0,1.0,1.0,1.0,1.0,1.0,1.0,1.0,1,D1::D1-Q036,1.0
D1,D1-Q037,conditional_exception,normal,advanced,768,175,537600,4.662495374679565,14.930963516235352,0.0,0.0,0.0,1.0,1.0,1.0,1.0,1.0,1.0,1.0,1.0,1.0,0.3333333333333333,0.5,0.5,1.0,1,D1::D1-Q037,1.0
D1,D1-Q038,negation,normal,advanced,768,175,537600,4.662495374679565,13.587713241577148,1.0,1.0,1.0,1.0,1.0,1.0,1.0,1.0,1.0,1.0,1.0,1.0,1.0,1.0,1.0,1.0,1,D1::D1-Q038,1.0
D1,D1-Q039,exact_fact,normal,advanced,768,175,537600,4.662495374679565,14.188528060913086,1.0,1.0,1.0,1.0,1.0,1.0,1.0,1.0,1.0,1.0,1.0,1.0,1.0,1.0,1.0,1.0,1,D1::D1-Q039,1.0
D1,D1-Q040,exact_fact,normal,advanced,768,175,537600,4.662495374679565,13.968229293823242,1.0,1.0,1.0,1.0,1.0,1.0,1.0,1.0,1.0,1.0,1.0,1.0,1.0,1.0,1.0,1.0,1,D1::D1-Q040,1.0
D1,D1-Q041,negation,normal,advanced,768,175,537600,4.662495374679565,13.767480850219727,1.0,1.0,1.0,1.0,1.0,1.0,1.0,1.0,1.0,1.0,1.0,1.0,1.0,1.0,1.0,1.0,1,D1::D1-Q041,1.0
D1,D1-Q042,exact_fact,normal,advanced,768,175,537600,4.662495374679565,14.197111129760742,1.0,1.0,1.0,1.0,1.0,1.0,1.0,1.0,1.0,1.0,1.0,1.0,1.0,1.0,1.0,1.0,1,D1::D1-Q042,1.0
D1,D1-Q043,list_membership,normal,advanced,768,175,537600,4.662495374679565,14.878034591674805,1.0,1.0,1.0,1.0,1.0,1.0,1.0,1.0,1.0,1.0,1.0,1.0,1.0,1.0,1.0,1.0,1,D1::D1-Q043,1.0
D1,D1-Q044,exact_fact,normal,advanced,768,175,537600,4.662495374679565,14.206647872924805,1.0,1.0,1.0,1.0,1.0,1.0,1.0,1.0,1.0,1.0,1.0,1.0,1.0,1.0,1.0,1.0,1,D1::D1-Q044,1.0
D1,D1-Q045,exact_fact,normal,advanced,768,175,537600,4.662495374679565,13.962984085083008,1.0,1.0,1.0,1.0,1.0,1.0,1.0,1.0,1.0,1.0,1.0,1.0,1.0,1.0,1.0,1.0,1,D1::D1-Q045,1.0
D1,D1-Q046,procedural,normal,advanced,768,175,537600,4.662495374679565,14.465570449829102,0.0,0.0,0.0,1.0,1.0,1.0,1.0,1.0,1.0,1.0,1.0,1.0,0.3333333333333333,0.5,0.5,1.0,1,D1::D1-Q046,1.0
D1,D1-Q047,numerical,normal,advanced,768,175,537600,4.662495374679565,14.025211334228516,1.0,1.0,1.0,1.0,1.0,1.0,1.0,1.0,1.0,1.0,1.0,1.0,1.0,1.0,1.0,1.0,1,D1::D1-Q047,1.0
D1,D1-Q048,negation,normal,advanced,768,175,537600,4.662495374679565,14.191389083862305,0.0,0.0,0.0,1.0,1.0,1.0,1.0,1.0,1.0,1.0,1.0,1.0,0.5,0.6309297535714575,0.6309297535714575,1.0,1,D1::D1-Q048,1.0
D1,D1-Q049,procedural,normal,advanced,768,175,537600,4.662495374679565,13.993978500366211,1.0,1.0,1.0,1.0,1.0,1.0,1.0,1.0,1.0,1.0,1.0,1.0,1.0,1.0,1.0,1.0,1,D1::D1-Q049,1.0
D1,D1-Q050,procedural,normal,advanced,768,175,537600,4.662495374679565,15.089988708496094,1.0,1.0,1.0,1.0,1.0,1.0,1.0,1.0,1.0,1.0,1.0,1.0,1.0,1.0,1.0,1.0,1,D1::D1-Q050,1.0
D1,D1-Q051,list_membership,normal,advanced,768,175,537600,4.662495374679565,14.315128326416016,1.0,1.0,1.0,1.0,1.0,1.0,1.0,1.0,1.0,1.0,1.0,1.0,1.0,1.4078361780682693,1.4078361780682693,1.0,3,D1::D1-Q051,1.0
D1,D1-Q052,negation,normal,advanced,768,175,537600,4.662495374679565,14.20140266418457,1.0,1.0,1.0,1.0,1.0,1.0,1.0,1.0,1.0,1.0,1.0,1.0,1.0,1.0,1.0,1.0,1,D1::D1-Q052,1.0
D1,D1-Q053,numerical,normal,advanced,768,175,537600,4.662495374679565,14.229059219360352,1.0,1.0,1.0,1.0,1.0,1.0,1.0,1.0,1.0,1.0,1.0,1.0,1.0,1.0,1.0,1.0,1,D1::D1-Q053,1.0
D1,D1-Q054,exact_fact,normal,advanced,768,175,537600,4.662495374679565,15.191078186035156,1.0,1.0,1.0,1.0,1.0,1.0,1.0,1.0,1.0,1.0,1.0,1.0,1.0,1.0,1.0,1.0,1,D1::D1-Q054,1.0
D1,D1-Q055,conditional_exception,normal,advanced,768,175,537600,4.662495374679565,15.442609786987305,1.0,1.0,1.0,1.0,1.0,1.0,1.0,1.0,1.0,1.0,1.0,1.0,1.0,1.0,1.0,1.0,1,D1::D1-Q055,1.0
D1,D1-Q056,procedural,normal,advanced,768,175,537600,4.662495374679565,14.321088790893555,1.0,1.0,1.0,1.0,1.0,1.0,1.0,1.0,1.0,1.0,1.0,1.0,1.0,1.0,1.0,1.0,1,D1::D1-Q056,1.0
D1,D1-Q057,exact_fact,normal,advanced,768,175,537600,4.662495374679565,15.49839973449707,1.0,1.0,1.0,1.0,1.0,1.0,1.0,1.0,1.0,1.0,1.0,1.0,1.0,1.0,1.0,1.0,1,D1::D1-Q057,1.0
D1,D1-Q058,negation,normal,advanced,768,175,537600,4.662495374679565,14.678239822387695,1.0,1.0,1.0,1.0,1.0,1.0,1.0,1.0,1.0,1.0,1.0,1.0,1.0,1.0,1.0,1.0,1,D1::D1-Q058,1.0
D1,D1-Q059,procedural,normal,advanced,768,175,537600,4.662495374679565,14.98723030090332,0.0,0.0,0.0,1.0,1.0,1.0,1.0,1.0,1.0,1.0,1.0,1.0,0.3333333333333333,0.5,0.5,1.0,1,D1::D1-Q059,1.0
D1,D1-Q060,negation,normal,advanced,768,175,537600,4.662495374679565,14.409065246582031,1.0,1.0,1.0,1.0,1.0,1.0,1.0,1.0,1.0,1.0,1.0,1.0,1.0,1.0,1.0,1.0,1,D1::D1-Q060,1.0
D1,D1-Q061,procedural,normal,advanced,768,175,537600,4.662495374679565,14.464855194091797,1.0,1.0,1.0,1.0,1.0,1.0,1.0,1.0,1.0,1.0,1.0,1.0,1.0,1.0,1.0,1.0,1,D1::D1-Q061,1.0
D1,D1-Q062,numerical,normal,advanced,768,175,537600,4.662495374679565,15.532493591308594,1.0,1.0,1.0,1.0,1.0,1.0,1.0,1.0,1.0,1.0,1.0,1.0,1.0,1.0,1.0,1.0,1,D1::D1-Q062,1.0
D1,D1-Q063,numerical,normal,advanced,768,175,537600,4.662495374679565,15.259027481079102,1.0,1.0,1.0,1.0,1.0,1.0,1.0,1.0,1.0,1.0,1.0,1.0,1.0,1.0,1.0,1.0,1,D1::D1-Q063,1.0
D1,D1-Q064,numerical,normal,advanced,768,175,537600,4.662495374679565,14.308691024780273,1.0,1.0,1.0,1.0,1.0,1.0,1.0,1.0,1.0,1.0,1.0,1.0,1.0,1.0,1.0,1.0,1,D1::D1-Q064,1.0
D1,D1-Q065,numerical,normal,advanced,768,175,537600,4.662495374679565,14.3890380859375,1.0,1.0,1.0,1.0,1.0,1.0,1.0,1.0,1.0,1.0,1.0,1.0,1.0,1.0,1.0,1.0,1,D1::D1-Q065,1.0
D1,D1-Q066,list_membership,normal,advanced,768,175,537600,4.662495374679565,14.550209045410156,1.0,1.0,1.0,1.0,1.0,1.0,1.0,1.0,1.0,1.0,1.0,1.0,1.0,1.0,1.0,1.0,1,D1::D1-Q066,1.0
D1,D1-Q067,numerical,normal,advanced,768,175,537600,4.662495374679565,15.529632568359375,1.0,1.0,1.0,1.0,1.0,1.0,1.0,1.0,1.0,1.0,1.0,1.0,1.0,1.0,1.0,1.0,1,D1::D1-Q067,1.0
D1,D1-Q068,numerical,normal,advanced,768,175,537600,4.662495374679565,14.2669677734375,0.0,0.0,0.0,1.0,1.0,1.0,1.0,1.0,1.0,1.0,1.0,1.0,0.5,0.6309297535714575,0.6309297535714575,1.0,1,D1::D1-Q068,1.0
D1,D1-Q069,numerical,normal,advanced,768,175,537600,4.662495374679565,14.219999313354492,1.0,1.0,1.0,1.0,1.0,1.0,1.0,1.0,1.0,1.0,1.0,1.0,1.0,1.0,1.0,1.0,1,D1::D1-Q069,1.0
D1,D1-Q070,numerical,normal,advanced,768,175,537600,4.662495374679565,14.087677001953125,0.0,0.0,0.0,1.0,1.0,1.0,1.0,1.0,1.0,1.0,1.0,1.0,0.5,0.6309297535714575,0.6309297535714575,1.0,1,D1::D1-Q070,1.0
D1,D1-Q071,numerical,normal,advanced,768,175,537600,4.662495374679565,14.53399658203125,1.0,1.0,1.0,1.0,1.0,1.0,1.0,1.0,1.0,1.0,1.0,1.0,1.0,1.0,1.0,1.0,1,D1::D1-Q071,1.0
D1,D1-Q072,numerical,normal,advanced,768,175,537600,4.662495374679565,15.700340270996094,1.0,1.0,1.0,1.0,1.0,1.0,1.0,1.0,1.0,1.0,1.0,1.0,1.0,1.0,1.0,1.0,1,D1::D1-Q072,1.0
D1,D1-Q073,numerical,normal,advanced,768,175,537600,4.662495374679565,14.455080032348633,1.0,1.0,1.0,1.0,1.0,1.0,1.0,1.0,1.0,1.0,1.0,1.0,1.0,1.0,1.0,1.0,1,D1::D1-Q073,1.0
D1,D1-Q074,numerical,normal,advanced,768,175,537600,4.662495374679565,15.327692031860352,0.0,0.0,0.0,0.0,0.0,0.0,1.0,1.0,1.0,1.0,1.0,1.0,0.2,0.38685280723454163,0.38685280723454163,1.0,1,D1::D1-Q074,1.0
D1,D1-Q075,numerical,normal,advanced,768,175,537600,4.662495374679565,14.91999626159668,0.0,0.0,0.0,1.0,1.0,1.0,1.0,1.0,1.0,1.0,1.0,1.0,0.5,0.6309297535714575,0.6309297535714575,1.0,1,D1::D1-Q075,1.0
D1,D1-Q076,numerical,normal,advanced,768,175,537600,4.662495374679565,14.627933502197266,1.0,1.0,1.0,1.0,1.0,1.0,1.0,1.0,1.0,1.0,1.0,1.0,1.0,1.0,1.0,1.0,1,D1::D1-Q076,1.0
D1,D1-Q077,numerical,normal,advanced,768,175,537600,4.662495374679565,15.725851058959961,1.0,1.0,1.0,1.0,1.0,1.0,1.0,1.0,1.0,1.0,1.0,1.0,1.0,1.0,1.0,1.0,1,D1::D1-Q077,1.0
D1,D1-Q078,conditional_exception,normal,advanced,768,175,537600,4.662495374679565,14.526605606079102,1.0,1.0,1.0,1.0,1.0,1.0,1.0,1.0,1.0,1.0,1.0,1.0,1.0,1.0,1.0,1.0,1,D1::D1-Q078,1.0
D1,D1-Q079,conditional_exception,normal,advanced,768,175,537600,4.662495374679565,14.651775360107422,1.0,1.0,1.0,1.0,1.0,1.0,1.0,1.0,1.0,1.0,1.0,1.0,1.0,1.4078361780682693,1.4078361780682693,1.0,3,D1::D1-Q079,1.0
D1,D1-Q080,numerical,normal,advanced,768,175,537600,4.662495374679565,14.109611511230469,0.5,1.0,0.0,1.0,1.0,1.0,1.0,1.0,1.0,1.0,1.0,1.0,1.0,1.0,1.0,1.0,2,D1::D1-Q080,1.0
D1,D1-Q081,numerical,normal,advanced,768,175,537600,4.662495374679565,14.116525650024414,1.0,1.0,1.0,1.0,1.0,1.0,1.0,1.0,1.0,1.0,1.0,1.0,1.0,1.0,1.0,1.0,1,D1::D1-Q081,1.0
D1,D1-Q082,procedural,normal,advanced,768,175,537600,4.662495374679565,13.90385627746582,1.0,1.0,1.0,1.0,1.0,1.0,1.0,1.0,1.0,1.0,1.0,1.0,1.0,1.0,1.0,1.0,1,D1::D1-Q082,1.0
D1,D1-Q083,numerical,normal,advanced,768,175,537600,4.662495374679565,14.095067977905273,0.0,0.0,0.0,0.5,1.0,0.0,0.5,1.0,0.0,1.0,1.0,1.0,0.5,0.38685280723454163,0.6052602440527057,1.0,2,D1::D1-Q083,1.0
D1,D1-Q084,exact_fact,normal,advanced,768,175,537600,4.662495374679565,13.933181762695312,1.0,1.0,1.0,1.0,1.0,1.0,1.0,1.0,1.0,1.0,1.0,1.0,1.0,1.0,1.0,1.0,1,D1::D1-Q084,1.0
D1,D1-Q085,numerical,normal,advanced,768,175,537600,4.662495374679565,14.455795288085938,1.0,1.0,1.0,1.0,1.0,1.0,1.0,1.0,1.0,1.0,1.0,1.0,1.0,1.0,1.0,1.0,1,D1::D1-Q085,1.0
D1,D1-Q086,negation,normal,advanced,768,175,537600,4.662495374679565,14.082670211791992,1.0,1.0,1.0,1.0,1.0,1.0,1.0,1.0,1.0,1.0,1.0,1.0,1.0,1.0,1.0,1.0,1,D1::D1-Q086,1.0
D1,D1-Q087,numerical,normal,advanced,768,175,537600,4.662495374679565,15.240907669067383,1.0,1.0,1.0,1.0,1.0,1.0,1.0,1.0,1.0,1.0,1.0,1.0,1.0,1.0,1.0,1.0,1,D1::D1-Q087,1.0
D1,D1-Q088,numerical,normal,advanced,768,175,537600,4.662495374679565,15.033483505249023,1.0,1.0,1.0,1.0,1.0,1.0,1.0,1.0,1.0,1.0,1.0,1.0,1.0,1.0,1.0,1.0,1,D1::D1-Q088,1.0
D1,D1-Q089,numerical,normal,advanced,768,175,537600,4.662495374679565,25.890111923217773,0.0,0.0,0.0,0.0,0.0,0.0,1.0,1.0,1.0,1.0,1.0,1.0,0.25,0.43067655807339306,0.43067655807339306,1.0,1,D1::D1-Q089,1.0
D1,D1-Q090,numerical,normal,advanced,768,175,537600,4.662495374679565,25.66218376159668,1.0,1.0,1.0,1.0,1.0,1.0,1.0,1.0,1.0,1.0,1.0,1.0,1.0,1.0,1.0,1.0,1,D1::D1-Q090,1.0
D1,D1-Q091,numerical,normal,advanced,768,175,537600,4.662495374679565,19.879579544067383,1.0,1.0,1.0,1.0,1.0,1.0,1.0,1.0,1.0,1.0,1.0,1.0,1.0,1.0,1.0,1.0,1,D1::D1-Q091,1.0
D1,D1-Q092,procedural,normal,advanced,768,175,537600,4.662495374679565,14.531373977661133,0.0,0.0,0.0,1.0,1.0,1.0,1.0,1.0,1.0,1.0,1.0,1.0,0.5,0.6309297535714575,0.6309297535714575,1.0,1,D1::D1-Q092,1.0
D1,D1-Q093,numerical,normal,advanced,768,175,537600,4.662495374679565,19.05679702758789,1.0,1.0,1.0,1.0,1.0,1.0,1.0,1.0,1.0,1.0,1.0,1.0,1.0,1.0,1.0,1.0,1,D1::D1-Q093,1.0
D1,D1-Q094,exact_fact,normal,advanced,768,175,537600,4.662495374679565,17.009258270263672,0.0,0.0,0.0,0.0,0.0,0.0,1.0,1.0,1.0,1.0,1.0,1.0,0.25,0.43067655807339306,0.43067655807339306,1.0,1,D1::D1-Q094,1.0
D1,D1-Q095,exact_fact,normal,advanced,768,175,537600,4.662495374679565,14.493465423583984,0.0,0.0,0.0,1.0,1.0,1.0,1.0,1.0,1.0,1.0,1.0,1.0,0.5,0.6309297535714575,0.6309297535714575,1.0,1,D1::D1-Q095,1.0
D1,D1-Q096,negation,normal,advanced,768,175,537600,4.662495374679565,14.661073684692383,1.0,1.0,1.0,1.0,1.0,1.0,1.0,1.0,1.0,1.0,1.0,1.0,1.0,1.0,1.0,1.0,1,D1::D1-Q096,1.0
D1,D1-Q097,exact_fact,normal,advanced,768,175,537600,4.662495374679565,14.50967788696289,1.0,1.0,1.0,1.0,1.0,1.0,1.0,1.0,1.0,1.0,1.0,1.0,1.0,1.0,1.0,1.0,1,D1::D1-Q097,1.0
D1,D1-Q098,numerical,normal,advanced,768,175,537600,4.662495374679565,14.301300048828125,1.0,1.0,1.0,1.0,1.0,1.0,1.0,1.0,1.0,1.0,1.0,1.0,1.0,1.0,1.0,1.0,1,D1::D1-Q098,1.0
D1,D1-Q099,numerical,normal,advanced,768,175,537600,4.662495374679565,14.118671417236328,1.0,1.0,1.0,1.0,1.0,1.0,1.0,1.0,1.0,1.0,1.0,1.0,1.0,1.0,1.0,1.0,1,D1::D1-Q099,1.0
D1,D1-Q100,exact_fact,normal,advanced,768,175,537600,4.662495374679565,14.770746231079102,1.0,1.0,1.0,1.0,1.0,1.0,1.0,1.0,1.0,1.0,1.0,1.0,1.0,1.0,1.0,1.0,1,D1::D1-Q100,1.0
D1,D1-Q101,numerical,normal,advanced,768,175,537600,4.662495374679565,14.806270599365234,1.0,1.0,1.0,1.0,1.0,1.0,1.0,1.0,1.0,1.0,1.0,1.0,1.0,1.0,1.0,1.0,1,D1::D1-Q101,1.0
D1,D1-Q102,negation,normal,advanced,768,175,537600,4.662495374679565,14.874935150146484,0.0,0.0,0.0,1.0,1.0,1.0,1.0,1.0,1.0,1.0,1.0,1.0,0.3333333333333333,0.5,0.5,1.0,1,D1::D1-Q102,1.0
D1,D1-Q103,numerical,normal,advanced,768,175,537600,4.662495374679565,16.520261764526367,1.0,1.0,1.0,1.0,1.0,1.0,1.0,1.0,1.0,1.0,1.0,1.0,1.0,1.0,1.0,1.0,1,D1::D1-Q103,1.0
D1,D1-Q104,negation,normal,advanced,768,175,537600,4.662495374679565,14.42718505859375,1.0,1.0,1.0,1.0,1.0,1.0,1.0,1.0,1.0,1.0,1.0,1.0,1.0,1.0,1.0,1.0,1,D1::D1-Q104,1.0
D1,D1-Q105,numerical,normal,advanced,768,175,537600,4.662495374679565,14.467954635620117,1.0,1.0,1.0,1.0,1.0,1.0,1.0,1.0,1.0,1.0,1.0,1.0,1.0,1.0,1.0,1.0,1,D1::D1-Q105,1.0
D1,D1-Q106,numerical,normal,advanced,768,175,537600,4.662495374679565,14.838695526123047,1.0,1.0,1.0,1.0,1.0,1.0,1.0,1.0,1.0,1.0,1.0,1.0,1.0,1.0,1.0,1.0,1,D1::D1-Q106,1.0
D1,D1-Q107,numerical,normal,advanced,768,175,537600,4.662495374679565,14.576435089111328,0.0,0.0,0.0,1.0,1.0,1.0,1.0,1.0,1.0,1.0,1.0,1.0,0.5,0.6309297535714575,0.6309297535714575,1.0,1,D1::D1-Q107,1.0
D1,D1-Q108,numerical,normal,advanced,768,175,537600,4.662495374679565,14.713764190673828,0.0,0.0,0.0,1.0,1.0,1.0,1.0,1.0,1.0,1.0,1.0,1.0,0.5,0.6309297535714575,0.6309297535714575,1.0,1,D1::D1-Q108,1.0
D1,D1-Q109,numerical,normal,advanced,768,175,537600,4.662495374679565,14.425277709960938,0.0,0.0,0.0,1.0,1.0,1.0,1.0,1.0,1.0,1.0,1.0,1.0,0.5,0.6309297535714575,0.6309297535714575,1.0,1,D1::D1-Q109,1.0
D1,D1-Q110,exact_fact,normal,advanced,768,175,537600,4.662495374679565,15.135526657104492,1.0,1.0,1.0,1.0,1.0,1.0,1.0,1.0,1.0,1.0,1.0,1.0,1.0,1.0,1.0,1.0,1,D1::D1-Q110,1.0
D1,D1-Q111,exact_fact,normal,advanced,768,175,537600,4.662495374679565,15.061378479003906,1.0,1.0,1.0,1.0,1.0,1.0,1.0,1.0,1.0,1.0,1.0,1.0,1.0,1.0,1.0,1.0,1,D1::D1-Q111,1.0
D1,D1-Q112,numerical,normal,advanced,768,175,537600,4.662495374679565,14.649152755737305,1.0,1.0,1.0,1.0,1.0,1.0,1.0,1.0,1.0,1.0,1.0,1.0,1.0,1.0,1.0,1.0,1,D1::D1-Q112,1.0
D1,D1-Q113,numerical,normal,advanced,768,175,537600,4.662495374679565,14.088869094848633,1.0,1.0,1.0,1.0,1.0,1.0,1.0,1.0,1.0,1.0,1.0,1.0,1.0,1.0,1.0,1.0,1,D1::D1-Q113,1.0
D1,D1-Q114,numerical,normal,advanced,768,175,537600,4.662495374679565,14.171838760375977,1.0,1.0,1.0,1.0,1.0,1.0,1.0,1.0,1.0,1.0,1.0,1.0,1.0,1.0,1.0,1.0,1,D1::D1-Q114,1.0
D1,D1-Q115,negation,normal,advanced,768,175,537600,4.662495374679565,15.531778335571289,1.0,1.0,1.0,1.0,1.0,1.0,1.0,1.0,1.0,1.0,1.0,1.0,1.0,1.0,1.0,1.0,1,D1::D1-Q115,1.0
D1,D1-Q116,list_membership,normal,advanced,768,175,537600,4.662495374679565,19.237995147705078,1.0,1.0,1.0,1.0,1.0,1.0,1.0,1.0,1.0,1.0,1.0,1.0,1.0,1.4078361780682693,1.4078361780682693,1.0,3,D1::D1-Q116,1.0
D1,D1-Q117,numerical,normal,advanced,768,175,537600,4.662495374679565,15.604019165039062,1.0,1.0,1.0,1.0,1.0,1.0,1.0,1.0,1.0,1.0,1.0,1.0,1.0,1.0,1.0,1.0,1,D1::D1-Q117,1.0
D1,D1-Q118,negation,normal,advanced,768,175,537600,4.662495374679565,14.419317245483398,1.0,1.0,1.0,1.0,1.0,1.0,1.0,1.0,1.0,1.0,1.0,1.0,1.0,1.0,1.0,1.0,1,D1::D1-Q118,1.0
D1,D1-Q119,exact_fact,normal,advanced,768,175,537600,4.662495374679565,14.613866806030273,1.0,1.0,1.0,1.0,1.0,1.0,1.0,1.0,1.0,1.0,1.0,1.0,1.0,1.0,1.0,1.0,1,D1::D1-Q119,1.0
D1,D1-Q120,numerical,normal,advanced,768,175,537600,4.662495374679565,14.256715774536133,1.0,1.0,1.0,1.0,1.0,1.0,1.0,1.0,1.0,1.0,1.0,1.0,1.0,1.2262943855309167,1.2262943855309167,1.0,2,D1::D1-Q120,1.0
D1,D1-Q121,numerical,normal,advanced,768,175,537600,4.662495374679565,14.518499374389648,1.0,1.0,1.0,1.0,1.0,1.0,1.0,1.0,1.0,1.0,1.0,1.0,1.0,1.0,1.0,1.0,1,D1::D1-Q121,1.0
D1,D1-Q122,numerical,normal,advanced,768,175,537600,4.662495374679565,15.213727951049805,1.0,1.0,1.0,1.0,1.0,1.0,1.0,1.0,1.0,1.0,1.0,1.0,1.0,1.0,1.0,1.0,1,D1::D1-Q122,1.0
D1,D1-Q123,procedural,normal,advanced,768,175,537600,4.662495374679565,15.326261520385742,1.0,1.0,1.0,1.0,1.0,1.0,1.0,1.0,1.0,1.0,1.0,1.0,1.0,1.0,1.0,1.0,1,D1::D1-Q123,1.0
D1,D1-Q124,exact_fact,normal,advanced,768,175,537600,4.662495374679565,14.216423034667969,1.0,1.0,1.0,1.0,1.0,1.0,1.0,1.0,1.0,1.0,1.0,1.0,1.0,1.0,1.0,1.0,1,D1::D1-Q124,1.0
D1,D1-Q125,exact_fact,normal,advanced,768,175,537600,4.662495374679565,14.236688613891602,1.0,1.0,1.0,1.0,1.0,1.0,1.0,1.0,1.0,1.0,1.0,1.0,1.0,1.0,1.0,1.0,1,D1::D1-Q125,1.0
D1,D1-Q126,negation,normal,advanced,768,175,537600,4.662495374679565,14.18614387512207,1.0,1.0,1.0,1.0,1.0,1.0,1.0,1.0,1.0,1.0,1.0,1.0,1.0,1.0,1.0,1.0,1,D1::D1-Q126,1.0
D1,D1-Q127,numerical,normal,advanced,768,175,537600,4.662495374679565,14.199495315551758,1.0,1.0,1.0,1.0,1.0,1.0,1.0,1.0,1.0,1.0,1.0,1.0,1.0,1.0,1.0,1.0,1,D1::D1-Q127,1.0
D1,D1-Q128,numerical,normal,advanced,768,175,537600,4.662495374679565,14.258861541748047,1.0,1.0,1.0,1.0,1.0,1.0,1.0,1.0,1.0,1.0,1.0,1.0,1.0,1.0,1.0,1.0,1,D1::D1-Q128,1.0
D1,D1-Q129,exact_fact,normal,advanced,768,175,537600,4.662495374679565,14.272451400756836,1.0,1.0,1.0,1.0,1.0,1.0,1.0,1.0,1.0,1.0,1.0,1.0,1.0,1.0,1.0,1.0,1,D1::D1-Q129,1.0
D1,D1-Q130,numerical,normal,advanced,768,175,537600,4.662495374679565,14.627933502197266,1.0,1.0,1.0,1.0,1.0,1.0,1.0,1.0,1.0,1.0,1.0,1.0,1.0,1.0,1.0,1.0,1,D1::D1-Q130,1.0
D1,D1-Q131,negation,normal,advanced,768,175,537600,4.662495374679565,14.483451843261719,1.0,1.0,1.0,1.0,1.0,1.0,1.0,1.0,1.0,1.0,1.0,1.0,1.0,1.0,1.0,1.0,1,D1::D1-Q131,1.0
D1,D1-Q132,negation,normal,advanced,768,175,537600,4.662495374679565,16.962289810180664,1.0,1.0,1.0,1.0,1.0,1.0,1.0,1.0,1.0,1.0,1.0,1.0,1.0,1.0,1.0,1.0,1,D1::D1-Q132,1.0
D1,D1-Q133,procedural,normal,advanced,768,175,537600,4.662495374679565,15.942573547363281,0.6666666666666666,1.0,0.0,1.0,1.0,1.0,1.0,1.0,1.0,1.0,1.0,1.0,1.0,1.234639363011378,1.234639363011378,1.0,3,D1::D1-Q133,1.0
D1,D1-Q134,exact_fact,normal,advanced,768,175,537600,4.662495374679565,14.480829238891602,1.0,1.0,1.0,1.0,1.0,1.0,1.0,1.0,1.0,1.0,1.0,1.0,1.0,1.0,1.0,1.0,1,D1::D1-Q134,1.0
D1,D1-Q135,conditional_exception,normal,advanced,768,175,537600,4.662495374679565,15.255928039550781,1.0,1.0,1.0,1.0,1.0,1.0,1.0,1.0,1.0,1.0,1.0,1.0,1.0,1.0,1.0,1.0,1,D1::D1-Q135,1.0
D1,D1-Q136,exact_fact,normal,advanced,768,175,537600,4.662495374679565,15.228986740112305,0.0,0.0,0.0,1.0,1.0,1.0,1.0,1.0,1.0,1.0,1.0,1.0,0.3333333333333333,0.5,0.5,1.0,1,D1::D1-Q136,1.0
D1,D1-Q137,table_lookup,normal,advanced,768,175,537600,4.662495374679565,16.741037368774414,0.6666666666666666,1.0,0.0,0.6666666666666666,1.0,0.0,0.6666666666666666,1.0,0.0,0.6666666666666666,1.0,0.0,1.0,1.3566408210944645,1.2104096539952538,0.6666666666666666,4,D1::D1-Q137,0.6666666666666666
D1,D1-Q138,table_context,normal,advanced,768,175,537600,4.662495374679565,14.927148818969727,0.0,0.0,0.0,0.0,0.0,0.0,1.0,1.0,1.0,1.0,1.0,1.0,0.25,0.6063220395016428,0.6063220395016428,1.0,3,D1::D1-Q138,1.0
D1,D1-Q139,heading_context,normal,advanced,768,175,537600,4.662495374679565,14.48369026184082,0.0,0.0,0.0,0.0,0.0,0.0,1.0,1.0,1.0,1.0,1.0,1.0,0.2,0.38685280723454163,0.38685280723454163,1.0,1,D1::D1-Q139,1.0
D1,D1-Q140,exact_fact,normal,advanced,768,175,537600,4.662495374679565,15.043973922729492,1.0,1.0,1.0,1.0,1.0,1.0,1.0,1.0,1.0,1.0,1.0,1.0,1.0,1.0,1.0,1.0,1,D1::D1-Q140,1.0
D1,D1-Q141,exact_fact,normal,advanced,768,175,537600,4.662495374679565,15.581846237182617,0.0,0.0,0.0,0.0,0.0,0.0,0.0,0.0,0.0,0.0,0.0,0.0,0.0,0.0,0.0,0.0,0,D1::D1-Q141,0.0
D1,D1-Q142,exact_fact,normal,advanced,768,175,537600,4.662495374679565,15.60831069946289,1.0,1.0,1.0,1.0,1.0,1.0,1.0,1.0,1.0,1.0,1.0,1.0,1.0,1.0,1.0,1.0,1,D1::D1-Q142,1.0
D1,D1-Q143,exact_fact,normal,advanced,768,175,537600,4.662495374679565,14.57524299621582,0.0,0.0,0.0,1.0,1.0,1.0,1.0,1.0,1.0,1.0,1.0,1.0,0.5,0.6309297535714575,0.6309297535714575,1.0,1,D1::D1-Q143,1.0
D1,D1-Q144,exact_fact,normal,advanced,768,175,537600,4.662495374679565,15.792369842529297,1.0,1.0,1.0,1.0,1.0,1.0,1.0,1.0,1.0,1.0,1.0,1.0,1.0,1.0,1.0,1.0,1,D1::D1-Q144,1.0
D1,D1-Q145,exact_fact,normal,advanced,768,175,537600,4.662495374679565,15.133380889892578,0.0,0.0,0.0,0.0,0.0,0.0,0.0,0.0,0.0,0.0,0.0,0.0,0.0,0.0,0.0,0.0,0,D1::D1-Q145,0.0
D1,D1-Q146,exact_fact,normal,advanced,768,175,537600,4.662495374679565,15.164613723754883,0.0,0.0,0.0,1.0,1.0,1.0,1.0,1.0,1.0,1.0,1.0,1.0,0.5,0.6309297535714575,0.6309297535714575,1.0,1,D1::D1-Q146,1.0
D1,D1-Q147,exact_fact,normal,advanced,768,175,537600,4.662495374679565,16.086339950561523,0.0,0.0,0.0,1.0,1.0,1.0,1.0,1.0,1.0,1.0,1.0,1.0,0.3333333333333333,0.5,0.5,1.0,1,D1::D1-Q147,1.0
D1,D1-Q148,exact_fact,normal,advanced,768,175,537600,4.662495374679565,15.156269073486328,1.0,1.0,1.0,1.0,1.0,1.0,1.0,1.0,1.0,1.0,1.0,1.0,1.0,1.0,1.0,1.0,1,D1::D1-Q148,1.0
D1,D1-Q149,exact_fact,normal,advanced,768,175,537600,4.662495374679565,18.97740364074707,1.0,1.0,1.0,1.0,1.0,1.0,1.0,1.0,1.0,1.0,1.0,1.0,1.0,1.0,1.0,1.0,1,D1::D1-Q149,1.0
D1,D1-Q150,numerical,normal,advanced,768,175,537600,4.662495374679565,26.017189025878906,1.0,1.0,1.0,1.0,1.0,1.0,1.0,1.0,1.0,1.0,1.0,1.0,1.0,1.0,1.0,1.0,1,D1::D1-Q150,1.0
D1,D1-Q151,numerical,normal,advanced,768,175,537600,4.662495374679565,14.768600463867188,1.0,1.0,1.0,1.0,1.0,1.0,1.0,1.0,1.0,1.0,1.0,1.0,1.0,1.2262943855309167,1.2262943855309167,1.0,2,D1::D1-Q151,1.0
D1,D1-Q152,numerical,normal,advanced,768,175,537600,4.662495374679565,14.793872833251953,1.0,1.0,1.0,1.0,1.0,1.0,1.0,1.0,1.0,1.0,1.0,1.0,1.0,1.0,1.0,1.0,1,D1::D1-Q152,1.0
D1,D1-Q153,numerical,normal,advanced,768,175,537600,4.662495374679565,14.660120010375977,1.0,1.0,1.0,1.0,1.0,1.0,1.0,1.0,1.0,1.0,1.0,1.0,1.0,1.0,1.0,1.0,1,D1::D1-Q153,1.0
D1,D1-Q154,numerical,normal,advanced,768,175,537600,4.662495374679565,14.923810958862305,1.0,1.0,1.0,1.0,1.0,1.0,1.0,1.0,1.0,1.0,1.0,1.0,1.0,1.0,1.0,1.0,1,D1::D1-Q154,1.0
D1,D1-Q155,numerical,normal,advanced,768,175,537600,4.662495374679565,14.500617980957031,0.0,0.0,0.0,1.0,1.0,1.0,1.0,1.0,1.0,1.0,1.0,1.0,0.3333333333333333,0.5,0.5,1.0,1,D1::D1-Q155,1.0
D1,D1-Q156,numerical,normal,advanced,768,175,537600,4.662495374679565,15.63715934753418,1.0,1.0,1.0,1.0,1.0,1.0,1.0,1.0,1.0,1.0,1.0,1.0,1.0,1.0,1.0,1.0,1,D1::D1-Q156,1.0
D1,D1-Q157,numerical,normal,advanced,768,175,537600,4.662495374679565,14.749765396118164,1.0,1.0,1.0,1.0,1.0,1.0,1.0,1.0,1.0,1.0,1.0,1.0,1.0,1.0,1.0,1.0,1,D1::D1-Q157,1.0
D1,D1-Q158,numerical,normal,advanced,768,175,537600,4.662495374679565,14.495849609375,1.0,1.0,1.0,1.0,1.0,1.0,1.0,1.0,1.0,1.0,1.0,1.0,1.0,1.0,1.0,1.0,1,D1::D1-Q158,1.0
D1,D1-Q159,procedural,normal,advanced,768,175,537600,4.662495374679565,14.23192024230957,1.0,1.0,1.0,1.0,1.0,1.0,1.0,1.0,1.0,1.0,1.0,1.0,1.0,1.0,1.0,1.0,1,D1::D1-Q159,1.0
D1,D1-Q160,exact_fact,normal,advanced,768,175,537600,4.662495374679565,14.286279678344727,1.0,1.0,1.0,1.0,1.0,1.0,1.0,1.0,1.0,1.0,1.0,1.0,1.0,1.0,1.0,1.0,1,D1::D1-Q160,1.0
D1,D1-Q161,numerical,normal,advanced,768,175,537600,4.662495374679565,16.152381896972656,0.0,0.0,0.0,1.0,1.0,1.0,1.0,1.0,1.0,1.0,1.0,1.0,0.3333333333333333,0.5,0.5,1.0,1,D1::D1-Q161,1.0
D1,D1-Q162,procedural,normal,advanced,768,175,537600,4.662495374679565,13.88692855834961,0.0,0.0,0.0,0.0,0.0,0.0,0.0,0.0,0.0,0.0,0.0,0.0,0.0,0.0,0.0,0.0,0,D1::D1-Q162,0.0
D1,D1-Q163,exact_fact,normal,advanced,768,175,537600,4.662495374679565,14.961719512939453,0.0,0.0,0.0,0.0,0.0,0.0,0.0,0.0,0.0,0.0,0.0,0.0,0.0,0.0,0.0,0.0,0,D1::D1-Q163,0.0
D1,D1-Q164,procedural,normal,advanced,768,175,537600,4.662495374679565,14.545440673828125,0.0,0.0,0.0,1.0,1.0,1.0,1.0,1.0,1.0,1.0,1.0,1.0,0.5,0.6309297535714575,0.6309297535714575,1.0,1,D1::D1-Q164,1.0
D1,D1-Q165,exact_fact,normal,advanced,768,175,537600,4.662495374679565,13.956785202026367,0.0,0.0,0.0,0.0,0.0,0.0,0.0,0.0,0.0,1.0,1.0,1.0,0.16666666666666666,0.0,0.3562071871080222,1.0,1,D1::D1-Q165,1.0
D1,D1-Q166,negation,normal,advanced,768,175,537600,4.662495374679565,14.336585998535156,1.0,1.0,1.0,1.0,1.0,1.0,1.0,1.0,1.0,1.0,1.0,1.0,1.0,1.0,1.0,1.0,1,D1::D1-Q166,1.0
D1,D1-Q167,numerical,normal,advanced,768,175,537600,4.662495374679565,15.051126480102539,1.0,1.0,1.0,1.0,1.0,1.0,1.0,1.0,1.0,1.0,1.0,1.0,1.0,1.0,1.0,1.0,1,D1::D1-Q167,1.0
D1,D1-Q168,procedural,normal,advanced,768,175,537600,4.662495374679565,14.494657516479492,1.0,1.0,1.0,1.0,1.0,1.0,1.0,1.0,1.0,1.0,1.0,1.0,1.0,1.0,1.0,1.0,1,D1::D1-Q168,1.0
D1,D1-Q169,exact_fact,normal,advanced,768,175,537600,4.662495374679565,15.379905700683594,0.0,0.0,0.0,1.0,1.0,1.0,1.0,1.0,1.0,1.0,1.0,1.0,0.5,0.6309297535714575,0.6309297535714575,1.0,1,D1::D1-Q169,1.0
D1,D1-Q170,temporal,normal,advanced,768,175,537600,4.662495374679565,14.587640762329102,1.0,1.0,1.0,1.0,1.0,1.0,1.0,1.0,1.0,1.0,1.0,1.0,1.0,1.0,1.0,1.0,1,D1::D1-Q170,1.0
D1,D1-Q171,temporal,normal,advanced,768,175,537600,4.662495374679565,15.61427116394043,1.0,1.0,1.0,1.0,1.0,1.0,1.0,1.0,1.0,1.0,1.0,1.0,1.0,1.0,1.0,1.0,1,D1::D1-Q171,1.0
D1,D1-Q172,exact_fact,normal,advanced,768,175,537600,4.662495374679565,14.282464981079102,0.0,0.0,0.0,1.0,1.0,1.0,1.0,1.0,1.0,1.0,1.0,1.0,0.5,0.6309297535714575,0.6309297535714575,1.0,1,D1::D1-Q172,1.0
D1,D1-Q173,procedural,normal,advanced,768,175,537600,4.662495374679565,15.51365852355957,1.0,1.0,1.0,1.0,1.0,1.0,1.0,1.0,1.0,1.0,1.0,1.0,1.0,1.0,1.0,1.0,1,D1::D1-Q173,1.0
D1,D1-Q174,conditional_exception,normal,advanced,768,175,537600,4.662495374679565,14.710426330566406,0.0,0.0,0.0,1.0,1.0,1.0,1.0,1.0,1.0,1.0,1.0,1.0,0.5,0.6309297535714575,0.6309297535714575,1.0,1,D1::D1-Q174,1.0
D1,D1-Q175,negation,normal,advanced,768,175,537600,4.662495374679565,14.762163162231445,0.0,0.0,0.0,1.0,1.0,1.0,1.0,1.0,1.0,1.0,1.0,1.0,0.3333333333333333,0.5,0.5,1.0,1,D1::D1-Q175,1.0
D1,D1-Q176,procedural,normal,advanced,768,175,537600,4.662495374679565,14.482259750366211,0.0,0.0,0.0,0.0,0.0,0.0,0.0,0.0,0.0,1.0,1.0,1.0,0.16666666666666666,0.0,0.3562071871080222,1.0,1,D1::D1-Q176,1.0
D1,D1-Q177,exact_fact,normal,advanced,768,175,537600,4.662495374679565,15.893697738647461,1.0,1.0,1.0,1.0,1.0,1.0,1.0,1.0,1.0,1.0,1.0,1.0,1.0,1.0,1.0,1.0,1,D1::D1-Q177,1.0
D1,D1-Q178,negation,normal,advanced,768,175,537600,4.662495374679565,15.718221664428711,0.0,0.0,0.0,0.0,0.0,0.0,1.0,1.0,1.0,1.0,1.0,1.0,0.25,0.43067655807339306,0.43067655807339306,1.0,1,D1::D1-Q178,1.0
D1,D1-Q179,exact_fact,normal,advanced,768,175,537600,4.662495374679565,15.032529830932617,1.0,1.0,1.0,1.0,1.0,1.0,1.0,1.0,1.0,1.0,1.0,1.0,1.0,1.0,1.0,1.0,1,D1::D1-Q179,1.0
D1,D1-Q180,exact_fact,normal,advanced,768,175,537600,4.662495374679565,15.514850616455078,1.0,1.0,1.0,1.0,1.0,1.0,1.0,1.0,1.0,1.0,1.0,1.0,1.0,1.0,1.0,1.0,1,D1::D1-Q180,1.0
D1,D1-Q181,procedural,normal,advanced,768,175,537600,4.662495374679565,14.663457870483398,1.0,1.0,1.0,1.0,1.0,1.0,1.0,1.0,1.0,1.0,1.0,1.0,1.0,1.0,1.0,1.0,1,D1::D1-Q181,1.0
D1,D1-Q182,conditional_exception,normal,advanced,768,175,537600,4.662495374679565,15.107154846191406,0.0,0.0,0.0,1.0,1.0,1.0,1.0,1.0,1.0,1.0,1.0,1.0,0.3333333333333333,0.5,0.5,1.0,1,D1::D1-Q182,1.0
D1,D1-Q183,conditional_exception,normal,advanced,768,175,537600,4.662495374679565,14.774560928344727,1.0,1.0,1.0,1.0,1.0,1.0,1.0,1.0,1.0,1.0,1.0,1.0,1.0,1.0,1.0,1.0,1,D1::D1-Q183,1.0
D1,D1-Q184,numerical,normal,advanced,768,175,537600,4.662495374679565,15.642642974853516,1.0,1.0,1.0,1.0,1.0,1.0,1.0,1.0,1.0,1.0,1.0,1.0,1.0,1.0,1.0,1.0,1,D1::D1-Q184,1.0
D1,D1-Q185,procedural,normal,advanced,768,175,537600,4.662495374679565,14.217853546142578,0.0,0.0,0.0,1.0,1.0,1.0,1.0,1.0,1.0,1.0,1.0,1.0,0.5,0.6309297535714575,0.6309297535714575,1.0,1,D1::D1-Q185,1.0
D1,D1-Q186,conditional_exception,normal,advanced,768,175,537600,4.662495374679565,14.479637145996094,0.0,0.0,0.0,1.0,1.0,1.0,1.0,1.0,1.0,1.0,1.0,1.0,0.5,0.6309297535714575,0.6309297535714575,1.0,1,D1::D1-Q186,1.0
D1,D1-Q187,numerical,normal,advanced,768,175,537600,4.662495374679565,15.186786651611328,1.0,1.0,1.0,1.0,1.0,1.0,1.0,1.0,1.0,1.0,1.0,1.0,1.0,1.0,1.0,1.0,1,D1::D1-Q187,1.0
D1,D1-Q188,numerical,normal,advanced,768,175,537600,4.662495374679565,13.938188552856445,0.0,0.0,0.0,0.0,0.0,0.0,1.0,1.0,1.0,1.0,1.0,1.0,0.25,0.43067655807339306,0.43067655807339306,1.0,1,D1::D1-Q188,1.0
D1,D1-Q189,exact_fact,normal,advanced,768,175,537600,4.662495374679565,15.976190567016602,0.0,0.0,0.0,1.0,1.0,1.0,1.0,1.0,1.0,1.0,1.0,1.0,0.5,0.6309297535714575,0.6309297535714575,1.0,1,D1::D1-Q189,1.0
D1,D1-Q190,conditional_exception,normal,advanced,768,175,537600,4.662495374679565,15.528678894042969,0.0,0.0,0.0,0.0,0.0,0.0,1.0,1.0,1.0,1.0,1.0,1.0,0.25,0.43067655807339306,0.43067655807339306,1.0,1,D1::D1-Q190,1.0
D1,D1-Q191,conditional_exception,normal,advanced,768,175,537600,4.662495374679565,14.785528182983398,0.0,0.0,0.0,1.0,1.0,1.0,1.0,1.0,1.0,1.0,1.0,1.0,0.3333333333333333,0.5,0.5,1.0,1,D1::D1-Q191,1.0
D1,D1-Q192,list_membership,normal,advanced,768,175,537600,4.662495374679565,16.054391860961914,1.0,1.0,1.0,1.0,1.0,1.0,1.0,1.0,1.0,1.0,1.0,1.0,1.0,1.0,1.0,1.0,1,D1::D1-Q192,1.0
D1,D1-Q193,procedural,normal,advanced,768,175,537600,4.662495374679565,14.731407165527344,1.0,1.0,1.0,1.0,1.0,1.0,1.0,1.0,1.0,1.0,1.0,1.0,1.0,1.0,1.0,1.0,1,D1::D1-Q193,1.0
D1,D1-Q194,procedural,normal,advanced,768,175,537600,4.662495374679565,14.783143997192383,0.0,0.0,0.0,0.0,0.0,0.0,0.0,0.0,0.0,0.0,0.0,0.0,0.0,0.0,0.0,0.0,0,D1::D1-Q194,0.0
D1,D1-Q195,conditional_exception,normal,advanced,768,175,537600,4.662495374679565,16.51477813720703,1.0,1.0,1.0,1.0,1.0,1.0,1.0,1.0,1.0,1.0,1.0,1.0,1.0,1.0,1.0,1.0,1,D1::D1-Q195,1.0
D1,D1-Q196,exact_fact,normal,advanced,768,175,537600,4.662495374679565,15.384912490844727,1.0,1.0,1.0,1.0,1.0,1.0,1.0,1.0,1.0,1.0,1.0,1.0,1.0,1.0,1.0,1.0,1,D1::D1-Q196,1.0
D1,D1-Q197,procedural,normal,advanced,768,175,537600,4.662495374679565,15.198469161987305,0.0,0.0,0.0,1.0,1.0,1.0,1.0,1.0,1.0,1.0,1.0,1.0,0.3333333333333333,0.5,0.5,1.0,1,D1::D1-Q197,1.0
D1,D1-Q198,conditional_exception,normal,advanced,768,175,537600,4.662495374679565,14.803886413574219,1.0,1.0,1.0,1.0,1.0,1.0,1.0,1.0,1.0,1.0,1.0,1.0,1.0,1.0,1.0,1.0,1,D1::D1-Q198,1.0
D1,D1-Q199,conditional_exception,normal,advanced,768,175,537600,4.662495374679565,14.471769332885742,0.0,0.0,0.0,1.0,1.0,1.0,1.0,1.0,1.0,1.0,1.0,1.0,0.5,0.6309297535714575,0.6309297535714575,1.0,1,D1::D1-Q199,1.0
D1,D1-Q200,numerical,normal,advanced,768,175,537600,4.662495374679565,14.620304107666016,1.0,1.0,1.0,1.0,1.0,1.0,1.0,1.0,1.0,1.0,1.0,1.0,1.0,1.0,1.0,1.0,1,D1::D1-Q200,1.0
D2,D2-Q001,exact_fact,normal,advanced,64,63,16128,1.4802830219268799,15.976428985595703,0.0,0.0,0.0,1.0,1.0,1.0,1.0,1.0,1.0,1.0,1.0,1.0,0.5,0.6309297535714575,0.6309297535714575,1.0,1,D2::D2-Q001,1.0
D2,D2-Q002,temporal,normal,advanced,64,63,16128,1.4802830219268799,15.708684921264648,0.0,0.0,0.0,1.0,1.0,1.0,1.0,1.0,1.0,1.0,1.0,1.0,0.3333333333333333,0.5,0.5,1.0,1,D2::D2-Q002,1.0
D2,D2-Q003,exact_fact,normal,advanced,64,63,16128,1.4802830219268799,14.935493469238281,0.0,0.0,0.0,1.0,1.0,1.0,1.0,1.0,1.0,1.0,1.0,1.0,0.5,0.6309297535714575,0.6309297535714575,1.0,1,D2::D2-Q003,1.0
D2,D2-Q004,negative_query,normal,advanced,64,63,16128,1.4802830219268799,14.418601989746094,1.0,1.0,1.0,1.0,1.0,1.0,1.0,1.0,1.0,1.0,1.0,1.0,1.0,1.0,1.0,1.0,1,D2::D2-Q004,1.0
D2,D2-Q005,negative_query,normal,advanced,64,63,16128,1.4802830219268799,15.163183212280273,1.0,1.0,1.0,1.0,1.0,1.0,1.0,1.0,1.0,1.0,1.0,1.0,1.0,1.0,1.0,1.0,1,D2::D2-Q005,1.0
D2,D2-Q006,list_membership,normal,advanced,64,63,16128,1.4802830219268799,14.333248138427734,0.0,0.0,0.0,1.0,1.0,1.0,1.0,1.0,1.0,1.0,1.0,1.0,0.3333333333333333,0.5,0.5,1.0,1,D2::D2-Q006,1.0
D2,D2-Q007,negation,normal,advanced,64,63,16128,1.4802830219268799,14.798879623413086,0.0,0.0,0.0,1.0,1.0,1.0,1.0,1.0,1.0,1.0,1.0,1.0,0.5,0.6309297535714575,0.6309297535714575,1.0,1,D2::D2-Q007,1.0
D2,D2-Q008,exact_fact,normal,advanced,64,63,16128,1.4802830219268799,13.933658599853516,0.0,0.0,0.0,1.0,1.0,1.0,1.0,1.0,1.0,1.0,1.0,1.0,0.5,0.6309297535714575,0.6309297535714575,1.0,1,D2::D2-Q008,1.0
D2,D2-Q009,exact_fact,normal,advanced,64,63,16128,1.4802830219268799,14.611482620239258,0.0,0.0,0.0,0.0,0.0,0.0,0.0,0.0,0.0,0.0,0.0,0.0,0.0,0.0,0.0,0.0,0,D2::D2-Q009,0.0
D2,D2-Q010,paraphrase,normal,advanced,64,63,16128,1.4802830219268799,14.356374740600586,0.0,0.0,0.0,1.0,1.0,1.0,1.0,1.0,1.0,1.0,1.0,1.0,0.5,0.6309297535714575,0.6309297535714575,1.0,1,D2::D2-Q010,1.0
D2,D2-Q011,conditional_exception,normal,advanced,64,63,16128,1.4802830219268799,14.596939086914062,1.0,1.0,1.0,1.0,1.0,1.0,1.0,1.0,1.0,1.0,1.0,1.0,1.0,1.0,1.0,1.0,1,D2::D2-Q011,1.0
D2,D2-Q012,negation,normal,advanced,64,63,16128,1.4802830219268799,14.615297317504883,1.0,1.0,1.0,1.0,1.0,1.0,1.0,1.0,1.0,1.0,1.0,1.0,1.0,1.0,1.0,1.0,1,D2::D2-Q012,1.0
D2,D2-Q013,list_membership,normal,advanced,64,63,16128,1.4802830219268799,15.136957168579102,1.0,1.0,1.0,1.0,1.0,1.0,1.0,1.0,1.0,1.0,1.0,1.0,1.0,1.0,1.0,1.0,1,D2::D2-Q013,1.0
D2,D2-Q014,list_membership,normal,advanced,64,63,16128,1.4802830219268799,15.761375427246094,1.0,1.0,1.0,1.0,1.0,1.0,1.0,1.0,1.0,1.0,1.0,1.0,1.0,1.0,1.0,1.0,1,D2::D2-Q014,1.0
D2,D2-Q015,list_membership,normal,advanced,64,63,16128,1.4802830219268799,14.403581619262695,1.0,1.0,1.0,1.0,1.0,1.0,1.0,1.0,1.0,1.0,1.0,1.0,1.0,1.0,1.0,1.0,1,D2::D2-Q015,1.0
D2,D2-Q016,exact_fact,normal,advanced,64,63,16128,1.4802830219268799,15.850543975830078,1.0,1.0,1.0,1.0,1.0,1.0,1.0,1.0,1.0,1.0,1.0,1.0,1.0,1.0,1.0,1.0,1,D2::D2-Q016,1.0
D2,D2-Q017,list_membership,normal,advanced,64,63,16128,1.4802830219268799,15.35654067993164,0.0,0.0,0.0,1.0,1.0,1.0,1.0,1.0,1.0,1.0,1.0,1.0,0.3333333333333333,0.5,0.5,1.0,1,D2::D2-Q017,1.0
D2,D2-Q018,exact_fact,normal,advanced,64,63,16128,1.4802830219268799,14.177322387695312,0.0,0.0,0.0,0.0,0.0,0.0,1.0,1.0,1.0,1.0,1.0,1.0,0.2,0.38685280723454163,0.38685280723454163,1.0,1,D2::D2-Q018,1.0
D2,D2-Q019,exact_fact,normal,advanced,64,63,16128,1.4802830219268799,14.049768447875977,0.0,0.0,0.0,0.0,0.0,0.0,0.0,0.0,0.0,1.0,1.0,1.0,0.14285714285714285,0.0,0.3333333333333333,1.0,1,D2::D2-Q019,1.0
D2,D2-Q020,exact_fact,normal,advanced,64,63,16128,1.4802830219268799,14.014244079589844,0.0,0.0,0.0,0.0,0.0,0.0,1.0,1.0,1.0,1.0,1.0,1.0,0.2,0.38685280723454163,0.38685280723454163,1.0,1,D2::D2-Q020,1.0
D2,D2-Q021,exact_fact,normal,advanced,64,63,16128,1.4802830219268799,14.3585205078125,0.0,0.0,0.0,0.0,0.0,0.0,0.0,0.0,0.0,0.0,0.0,0.0,0.0,0.0,0.0,0.0,0,D2::D2-Q021,0.0
D2,D2-Q022,paraphrase,normal,advanced,64,63,16128,1.4802830219268799,14.435052871704102,0.0,0.0,0.0,0.0,0.0,0.0,0.0,0.0,0.0,0.0,0.0,0.0,0.0,0.0,0.0,0.0,0,D2::D2-Q022,0.0
D2,D2-Q023,procedural,normal,advanced,64,63,16128,1.4802830219268799,14.137029647827148,1.0,1.0,1.0,1.0,1.0,1.0,1.0,1.0,1.0,1.0,1.0,1.0,1.0,1.0,1.0,1.0,1,D2::D2-Q023,1.0
D2,D2-Q024,conditional_exception,normal,advanced,64,63,16128,1.4802830219268799,14.315128326416016,0.0,0.0,0.0,0.0,0.0,0.0,1.0,1.0,1.0,1.0,1.0,1.0,0.2,0.38685280723454163,0.38685280723454163,1.0,1,D2::D2-Q024,1.0
D2,D2-Q025,procedural,normal,advanced,64,63,16128,1.4802830219268799,16.755342483520508,1.0,1.0,1.0,1.0,1.0,1.0,1.0,1.0,1.0,1.0,1.0,1.0,1.0,1.0,1.0,1.0,1,D2::D2-Q025,1.0
D2,D2-Q026,procedural,normal,advanced,64,63,16128,1.4802830219268799,13.756513595581055,1.0,1.0,1.0,1.0,1.0,1.0,1.0,1.0,1.0,1.0,1.0,1.0,1.0,1.0,1.0,1.0,1,D2::D2-Q026,1.0
D2,D2-Q027,procedural,normal,advanced,64,63,16128,1.4802830219268799,15.760660171508789,0.0,0.0,0.0,1.0,1.0,1.0,1.0,1.0,1.0,1.0,1.0,1.0,0.5,0.6309297535714575,0.6309297535714575,1.0,1,D2::D2-Q027,1.0
D2,D2-Q028,paraphrase,normal,advanced,64,63,16128,1.4802830219268799,14.710664749145508,0.0,0.0,0.0,1.0,1.0,1.0,1.0,1.0,1.0,1.0,1.0,1.0,0.5,0.6309297535714575,0.6309297535714575,1.0,1,D2::D2-Q028,1.0
D2,D2-Q029,exact_fact,normal,advanced,64,63,16128,1.4802830219268799,14.290094375610352,0.0,0.0,0.0,1.0,1.0,1.0,1.0,1.0,1.0,1.0,1.0,1.0,0.5,0.6309297535714575,0.6309297535714575,1.0,1,D2::D2-Q029,1.0
D2,D2-Q030,paraphrase,normal,advanced,64,63,16128,1.4802830219268799,14.995336532592773,0.0,0.0,0.0,0.0,0.0,0.0,0.0,0.0,0.0,0.0,0.0,0.0,0.0,0.0,0.0,0.0,0,D2::D2-Q030,0.0
D2,D2-Q031,list_membership,normal,advanced,64,63,16128,1.4802830219268799,14.153718948364258,0.0,0.0,0.0,0.0,0.0,0.0,0.0,0.0,0.0,1.0,1.0,1.0,0.1,0.0,0.2890648263178879,1.0,1,D2::D2-Q031,1.0
D2,D2-Q032,exact_fact,normal,advanced,64,63,16128,1.4802830219268799,14.162302017211914,0.0,0.0,0.0,0.0,0.0,0.0,0.0,0.0,0.0,0.0,0.0,0.0,0.0,0.0,0.0,0.0,0,D2::D2-Q032,0.0
D2,D2-Q033,exact_fact,normal,advanced,64,63,16128,1.4802830219268799,14.276504516601562,0.0,0.0,0.0,0.0,0.0,0.0,0.0,0.0,0.0,0.0,0.0,0.0,0.0,0.0,0.0,0.0,0,D2::D2-Q033,0.0
D2,D2-Q034,procedural,normal,advanced,64,63,16128,1.4802830219268799,14.844417572021484,0.0,0.0,0.0,0.0,0.0,0.0,0.0,0.0,0.0,0.0,0.0,0.0,0.0,0.0,0.0,0.0,0,D2::D2-Q034,0.0
D2,D2-Q035,list_membership,normal,advanced,64,63,16128,1.4802830219268799,15.525579452514648,1.0,1.0,1.0,1.0,1.0,1.0,1.0,1.0,1.0,1.0,1.0,1.0,1.0,1.0,1.0,1.0,1,D2::D2-Q035,1.0
D2,D2-Q036,list_membership,normal,advanced,64,63,16128,1.4802830219268799,14.26386833190918,1.0,1.0,1.0,1.0,1.0,1.0,1.0,1.0,1.0,1.0,1.0,1.0,1.0,1.0,1.0,1.0,1,D2::D2-Q036,1.0
D2,D2-Q037,exact_fact,normal,advanced,64,63,16128,1.4802830219268799,14.625072479248047,0.0,0.0,0.0,0.0,0.0,0.0,0.0,0.0,0.0,1.0,1.0,1.0,0.14285714285714285,0.0,0.3333333333333333,1.0,1,D2::D2-Q037,1.0
D2,D2-Q038,procedural,normal,advanced,64,63,16128,1.4802830219268799,14.813661575317383,0.0,0.0,0.0,1.0,1.0,1.0,1.0,1.0,1.0,1.0,1.0,1.0,0.5,0.6309297535714575,0.6309297535714575,1.0,1,D2::D2-Q038,1.0
D2,D2-Q039,conditional_exception,normal,advanced,64,63,16128,1.4802830219268799,14.754533767700195,1.0,1.0,1.0,1.0,1.0,1.0,1.0,1.0,1.0,1.0,1.0,1.0,1.0,1.0,1.0,1.0,1,D2::D2-Q039,1.0
D2,D2-Q040,procedural,normal,advanced,64,63,16128,1.4802830219268799,15.150308609008789,1.0,1.0,1.0,1.0,1.0,1.0,1.0,1.0,1.0,1.0,1.0,1.0,1.0,1.0,1.0,1.0,1,D2::D2-Q040,1.0
D2,D2-Q041,procedural,normal,advanced,64,63,16128,1.4802830219268799,15.890836715698242,0.0,0.0,0.0,1.0,1.0,1.0,1.0,1.0,1.0,1.0,1.0,1.0,0.3333333333333333,0.5,0.5,1.0,1,D2::D2-Q041,1.0
D2,D2-Q042,exact_fact,normal,advanced,64,63,16128,1.4802830219268799,14.316320419311523,0.0,0.0,0.0,0.0,0.0,0.0,1.0,1.0,1.0,1.0,1.0,1.0,0.25,0.43067655807339306,0.43067655807339306,1.0,1,D2::D2-Q042,1.0
D2,D2-Q043,procedural,normal,advanced,64,63,16128,1.4802830219268799,14.507770538330078,1.0,1.0,1.0,1.0,1.0,1.0,1.0,1.0,1.0,1.0,1.0,1.0,1.0,1.0,1.0,1.0,1,D2::D2-Q043,1.0
D2,D2-Q044,exact_fact,normal,advanced,64,63,16128,1.4802830219268799,14.42098617553711,1.0,1.0,1.0,1.0,1.0,1.0,1.0,1.0,1.0,1.0,1.0,1.0,1.0,1.0,1.0,1.0,1,D2::D2-Q044,1.0
D2,D2-Q045,conditional_exception,normal,advanced,64,63,16128,1.4802830219268799,14.278411865234375,1.0,1.0,1.0,1.0,1.0,1.0,1.0,1.0,1.0,1.0,1.0,1.0,1.0,1.0,1.0,1.0,1,D2::D2-Q045,1.0
D2,D2-Q046,paraphrase,normal,advanced,64,63,16128,1.4802830219268799,16.52073860168457,0.0,0.0,0.0,1.0,1.0,1.0,1.0,1.0,1.0,1.0,1.0,1.0,0.3333333333333333,0.5,0.5,1.0,1,D2::D2-Q046,1.0
D2,D2-Q047,exact_fact,normal,advanced,64,63,16128,1.4802830219268799,20.041704177856445,1.0,1.0,1.0,1.0,1.0,1.0,1.0,1.0,1.0,1.0,1.0,1.0,1.0,1.0,1.0,1.0,1,D2::D2-Q047,1.0
D2,D2-Q048,list_membership,normal,advanced,64,63,16128,1.4802830219268799,25.30670166015625,0.0,0.0,0.0,1.0,1.0,1.0,1.0,1.0,1.0,1.0,1.0,1.0,0.5,0.6309297535714575,0.6309297535714575,1.0,1,D2::D2-Q048,1.0
D2,D2-Q049,exact_fact,normal,advanced,64,63,16128,1.4802830219268799,19.41227912902832,1.0,1.0,1.0,1.0,1.0,1.0,1.0,1.0,1.0,1.0,1.0,1.0,1.0,1.0,1.0,1.0,1,D2::D2-Q049,1.0
D2,D2-Q050,procedural,normal,advanced,64,63,16128,1.4802830219268799,14.804840087890625,1.0,1.0,1.0,1.0,1.0,1.0,1.0,1.0,1.0,1.0,1.0,1.0,1.0,1.0,1.0,1.0,1,D2::D2-Q050,1.0
D2,D2-Q051,conditional_exception,normal,advanced,64,63,16128,1.4802830219268799,14.403820037841797,0.0,0.0,0.0,0.0,0.0,0.0,0.0,0.0,0.0,0.0,0.0,0.0,0.0,0.0,0.0,0.0,0,D2::D2-Q051,0.0
D2,D2-Q052,procedural,normal,advanced,64,63,16128,1.4802830219268799,14.049291610717773,1.0,1.0,1.0,1.0,1.0,1.0,1.0,1.0,1.0,1.0,1.0,1.0,1.0,1.0,1.0,1.0,1,D2::D2-Q052,1.0
D2,D2-Q053,exact_fact,normal,advanced,64,63,16128,1.4802830219268799,15.715360641479492,0.0,0.0,0.0,1.0,1.0,1.0,1.0,1.0,1.0,1.0,1.0,1.0,0.5,0.6309297535714575,0.6309297535714575,1.0,1,D2::D2-Q053,1.0
D2,D2-Q054,conditional_exception,normal,advanced,64,63,16128,1.4802830219268799,15.414237976074219,0.0,0.0,0.0,0.0,0.0,0.0,0.0,0.0,0.0,1.0,1.0,1.0,0.16666666666666666,0.0,0.3562071871080222,1.0,1,D2::D2-Q054,1.0
D2,D2-Q055,list_membership,normal,advanced,64,63,16128,1.4802830219268799,14.770030975341797,1.0,1.0,1.0,1.0,1.0,1.0,1.0,1.0,1.0,1.0,1.0,1.0,1.0,1.0,1.0,1.0,1,D2::D2-Q055,1.0
D2,D2-Q056,procedural,normal,advanced,64,63,16128,1.4802830219268799,16.379356384277344,1.0,1.0,1.0,1.0,1.0,1.0,1.0,1.0,1.0,1.0,1.0,1.0,1.0,1.0,1.0,1.0,1,D2::D2-Q056,1.0
D2,D2-Q057,exact_fact,normal,advanced,64,63,16128,1.4802830219268799,14.543294906616211,0.0,0.0,0.0,0.0,0.0,0.0,1.0,1.0,1.0,1.0,1.0,1.0,0.25,0.43067655807339306,0.43067655807339306,1.0,1,D2::D2-Q057,1.0
D2,D2-Q058,conditional_exception,normal,advanced,64,63,16128,1.4802830219268799,14.14942741394043,1.0,1.0,1.0,1.0,1.0,1.0,1.0,1.0,1.0,1.0,1.0,1.0,1.0,1.0,1.0,1.0,1,D2::D2-Q058,1.0
D2,D2-Q059,exact_fact,normal,advanced,64,63,16128,1.4802830219268799,15.026330947875977,0.0,0.0,0.0,0.0,0.0,0.0,1.0,1.0,1.0,1.0,1.0,1.0,0.2,0.38685280723454163,0.38685280723454163,1.0,1,D2::D2-Q059,1.0
D2,D2-Q060,negation,normal,advanced,64,63,16128,1.4802830219268799,14.96577262878418,0.0,0.0,0.0,0.0,0.0,0.0,0.0,0.0,0.0,0.0,0.0,0.0,0.0,0.0,0.0,0.0,0,D2::D2-Q060,0.0
D2,D2-Q061,procedural,normal,advanced,64,63,16128,1.4802830219268799,15.072107315063477,0.0,0.0,0.0,0.0,0.0,0.0,0.0,0.0,0.0,0.0,0.0,0.0,0.0,0.0,0.0,0.0,0,D2::D2-Q061,0.0
D2,D2-Q062,exact_fact,normal,advanced,64,63,16128,1.4802830219268799,16.097068786621094,0.0,0.0,0.0,0.0,0.0,0.0,0.0,0.0,0.0,0.0,0.0,0.0,0.0,0.0,0.0,0.0,0,D2::D2-Q062,0.0
D2,D2-Q063,paraphrase,normal,advanced,64,63,16128,1.4802830219268799,15.504121780395508,1.0,1.0,1.0,1.0,1.0,1.0,1.0,1.0,1.0,1.0,1.0,1.0,1.0,1.0,1.0,1.0,1,D2::D2-Q063,1.0
D2,D2-Q064,negation,normal,advanced,64,63,16128,1.4802830219268799,18.780946731567383,1.0,1.0,1.0,1.0,1.0,1.0,1.0,1.0,1.0,1.0,1.0,1.0,1.0,1.0,1.0,1.0,1,D2::D2-Q064,1.0
D2,D2-Q065,numerical,normal,advanced,64,63,16128,1.4802830219268799,14.447689056396484,1.0,1.0,1.0,1.0,1.0,1.0,1.0,1.0,1.0,1.0,1.0,1.0,1.0,1.0,1.0,1.0,1,D2::D2-Q065,1.0
D2,D2-Q066,numerical,normal,advanced,64,63,16128,1.4802830219268799,13.700246810913086,1.0,1.0,1.0,1.0,1.0,1.0,1.0,1.0,1.0,1.0,1.0,1.0,1.0,1.0,1.0,1.0,1,D2::D2-Q066,1.0
D2,D2-Q067,numerical,normal,advanced,64,63,16128,1.4802830219268799,15.174150466918945,1.0,1.0,1.0,1.0,1.0,1.0,1.0,1.0,1.0,1.0,1.0,1.0,1.0,1.0,1.0,1.0,1,D2::D2-Q067,1.0
D2,D2-Q068,numerical,normal,advanced,64,63,16128,1.4802830219268799,14.017581939697266,1.0,1.0,1.0,1.0,1.0,1.0,1.0,1.0,1.0,1.0,1.0,1.0,1.0,1.0,1.0,1.0,1,D2::D2-Q068,1.0
D2,D2-Q069,numerical,normal,advanced,64,63,16128,1.4802830219268799,16.082286834716797,1.0,1.0,1.0,1.0,1.0,1.0,1.0,1.0,1.0,1.0,1.0,1.0,1.0,1.0,1.0,1.0,1,D2::D2-Q069,1.0
D2,D2-Q070,numerical,normal,advanced,64,63,16128,1.4802830219268799,14.36305046081543,0.0,0.0,0.0,1.0,1.0,1.0,1.0,1.0,1.0,1.0,1.0,1.0,0.5,0.6309297535714575,0.6309297535714575,1.0,1,D2::D2-Q070,1.0
D2,D2-Q071,negative_query,normal,advanced,64,63,16128,1.4802830219268799,15.59138298034668,0.0,0.0,0.0,1.0,1.0,1.0,1.0,1.0,1.0,1.0,1.0,1.0,0.5,0.6309297535714575,0.6309297535714575,1.0,1,D2::D2-Q071,1.0
D2,D2-Q072,exact_fact,normal,advanced,64,63,16128,1.4802830219268799,14.165163040161133,1.0,1.0,1.0,1.0,1.0,1.0,1.0,1.0,1.0,1.0,1.0,1.0,1.0,1.0,1.0,1.0,1,D2::D2-Q072,1.0
D2,D2-Q073,exact_fact,normal,advanced,64,63,16128,1.4802830219268799,15.833139419555664,1.0,1.0,1.0,1.0,1.0,1.0,1.0,1.0,1.0,1.0,1.0,1.0,1.0,1.0,1.0,1.0,1,D2::D2-Q073,1.0
D2,D2-Q074,procedural,normal,advanced,64,63,16128,1.4802830219268799,14.77503776550293,1.0,1.0,1.0,1.0,1.0,1.0,1.0,1.0,1.0,1.0,1.0,1.0,1.0,1.0,1.0,1.0,1,D2::D2-Q074,1.0
D2,D2-Q075,conditional_exception,normal,advanced,64,63,16128,1.4802830219268799,14.44864273071289,1.0,1.0,1.0,1.0,1.0,1.0,1.0,1.0,1.0,1.0,1.0,1.0,1.0,1.0,1.0,1.0,1,D2::D2-Q075,1.0
D2,D2-Q076,negation,normal,advanced,64,63,16128,1.4802830219268799,14.395475387573242,0.0,0.0,0.0,0.0,0.0,0.0,0.0,0.0,0.0,0.0,0.0,0.0,0.0,0.0,0.0,0.0,0,D2::D2-Q076,0.0
D2,D2-Q077,procedural,normal,advanced,64,63,16128,1.4802830219268799,16.266822814941406,0.0,0.0,0.0,0.0,0.0,0.0,0.0,0.0,0.0,0.0,0.0,0.0,0.0,0.0,0.0,0.0,0,D2::D2-Q077,0.0
D2,D2-Q078,exact_fact,normal,advanced,64,63,16128,1.4802830219268799,15.740156173706055,0.0,0.0,0.0,0.0,0.0,0.0,0.0,0.0,0.0,0.0,0.0,0.0,0.0,0.0,0.0,0.0,0,D2::D2-Q078,0.0
D2,D2-Q079,conditional_exception,normal,advanced,64,63,16128,1.4802830219268799,14.793872833251953,0.0,0.0,0.0,0.0,0.0,0.0,0.0,0.0,0.0,1.0,1.0,1.0,0.1,0.0,0.2890648263178879,1.0,1,D2::D2-Q079,1.0
D2,D2-Q080,conditional_exception,normal,advanced,64,63,16128,1.4802830219268799,16.147613525390625,0.0,0.0,0.0,0.0,0.0,0.0,0.0,0.0,0.0,1.0,1.0,1.0,0.16666666666666666,0.0,0.3562071871080222,1.0,1,D2::D2-Q080,1.0
D2,D2-Q081,exact_fact,normal,advanced,64,63,16128,1.4802830219268799,14.767169952392578,0.0,0.0,0.0,1.0,1.0,1.0,1.0,1.0,1.0,1.0,1.0,1.0,0.3333333333333333,0.5,0.5,1.0,1,D2::D2-Q081,1.0
D2,D2-Q082,conditional_exception,normal,advanced,64,63,16128,1.4802830219268799,14.840126037597656,0.0,0.0,0.0,0.0,0.0,0.0,0.0,0.0,0.0,0.0,0.0,0.0,0.0,0.0,0.0,0.0,0,D2::D2-Q082,0.0
D2,D2-Q083,procedural,normal,advanced,64,63,16128,1.4802830219268799,14.568090438842773,0.0,0.0,0.0,0.0,0.0,0.0,0.0,0.0,0.0,0.0,0.0,0.0,0.0,0.0,0.0,0.0,0,D2::D2-Q083,0.0
D2,D2-Q084,procedural,normal,advanced,64,63,16128,1.4802830219268799,14.191389083862305,0.0,0.0,0.0,0.0,0.0,0.0,0.0,0.0,0.0,1.0,1.0,1.0,0.14285714285714285,0.0,0.3333333333333333,1.0,1,D2::D2-Q084,1.0
D2,D2-Q085,exact_fact,normal,advanced,64,63,16128,1.4802830219268799,14.463663101196289,0.0,0.0,0.0,0.0,0.0,0.0,0.0,0.0,0.0,0.0,0.0,0.0,0.0,0.0,0.0,0.0,0,D2::D2-Q085,0.0
D2,D2-Q086,procedural,normal,advanced,64,63,16128,1.4802830219268799,16.326189041137695,1.0,1.0,1.0,1.0,1.0,1.0,1.0,1.0,1.0,1.0,1.0,1.0,1.0,1.0,1.0,1.0,1,D2::D2-Q086,1.0
D2,D2-Q087,exact_fact,normal,advanced,64,63,16128,1.4802830219268799,14.322757720947266,1.0,1.0,1.0,1.0,1.0,1.0,1.0,1.0,1.0,1.0,1.0,1.0,1.0,1.0,1.0,1.0,1,D2::D2-Q087,1.0
D2,D2-Q088,paraphrase,normal,advanced,64,63,16128,1.4802830219268799,17.21644401550293,1.0,1.0,1.0,1.0,1.0,1.0,1.0,1.0,1.0,1.0,1.0,1.0,1.0,1.0,1.0,1.0,1,D2::D2-Q088,1.0
D2,D2-Q089,exact_fact,normal,advanced,64,63,16128,1.4802830219268799,18.86725425720215,1.0,1.0,1.0,1.0,1.0,1.0,1.0,1.0,1.0,1.0,1.0,1.0,1.0,1.0,1.0,1.0,1,D2::D2-Q089,1.0
D2,D2-Q090,procedural,normal,advanced,64,63,16128,1.4802830219268799,27.11939811706543,0.0,0.0,0.0,1.0,1.0,1.0,1.0,1.0,1.0,1.0,1.0,1.0,0.5,0.6309297535714575,0.6309297535714575,1.0,1,D2::D2-Q090,1.0
D2,D2-Q091,exact_fact,normal,advanced,64,63,16128,1.4802830219268799,24.99556541442871,1.0,1.0,1.0,1.0,1.0,1.0,1.0,1.0,1.0,1.0,1.0,1.0,1.0,1.0,1.0,1.0,1,D2::D2-Q091,1.0
D2,D2-Q092,conditional_exception,normal,advanced,64,63,16128,1.4802830219268799,24.434328079223633,1.0,1.0,1.0,1.0,1.0,1.0,1.0,1.0,1.0,1.0,1.0,1.0,1.0,1.0,1.0,1.0,1,D2::D2-Q092,1.0
D2,D2-Q093,procedural,normal,advanced,64,63,16128,1.4802830219268799,25.181293487548828,0.0,0.0,0.0,1.0,1.0,1.0,1.0,1.0,1.0,1.0,1.0,1.0,0.5,0.6309297535714575,0.6309297535714575,1.0,1,D2::D2-Q093,1.0
D2,D2-Q094,procedural,normal,advanced,64,63,16128,1.4802830219268799,25.920867919921875,1.0,1.0,1.0,1.0,1.0,1.0,1.0,1.0,1.0,1.0,1.0,1.0,1.0,1.0,1.0,1.0,1,D2::D2-Q094,1.0
D2,D2-Q095,procedural,normal,advanced,64,63,16128,1.4802830219268799,20.87545394897461,0.0,0.0,0.0,0.0,0.0,0.0,0.0,0.0,0.0,1.0,1.0,1.0,0.1,0.0,0.2890648263178879,1.0,1,D2::D2-Q095,1.0
D2,D2-Q096,negative_query,normal,advanced,64,63,16128,1.4802830219268799,23.824691772460938,0.0,0.0,0.0,0.0,0.0,0.0,0.0,0.0,0.0,0.0,0.0,0.0,0.0,0.0,0.0,0.0,0,D2::D2-Q096,0.0
D2,D2-Q097,numerical,normal,advanced,64,63,16128,1.4802830219268799,22.91393280029297,1.0,1.0,1.0,1.0,1.0,1.0,1.0,1.0,1.0,1.0,1.0,1.0,1.0,1.0,1.0,1.0,1,D2::D2-Q097,1.0
D2,D2-Q098,procedural,normal,advanced,64,63,16128,1.4802830219268799,20.132780075073242,0.0,0.0,0.0,1.0,1.0,1.0,1.0,1.0,1.0,1.0,1.0,1.0,0.5,0.6309297535714575,0.6309297535714575,1.0,1,D2::D2-Q098,1.0
D2,D2-Q099,procedural,normal,advanced,64,63,16128,1.4802830219268799,25.653600692749023,1.0,1.0,1.0,1.0,1.0,1.0,1.0,1.0,1.0,1.0,1.0,1.0,1.0,1.0,1.0,1.0,1,D2::D2-Q099,1.0
D2,D2-Q100,conditional_exception,normal,advanced,64,63,16128,1.4802830219268799,21.94666862487793,0.0,0.0,0.0,1.0,1.0,1.0,1.0,1.0,1.0,1.0,1.0,1.0,0.5,0.6309297535714575,0.6309297535714575,1.0,1,D2::D2-Q100,1.0
D2,D2-Q101,temporal,normal,advanced,64,63,16128,1.4802830219268799,22.897005081176758,0.0,0.0,0.0,0.0,0.0,0.0,1.0,1.0,1.0,1.0,1.0,1.0,0.25,0.43067655807339306,0.43067655807339306,1.0,1,D2::D2-Q101,1.0
D2,D2-Q102,numerical,normal,advanced,64,63,16128,1.4802830219268799,29.57940101623535,0.0,0.0,0.0,0.0,0.0,0.0,1.0,1.0,1.0,1.0,1.0,1.0,0.25,0.43067655807339306,0.43067655807339306,1.0,1,D2::D2-Q102,1.0
D2,D2-Q103,negation,normal,advanced,64,63,16128,1.4802830219268799,32.36055374145508,0.0,0.0,0.0,0.0,0.0,0.0,0.0,0.0,0.0,1.0,1.0,1.0,0.14285714285714285,0.0,0.3333333333333333,1.0,1,D2::D2-Q103,1.0
D2,D2-Q104,list_membership,normal,advanced,64,63,16128,1.4802830219268799,23.14591407775879,0.0,0.0,0.0,1.0,1.0,1.0,1.0,1.0,1.0,1.0,1.0,1.0,0.5,0.6309297535714575,0.6309297535714575,1.0,1,D2::D2-Q104,1.0
D2,D2-Q105,table_lookup,normal,advanced,64,63,16128,1.4802830219268799,19.776582717895508,0.0,0.0,0.0,0.0,0.0,0.0,0.0,0.0,0.0,1.0,1.0,1.0,0.16666666666666666,0.0,0.3562071871080222,1.0,1,D2::D2-Q105,1.0
D2,D2-Q106,table_lookup,normal,advanced,64,63,16128,1.4802830219268799,19.454240798950195,0.0,0.0,0.0,0.0,0.0,0.0,0.0,0.0,0.0,1.0,1.0,1.0,0.1111111111111111,0.0,0.3010299956639812,1.0,1,D2::D2-Q106,1.0
D2,D2-Q107,table_lookup,normal,advanced,64,63,16128,1.4802830219268799,19.62447166442871,0.0,0.0,0.0,0.0,0.0,0.0,0.0,0.0,0.0,0.0,0.0,0.0,0.0,0.0,0.0,0.0,0,D2::D2-Q107,0.0
D2,D2-Q108,paraphrase,normal,advanced,64,63,16128,1.4802830219268799,24.02472496032715,0.0,0.0,0.0,1.0,1.0,1.0,1.0,1.0,1.0,1.0,1.0,1.0,0.3333333333333333,0.5,0.5,1.0,1,D2::D2-Q108,1.0
D2,D2-Q109,procedural,normal,advanced,64,63,16128,1.4802830219268799,22.677898406982422,1.0,1.0,1.0,1.0,1.0,1.0,1.0,1.0,1.0,1.0,1.0,1.0,1.0,1.0,1.0,1.0,1,D2::D2-Q109,1.0
D2,D2-Q110,exact_fact,normal,advanced,64,63,16128,1.4802830219268799,21.8808650970459,0.0,0.0,0.0,0.0,0.0,0.0,0.0,0.0,0.0,1.0,1.0,1.0,0.125,0.0,0.31546487678572877,1.0,1,D2::D2-Q110,1.0
D2,D2-Q111,procedural,normal,advanced,64,63,16128,1.4802830219268799,21.236896514892578,1.0,1.0,1.0,1.0,1.0,1.0,1.0,1.0,1.0,1.0,1.0,1.0,1.0,1.0,1.0,1.0,1,D2::D2-Q111,1.0
D2,D2-Q112,temporal,normal,advanced,64,63,16128,1.4802830219268799,22.125244140625,1.0,1.0,1.0,1.0,1.0,1.0,1.0,1.0,1.0,1.0,1.0,1.0,1.0,1.0,1.0,1.0,1,D2::D2-Q112,1.0
D2,D2-Q113,procedural,normal,advanced,64,63,16128,1.4802830219268799,21.619558334350586,1.0,1.0,1.0,1.0,1.0,1.0,1.0,1.0,1.0,1.0,1.0,1.0,1.0,1.0,1.0,1.0,1,D2::D2-Q113,1.0
D2,D2-Q114,exact_fact,normal,advanced,64,63,16128,1.4802830219268799,21.63386344909668,0.0,0.0,0.0,0.0,0.0,0.0,0.0,0.0,0.0,1.0,1.0,1.0,0.1111111111111111,0.0,0.3010299956639812,1.0,1,D2::D2-Q114,1.0
D2,D2-Q115,exact_fact,normal,advanced,64,63,16128,1.4802830219268799,21.53182029724121,1.0,1.0,1.0,1.0,1.0,1.0,1.0,1.0,1.0,1.0,1.0,1.0,1.0,1.0,1.0,1.0,1,D2::D2-Q115,1.0
D2,D2-Q116,exact_fact,normal,advanced,64,63,16128,1.4802830219268799,22.626876831054688,1.0,1.0,1.0,1.0,1.0,1.0,1.0,1.0,1.0,1.0,1.0,1.0,1.0,1.0,1.0,1.0,1,D2::D2-Q116,1.0
D2,D2-Q117,conditional_exception,normal,advanced,64,63,16128,1.4802830219268799,21.93450927734375,0.0,0.0,0.0,1.0,1.0,1.0,1.0,1.0,1.0,1.0,1.0,1.0,0.5,0.6309297535714575,0.6309297535714575,1.0,1,D2::D2-Q117,1.0
D2,D2-Q118,procedural,normal,advanced,64,63,16128,1.4802830219268799,22.536039352416992,1.0,1.0,1.0,1.0,1.0,1.0,1.0,1.0,1.0,1.0,1.0,1.0,1.0,1.0,1.0,1.0,1,D2::D2-Q118,1.0
D2,D2-Q119,exact_fact,normal,advanced,64,63,16128,1.4802830219268799,22.76015281677246,0.0,0.0,0.0,0.0,0.0,0.0,0.0,0.0,0.0,0.0,0.0,0.0,0.0,0.0,0.0,0.0,0,D2::D2-Q119,0.0
D2,D2-Q120,negation,normal,advanced,64,63,16128,1.4802830219268799,22.886991500854492,0.0,0.0,0.0,0.0,0.0,0.0,0.0,0.0,0.0,0.0,0.0,0.0,0.0,0.0,0.0,0.0,0,D2::D2-Q120,0.0
D2,D2-Q121,exact_fact,normal,advanced,64,63,16128,1.4802830219268799,22.81975746154785,1.0,1.0,1.0,1.0,1.0,1.0,1.0,1.0,1.0,1.0,1.0,1.0,1.0,1.0,1.0,1.0,1,D2::D2-Q121,1.0
D2,D2-Q122,exact_fact,normal,advanced,64,63,16128,1.4802830219268799,23.502588272094727,0.0,0.0,0.0,0.0,0.0,0.0,1.0,1.0,1.0,1.0,1.0,1.0,0.2,0.38685280723454163,0.38685280723454163,1.0,1,D2::D2-Q122,1.0
D2,D2-Q123,paraphrase,normal,advanced,64,63,16128,1.4802830219268799,23.80084991455078,0.0,0.0,0.0,0.0,0.0,0.0,0.0,0.0,0.0,0.0,0.0,0.0,0.0,0.0,0.0,0.0,0,D2::D2-Q123,0.0
D2,D2-Q124,exact_fact,normal,advanced,64,63,16128,1.4802830219268799,23.666858673095703,0.0,0.0,0.0,0.0,0.0,0.0,0.0,0.0,0.0,0.0,0.0,0.0,0.0,0.0,0.0,0.0,0,D2::D2-Q124,0.0
D2,D2-Q125,procedural,normal,advanced,64,63,16128,1.4802830219268799,23.19788932800293,0.0,0.0,0.0,0.0,0.0,0.0,0.0,0.0,0.0,0.0,0.0,0.0,0.0,0.0,0.0,0.0,0,D2::D2-Q125,0.0
D2,D2-Q126,conditional_exception,normal,advanced,64,63,16128,1.4802830219268799,22.243261337280273,1.0,1.0,1.0,1.0,1.0,1.0,1.0,1.0,1.0,1.0,1.0,1.0,1.0,1.0,1.0,1.0,1,D2::D2-Q126,1.0
D2,D2-Q127,paraphrase,normal,advanced,64,63,16128,1.4802830219268799,23.476123809814453,1.0,1.0,1.0,1.0,1.0,1.0,1.0,1.0,1.0,1.0,1.0,1.0,1.0,1.0,1.0,1.0,1,D2::D2-Q127,1.0
D2,D2-Q128,paraphrase,normal,advanced,64,63,16128,1.4802830219268799,20.978450775146484,1.0,1.0,1.0,1.0,1.0,1.0,1.0,1.0,1.0,1.0,1.0,1.0,1.0,1.0,1.0,1.0,1,D2::D2-Q128,1.0
D2,D2-Q129,table_lookup,normal,advanced,64,63,16128,1.4802830219268799,23.9870548248291,0.0,0.0,0.0,1.0,1.0,1.0,1.0,1.0,1.0,1.0,1.0,1.0,0.3333333333333333,0.5,0.5,1.0,1,D2::D2-Q129,1.0
D2,D2-Q130,table_lookup,normal,advanced,64,63,16128,1.4802830219268799,21.504640579223633,0.0,0.0,0.0,0.0,0.0,0.0,0.0,0.0,0.0,0.0,0.0,0.0,0.0,0.0,0.0,0.0,0,D2::D2-Q130,0.0
D2,D2-Q131,table_lookup,normal,advanced,64,63,16128,1.4802830219268799,18.769025802612305,0.0,0.0,0.0,0.0,0.0,0.0,0.0,0.0,0.0,0.0,0.0,0.0,0.0,0.0,0.0,0.0,0,D2::D2-Q131,0.0
D2,D2-Q132,table_lookup,normal,advanced,64,63,16128,1.4802830219268799,18.498897552490234,0.0,0.0,0.0,0.0,0.0,0.0,0.0,0.0,0.0,0.0,0.0,0.0,0.0,0.0,0.0,0.0,0,D2::D2-Q132,0.0
D2,D2-Q133,table_lookup,normal,advanced,64,63,16128,1.4802830219268799,19.363880157470703,0.0,0.0,0.0,0.0,0.0,0.0,0.0,0.0,0.0,1.0,1.0,1.0,0.125,0.0,0.31546487678572877,1.0,1,D2::D2-Q133,1.0
D2,D2-Q134,table_lookup,normal,advanced,64,63,16128,1.4802830219268799,18.655061721801758,1.0,1.0,1.0,1.0,1.0,1.0,1.0,1.0,1.0,1.0,1.0,1.0,1.0,1.0,1.0,1.0,1,D2::D2-Q134,1.0
D2,D2-Q135,table_lookup,normal,advanced,64,63,16128,1.4802830219268799,18.76997947692871,0.0,0.0,0.0,0.0,0.0,0.0,1.0,1.0,1.0,1.0,1.0,1.0,0.25,0.43067655807339306,0.43067655807339306,1.0,1,D2::D2-Q135,1.0
D2,D2-Q136,table_context,normal,advanced,64,63,16128,1.4802830219268799,18.882036209106445,1.0,1.0,1.0,1.0,1.0,1.0,1.0,1.0,1.0,1.0,1.0,1.0,1.0,1.0,1.0,1.0,1,D2::D2-Q136,1.0
D2,D2-Q137,table_context,normal,advanced,64,63,16128,1.4802830219268799,18.934011459350586,0.0,0.0,0.0,1.0,1.0,1.0,1.0,1.0,1.0,1.0,1.0,1.0,0.3333333333333333,0.5,0.5,1.0,1,D2::D2-Q137,1.0
D2,D2-Q138,table_context,normal,advanced,64,63,16128,1.4802830219268799,18.970489501953125,0.0,0.0,0.0,1.0,1.0,1.0,1.0,1.0,1.0,1.0,1.0,1.0,0.5,0.6309297535714575,0.6309297535714575,1.0,1,D2::D2-Q138,1.0
D2,D2-Q139,table_context,normal,advanced,64,63,16128,1.4802830219268799,19.11783218383789,0.0,0.0,0.0,0.0,0.0,0.0,0.0,0.0,0.0,1.0,1.0,1.0,0.16666666666666666,0.0,0.3562071871080222,1.0,1,D2::D2-Q139,1.0
D2,D2-Q140,table_context,normal,advanced,64,63,16128,1.4802830219268799,20.919322967529297,0.0,0.0,0.0,1.0,1.0,1.0,1.0,1.0,1.0,1.0,1.0,1.0,0.3333333333333333,0.5,0.5,1.0,1,D2::D2-Q140,1.0
D2,D2-Q141,table_context,normal,advanced,64,63,16128,1.4802830219268799,19.167423248291016,0.0,0.0,0.0,0.0,0.0,0.0,1.0,1.0,1.0,1.0,1.0,1.0,0.25,0.43067655807339306,0.43067655807339306,1.0,1,D2::D2-Q141,1.0
D2,D2-Q142,table_context,normal,advanced,64,63,16128,1.4802830219268799,19.150733947753906,0.0,0.0,0.0,0.0,0.0,0.0,1.0,1.0,1.0,1.0,1.0,1.0,0.25,0.43067655807339306,0.43067655807339306,1.0,1,D2::D2-Q142,1.0
D2,D2-Q143,table_context,normal,advanced,64,63,16128,1.4802830219268799,19.6378231048584,0.0,0.0,0.0,1.0,1.0,1.0,1.0,1.0,1.0,1.0,1.0,1.0,0.5,0.6309297535714575,0.6309297535714575,1.0,1,D2::D2-Q143,1.0
D2,D2-Q144,table_context,normal,advanced,64,63,16128,1.4802830219268799,19.41967010498047,1.0,1.0,1.0,1.0,1.0,1.0,1.0,1.0,1.0,1.0,1.0,1.0,1.0,1.0,1.0,1.0,1,D2::D2-Q144,1.0
D2,D2-Q145,table_context,normal,advanced,64,63,16128,1.4802830219268799,20.26510238647461,1.0,1.0,1.0,1.0,1.0,1.0,1.0,1.0,1.0,1.0,1.0,1.0,1.0,1.0,1.0,1.0,1,D2::D2-Q145,1.0
D2,D2-Q146,table_context,normal,advanced,64,63,16128,1.4802830219268799,19.119977951049805,1.0,1.0,1.0,1.0,1.0,1.0,1.0,1.0,1.0,1.0,1.0,1.0,1.0,1.0,1.0,1.0,1,D2::D2-Q146,1.0
D2,D2-Q147,table_context,normal,advanced,64,63,16128,1.4802830219268799,18.680810928344727,1.0,1.0,1.0,1.0,1.0,1.0,1.0,1.0,1.0,1.0,1.0,1.0,1.0,1.0,1.0,1.0,1,D2::D2-Q147,1.0
D2,D2-Q148,table_context,normal,advanced,64,63,16128,1.4802830219268799,25.72011947631836,1.0,1.0,1.0,1.0,1.0,1.0,1.0,1.0,1.0,1.0,1.0,1.0,1.0,1.0,1.0,1.0,1,D2::D2-Q148,1.0
D2,D2-Q149,table_context,normal,advanced,64,63,16128,1.4802830219268799,24.533987045288086,1.0,1.0,1.0,1.0,1.0,1.0,1.0,1.0,1.0,1.0,1.0,1.0,1.0,1.0,1.0,1.0,1,D2::D2-Q149,1.0
D2,D2-Q150,temporal,normal,advanced,64,63,16128,1.4802830219268799,24.33633804321289,1.0,1.0,1.0,1.0,1.0,1.0,1.0,1.0,1.0,1.0,1.0,1.0,1.0,1.0,1.0,1.0,1,D2::D2-Q150,1.0
D2,D2-Q151,table_context,normal,advanced,64,63,16128,1.4802830219268799,21.671295166015625,1.0,1.0,1.0,1.0,1.0,1.0,1.0,1.0,1.0,1.0,1.0,1.0,1.0,1.0,1.0,1.0,1,D2::D2-Q151,1.0
D2,D2-Q152,table_context,normal,advanced,64,63,16128,1.4802830219268799,19.304513931274414,1.0,1.0,1.0,1.0,1.0,1.0,1.0,1.0,1.0,1.0,1.0,1.0,1.0,1.0,1.0,1.0,1,D2::D2-Q152,1.0
D2,D2-Q153,table_context,normal,advanced,64,63,16128,1.4802830219268799,19.586801528930664,1.0,1.0,1.0,1.0,1.0,1.0,1.0,1.0,1.0,1.0,1.0,1.0,1.0,1.0,1.0,1.0,1,D2::D2-Q153,1.0
D2,D2-Q154,table_context,normal,advanced,64,63,16128,1.4802830219268799,18.997907638549805,1.0,1.0,1.0,1.0,1.0,1.0,1.0,1.0,1.0,1.0,1.0,1.0,1.0,1.0,1.0,1.0,1,D2::D2-Q154,1.0
D2,D2-Q155,table_context,normal,advanced,64,63,16128,1.4802830219268799,19.286632537841797,0.0,0.0,0.0,0.0,0.0,0.0,1.0,1.0,1.0,1.0,1.0,1.0,0.2,0.38685280723454163,0.38685280723454163,1.0,1,D2::D2-Q155,1.0
D2,D2-Q156,table_context,normal,advanced,64,63,16128,1.4802830219268799,19.71578598022461,1.0,1.0,1.0,1.0,1.0,1.0,1.0,1.0,1.0,1.0,1.0,1.0,1.0,1.0,1.0,1.0,1,D2::D2-Q156,1.0
D2,D2-Q157,table_context,normal,advanced,64,63,16128,1.4802830219268799,19.501924514770508,0.0,0.0,0.0,1.0,1.0,1.0,1.0,1.0,1.0,1.0,1.0,1.0,0.5,0.6309297535714575,0.6309297535714575,1.0,1,D2::D2-Q157,1.0
D2,D2-Q158,table_context,normal,advanced,64,63,16128,1.4802830219268799,18.813371658325195,0.0,0.0,0.0,1.0,1.0,1.0,1.0,1.0,1.0,1.0,1.0,1.0,0.5,0.6309297535714575,0.6309297535714575,1.0,1,D2::D2-Q158,1.0
D2,D2-Q159,table_context,normal,advanced,64,63,16128,1.4802830219268799,23.501873016357422,0.0,0.0,0.0,1.0,1.0,1.0,1.0,1.0,1.0,1.0,1.0,1.0,0.5,0.6309297535714575,0.6309297535714575,1.0,1,D2::D2-Q159,1.0
D2,D2-Q160,table_context,normal,advanced,64,63,16128,1.4802830219268799,27.22644805908203,1.0,1.0,1.0,1.0,1.0,1.0,1.0,1.0,1.0,1.0,1.0,1.0,1.0,1.0,1.0,1.0,1,D2::D2-Q160,1.0
D2,D2-Q161,table_context,normal,advanced,64,63,16128,1.4802830219268799,23.34141731262207,1.0,1.0,1.0,1.0,1.0,1.0,1.0,1.0,1.0,1.0,1.0,1.0,1.0,1.0,1.0,1.0,1,D2::D2-Q161,1.0
D2,D2-Q162,table_context,normal,advanced,64,63,16128,1.4802830219268799,26.269912719726562,0.0,0.0,0.0,1.0,1.0,1.0,1.0,1.0,1.0,1.0,1.0,1.0,0.5,0.6309297535714575,0.6309297535714575,1.0,1,D2::D2-Q162,1.0
D2,D2-Q163,table_context,normal,advanced,64,63,16128,1.4802830219268799,26.5045166015625,1.0,1.0,1.0,1.0,1.0,1.0,1.0,1.0,1.0,1.0,1.0,1.0,1.0,1.0,1.0,1.0,1,D2::D2-Q163,1.0
D2,D2-Q164,table_context,normal,advanced,64,63,16128,1.4802830219268799,20.484447479248047,0.0,0.0,0.0,1.0,1.0,1.0,1.0,1.0,1.0,1.0,1.0,1.0,0.5,0.6309297535714575,0.6309297535714575,1.0,1,D2::D2-Q164,1.0
D2,D2-Q165,table_context,normal,advanced,64,63,16128,1.4802830219268799,26.027679443359375,0.0,0.0,0.0,0.0,0.0,0.0,1.0,1.0,1.0,1.0,1.0,1.0,0.2,0.38685280723454163,0.38685280723454163,1.0,1,D2::D2-Q165,1.0
D2,D2-Q166,table_context,normal,advanced,64,63,16128,1.4802830219268799,24.50275421142578,0.0,0.0,0.0,1.0,1.0,1.0,1.0,1.0,1.0,1.0,1.0,1.0,0.3333333333333333,0.5,0.5,1.0,1,D2::D2-Q166,1.0
D2,D2-Q167,table_context,normal,advanced,64,63,16128,1.4802830219268799,21.431446075439453,0.0,0.0,0.0,1.0,1.0,1.0,1.0,1.0,1.0,1.0,1.0,1.0,0.3333333333333333,0.5,0.5,1.0,1,D2::D2-Q167,1.0
D2,D2-Q168,table_context,normal,advanced,64,63,16128,1.4802830219268799,20.843029022216797,1.0,1.0,1.0,1.0,1.0,1.0,1.0,1.0,1.0,1.0,1.0,1.0,1.0,1.0,1.0,1.0,1,D2::D2-Q168,1.0
D2,D2-Q169,table_context,normal,advanced,64,63,16128,1.4802830219268799,20.316123962402344,1.0,1.0,1.0,1.0,1.0,1.0,1.0,1.0,1.0,1.0,1.0,1.0,1.0,1.0,1.0,1.0,1,D2::D2-Q169,1.0
D2,D2-Q170,table_context,normal,advanced,64,63,16128,1.4802830219268799,20.899295806884766,1.0,1.0,1.0,1.0,1.0,1.0,1.0,1.0,1.0,1.0,1.0,1.0,1.0,1.0,1.0,1.0,1,D2::D2-Q170,1.0
D2,D2-Q171,table_context,normal,advanced,64,63,16128,1.4802830219268799,20.688533782958984,1.0,1.0,1.0,1.0,1.0,1.0,1.0,1.0,1.0,1.0,1.0,1.0,1.0,1.0,1.0,1.0,1,D2::D2-Q171,1.0
D2,D2-Q172,table_context,normal,advanced,64,63,16128,1.4802830219268799,26.660680770874023,0.0,0.0,0.0,1.0,1.0,1.0,1.0,1.0,1.0,1.0,1.0,1.0,0.5,0.6309297535714575,0.6309297535714575,1.0,1,D2::D2-Q172,1.0
D2,D2-Q173,table_context,normal,advanced,64,63,16128,1.4802830219268799,23.038387298583984,0.0,0.0,0.0,1.0,1.0,1.0,1.0,1.0,1.0,1.0,1.0,1.0,0.5,0.6309297535714575,0.6309297535714575,1.0,1,D2::D2-Q173,1.0
D2,D2-Q174,table_context,normal,advanced,64,63,16128,1.4802830219268799,19.06418800354004,1.0,1.0,1.0,1.0,1.0,1.0,1.0,1.0,1.0,1.0,1.0,1.0,1.0,1.0,1.0,1.0,1,D2::D2-Q174,1.0
D2,D2-Q175,table_context,normal,advanced,64,63,16128,1.4802830219268799,19.50550079345703,1.0,1.0,1.0,1.0,1.0,1.0,1.0,1.0,1.0,1.0,1.0,1.0,1.0,1.0,1.0,1.0,1,D2::D2-Q175,1.0
D2,D2-Q176,table_context,normal,advanced,64,63,16128,1.4802830219268799,18.932104110717773,0.0,0.0,0.0,1.0,1.0,1.0,1.0,1.0,1.0,1.0,1.0,1.0,0.5,0.6309297535714575,0.6309297535714575,1.0,1,D2::D2-Q176,1.0
D2,D2-Q177,table_context,normal,advanced,64,63,16128,1.4802830219268799,18.95427703857422,1.0,1.0,1.0,1.0,1.0,1.0,1.0,1.0,1.0,1.0,1.0,1.0,1.0,1.0,1.0,1.0,1,D2::D2-Q177,1.0
D2,D2-Q178,table_context,normal,advanced,64,63,16128,1.4802830219268799,20.743370056152344,1.0,1.0,1.0,1.0,1.0,1.0,1.0,1.0,1.0,1.0,1.0,1.0,1.0,1.0,1.0,1.0,1,D2::D2-Q178,1.0
D2,D2-Q179,table_context,normal,advanced,64,63,16128,1.4802830219268799,18.810272216796875,1.0,1.0,1.0,1.0,1.0,1.0,1.0,1.0,1.0,1.0,1.0,1.0,1.0,1.0,1.0,1.0,1,D2::D2-Q179,1.0
D2,D2-Q180,table_context,normal,advanced,64,63,16128,1.4802830219268799,20.689010620117188,0.0,0.0,0.0,0.0,0.0,0.0,0.0,0.0,0.0,1.0,1.0,1.0,0.125,0.0,0.31546487678572877,1.0,1,D2::D2-Q180,1.0
D2,D2-Q181,table_context,normal,advanced,64,63,16128,1.4802830219268799,27.597665786743164,0.0,0.0,0.0,0.0,0.0,0.0,1.0,1.0,1.0,1.0,1.0,1.0,0.25,0.43067655807339306,0.43067655807339306,1.0,1,D2::D2-Q181,1.0
D2,D2-Q182,table_context,normal,advanced,64,63,16128,1.4802830219268799,24.332046508789062,0.0,0.0,0.0,0.0,0.0,0.0,1.0,1.0,1.0,1.0,1.0,1.0,0.25,0.43067655807339306,0.43067655807339306,1.0,1,D2::D2-Q182,1.0
D2,D2-Q183,procedural,normal,advanced,64,63,16128,1.4802830219268799,26.696443557739258,0.0,0.0,0.0,0.0,0.0,0.0,0.0,0.0,0.0,0.0,0.0,0.0,0.0,0.0,0.0,0.0,0,D2::D2-Q183,0.0
D2,D2-Q184,list_membership,normal,advanced,64,63,16128,1.4802830219268799,27.054548263549805,1.0,1.0,1.0,1.0,1.0,1.0,1.0,1.0,1.0,1.0,1.0,1.0,1.0,1.0,1.0,1.0,1,D2::D2-Q184,1.0
D2,D2-Q185,list_membership,normal,advanced,64,63,16128,1.4802830219268799,25.922060012817383,1.0,1.0,1.0,1.0,1.0,1.0,1.0,1.0,1.0,1.0,1.0,1.0,1.0,1.0,1.0,1.0,1,D2::D2-Q185,1.0
D2,D2-Q186,list_membership,normal,advanced,64,63,16128,1.4802830219268799,22.56917953491211,0.0,0.0,0.0,1.0,1.0,1.0,1.0,1.0,1.0,1.0,1.0,1.0,0.5,0.6309297535714575,0.6309297535714575,1.0,1,D2::D2-Q186,1.0
D2,D2-Q187,list_membership,normal,advanced,64,63,16128,1.4802830219268799,26.79610252380371,0.0,0.0,0.0,1.0,1.0,1.0,1.0,1.0,1.0,1.0,1.0,1.0,0.3333333333333333,0.5,0.5,1.0,1,D2::D2-Q187,1.0
D2,D2-Q188,list_membership,normal,advanced,64,63,16128,1.4802830219268799,28.792381286621094,0.0,0.0,0.0,0.0,0.0,0.0,1.0,1.0,1.0,1.0,1.0,1.0,0.2,0.38685280723454163,0.38685280723454163,1.0,1,D2::D2-Q188,1.0
D2,D2-Q189,conditional_exception,normal,advanced,64,63,16128,1.4802830219268799,25.51102638244629,0.0,0.0,0.0,0.0,0.0,0.0,1.0,1.0,1.0,1.0,1.0,1.0,0.25,0.43067655807339306,0.43067655807339306,1.0,1,D2::D2-Q189,1.0
D2,D2-Q190,conditional_exception,normal,advanced,64,63,16128,1.4802830219268799,25.062084197998047,1.0,1.0,1.0,1.0,1.0,1.0,1.0,1.0,1.0,1.0,1.0,1.0,1.0,1.0,1.0,1.0,1,D2::D2-Q190,1.0
D2,D2-Q191,procedural,normal,advanced,64,63,16128,1.4802830219268799,25.734424591064453,1.0,1.0,1.0,1.0,1.0,1.0,1.0,1.0,1.0,1.0,1.0,1.0,1.0,1.0,1.0,1.0,1,D2::D2-Q191,1.0
D2,D2-Q192,exact_fact,normal,advanced,64,63,16128,1.4802830219268799,24.735212326049805,1.0,1.0,1.0,1.0,1.0,1.0,1.0,1.0,1.0,1.0,1.0,1.0,1.0,1.0,1.0,1.0,1,D2::D2-Q192,1.0
D2,D2-Q193,procedural,normal,advanced,64,63,16128,1.4802830219268799,30.75242042541504,1.0,1.0,1.0,1.0,1.0,1.0,1.0,1.0,1.0,1.0,1.0,1.0,1.0,1.0,1.0,1.0,1,D2::D2-Q193,1.0
D2,D2-Q194,conditional_exception,normal,advanced,64,63,16128,1.4802830219268799,29.613018035888672,1.0,1.0,1.0,1.0,1.0,1.0,1.0,1.0,1.0,1.0,1.0,1.0,1.0,1.0,1.0,1.0,1,D2::D2-Q194,1.0
D2,D2-Q195,conditional_exception,normal,advanced,64,63,16128,1.4802830219268799,27.79078483581543,1.0,1.0,1.0,1.0,1.0,1.0,1.0,1.0,1.0,1.0,1.0,1.0,1.0,1.0,1.0,1.0,1,D2::D2-Q195,1.0
D2,D2-Q196,exact_fact,normal,advanced,64,63,16128,1.4802830219268799,23.227214813232422,0.0,0.0,0.0,0.0,0.0,0.0,0.0,0.0,0.0,0.0,0.0,0.0,0.0,0.0,0.0,0.0,0,D2::D2-Q196,0.0
D2,D2-Q197,conditional_exception,normal,advanced,64,63,16128,1.4802830219268799,23.744583129882812,1.0,1.0,1.0,1.0,1.0,1.0,1.0,1.0,1.0,1.0,1.0,1.0,1.0,1.0,1.0,1.0,1,D2::D2-Q197,1.0
D2,D2-Q198,conditional_exception,normal,advanced,64,63,16128,1.4802830219268799,24.946212768554688,1.0,1.0,1.0,1.0,1.0,1.0,1.0,1.0,1.0,1.0,1.0,1.0,1.0,1.0,1.0,1.0,1,D2::D2-Q198,1.0
D2,D2-Q199,negation,normal,advanced,64,63,16128,1.4802830219268799,26.13687515258789,1.0,1.0,1.0,1.0,1.0,1.0,1.0,1.0,1.0,1.0,1.0,1.0,1.0,1.0,1.0,1.0,1,D2::D2-Q199,1.0
D2,D2-Q200,procedural,normal,advanced,64,63,16128,1.4802830219268799,26.335477828979492,0.0,0.0,0.0,0.0,0.0,0.0,1.0,1.0,1.0,1.0,1.0,1.0,0.25,0.43067655807339306,0.43067655807339306,1.0,1,D2::D2-Q200,1.0
D2,D2-Q001,exact_fact,normal,advanced,128,63,32256,1.4802830219268799,18.52107048034668,0.0,0.0,0.0,1.0,1.0,1.0,1.0,1.0,1.0,1.0,1.0,1.0,0.3333333333333333,0.5,0.5,1.0,1,D2::D2-Q001,1.0
D2,D2-Q002,temporal,normal,advanced,128,63,32256,1.4802830219268799,14.409780502319336,0.0,0.0,0.0,1.0,1.0,1.0,1.0,1.0,1.0,1.0,1.0,1.0,0.3333333333333333,0.5,0.5,1.0,1,D2::D2-Q002,1.0
D2,D2-Q003,exact_fact,normal,advanced,128,63,32256,1.4802830219268799,14.27006721496582,0.0,0.0,0.0,1.0,1.0,1.0,1.0,1.0,1.0,1.0,1.0,1.0,0.5,0.6309297535714575,0.6309297535714575,1.0,1,D2::D2-Q003,1.0
D2,D2-Q004,negative_query,normal,advanced,128,63,32256,1.4802830219268799,14.492511749267578,1.0,1.0,1.0,1.0,1.0,1.0,1.0,1.0,1.0,1.0,1.0,1.0,1.0,1.0,1.0,1.0,1,D2::D2-Q004,1.0
D2,D2-Q005,negative_query,normal,advanced,128,63,32256,1.4802830219268799,14.810800552368164,1.0,1.0,1.0,1.0,1.0,1.0,1.0,1.0,1.0,1.0,1.0,1.0,1.0,1.0,1.0,1.0,1,D2::D2-Q005,1.0
D2,D2-Q006,list_membership,normal,advanced,128,63,32256,1.4802830219268799,14.747381210327148,1.0,1.0,1.0,1.0,1.0,1.0,1.0,1.0,1.0,1.0,1.0,1.0,1.0,1.0,1.0,1.0,1,D2::D2-Q006,1.0
D2,D2-Q007,negation,normal,advanced,128,63,32256,1.4802830219268799,15.754461288452148,0.0,0.0,0.0,1.0,1.0,1.0,1.0,1.0,1.0,1.0,1.0,1.0,0.5,0.6309297535714575,0.6309297535714575,1.0,1,D2::D2-Q007,1.0
D2,D2-Q008,exact_fact,normal,advanced,128,63,32256,1.4802830219268799,13.718128204345703,0.0,0.0,0.0,1.0,1.0,1.0,1.0,1.0,1.0,1.0,1.0,1.0,0.5,0.6309297535714575,0.6309297535714575,1.0,1,D2::D2-Q008,1.0
D2,D2-Q009,exact_fact,normal,advanced,128,63,32256,1.4802830219268799,14.231443405151367,0.0,0.0,0.0,0.0,0.0,0.0,0.0,0.0,0.0,1.0,1.0,1.0,0.1,0.0,0.2890648263178879,1.0,1,D2::D2-Q009,1.0
D2,D2-Q010,paraphrase,normal,advanced,128,63,32256,1.4802830219268799,14.095783233642578,1.0,1.0,1.0,1.0,1.0,1.0,1.0,1.0,1.0,1.0,1.0,1.0,1.0,1.0,1.0,1.0,1,D2::D2-Q010,1.0
D2,D2-Q011,conditional_exception,normal,advanced,128,63,32256,1.4802830219268799,14.479398727416992,1.0,1.0,1.0,1.0,1.0,1.0,1.0,1.0,1.0,1.0,1.0,1.0,1.0,1.0,1.0,1.0,1,D2::D2-Q011,1.0
D2,D2-Q012,negation,normal,advanced,128,63,32256,1.4802830219268799,14.186620712280273,1.0,1.0,1.0,1.0,1.0,1.0,1.0,1.0,1.0,1.0,1.0,1.0,1.0,1.0,1.0,1.0,1,D2::D2-Q012,1.0
D2,D2-Q013,list_membership,normal,advanced,128,63,32256,1.4802830219268799,14.150857925415039,1.0,1.0,1.0,1.0,1.0,1.0,1.0,1.0,1.0,1.0,1.0,1.0,1.0,1.0,1.0,1.0,1,D2::D2-Q013,1.0
D2,D2-Q014,list_membership,normal,advanced,128,63,32256,1.4802830219268799,14.887332916259766,1.0,1.0,1.0,1.0,1.0,1.0,1.0,1.0,1.0,1.0,1.0,1.0,1.0,1.0,1.0,1.0,1,D2::D2-Q014,1.0
D2,D2-Q015,list_membership,normal,advanced,128,63,32256,1.4802830219268799,13.851642608642578,1.0,1.0,1.0,1.0,1.0,1.0,1.0,1.0,1.0,1.0,1.0,1.0,1.0,1.0,1.0,1.0,1,D2::D2-Q015,1.0
D2,D2-Q016,exact_fact,normal,advanced,128,63,32256,1.4802830219268799,13.98324966430664,0.0,0.0,0.0,1.0,1.0,1.0,1.0,1.0,1.0,1.0,1.0,1.0,0.5,0.6309297535714575,0.6309297535714575,1.0,1,D2::D2-Q016,1.0
D2,D2-Q017,list_membership,normal,advanced,128,63,32256,1.4802830219268799,14.129400253295898,0.0,0.0,0.0,1.0,1.0,1.0,1.0,1.0,1.0,1.0,1.0,1.0,0.5,0.6309297535714575,0.6309297535714575,1.0,1,D2::D2-Q017,1.0
D2,D2-Q018,exact_fact,normal,advanced,128,63,32256,1.4802830219268799,16.981840133666992,0.0,0.0,0.0,0.0,0.0,0.0,0.0,0.0,0.0,1.0,1.0,1.0,0.16666666666666666,0.0,0.3562071871080222,1.0,1,D2::D2-Q018,1.0
D2,D2-Q019,exact_fact,normal,advanced,128,63,32256,1.4802830219268799,14.280557632446289,0.0,0.0,0.0,0.0,0.0,0.0,1.0,1.0,1.0,1.0,1.0,1.0,0.2,0.38685280723454163,0.38685280723454163,1.0,1,D2::D2-Q019,1.0
D2,D2-Q020,exact_fact,normal,advanced,128,63,32256,1.4802830219268799,13.545989990234375,0.0,0.0,0.0,0.0,0.0,0.0,1.0,1.0,1.0,1.0,1.0,1.0,0.25,0.43067655807339306,0.43067655807339306,1.0,1,D2::D2-Q020,1.0
D2,D2-Q021,exact_fact,normal,advanced,128,63,32256,1.4802830219268799,14.10531997680664,0.0,0.0,0.0,0.0,0.0,0.0,0.0,0.0,0.0,0.0,0.0,0.0,0.0,0.0,0.0,0.0,0,D2::D2-Q021,0.0
D2,D2-Q022,paraphrase,normal,advanced,128,63,32256,1.4802830219268799,14.295339584350586,0.0,0.0,0.0,0.0,0.0,0.0,0.0,0.0,0.0,0.0,0.0,0.0,0.0,0.0,0.0,0.0,0,D2::D2-Q022,0.0
D2,D2-Q023,procedural,normal,advanced,128,63,32256,1.4802830219268799,14.249563217163086,1.0,1.0,1.0,1.0,1.0,1.0,1.0,1.0,1.0,1.0,1.0,1.0,1.0,1.0,1.0,1.0,1,D2::D2-Q023,1.0
D2,D2-Q024,conditional_exception,normal,advanced,128,63,32256,1.4802830219268799,14.430046081542969,0.0,0.0,0.0,1.0,1.0,1.0,1.0,1.0,1.0,1.0,1.0,1.0,0.5,0.6309297535714575,0.6309297535714575,1.0,1,D2::D2-Q024,1.0
D2,D2-Q025,procedural,normal,advanced,128,63,32256,1.4802830219268799,14.261007308959961,1.0,1.0,1.0,1.0,1.0,1.0,1.0,1.0,1.0,1.0,1.0,1.0,1.0,1.0,1.0,1.0,1,D2::D2-Q025,1.0
D2,D2-Q026,procedural,normal,advanced,128,63,32256,1.4802830219268799,14.456510543823242,1.0,1.0,1.0,1.0,1.0,1.0,1.0,1.0,1.0,1.0,1.0,1.0,1.0,1.0,1.0,1.0,1,D2::D2-Q026,1.0
D2,D2-Q027,procedural,normal,advanced,128,63,32256,1.4802830219268799,13.930082321166992,1.0,1.0,1.0,1.0,1.0,1.0,1.0,1.0,1.0,1.0,1.0,1.0,1.0,1.0,1.0,1.0,1,D2::D2-Q027,1.0
D2,D2-Q028,paraphrase,normal,advanced,128,63,32256,1.4802830219268799,14.178991317749023,0.0,0.0,0.0,1.0,1.0,1.0,1.0,1.0,1.0,1.0,1.0,1.0,0.5,0.6309297535714575,0.6309297535714575,1.0,1,D2::D2-Q028,1.0
D2,D2-Q029,exact_fact,normal,advanced,128,63,32256,1.4802830219268799,14.064311981201172,1.0,1.0,1.0,1.0,1.0,1.0,1.0,1.0,1.0,1.0,1.0,1.0,1.0,1.0,1.0,1.0,1,D2::D2-Q029,1.0
D2,D2-Q030,paraphrase,normal,advanced,128,63,32256,1.4802830219268799,14.307975769042969,0.0,0.0,0.0,0.0,0.0,0.0,0.0,0.0,0.0,0.0,0.0,0.0,0.0,0.0,0.0,0.0,0,D2::D2-Q030,0.0
D2,D2-Q031,list_membership,normal,advanced,128,63,32256,1.4802830219268799,14.246225357055664,0.0,0.0,0.0,0.0,0.0,0.0,1.0,1.0,1.0,1.0,1.0,1.0,0.25,0.43067655807339306,0.43067655807339306,1.0,1,D2::D2-Q031,1.0
D2,D2-Q032,exact_fact,normal,advanced,128,63,32256,1.4802830219268799,14.25480842590332,1.0,1.0,1.0,1.0,1.0,1.0,1.0,1.0,1.0,1.0,1.0,1.0,1.0,1.0,1.0,1.0,1,D2::D2-Q032,1.0
D2,D2-Q033,exact_fact,normal,advanced,128,63,32256,1.4802830219268799,15.849828720092773,0.0,0.0,0.0,0.0,0.0,0.0,1.0,1.0,1.0,1.0,1.0,1.0,0.25,0.43067655807339306,0.43067655807339306,1.0,1,D2::D2-Q033,1.0
D2,D2-Q034,procedural,normal,advanced,128,63,32256,1.4802830219268799,21.503210067749023,0.0,0.0,0.0,0.0,0.0,0.0,0.0,0.0,0.0,0.0,0.0,0.0,0.0,0.0,0.0,0.0,0,D2::D2-Q034,0.0
D2,D2-Q035,list_membership,normal,advanced,128,63,32256,1.4802830219268799,22.339820861816406,1.0,1.0,1.0,1.0,1.0,1.0,1.0,1.0,1.0,1.0,1.0,1.0,1.0,1.0,1.0,1.0,1,D2::D2-Q035,1.0
D2,D2-Q036,list_membership,normal,advanced,128,63,32256,1.4802830219268799,16.67642593383789,1.0,1.0,1.0,1.0,1.0,1.0,1.0,1.0,1.0,1.0,1.0,1.0,1.0,1.0,1.0,1.0,1,D2::D2-Q036,1.0
D2,D2-Q037,exact_fact,normal,advanced,128,63,32256,1.4802830219268799,18.245935440063477,0.0,0.0,0.0,1.0,1.0,1.0,1.0,1.0,1.0,1.0,1.0,1.0,0.5,0.6309297535714575,0.6309297535714575,1.0,1,D2::D2-Q037,1.0
D2,D2-Q038,procedural,normal,advanced,128,63,32256,1.4802830219268799,17.345905303955078,1.0,1.0,1.0,1.0,1.0,1.0,1.0,1.0,1.0,1.0,1.0,1.0,1.0,1.0,1.0,1.0,1,D2::D2-Q038,1.0
D2,D2-Q039,conditional_exception,normal,advanced,128,63,32256,1.4802830219268799,15.468835830688477,1.0,1.0,1.0,1.0,1.0,1.0,1.0,1.0,1.0,1.0,1.0,1.0,1.0,1.0,1.0,1.0,1,D2::D2-Q039,1.0
D2,D2-Q040,procedural,normal,advanced,128,63,32256,1.4802830219268799,16.087055206298828,1.0,1.0,1.0,1.0,1.0,1.0,1.0,1.0,1.0,1.0,1.0,1.0,1.0,1.0,1.0,1.0,1,D2::D2-Q040,1.0
D2,D2-Q041,procedural,normal,advanced,128,63,32256,1.4802830219268799,14.545679092407227,0.0,0.0,0.0,0.0,0.0,0.0,1.0,1.0,1.0,1.0,1.0,1.0,0.25,0.43067655807339306,0.43067655807339306,1.0,1,D2::D2-Q041,1.0
D2,D2-Q042,exact_fact,normal,advanced,128,63,32256,1.4802830219268799,15.26784896850586,0.0,0.0,0.0,0.0,0.0,0.0,1.0,1.0,1.0,1.0,1.0,1.0,0.25,0.43067655807339306,0.43067655807339306,1.0,1,D2::D2-Q042,1.0
D2,D2-Q043,procedural,normal,advanced,128,63,32256,1.4802830219268799,14.129877090454102,1.0,1.0,1.0,1.0,1.0,1.0,1.0,1.0,1.0,1.0,1.0,1.0,1.0,1.0,1.0,1.0,1,D2::D2-Q043,1.0
D2,D2-Q044,exact_fact,normal,advanced,128,63,32256,1.4802830219268799,14.409542083740234,1.0,1.0,1.0,1.0,1.0,1.0,1.0,1.0,1.0,1.0,1.0,1.0,1.0,1.0,1.0,1.0,1,D2::D2-Q044,1.0
D2,D2-Q045,conditional_exception,normal,advanced,128,63,32256,1.4802830219268799,13.92674446105957,1.0,1.0,1.0,1.0,1.0,1.0,1.0,1.0,1.0,1.0,1.0,1.0,1.0,1.0,1.0,1.0,1,D2::D2-Q045,1.0
D2,D2-Q046,paraphrase,normal,advanced,128,63,32256,1.4802830219268799,14.73093032836914,1.0,1.0,1.0,1.0,1.0,1.0,1.0,1.0,1.0,1.0,1.0,1.0,1.0,1.0,1.0,1.0,1,D2::D2-Q046,1.0
D2,D2-Q047,exact_fact,normal,advanced,128,63,32256,1.4802830219268799,14.020681381225586,1.0,1.0,1.0,1.0,1.0,1.0,1.0,1.0,1.0,1.0,1.0,1.0,1.0,1.0,1.0,1.0,1,D2::D2-Q047,1.0
D2,D2-Q048,list_membership,normal,advanced,128,63,32256,1.4802830219268799,14.830827713012695,1.0,1.0,1.0,1.0,1.0,1.0,1.0,1.0,1.0,1.0,1.0,1.0,1.0,1.0,1.0,1.0,1,D2::D2-Q048,1.0
D2,D2-Q049,exact_fact,normal,advanced,128,63,32256,1.4802830219268799,14.242172241210938,1.0,1.0,1.0,1.0,1.0,1.0,1.0,1.0,1.0,1.0,1.0,1.0,1.0,1.0,1.0,1.0,1,D2::D2-Q049,1.0
D2,D2-Q050,procedural,normal,advanced,128,63,32256,1.4802830219268799,14.470815658569336,1.0,1.0,1.0,1.0,1.0,1.0,1.0,1.0,1.0,1.0,1.0,1.0,1.0,1.0,1.0,1.0,1,D2::D2-Q050,1.0
D2,D2-Q051,conditional_exception,normal,advanced,128,63,32256,1.4802830219268799,14.7552490234375,0.0,0.0,0.0,0.0,0.0,0.0,0.0,0.0,0.0,0.0,0.0,0.0,0.0,0.0,0.0,0.0,0,D2::D2-Q051,0.0
D2,D2-Q052,procedural,normal,advanced,128,63,32256,1.4802830219268799,14.745473861694336,1.0,1.0,1.0,1.0,1.0,1.0,1.0,1.0,1.0,1.0,1.0,1.0,1.0,1.0,1.0,1.0,1,D2::D2-Q052,1.0
D2,D2-Q053,exact_fact,normal,advanced,128,63,32256,1.4802830219268799,15.18106460571289,1.0,1.0,1.0,1.0,1.0,1.0,1.0,1.0,1.0,1.0,1.0,1.0,1.0,1.0,1.0,1.0,1,D2::D2-Q053,1.0
D2,D2-Q054,conditional_exception,normal,advanced,128,63,32256,1.4802830219268799,22.36628532409668,0.0,0.0,0.0,1.0,1.0,1.0,1.0,1.0,1.0,1.0,1.0,1.0,0.5,0.6309297535714575,0.6309297535714575,1.0,1,D2::D2-Q054,1.0
D2,D2-Q055,list_membership,normal,advanced,128,63,32256,1.4802830219268799,21.5303897857666,1.0,1.0,1.0,1.0,1.0,1.0,1.0,1.0,1.0,1.0,1.0,1.0,1.0,1.0,1.0,1.0,1,D2::D2-Q055,1.0
D2,D2-Q056,procedural,normal,advanced,128,63,32256,1.4802830219268799,14.9688720703125,1.0,1.0,1.0,1.0,1.0,1.0,1.0,1.0,1.0,1.0,1.0,1.0,1.0,1.0,1.0,1.0,1,D2::D2-Q056,1.0
D2,D2-Q057,exact_fact,normal,advanced,128,63,32256,1.4802830219268799,15.219688415527344,0.0,0.0,0.0,1.0,1.0,1.0,1.0,1.0,1.0,1.0,1.0,1.0,0.3333333333333333,0.5,0.5,1.0,1,D2::D2-Q057,1.0
D2,D2-Q058,conditional_exception,normal,advanced,128,63,32256,1.4802830219268799,14.200925827026367,1.0,1.0,1.0,1.0,1.0,1.0,1.0,1.0,1.0,1.0,1.0,1.0,1.0,1.0,1.0,1.0,1,D2::D2-Q058,1.0
D2,D2-Q059,exact_fact,normal,advanced,128,63,32256,1.4802830219268799,17.721891403198242,1.0,1.0,1.0,1.0,1.0,1.0,1.0,1.0,1.0,1.0,1.0,1.0,1.0,1.0,1.0,1.0,1,D2::D2-Q059,1.0
D2,D2-Q060,negation,normal,advanced,128,63,32256,1.4802830219268799,19.61994171142578,0.0,0.0,0.0,0.0,0.0,0.0,0.0,0.0,0.0,1.0,1.0,1.0,0.14285714285714285,0.0,0.3333333333333333,1.0,1,D2::D2-Q060,1.0
D2,D2-Q061,procedural,normal,advanced,128,63,32256,1.4802830219268799,14.57667350769043,0.0,0.0,0.0,0.0,0.0,0.0,0.0,0.0,0.0,0.0,0.0,0.0,0.0,0.0,0.0,0.0,0,D2::D2-Q061,0.0
D2,D2-Q062,exact_fact,normal,advanced,128,63,32256,1.4802830219268799,14.670372009277344,0.0,0.0,0.0,0.0,0.0,0.0,0.0,0.0,0.0,0.0,0.0,0.0,0.0,0.0,0.0,0.0,0,D2::D2-Q062,0.0
D2,D2-Q063,paraphrase,normal,advanced,128,63,32256,1.4802830219268799,15.012979507446289,1.0,1.0,1.0,1.0,1.0,1.0,1.0,1.0,1.0,1.0,1.0,1.0,1.0,1.0,1.0,1.0,1,D2::D2-Q063,1.0
D2,D2-Q064,negation,normal,advanced,128,63,32256,1.4802830219268799,15.58065414428711,1.0,1.0,1.0,1.0,1.0,1.0,1.0,1.0,1.0,1.0,1.0,1.0,1.0,1.0,1.0,1.0,1,D2::D2-Q064,1.0
D2,D2-Q065,numerical,normal,advanced,128,63,32256,1.4802830219268799,14.177083969116211,1.0,1.0,1.0,1.0,1.0,1.0,1.0,1.0,1.0,1.0,1.0,1.0,1.0,1.0,1.0,1.0,1,D2::D2-Q065,1.0
D2,D2-Q066,numerical,normal,advanced,128,63,32256,1.4802830219268799,13.904333114624023,1.0,1.0,1.0,1.0,1.0,1.0,1.0,1.0,1.0,1.0,1.0,1.0,1.0,1.0,1.0,1.0,1,D2::D2-Q066,1.0
D2,D2-Q067,numerical,normal,advanced,128,63,32256,1.4802830219268799,14.455318450927734,1.0,1.0,1.0,1.0,1.0,1.0,1.0,1.0,1.0,1.0,1.0,1.0,1.0,1.0,1.0,1.0,1,D2::D2-Q067,1.0
D2,D2-Q068,numerical,normal,advanced,128,63,32256,1.4802830219268799,14.322996139526367,1.0,1.0,1.0,1.0,1.0,1.0,1.0,1.0,1.0,1.0,1.0,1.0,1.0,1.0,1.0,1.0,1,D2::D2-Q068,1.0
D2,D2-Q069,numerical,normal,advanced,128,63,32256,1.4802830219268799,14.35708999633789,1.0,1.0,1.0,1.0,1.0,1.0,1.0,1.0,1.0,1.0,1.0,1.0,1.0,1.0,1.0,1.0,1,D2::D2-Q069,1.0
D2,D2-Q070,numerical,normal,advanced,128,63,32256,1.4802830219268799,14.429569244384766,1.0,1.0,1.0,1.0,1.0,1.0,1.0,1.0,1.0,1.0,1.0,1.0,1.0,1.0,1.0,1.0,1,D2::D2-Q070,1.0
D2,D2-Q071,negative_query,normal,advanced,128,63,32256,1.4802830219268799,14.353752136230469,1.0,1.0,1.0,1.0,1.0,1.0,1.0,1.0,1.0,1.0,1.0,1.0,1.0,1.0,1.0,1.0,1,D2::D2-Q071,1.0
D2,D2-Q072,exact_fact,normal,advanced,128,63,32256,1.4802830219268799,14.115333557128906,1.0,1.0,1.0,1.0,1.0,1.0,1.0,1.0,1.0,1.0,1.0,1.0,1.0,1.0,1.0,1.0,1,D2::D2-Q072,1.0
D2,D2-Q073,exact_fact,normal,advanced,128,63,32256,1.4802830219268799,16.193389892578125,1.0,1.0,1.0,1.0,1.0,1.0,1.0,1.0,1.0,1.0,1.0,1.0,1.0,1.0,1.0,1.0,1,D2::D2-Q073,1.0
D2,D2-Q074,procedural,normal,advanced,128,63,32256,1.4802830219268799,14.450788497924805,1.0,1.0,1.0,1.0,1.0,1.0,1.0,1.0,1.0,1.0,1.0,1.0,1.0,1.0,1.0,1.0,1,D2::D2-Q074,1.0
D2,D2-Q075,conditional_exception,normal,advanced,128,63,32256,1.4802830219268799,16.111135482788086,1.0,1.0,1.0,1.0,1.0,1.0,1.0,1.0,1.0,1.0,1.0,1.0,1.0,1.0,1.0,1.0,1,D2::D2-Q075,1.0
D2,D2-Q076,negation,normal,advanced,128,63,32256,1.4802830219268799,14.645814895629883,0.0,0.0,0.0,0.0,0.0,0.0,0.0,0.0,0.0,0.0,0.0,0.0,0.0,0.0,0.0,0.0,0,D2::D2-Q076,0.0
D2,D2-Q077,procedural,normal,advanced,128,63,32256,1.4802830219268799,14.307975769042969,0.0,0.0,0.0,0.0,0.0,0.0,1.0,1.0,1.0,1.0,1.0,1.0,0.25,0.43067655807339306,0.43067655807339306,1.0,1,D2::D2-Q077,1.0
D2,D2-Q078,exact_fact,normal,advanced,128,63,32256,1.4802830219268799,14.46986198425293,0.0,0.0,0.0,0.0,0.0,0.0,0.0,0.0,0.0,0.0,0.0,0.0,0.0,0.0,0.0,0.0,0,D2::D2-Q078,0.0
D2,D2-Q079,conditional_exception,normal,advanced,128,63,32256,1.4802830219268799,17.1201229095459,0.0,0.0,0.0,0.0,0.0,0.0,0.0,0.0,0.0,0.0,0.0,0.0,0.0,0.0,0.0,0.0,0,D2::D2-Q079,0.0
D2,D2-Q080,conditional_exception,normal,advanced,128,63,32256,1.4802830219268799,14.821052551269531,1.0,1.0,1.0,1.0,1.0,1.0,1.0,1.0,1.0,1.0,1.0,1.0,1.0,1.0,1.0,1.0,1,D2::D2-Q080,1.0
D2,D2-Q081,exact_fact,normal,advanced,128,63,32256,1.4802830219268799,14.359712600708008,0.0,0.0,0.0,1.0,1.0,1.0,1.0,1.0,1.0,1.0,1.0,1.0,0.5,0.6309297535714575,0.6309297535714575,1.0,1,D2::D2-Q081,1.0
D2,D2-Q082,conditional_exception,normal,advanced,128,63,32256,1.4802830219268799,14.086723327636719,0.0,0.0,0.0,0.0,0.0,0.0,0.0,0.0,0.0,0.0,0.0,0.0,0.0,0.0,0.0,0.0,0,D2::D2-Q082,0.0
D2,D2-Q083,procedural,normal,advanced,128,63,32256,1.4802830219268799,14.429092407226562,0.0,0.0,0.0,0.0,0.0,0.0,0.0,0.0,0.0,0.0,0.0,0.0,0.0,0.0,0.0,0.0,0,D2::D2-Q083,0.0
D2,D2-Q084,procedural,normal,advanced,128,63,32256,1.4802830219268799,14.748573303222656,1.0,1.0,1.0,1.0,1.0,1.0,1.0,1.0,1.0,1.0,1.0,1.0,1.0,1.0,1.0,1.0,1,D2::D2-Q084,1.0
D2,D2-Q085,exact_fact,normal,advanced,128,63,32256,1.4802830219268799,13.873815536499023,0.0,0.0,0.0,0.0,0.0,0.0,1.0,1.0,1.0,1.0,1.0,1.0,0.25,0.43067655807339306,0.43067655807339306,1.0,1,D2::D2-Q085,1.0
D2,D2-Q086,procedural,normal,advanced,128,63,32256,1.4802830219268799,13.545751571655273,0.0,0.0,0.0,1.0,1.0,1.0,1.0,1.0,1.0,1.0,1.0,1.0,0.5,0.6309297535714575,0.6309297535714575,1.0,1,D2::D2-Q086,1.0
D2,D2-Q087,exact_fact,normal,advanced,128,63,32256,1.4802830219268799,14.403343200683594,0.0,0.0,0.0,1.0,1.0,1.0,1.0,1.0,1.0,1.0,1.0,1.0,0.5,0.6309297535714575,0.6309297535714575,1.0,1,D2::D2-Q087,1.0
D2,D2-Q088,paraphrase,normal,advanced,128,63,32256,1.4802830219268799,14.179468154907227,1.0,1.0,1.0,1.0,1.0,1.0,1.0,1.0,1.0,1.0,1.0,1.0,1.0,1.0,1.0,1.0,1,D2::D2-Q088,1.0
D2,D2-Q089,exact_fact,normal,advanced,128,63,32256,1.4802830219268799,15.191078186035156,1.0,1.0,1.0,1.0,1.0,1.0,1.0,1.0,1.0,1.0,1.0,1.0,1.0,1.0,1.0,1.0,1,D2::D2-Q089,1.0
D2,D2-Q090,procedural,normal,advanced,128,63,32256,1.4802830219268799,14.932632446289062,0.0,0.0,0.0,1.0,1.0,1.0,1.0,1.0,1.0,1.0,1.0,1.0,0.5,0.6309297535714575,0.6309297535714575,1.0,1,D2::D2-Q090,1.0
D2,D2-Q091,exact_fact,normal,advanced,128,63,32256,1.4802830219268799,14.276742935180664,1.0,1.0,1.0,1.0,1.0,1.0,1.0,1.0,1.0,1.0,1.0,1.0,1.0,1.0,1.0,1.0,1,D2::D2-Q091,1.0
D2,D2-Q092,conditional_exception,normal,advanced,128,63,32256,1.4802830219268799,14.632940292358398,1.0,1.0,1.0,1.0,1.0,1.0,1.0,1.0,1.0,1.0,1.0,1.0,1.0,1.0,1.0,1.0,1,D2::D2-Q092,1.0
D2,D2-Q093,procedural,normal,advanced,128,63,32256,1.4802830219268799,14.319419860839844,1.0,1.0,1.0,1.0,1.0,1.0,1.0,1.0,1.0,1.0,1.0,1.0,1.0,1.0,1.0,1.0,1,D2::D2-Q093,1.0
D2,D2-Q094,procedural,normal,advanced,128,63,32256,1.4802830219268799,14.49441909790039,1.0,1.0,1.0,1.0,1.0,1.0,1.0,1.0,1.0,1.0,1.0,1.0,1.0,1.0,1.0,1.0,1,D2::D2-Q094,1.0
D2,D2-Q095,procedural,normal,advanced,128,63,32256,1.4802830219268799,13.955831527709961,0.0,0.0,0.0,0.0,0.0,0.0,0.0,0.0,0.0,0.0,0.0,0.0,0.0,0.0,0.0,0.0,0,D2::D2-Q095,0.0
D2,D2-Q096,negative_query,normal,advanced,128,63,32256,1.4802830219268799,14.424324035644531,0.0,0.0,0.0,0.0,0.0,0.0,0.0,0.0,0.0,0.0,0.0,0.0,0.0,0.0,0.0,0.0,0,D2::D2-Q096,0.0
D2,D2-Q097,numerical,normal,advanced,128,63,32256,1.4802830219268799,17.691373825073242,1.0,1.0,1.0,1.0,1.0,1.0,1.0,1.0,1.0,1.0,1.0,1.0,1.0,1.0,1.0,1.0,1,D2::D2-Q097,1.0
D2,D2-Q098,procedural,normal,advanced,128,63,32256,1.4802830219268799,14.683008193969727,0.0,0.0,0.0,1.0,1.0,1.0,1.0,1.0,1.0,1.0,1.0,1.0,0.5,0.6309297535714575,0.6309297535714575,1.0,1,D2::D2-Q098,1.0
D2,D2-Q099,procedural,normal,advanced,128,63,32256,1.4802830219268799,15.557050704956055,1.0,1.0,1.0,1.0,1.0,1.0,1.0,1.0,1.0,1.0,1.0,1.0,1.0,1.0,1.0,1.0,1,D2::D2-Q099,1.0
D2,D2-Q100,conditional_exception,normal,advanced,128,63,32256,1.4802830219268799,15.113353729248047,0.0,0.0,0.0,1.0,1.0,1.0,1.0,1.0,1.0,1.0,1.0,1.0,0.5,0.6309297535714575,0.6309297535714575,1.0,1,D2::D2-Q100,1.0
D2,D2-Q101,temporal,normal,advanced,128,63,32256,1.4802830219268799,14.626502990722656,0.0,0.0,0.0,0.0,0.0,0.0,1.0,1.0,1.0,1.0,1.0,1.0,0.25,0.43067655807339306,0.43067655807339306,1.0,1,D2::D2-Q101,1.0
D2,D2-Q102,numerical,normal,advanced,128,63,32256,1.4802830219268799,15.477180480957031,0.0,0.0,0.0,0.0,0.0,0.0,1.0,1.0,1.0,1.0,1.0,1.0,0.2,0.38685280723454163,0.38685280723454163,1.0,1,D2::D2-Q102,1.0
D2,D2-Q103,negation,normal,advanced,128,63,32256,1.4802830219268799,14.800310134887695,0.0,0.0,0.0,0.0,0.0,0.0,1.0,1.0,1.0,1.0,1.0,1.0,0.2,0.38685280723454163,0.38685280723454163,1.0,1,D2::D2-Q103,1.0
D2,D2-Q104,list_membership,normal,advanced,128,63,32256,1.4802830219268799,14.373540878295898,0.0,0.0,0.0,1.0,1.0,1.0,1.0,1.0,1.0,1.0,1.0,1.0,0.3333333333333333,0.5,0.5,1.0,1,D2::D2-Q104,1.0
D2,D2-Q105,table_lookup,normal,advanced,128,63,32256,1.4802830219268799,14.39046859741211,0.0,0.0,0.0,1.0,1.0,1.0,1.0,1.0,1.0,1.0,1.0,1.0,0.3333333333333333,0.5,0.5,1.0,1,D2::D2-Q105,1.0
D2,D2-Q106,table_lookup,normal,advanced,128,63,32256,1.4802830219268799,14.879941940307617,0.0,0.0,0.0,0.0,0.0,0.0,1.0,1.0,1.0,1.0,1.0,1.0,0.2,0.38685280723454163,0.38685280723454163,1.0,1,D2::D2-Q106,1.0
D2,D2-Q107,table_lookup,normal,advanced,128,63,32256,1.4802830219268799,15.238285064697266,0.0,0.0,0.0,0.0,0.0,0.0,0.0,0.0,0.0,1.0,1.0,1.0,0.125,0.0,0.31546487678572877,1.0,1,D2::D2-Q107,1.0
D2,D2-Q108,paraphrase,normal,advanced,128,63,32256,1.4802830219268799,14.400959014892578,0.0,0.0,0.0,1.0,1.0,1.0,1.0,1.0,1.0,1.0,1.0,1.0,0.3333333333333333,0.5,0.5,1.0,1,D2::D2-Q108,1.0
D2,D2-Q109,procedural,normal,advanced,128,63,32256,1.4802830219268799,14.314413070678711,1.0,1.0,1.0,1.0,1.0,1.0,1.0,1.0,1.0,1.0,1.0,1.0,1.0,1.0,1.0,1.0,1,D2::D2-Q109,1.0
D2,D2-Q110,exact_fact,normal,advanced,128,63,32256,1.4802830219268799,14.764070510864258,0.0,0.0,0.0,0.0,0.0,0.0,1.0,1.0,1.0,1.0,1.0,1.0,0.2,0.38685280723454163,0.38685280723454163,1.0,1,D2::D2-Q110,1.0
D2,D2-Q111,procedural,normal,advanced,128,63,32256,1.4802830219268799,14.306783676147461,1.0,1.0,1.0,1.0,1.0,1.0,1.0,1.0,1.0,1.0,1.0,1.0,1.0,1.0,1.0,1.0,1,D2::D2-Q111,1.0
D2,D2-Q112,temporal,normal,advanced,128,63,32256,1.4802830219268799,14.181137084960938,1.0,1.0,1.0,1.0,1.0,1.0,1.0,1.0,1.0,1.0,1.0,1.0,1.0,1.0,1.0,1.0,1,D2::D2-Q112,1.0
D2,D2-Q113,procedural,normal,advanced,128,63,32256,1.4802830219268799,15.535831451416016,1.0,1.0,1.0,1.0,1.0,1.0,1.0,1.0,1.0,1.0,1.0,1.0,1.0,1.0,1.0,1.0,1,D2::D2-Q113,1.0
D2,D2-Q114,exact_fact,normal,advanced,128,63,32256,1.4802830219268799,14.888286590576172,0.0,0.0,0.0,0.0,0.0,0.0,0.0,0.0,0.0,1.0,1.0,1.0,0.14285714285714285,0.0,0.3333333333333333,1.0,1,D2::D2-Q114,1.0
D2,D2-Q115,exact_fact,normal,advanced,128,63,32256,1.4802830219268799,14.51730728149414,1.0,1.0,1.0,1.0,1.0,1.0,1.0,1.0,1.0,1.0,1.0,1.0,1.0,1.0,1.0,1.0,1,D2::D2-Q115,1.0
D2,D2-Q116,exact_fact,normal,advanced,128,63,32256,1.4802830219268799,15.016317367553711,1.0,1.0,1.0,1.0,1.0,1.0,1.0,1.0,1.0,1.0,1.0,1.0,1.0,1.0,1.0,1.0,1,D2::D2-Q116,1.0
D2,D2-Q117,conditional_exception,normal,advanced,128,63,32256,1.4802830219268799,14.518260955810547,1.0,1.0,1.0,1.0,1.0,1.0,1.0,1.0,1.0,1.0,1.0,1.0,1.0,1.0,1.0,1.0,1,D2::D2-Q117,1.0
D2,D2-Q118,procedural,normal,advanced,128,63,32256,1.4802830219268799,20.75028419494629,1.0,1.0,1.0,1.0,1.0,1.0,1.0,1.0,1.0,1.0,1.0,1.0,1.0,1.0,1.0,1.0,1,D2::D2-Q118,1.0
D2,D2-Q119,exact_fact,normal,advanced,128,63,32256,1.4802830219268799,21.325111389160156,0.0,0.0,0.0,0.0,0.0,0.0,0.0,0.0,0.0,0.0,0.0,0.0,0.0,0.0,0.0,0.0,0,D2::D2-Q119,0.0
D2,D2-Q120,negation,normal,advanced,128,63,32256,1.4802830219268799,15.574216842651367,0.0,0.0,0.0,0.0,0.0,0.0,1.0,1.0,1.0,1.0,1.0,1.0,0.25,0.43067655807339306,0.43067655807339306,1.0,1,D2::D2-Q120,1.0
D2,D2-Q121,exact_fact,normal,advanced,128,63,32256,1.4802830219268799,14.055967330932617,1.0,1.0,1.0,1.0,1.0,1.0,1.0,1.0,1.0,1.0,1.0,1.0,1.0,1.0,1.0,1.0,1,D2::D2-Q121,1.0
D2,D2-Q122,exact_fact,normal,advanced,128,63,32256,1.4802830219268799,14.26243782043457,0.0,0.0,0.0,0.0,0.0,0.0,0.0,0.0,0.0,1.0,1.0,1.0,0.16666666666666666,0.0,0.3562071871080222,1.0,1,D2::D2-Q122,1.0
D2,D2-Q123,paraphrase,normal,advanced,128,63,32256,1.4802830219268799,14.635324478149414,0.0,0.0,0.0,0.0,0.0,0.0,0.0,0.0,0.0,0.0,0.0,0.0,0.0,0.0,0.0,0.0,0,D2::D2-Q123,0.0
D2,D2-Q124,exact_fact,normal,advanced,128,63,32256,1.4802830219268799,14.391660690307617,0.0,0.0,0.0,0.0,0.0,0.0,0.0,0.0,0.0,1.0,1.0,1.0,0.1111111111111111,0.0,0.3010299956639812,1.0,1,D2::D2-Q124,1.0
D2,D2-Q125,procedural,normal,advanced,128,63,32256,1.4802830219268799,14.525175094604492,0.0,0.0,0.0,0.0,0.0,0.0,0.0,0.0,0.0,0.0,0.0,0.0,0.0,0.0,0.0,0.0,0,D2::D2-Q125,0.0
D2,D2-Q126,conditional_exception,normal,advanced,128,63,32256,1.4802830219268799,14.409542083740234,1.0,1.0,1.0,1.0,1.0,1.0,1.0,1.0,1.0,1.0,1.0,1.0,1.0,1.0,1.0,1.0,1,D2::D2-Q126,1.0
D2,D2-Q127,paraphrase,normal,advanced,128,63,32256,1.4802830219268799,14.266252517700195,1.0,1.0,1.0,1.0,1.0,1.0,1.0,1.0,1.0,1.0,1.0,1.0,1.0,1.0,1.0,1.0,1,D2::D2-Q127,1.0
D2,D2-Q128,paraphrase,normal,advanced,128,63,32256,1.4802830219268799,14.423608779907227,1.0,1.0,1.0,1.0,1.0,1.0,1.0,1.0,1.0,1.0,1.0,1.0,1.0,1.0,1.0,1.0,1,D2::D2-Q128,1.0
D2,D2-Q129,table_lookup,normal,advanced,128,63,32256,1.4802830219268799,14.445781707763672,0.0,0.0,0.0,1.0,1.0,1.0,1.0,1.0,1.0,1.0,1.0,1.0,0.5,0.6309297535714575,0.6309297535714575,1.0,1,D2::D2-Q129,1.0
D2,D2-Q130,table_lookup,normal,advanced,128,63,32256,1.4802830219268799,15.58232307434082,0.0,0.0,0.0,0.0,0.0,0.0,0.0,0.0,0.0,0.0,0.0,0.0,0.0,0.0,0.0,0.0,0,D2::D2-Q130,0.0
D2,D2-Q131,table_lookup,normal,advanced,128,63,32256,1.4802830219268799,14.385700225830078,0.0,0.0,0.0,0.0,0.0,0.0,0.0,0.0,0.0,0.0,0.0,0.0,0.0,0.0,0.0,0.0,0,D2::D2-Q131,0.0
D2,D2-Q132,table_lookup,normal,advanced,128,63,32256,1.4802830219268799,14.711380004882812,0.0,0.0,0.0,0.0,0.0,0.0,0.0,0.0,0.0,1.0,1.0,1.0,0.16666666666666666,0.0,0.3562071871080222,1.0,1,D2::D2-Q132,1.0
D2,D2-Q133,table_lookup,normal,advanced,128,63,32256,1.4802830219268799,14.299869537353516,0.0,0.0,0.0,0.0,0.0,0.0,0.0,0.0,0.0,1.0,1.0,1.0,0.1,0.0,0.2890648263178879,1.0,1,D2::D2-Q133,1.0
D2,D2-Q134,table_lookup,normal,advanced,128,63,32256,1.4802830219268799,14.148712158203125,0.0,0.0,0.0,1.0,1.0,1.0,1.0,1.0,1.0,1.0,1.0,1.0,0.5,0.6309297535714575,0.6309297535714575,1.0,1,D2::D2-Q134,1.0
D2,D2-Q135,table_lookup,normal,advanced,128,63,32256,1.4802830219268799,14.361381530761719,0.0,0.0,0.0,1.0,1.0,1.0,1.0,1.0,1.0,1.0,1.0,1.0,0.3333333333333333,0.5,0.5,1.0,1,D2::D2-Q135,1.0
D2,D2-Q136,table_context,normal,advanced,128,63,32256,1.4802830219268799,14.441251754760742,0.0,0.0,0.0,1.0,1.0,1.0,1.0,1.0,1.0,1.0,1.0,1.0,0.3333333333333333,0.5,0.5,1.0,1,D2::D2-Q136,1.0
D2,D2-Q137,table_context,normal,advanced,128,63,32256,1.4802830219268799,14.364480972290039,0.0,0.0,0.0,1.0,1.0,1.0,1.0,1.0,1.0,1.0,1.0,1.0,0.5,0.6309297535714575,0.6309297535714575,1.0,1,D2::D2-Q137,1.0
D2,D2-Q138,table_context,normal,advanced,128,63,32256,1.4802830219268799,14.121294021606445,0.0,0.0,0.0,1.0,1.0,1.0,1.0,1.0,1.0,1.0,1.0,1.0,0.5,0.6309297535714575,0.6309297535714575,1.0,1,D2::D2-Q138,1.0
D2,D2-Q139,table_context,normal,advanced,128,63,32256,1.4802830219268799,14.763832092285156,0.0,0.0,0.0,0.0,0.0,0.0,1.0,1.0,1.0,1.0,1.0,1.0,0.2,0.38685280723454163,0.38685280723454163,1.0,1,D2::D2-Q139,1.0
D2,D2-Q140,table_context,normal,advanced,128,63,32256,1.4802830219268799,14.131546020507812,0.0,0.0,0.0,1.0,1.0,1.0,1.0,1.0,1.0,1.0,1.0,1.0,0.3333333333333333,0.5,0.5,1.0,1,D2::D2-Q140,1.0
D2,D2-Q141,table_context,normal,advanced,128,63,32256,1.4802830219268799,14.174461364746094,0.0,0.0,0.0,0.0,0.0,0.0,1.0,1.0,1.0,1.0,1.0,1.0,0.25,0.43067655807339306,0.43067655807339306,1.0,1,D2::D2-Q141,1.0
D2,D2-Q142,table_context,normal,advanced,128,63,32256,1.4802830219268799,16.50857925415039,0.0,0.0,0.0,1.0,1.0,1.0,1.0,1.0,1.0,1.0,1.0,1.0,0.3333333333333333,0.5,0.5,1.0,1,D2::D2-Q142,1.0
D2,D2-Q143,table_context,normal,advanced,128,63,32256,1.4802830219268799,15.323877334594727,0.0,0.0,0.0,1.0,1.0,1.0,1.0,1.0,1.0,1.0,1.0,1.0,0.5,0.6309297535714575,0.6309297535714575,1.0,1,D2::D2-Q143,1.0
D2,D2-Q144,table_context,normal,advanced,128,63,32256,1.4802830219268799,14.132022857666016,1.0,1.0,1.0,1.0,1.0,1.0,1.0,1.0,1.0,1.0,1.0,1.0,1.0,1.0,1.0,1.0,1,D2::D2-Q144,1.0
D2,D2-Q145,table_context,normal,advanced,128,63,32256,1.4802830219268799,14.974832534790039,1.0,1.0,1.0,1.0,1.0,1.0,1.0,1.0,1.0,1.0,1.0,1.0,1.0,1.0,1.0,1.0,1,D2::D2-Q145,1.0
D2,D2-Q146,table_context,normal,advanced,128,63,32256,1.4802830219268799,14.124155044555664,1.0,1.0,1.0,1.0,1.0,1.0,1.0,1.0,1.0,1.0,1.0,1.0,1.0,1.0,1.0,1.0,1,D2::D2-Q146,1.0
D2,D2-Q147,table_context,normal,advanced,128,63,32256,1.4802830219268799,14.063358306884766,1.0,1.0,1.0,1.0,1.0,1.0,1.0,1.0,1.0,1.0,1.0,1.0,1.0,1.0,1.0,1.0,1,D2::D2-Q147,1.0
D2,D2-Q148,table_context,normal,advanced,128,63,32256,1.4802830219268799,14.700889587402344,1.0,1.0,1.0,1.0,1.0,1.0,1.0,1.0,1.0,1.0,1.0,1.0,1.0,1.0,1.0,1.0,1,D2::D2-Q148,1.0
D2,D2-Q149,table_context,normal,advanced,128,63,32256,1.4802830219268799,14.219045639038086,1.0,1.0,1.0,1.0,1.0,1.0,1.0,1.0,1.0,1.0,1.0,1.0,1.0,1.0,1.0,1.0,1,D2::D2-Q149,1.0
D2,D2-Q150,temporal,normal,advanced,128,63,32256,1.4802830219268799,14.030694961547852,1.0,1.0,1.0,1.0,1.0,1.0,1.0,1.0,1.0,1.0,1.0,1.0,1.0,1.0,1.0,1.0,1,D2::D2-Q150,1.0
D2,D2-Q151,table_context,normal,advanced,128,63,32256,1.4802830219268799,14.07170295715332,1.0,1.0,1.0,1.0,1.0,1.0,1.0,1.0,1.0,1.0,1.0,1.0,1.0,1.0,1.0,1.0,1,D2::D2-Q151,1.0
D2,D2-Q152,table_context,normal,advanced,128,63,32256,1.4802830219268799,14.371871948242188,1.0,1.0,1.0,1.0,1.0,1.0,1.0,1.0,1.0,1.0,1.0,1.0,1.0,1.0,1.0,1.0,1,D2::D2-Q152,1.0
D2,D2-Q153,table_context,normal,advanced,128,63,32256,1.4802830219268799,14.556646347045898,1.0,1.0,1.0,1.0,1.0,1.0,1.0,1.0,1.0,1.0,1.0,1.0,1.0,1.0,1.0,1.0,1,D2::D2-Q153,1.0
D2,D2-Q154,table_context,normal,advanced,128,63,32256,1.4802830219268799,14.479398727416992,1.0,1.0,1.0,1.0,1.0,1.0,1.0,1.0,1.0,1.0,1.0,1.0,1.0,1.0,1.0,1.0,1,D2::D2-Q154,1.0
D2,D2-Q155,table_context,normal,advanced,128,63,32256,1.4802830219268799,15.73324203491211,0.0,0.0,0.0,1.0,1.0,1.0,1.0,1.0,1.0,1.0,1.0,1.0,0.5,0.6309297535714575,0.6309297535714575,1.0,1,D2::D2-Q155,1.0
D2,D2-Q156,table_context,normal,advanced,128,63,32256,1.4802830219268799,14.454364776611328,1.0,1.0,1.0,1.0,1.0,1.0,1.0,1.0,1.0,1.0,1.0,1.0,1.0,1.0,1.0,1.0,1,D2::D2-Q156,1.0
D2,D2-Q157,table_context,normal,advanced,128,63,32256,1.4802830219268799,14.841556549072266,0.0,0.0,0.0,1.0,1.0,1.0,1.0,1.0,1.0,1.0,1.0,1.0,0.5,0.6309297535714575,0.6309297535714575,1.0,1,D2::D2-Q157,1.0
D2,D2-Q158,table_context,normal,advanced,128,63,32256,1.4802830219268799,15.52271842956543,1.0,1.0,1.0,1.0,1.0,1.0,1.0,1.0,1.0,1.0,1.0,1.0,1.0,1.0,1.0,1.0,1,D2::D2-Q158,1.0
D2,D2-Q159,table_context,normal,advanced,128,63,32256,1.4802830219268799,15.38991928100586,1.0,1.0,1.0,1.0,1.0,1.0,1.0,1.0,1.0,1.0,1.0,1.0,1.0,1.0,1.0,1.0,1,D2::D2-Q159,1.0
D2,D2-Q160,table_context,normal,advanced,128,63,32256,1.4802830219268799,17.340898513793945,1.0,1.0,1.0,1.0,1.0,1.0,1.0,1.0,1.0,1.0,1.0,1.0,1.0,1.0,1.0,1.0,1,D2::D2-Q160,1.0
D2,D2-Q161,table_context,normal,advanced,128,63,32256,1.4802830219268799,14.705181121826172,1.0,1.0,1.0,1.0,1.0,1.0,1.0,1.0,1.0,1.0,1.0,1.0,1.0,1.0,1.0,1.0,1,D2::D2-Q161,1.0
D2,D2-Q162,table_context,normal,advanced,128,63,32256,1.4802830219268799,16.952037811279297,1.0,1.0,1.0,1.0,1.0,1.0,1.0,1.0,1.0,1.0,1.0,1.0,1.0,1.0,1.0,1.0,1,D2::D2-Q162,1.0
D2,D2-Q163,table_context,normal,advanced,128,63,32256,1.4802830219268799,19.585609436035156,1.0,1.0,1.0,1.0,1.0,1.0,1.0,1.0,1.0,1.0,1.0,1.0,1.0,1.0,1.0,1.0,1,D2::D2-Q163,1.0
D2,D2-Q164,table_context,normal,advanced,128,63,32256,1.4802830219268799,14.181852340698242,1.0,1.0,1.0,1.0,1.0,1.0,1.0,1.0,1.0,1.0,1.0,1.0,1.0,1.0,1.0,1.0,1,D2::D2-Q164,1.0
D2,D2-Q165,table_context,normal,advanced,128,63,32256,1.4802830219268799,14.602184295654297,0.0,0.0,0.0,1.0,1.0,1.0,1.0,1.0,1.0,1.0,1.0,1.0,0.3333333333333333,0.5,0.5,1.0,1,D2::D2-Q165,1.0
D2,D2-Q166,table_context,normal,advanced,128,63,32256,1.4802830219268799,15.02847671508789,0.0,0.0,0.0,1.0,1.0,1.0,1.0,1.0,1.0,1.0,1.0,1.0,0.3333333333333333,0.5,0.5,1.0,1,D2::D2-Q166,1.0
D2,D2-Q167,table_context,normal,advanced,128,63,32256,1.4802830219268799,14.546871185302734,0.0,0.0,0.0,1.0,1.0,1.0,1.0,1.0,1.0,1.0,1.0,1.0,0.3333333333333333,0.5,0.5,1.0,1,D2::D2-Q167,1.0
D2,D2-Q168,table_context,normal,advanced,128,63,32256,1.4802830219268799,14.07623291015625,1.0,1.0,1.0,1.0,1.0,1.0,1.0,1.0,1.0,1.0,1.0,1.0,1.0,1.0,1.0,1.0,1,D2::D2-Q168,1.0
D2,D2-Q169,table_context,normal,advanced,128,63,32256,1.4802830219268799,13.709306716918945,1.0,1.0,1.0,1.0,1.0,1.0,1.0,1.0,1.0,1.0,1.0,1.0,1.0,1.0,1.0,1.0,1,D2::D2-Q169,1.0
D2,D2-Q170,table_context,normal,advanced,128,63,32256,1.4802830219268799,15.227556228637695,1.0,1.0,1.0,1.0,1.0,1.0,1.0,1.0,1.0,1.0,1.0,1.0,1.0,1.0,1.0,1.0,1,D2::D2-Q170,1.0
D2,D2-Q171,table_context,normal,advanced,128,63,32256,1.4802830219268799,14.704704284667969,1.0,1.0,1.0,1.0,1.0,1.0,1.0,1.0,1.0,1.0,1.0,1.0,1.0,1.0,1.0,1.0,1,D2::D2-Q171,1.0
D2,D2-Q172,table_context,normal,advanced,128,63,32256,1.4802830219268799,15.494346618652344,0.0,0.0,0.0,1.0,1.0,1.0,1.0,1.0,1.0,1.0,1.0,1.0,0.5,0.6309297535714575,0.6309297535714575,1.0,1,D2::D2-Q172,1.0
D2,D2-Q173,table_context,normal,advanced,128,63,32256,1.4802830219268799,14.64080810546875,1.0,1.0,1.0,1.0,1.0,1.0,1.0,1.0,1.0,1.0,1.0,1.0,1.0,1.0,1.0,1.0,1,D2::D2-Q173,1.0
D2,D2-Q174,table_context,normal,advanced,128,63,32256,1.4802830219268799,14.525890350341797,1.0,1.0,1.0,1.0,1.0,1.0,1.0,1.0,1.0,1.0,1.0,1.0,1.0,1.0,1.0,1.0,1,D2::D2-Q174,1.0
D2,D2-Q175,table_context,normal,advanced,128,63,32256,1.4802830219268799,13.986349105834961,1.0,1.0,1.0,1.0,1.0,1.0,1.0,1.0,1.0,1.0,1.0,1.0,1.0,1.0,1.0,1.0,1,D2::D2-Q175,1.0
D2,D2-Q176,table_context,normal,advanced,128,63,32256,1.4802830219268799,15.523672103881836,0.0,0.0,0.0,1.0,1.0,1.0,1.0,1.0,1.0,1.0,1.0,1.0,0.5,0.6309297535714575,0.6309297535714575,1.0,1,D2::D2-Q176,1.0
D2,D2-Q177,table_context,normal,advanced,128,63,32256,1.4802830219268799,14.866113662719727,0.0,0.0,0.0,1.0,1.0,1.0,1.0,1.0,1.0,1.0,1.0,1.0,0.5,0.6309297535714575,0.6309297535714575,1.0,1,D2::D2-Q177,1.0
D2,D2-Q178,table_context,normal,advanced,128,63,32256,1.4802830219268799,14.101028442382812,1.0,1.0,1.0,1.0,1.0,1.0,1.0,1.0,1.0,1.0,1.0,1.0,1.0,1.0,1.0,1.0,1,D2::D2-Q178,1.0
D2,D2-Q179,table_context,normal,advanced,128,63,32256,1.4802830219268799,22.031784057617188,0.0,0.0,0.0,1.0,1.0,1.0,1.0,1.0,1.0,1.0,1.0,1.0,0.3333333333333333,0.5,0.5,1.0,1,D2::D2-Q179,1.0
D2,D2-Q180,table_context,normal,advanced,128,63,32256,1.4802830219268799,22.199153900146484,0.0,0.0,0.0,0.0,0.0,0.0,1.0,1.0,1.0,1.0,1.0,1.0,0.2,0.38685280723454163,0.38685280723454163,1.0,1,D2::D2-Q180,1.0
D2,D2-Q181,table_context,normal,advanced,128,63,32256,1.4802830219268799,15.690803527832031,0.0,0.0,0.0,0.0,0.0,0.0,1.0,1.0,1.0,1.0,1.0,1.0,0.25,0.43067655807339306,0.43067655807339306,1.0,1,D2::D2-Q181,1.0
D2,D2-Q182,table_context,normal,advanced,128,63,32256,1.4802830219268799,15.501737594604492,0.0,0.0,0.0,0.0,0.0,0.0,1.0,1.0,1.0,1.0,1.0,1.0,0.25,0.43067655807339306,0.43067655807339306,1.0,1,D2::D2-Q182,1.0
D2,D2-Q183,procedural,normal,advanced,128,63,32256,1.4802830219268799,21.434307098388672,0.0,0.0,0.0,0.0,0.0,0.0,0.0,0.0,0.0,0.0,0.0,0.0,0.0,0.0,0.0,0.0,0,D2::D2-Q183,0.0
D2,D2-Q184,list_membership,normal,advanced,128,63,32256,1.4802830219268799,21.753311157226562,1.0,1.0,1.0,1.0,1.0,1.0,1.0,1.0,1.0,1.0,1.0,1.0,1.0,1.0,1.0,1.0,1,D2::D2-Q184,1.0
D2,D2-Q185,list_membership,normal,advanced,128,63,32256,1.4802830219268799,15.604734420776367,1.0,1.0,1.0,1.0,1.0,1.0,1.0,1.0,1.0,1.0,1.0,1.0,1.0,1.0,1.0,1.0,1,D2::D2-Q185,1.0
D2,D2-Q186,list_membership,normal,advanced,128,63,32256,1.4802830219268799,14.85586166381836,0.0,0.0,0.0,1.0,1.0,1.0,1.0,1.0,1.0,1.0,1.0,1.0,0.5,0.6309297535714575,0.6309297535714575,1.0,1,D2::D2-Q186,1.0
D2,D2-Q187,list_membership,normal,advanced,128,63,32256,1.4802830219268799,13.98611068725586,1.0,1.0,1.0,1.0,1.0,1.0,1.0,1.0,1.0,1.0,1.0,1.0,1.0,1.0,1.0,1.0,1,D2::D2-Q187,1.0
D2,D2-Q188,list_membership,normal,advanced,128,63,32256,1.4802830219268799,14.435052871704102,1.0,1.0,1.0,1.0,1.0,1.0,1.0,1.0,1.0,1.0,1.0,1.0,1.0,1.0,1.0,1.0,1,D2::D2-Q188,1.0
D2,D2-Q189,conditional_exception,normal,advanced,128,63,32256,1.4802830219268799,14.641523361206055,1.0,1.0,1.0,1.0,1.0,1.0,1.0,1.0,1.0,1.0,1.0,1.0,1.0,1.0,1.0,1.0,1,D2::D2-Q189,1.0
D2,D2-Q190,conditional_exception,normal,advanced,128,63,32256,1.4802830219268799,15.819787979125977,1.0,1.0,1.0,1.0,1.0,1.0,1.0,1.0,1.0,1.0,1.0,1.0,1.0,1.0,1.0,1.0,1,D2::D2-Q190,1.0
D2,D2-Q191,procedural,normal,advanced,128,63,32256,1.4802830219268799,15.001773834228516,1.0,1.0,1.0,1.0,1.0,1.0,1.0,1.0,1.0,1.0,1.0,1.0,1.0,1.0,1.0,1.0,1,D2::D2-Q191,1.0
D2,D2-Q192,exact_fact,normal,advanced,128,63,32256,1.4802830219268799,16.104936599731445,1.0,1.0,1.0,1.0,1.0,1.0,1.0,1.0,1.0,1.0,1.0,1.0,1.0,1.0,1.0,1.0,1,D2::D2-Q192,1.0
D2,D2-Q193,procedural,normal,advanced,128,63,32256,1.4802830219268799,14.900684356689453,1.0,1.0,1.0,1.0,1.0,1.0,1.0,1.0,1.0,1.0,1.0,1.0,1.0,1.0,1.0,1.0,1,D2::D2-Q193,1.0
D2,D2-Q194,conditional_exception,normal,advanced,128,63,32256,1.4802830219268799,14.553070068359375,1.0,1.0,1.0,1.0,1.0,1.0,1.0,1.0,1.0,1.0,1.0,1.0,1.0,1.0,1.0,1.0,1,D2::D2-Q194,1.0
D2,D2-Q195,conditional_exception,normal,advanced,128,63,32256,1.4802830219268799,14.230966567993164,1.0,1.0,1.0,1.0,1.0,1.0,1.0,1.0,1.0,1.0,1.0,1.0,1.0,1.0,1.0,1.0,1,D2::D2-Q195,1.0
D2,D2-Q196,exact_fact,normal,advanced,128,63,32256,1.4802830219268799,14.463186264038086,1.0,1.0,1.0,1.0,1.0,1.0,1.0,1.0,1.0,1.0,1.0,1.0,1.0,1.0,1.0,1.0,1,D2::D2-Q196,1.0
D2,D2-Q197,conditional_exception,normal,advanced,128,63,32256,1.4802830219268799,15.705347061157227,1.0,1.0,1.0,1.0,1.0,1.0,1.0,1.0,1.0,1.0,1.0,1.0,1.0,1.0,1.0,1.0,1,D2::D2-Q197,1.0
D2,D2-Q198,conditional_exception,normal,advanced,128,63,32256,1.4802830219268799,16.06440544128418,1.0,1.0,1.0,1.0,1.0,1.0,1.0,1.0,1.0,1.0,1.0,1.0,1.0,1.0,1.0,1.0,1,D2::D2-Q198,1.0
D2,D2-Q199,negation,normal,advanced,128,63,32256,1.4802830219268799,14.419078826904297,1.0,1.0,1.0,1.0,1.0,1.0,1.0,1.0,1.0,1.0,1.0,1.0,1.0,1.0,1.0,1.0,1,D2::D2-Q199,1.0
D2,D2-Q200,procedural,normal,advanced,128,63,32256,1.4802830219268799,19.31285858154297,0.0,0.0,0.0,1.0,1.0,1.0,1.0,1.0,1.0,1.0,1.0,1.0,0.5,0.6309297535714575,0.6309297535714575,1.0,1,D2::D2-Q200,1.0
D2,D2-Q001,exact_fact,normal,advanced,256,63,64512,1.4802830219268799,15.943765640258789,0.0,0.0,0.0,1.0,1.0,1.0,1.0,1.0,1.0,1.0,1.0,1.0,0.3333333333333333,0.5,0.5,1.0,1,D2::D2-Q001,1.0
D2,D2-Q002,temporal,normal,advanced,256,63,64512,1.4802830219268799,15.840768814086914,0.0,0.0,0.0,1.0,1.0,1.0,1.0,1.0,1.0,1.0,1.0,1.0,0.3333333333333333,0.5,0.5,1.0,1,D2::D2-Q002,1.0
D2,D2-Q003,exact_fact,normal,advanced,256,63,64512,1.4802830219268799,15.134096145629883,0.0,0.0,0.0,1.0,1.0,1.0,1.0,1.0,1.0,1.0,1.0,1.0,0.5,0.6309297535714575,0.6309297535714575,1.0,1,D2::D2-Q003,1.0
D2,D2-Q004,negative_query,normal,advanced,256,63,64512,1.4802830219268799,17.98868179321289,1.0,1.0,1.0,1.0,1.0,1.0,1.0,1.0,1.0,1.0,1.0,1.0,1.0,1.0,1.0,1.0,1,D2::D2-Q004,1.0
D2,D2-Q005,negative_query,normal,advanced,256,63,64512,1.4802830219268799,15.357255935668945,1.0,1.0,1.0,1.0,1.0,1.0,1.0,1.0,1.0,1.0,1.0,1.0,1.0,1.0,1.0,1.0,1,D2::D2-Q005,1.0
D2,D2-Q006,list_membership,normal,advanced,256,63,64512,1.4802830219268799,14.386177062988281,0.0,0.0,0.0,1.0,1.0,1.0,1.0,1.0,1.0,1.0,1.0,1.0,0.5,0.6309297535714575,0.6309297535714575,1.0,1,D2::D2-Q006,1.0
D2,D2-Q007,negation,normal,advanced,256,63,64512,1.4802830219268799,15.330076217651367,1.0,1.0,1.0,1.0,1.0,1.0,1.0,1.0,1.0,1.0,1.0,1.0,1.0,1.0,1.0,1.0,1,D2::D2-Q007,1.0
D2,D2-Q008,exact_fact,normal,advanced,256,63,64512,1.4802830219268799,14.566659927368164,0.0,0.0,0.0,1.0,1.0,1.0,1.0,1.0,1.0,1.0,1.0,1.0,0.5,0.6309297535714575,0.6309297535714575,1.0,1,D2::D2-Q008,1.0
D2,D2-Q009,exact_fact,normal,advanced,256,63,64512,1.4802830219268799,14.235734939575195,0.0,0.0,0.0,0.0,0.0,0.0,1.0,1.0,1.0,1.0,1.0,1.0,0.2,0.38685280723454163,0.38685280723454163,1.0,1,D2::D2-Q009,1.0
D2,D2-Q010,paraphrase,normal,advanced,256,63,64512,1.4802830219268799,15.124797821044922,1.0,1.0,1.0,1.0,1.0,1.0,1.0,1.0,1.0,1.0,1.0,1.0,1.0,1.0,1.0,1.0,1,D2::D2-Q010,1.0
D2,D2-Q011,conditional_exception,normal,advanced,256,63,64512,1.4802830219268799,14.542579650878906,1.0,1.0,1.0,1.0,1.0,1.0,1.0,1.0,1.0,1.0,1.0,1.0,1.0,1.0,1.0,1.0,1,D2::D2-Q011,1.0
D2,D2-Q012,negation,normal,advanced,256,63,64512,1.4802830219268799,15.037298202514648,1.0,1.0,1.0,1.0,1.0,1.0,1.0,1.0,1.0,1.0,1.0,1.0,1.0,1.0,1.0,1.0,1,D2::D2-Q012,1.0
D2,D2-Q013,list_membership,normal,advanced,256,63,64512,1.4802830219268799,13.794660568237305,1.0,1.0,1.0,1.0,1.0,1.0,1.0,1.0,1.0,1.0,1.0,1.0,1.0,1.0,1.0,1.0,1,D2::D2-Q013,1.0
D2,D2-Q014,list_membership,normal,advanced,256,63,64512,1.4802830219268799,15.322208404541016,1.0,1.0,1.0,1.0,1.0,1.0,1.0,1.0,1.0,1.0,1.0,1.0,1.0,1.0,1.0,1.0,1,D2::D2-Q014,1.0
D2,D2-Q015,list_membership,normal,advanced,256,63,64512,1.4802830219268799,14.732122421264648,1.0,1.0,1.0,1.0,1.0,1.0,1.0,1.0,1.0,1.0,1.0,1.0,1.0,1.0,1.0,1.0,1,D2::D2-Q015,1.0
D2,D2-Q016,exact_fact,normal,advanced,256,63,64512,1.4802830219268799,14.693975448608398,0.0,0.0,0.0,1.0,1.0,1.0,1.0,1.0,1.0,1.0,1.0,1.0,0.5,0.6309297535714575,0.6309297535714575,1.0,1,D2::D2-Q016,1.0
D2,D2-Q017,list_membership,normal,advanced,256,63,64512,1.4802830219268799,14.472007751464844,1.0,1.0,1.0,1.0,1.0,1.0,1.0,1.0,1.0,1.0,1.0,1.0,1.0,1.0,1.0,1.0,1,D2::D2-Q017,1.0
D2,D2-Q018,exact_fact,normal,advanced,256,63,64512,1.4802830219268799,14.563798904418945,0.0,0.0,0.0,1.0,1.0,1.0,1.0,1.0,1.0,1.0,1.0,1.0,0.3333333333333333,0.5,0.5,1.0,1,D2::D2-Q018,1.0
D2,D2-Q019,exact_fact,normal,advanced,256,63,64512,1.4802830219268799,13.985633850097656,0.0,0.0,0.0,1.0,1.0,1.0,1.0,1.0,1.0,1.0,1.0,1.0,0.5,0.6309297535714575,0.6309297535714575,1.0,1,D2::D2-Q019,1.0
D2,D2-Q020,exact_fact,normal,advanced,256,63,64512,1.4802830219268799,13.77415657043457,0.0,0.0,0.0,0.0,0.0,0.0,1.0,1.0,1.0,1.0,1.0,1.0,0.2,0.38685280723454163,0.38685280723454163,1.0,1,D2::D2-Q020,1.0
D2,D2-Q021,exact_fact,normal,advanced,256,63,64512,1.4802830219268799,16.940832138061523,0.0,0.0,0.0,0.0,0.0,0.0,0.0,0.0,0.0,0.0,0.0,0.0,0.0,0.0,0.0,0.0,0,D2::D2-Q021,0.0
D2,D2-Q022,paraphrase,normal,advanced,256,63,64512,1.4802830219268799,14.596939086914062,0.0,0.0,0.0,0.0,0.0,0.0,0.0,0.0,0.0,1.0,1.0,1.0,0.14285714285714285,0.0,0.3333333333333333,1.0,1,D2::D2-Q022,1.0
D2,D2-Q023,procedural,normal,advanced,256,63,64512,1.4802830219268799,14.984369277954102,1.0,1.0,1.0,1.0,1.0,1.0,1.0,1.0,1.0,1.0,1.0,1.0,1.0,1.0,1.0,1.0,1,D2::D2-Q023,1.0
D2,D2-Q024,conditional_exception,normal,advanced,256,63,64512,1.4802830219268799,14.568567276000977,0.0,0.0,0.0,1.0,1.0,1.0,1.0,1.0,1.0,1.0,1.0,1.0,0.5,0.6309297535714575,0.6309297535714575,1.0,1,D2::D2-Q024,1.0
D2,D2-Q025,procedural,normal,advanced,256,63,64512,1.4802830219268799,14.97507095336914,1.0,1.0,1.0,1.0,1.0,1.0,1.0,1.0,1.0,1.0,1.0,1.0,1.0,1.0,1.0,1.0,1,D2::D2-Q025,1.0
D2,D2-Q026,procedural,normal,advanced,256,63,64512,1.4802830219268799,14.04118537902832,1.0,1.0,1.0,1.0,1.0,1.0,1.0,1.0,1.0,1.0,1.0,1.0,1.0,1.0,1.0,1.0,1,D2::D2-Q026,1.0
D2,D2-Q027,procedural,normal,advanced,256,63,64512,1.4802830219268799,15.431404113769531,1.0,1.0,1.0,1.0,1.0,1.0,1.0,1.0,1.0,1.0,1.0,1.0,1.0,1.0,1.0,1.0,1,D2::D2-Q027,1.0
D2,D2-Q028,paraphrase,normal,advanced,256,63,64512,1.4802830219268799,14.600515365600586,1.0,1.0,1.0,1.0,1.0,1.0,1.0,1.0,1.0,1.0,1.0,1.0,1.0,1.0,1.0,1.0,1,D2::D2-Q028,1.0
D2,D2-Q029,exact_fact,normal,advanced,256,63,64512,1.4802830219268799,14.863252639770508,1.0,1.0,1.0,1.0,1.0,1.0,1.0,1.0,1.0,1.0,1.0,1.0,1.0,1.0,1.0,1.0,1,D2::D2-Q029,1.0
D2,D2-Q030,paraphrase,normal,advanced,256,63,64512,1.4802830219268799,14.339685440063477,0.0,0.0,0.0,0.0,0.0,0.0,0.0,0.0,0.0,0.0,0.0,0.0,0.0,0.0,0.0,0.0,0,D2::D2-Q030,0.0
D2,D2-Q031,list_membership,normal,advanced,256,63,64512,1.4802830219268799,14.044523239135742,0.0,0.0,0.0,0.0,0.0,0.0,1.0,1.0,1.0,1.0,1.0,1.0,0.25,0.43067655807339306,0.43067655807339306,1.0,1,D2::D2-Q031,1.0
D2,D2-Q032,exact_fact,normal,advanced,256,63,64512,1.4802830219268799,14.20283317565918,1.0,1.0,1.0,1.0,1.0,1.0,1.0,1.0,1.0,1.0,1.0,1.0,1.0,1.0,1.0,1.0,1,D2::D2-Q032,1.0
D2,D2-Q033,exact_fact,normal,advanced,256,63,64512,1.4802830219268799,13.994216918945312,0.0,0.0,0.0,0.0,0.0,0.0,1.0,1.0,1.0,1.0,1.0,1.0,0.25,0.43067655807339306,0.43067655807339306,1.0,1,D2::D2-Q033,1.0
D2,D2-Q034,procedural,normal,advanced,256,63,64512,1.4802830219268799,15.686273574829102,0.0,0.0,0.0,0.0,0.0,0.0,0.0,0.0,0.0,0.0,0.0,0.0,0.0,0.0,0.0,0.0,0,D2::D2-Q034,0.0
D2,D2-Q035,list_membership,normal,advanced,256,63,64512,1.4802830219268799,14.922618865966797,1.0,1.0,1.0,1.0,1.0,1.0,1.0,1.0,1.0,1.0,1.0,1.0,1.0,1.0,1.0,1.0,1,D2::D2-Q035,1.0
D2,D2-Q036,list_membership,normal,advanced,256,63,64512,1.4802830219268799,14.472723007202148,0.0,0.0,0.0,1.0,1.0,1.0,1.0,1.0,1.0,1.0,1.0,1.0,0.3333333333333333,0.5,0.5,1.0,1,D2::D2-Q036,1.0
D2,D2-Q037,exact_fact,normal,advanced,256,63,64512,1.4802830219268799,14.277935028076172,0.0,0.0,0.0,1.0,1.0,1.0,1.0,1.0,1.0,1.0,1.0,1.0,0.5,0.6309297535714575,0.6309297535714575,1.0,1,D2::D2-Q037,1.0
D2,D2-Q038,procedural,normal,advanced,256,63,64512,1.4802830219268799,14.931678771972656,1.0,1.0,1.0,1.0,1.0,1.0,1.0,1.0,1.0,1.0,1.0,1.0,1.0,1.0,1.0,1.0,1,D2::D2-Q038,1.0
D2,D2-Q039,conditional_exception,normal,advanced,256,63,64512,1.4802830219268799,14.096260070800781,1.0,1.0,1.0,1.0,1.0,1.0,1.0,1.0,1.0,1.0,1.0,1.0,1.0,1.0,1.0,1.0,1,D2::D2-Q039,1.0
D2,D2-Q040,procedural,normal,advanced,256,63,64512,1.4802830219268799,14.657258987426758,1.0,1.0,1.0,1.0,1.0,1.0,1.0,1.0,1.0,1.0,1.0,1.0,1.0,1.0,1.0,1.0,1,D2::D2-Q040,1.0
D2,D2-Q041,procedural,normal,advanced,256,63,64512,1.4802830219268799,14.246225357055664,0.0,0.0,0.0,1.0,1.0,1.0,1.0,1.0,1.0,1.0,1.0,1.0,0.3333333333333333,0.5,0.5,1.0,1,D2::D2-Q041,1.0
D2,D2-Q042,exact_fact,normal,advanced,256,63,64512,1.4802830219268799,15.330791473388672,0.0,0.0,0.0,0.0,0.0,0.0,1.0,1.0,1.0,1.0,1.0,1.0,0.25,0.43067655807339306,0.43067655807339306,1.0,1,D2::D2-Q042,1.0
D2,D2-Q043,procedural,normal,advanced,256,63,64512,1.4802830219268799,14.885187149047852,1.0,1.0,1.0,1.0,1.0,1.0,1.0,1.0,1.0,1.0,1.0,1.0,1.0,1.0,1.0,1.0,1,D2::D2-Q043,1.0
D2,D2-Q044,exact_fact,normal,advanced,256,63,64512,1.4802830219268799,14.185428619384766,1.0,1.0,1.0,1.0,1.0,1.0,1.0,1.0,1.0,1.0,1.0,1.0,1.0,1.0,1.0,1.0,1,D2::D2-Q044,1.0
D2,D2-Q045,conditional_exception,normal,advanced,256,63,64512,1.4802830219268799,14.179706573486328,1.0,1.0,1.0,1.0,1.0,1.0,1.0,1.0,1.0,1.0,1.0,1.0,1.0,1.0,1.0,1.0,1,D2::D2-Q045,1.0
D2,D2-Q046,paraphrase,normal,advanced,256,63,64512,1.4802830219268799,14.931678771972656,1.0,1.0,1.0,1.0,1.0,1.0,1.0,1.0,1.0,1.0,1.0,1.0,1.0,1.0,1.0,1.0,1,D2::D2-Q046,1.0
D2,D2-Q047,exact_fact,normal,advanced,256,63,64512,1.4802830219268799,20.554065704345703,1.0,1.0,1.0,1.0,1.0,1.0,1.0,1.0,1.0,1.0,1.0,1.0,1.0,1.0,1.0,1.0,1,D2::D2-Q047,1.0
D2,D2-Q048,list_membership,normal,advanced,256,63,64512,1.4802830219268799,21.944522857666016,1.0,1.0,1.0,1.0,1.0,1.0,1.0,1.0,1.0,1.0,1.0,1.0,1.0,1.0,1.0,1.0,1,D2::D2-Q048,1.0
D2,D2-Q049,exact_fact,normal,advanced,256,63,64512,1.4802830219268799,15.942096710205078,1.0,1.0,1.0,1.0,1.0,1.0,1.0,1.0,1.0,1.0,1.0,1.0,1.0,1.0,1.0,1.0,1,D2::D2-Q049,1.0
D2,D2-Q050,procedural,normal,advanced,256,63,64512,1.4802830219268799,14.639139175415039,1.0,1.0,1.0,1.0,1.0,1.0,1.0,1.0,1.0,1.0,1.0,1.0,1.0,1.0,1.0,1.0,1,D2::D2-Q050,1.0
D2,D2-Q051,conditional_exception,normal,advanced,256,63,64512,1.4802830219268799,15.204429626464844,0.0,0.0,0.0,0.0,0.0,0.0,0.0,0.0,0.0,0.0,0.0,0.0,0.0,0.0,0.0,0.0,0,D2::D2-Q051,0.0
D2,D2-Q052,procedural,normal,advanced,256,63,64512,1.4802830219268799,15.926361083984375,1.0,1.0,1.0,1.0,1.0,1.0,1.0,1.0,1.0,1.0,1.0,1.0,1.0,1.0,1.0,1.0,1,D2::D2-Q052,1.0
D2,D2-Q053,exact_fact,normal,advanced,256,63,64512,1.4802830219268799,15.339136123657227,1.0,1.0,1.0,1.0,1.0,1.0,1.0,1.0,1.0,1.0,1.0,1.0,1.0,1.0,1.0,1.0,1,D2::D2-Q053,1.0
D2,D2-Q054,conditional_exception,normal,advanced,256,63,64512,1.4802830219268799,14.243602752685547,1.0,1.0,1.0,1.0,1.0,1.0,1.0,1.0,1.0,1.0,1.0,1.0,1.0,1.0,1.0,1.0,1,D2::D2-Q054,1.0
D2,D2-Q055,list_membership,normal,advanced,256,63,64512,1.4802830219268799,16.0982608795166,1.0,1.0,1.0,1.0,1.0,1.0,1.0,1.0,1.0,1.0,1.0,1.0,1.0,1.0,1.0,1.0,1,D2::D2-Q055,1.0
D2,D2-Q056,procedural,normal,advanced,256,63,64512,1.4802830219268799,14.914989471435547,1.0,1.0,1.0,1.0,1.0,1.0,1.0,1.0,1.0,1.0,1.0,1.0,1.0,1.0,1.0,1.0,1,D2::D2-Q056,1.0
D2,D2-Q057,exact_fact,normal,advanced,256,63,64512,1.4802830219268799,14.936208724975586,0.0,0.0,0.0,1.0,1.0,1.0,1.0,1.0,1.0,1.0,1.0,1.0,0.5,0.6309297535714575,0.6309297535714575,1.0,1,D2::D2-Q057,1.0
D2,D2-Q058,conditional_exception,normal,advanced,256,63,64512,1.4802830219268799,14.681100845336914,1.0,1.0,1.0,1.0,1.0,1.0,1.0,1.0,1.0,1.0,1.0,1.0,1.0,1.0,1.0,1.0,1,D2::D2-Q058,1.0
D2,D2-Q059,exact_fact,normal,advanced,256,63,64512,1.4802830219268799,15.718221664428711,1.0,1.0,1.0,1.0,1.0,1.0,1.0,1.0,1.0,1.0,1.0,1.0,1.0,1.0,1.0,1.0,1,D2::D2-Q059,1.0
D2,D2-Q060,negation,normal,advanced,256,63,64512,1.4802830219268799,16.127824783325195,1.0,1.0,1.0,1.0,1.0,1.0,1.0,1.0,1.0,1.0,1.0,1.0,1.0,1.0,1.0,1.0,1,D2::D2-Q060,1.0
D2,D2-Q061,procedural,normal,advanced,256,63,64512,1.4802830219268799,16.32070541381836,0.0,0.0,0.0,0.0,0.0,0.0,0.0,0.0,0.0,0.0,0.0,0.0,0.0,0.0,0.0,0.0,0,D2::D2-Q061,0.0
D2,D2-Q062,exact_fact,normal,advanced,256,63,64512,1.4802830219268799,14.533281326293945,0.0,0.0,0.0,0.0,0.0,0.0,0.0,0.0,0.0,0.0,0.0,0.0,0.0,0.0,0.0,0.0,0,D2::D2-Q062,0.0
D2,D2-Q063,paraphrase,normal,advanced,256,63,64512,1.4802830219268799,15.35344123840332,1.0,1.0,1.0,1.0,1.0,1.0,1.0,1.0,1.0,1.0,1.0,1.0,1.0,1.0,1.0,1.0,1,D2::D2-Q063,1.0
D2,D2-Q064,negation,normal,advanced,256,63,64512,1.4802830219268799,14.330148696899414,1.0,1.0,1.0,1.0,1.0,1.0,1.0,1.0,1.0,1.0,1.0,1.0,1.0,1.0,1.0,1.0,1,D2::D2-Q064,1.0
D2,D2-Q065,numerical,normal,advanced,256,63,64512,1.4802830219268799,14.109134674072266,1.0,1.0,1.0,1.0,1.0,1.0,1.0,1.0,1.0,1.0,1.0,1.0,1.0,1.0,1.0,1.0,1,D2::D2-Q065,1.0
D2,D2-Q066,numerical,normal,advanced,256,63,64512,1.4802830219268799,15.469551086425781,1.0,1.0,1.0,1.0,1.0,1.0,1.0,1.0,1.0,1.0,1.0,1.0,1.0,1.0,1.0,1.0,1,D2::D2-Q066,1.0
D2,D2-Q067,numerical,normal,advanced,256,63,64512,1.4802830219268799,15.114068984985352,1.0,1.0,1.0,1.0,1.0,1.0,1.0,1.0,1.0,1.0,1.0,1.0,1.0,1.0,1.0,1.0,1,D2::D2-Q067,1.0
D2,D2-Q068,numerical,normal,advanced,256,63,64512,1.4802830219268799,14.839410781860352,1.0,1.0,1.0,1.0,1.0,1.0,1.0,1.0,1.0,1.0,1.0,1.0,1.0,1.0,1.0,1.0,1,D2::D2-Q068,1.0
D2,D2-Q069,numerical,normal,advanced,256,63,64512,1.4802830219268799,14.734506607055664,1.0,1.0,1.0,1.0,1.0,1.0,1.0,1.0,1.0,1.0,1.0,1.0,1.0,1.0,1.0,1.0,1,D2::D2-Q069,1.0
D2,D2-Q070,numerical,normal,advanced,256,63,64512,1.4802830219268799,14.899969100952148,0.0,0.0,0.0,1.0,1.0,1.0,1.0,1.0,1.0,1.0,1.0,1.0,0.5,0.6309297535714575,0.6309297535714575,1.0,1,D2::D2-Q070,1.0
D2,D2-Q071,negative_query,normal,advanced,256,63,64512,1.4802830219268799,14.827728271484375,1.0,1.0,1.0,1.0,1.0,1.0,1.0,1.0,1.0,1.0,1.0,1.0,1.0,1.0,1.0,1.0,1,D2::D2-Q071,1.0
D2,D2-Q072,exact_fact,normal,advanced,256,63,64512,1.4802830219268799,14.308929443359375,1.0,1.0,1.0,1.0,1.0,1.0,1.0,1.0,1.0,1.0,1.0,1.0,1.0,1.0,1.0,1.0,1,D2::D2-Q072,1.0
D2,D2-Q073,exact_fact,normal,advanced,256,63,64512,1.4802830219268799,14.085531234741211,1.0,1.0,1.0,1.0,1.0,1.0,1.0,1.0,1.0,1.0,1.0,1.0,1.0,1.0,1.0,1.0,1,D2::D2-Q073,1.0
D2,D2-Q074,procedural,normal,advanced,256,63,64512,1.4802830219268799,15.270709991455078,1.0,1.0,1.0,1.0,1.0,1.0,1.0,1.0,1.0,1.0,1.0,1.0,1.0,1.0,1.0,1.0,1,D2::D2-Q074,1.0
D2,D2-Q075,conditional_exception,normal,advanced,256,63,64512,1.4802830219268799,14.367103576660156,1.0,1.0,1.0,1.0,1.0,1.0,1.0,1.0,1.0,1.0,1.0,1.0,1.0,1.0,1.0,1.0,1,D2::D2-Q075,1.0
D2,D2-Q076,negation,normal,advanced,256,63,64512,1.4802830219268799,14.200210571289062,0.0,0.0,0.0,0.0,0.0,0.0,1.0,1.0,1.0,1.0,1.0,1.0,0.25,0.43067655807339306,0.43067655807339306,1.0,1,D2::D2-Q076,1.0
D2,D2-Q077,procedural,normal,advanced,256,63,64512,1.4802830219268799,14.739513397216797,0.0,0.0,0.0,0.0,0.0,0.0,0.0,0.0,0.0,1.0,1.0,1.0,0.16666666666666666,0.0,0.3562071871080222,1.0,1,D2::D2-Q077,1.0
D2,D2-Q078,exact_fact,normal,advanced,256,63,64512,1.4802830219268799,14.52946662902832,0.0,0.0,0.0,0.0,0.0,0.0,0.0,0.0,0.0,0.0,0.0,0.0,0.0,0.0,0.0,0.0,0,D2::D2-Q078,0.0
D2,D2-Q079,conditional_exception,normal,advanced,256,63,64512,1.4802830219268799,14.204025268554688,0.0,0.0,0.0,0.0,0.0,0.0,0.0,0.0,0.0,0.0,0.0,0.0,0.0,0.0,0.0,0.0,0,D2::D2-Q079,0.0
D2,D2-Q080,conditional_exception,normal,advanced,256,63,64512,1.4802830219268799,15.986204147338867,0.0,0.0,0.0,1.0,1.0,1.0,1.0,1.0,1.0,1.0,1.0,1.0,0.5,0.6309297535714575,0.6309297535714575,1.0,1,D2::D2-Q080,1.0
D2,D2-Q081,exact_fact,normal,advanced,256,63,64512,1.4802830219268799,15.532255172729492,0.0,0.0,0.0,1.0,1.0,1.0,1.0,1.0,1.0,1.0,1.0,1.0,0.3333333333333333,0.5,0.5,1.0,1,D2::D2-Q081,1.0
D2,D2-Q082,conditional_exception,normal,advanced,256,63,64512,1.4802830219268799,15.720605850219727,0.0,0.0,0.0,0.0,0.0,0.0,1.0,1.0,1.0,1.0,1.0,1.0,0.2,0.38685280723454163,0.38685280723454163,1.0,1,D2::D2-Q082,1.0
D2,D2-Q083,procedural,normal,advanced,256,63,64512,1.4802830219268799,15.694618225097656,0.0,0.0,0.0,0.0,0.0,0.0,0.0,0.0,0.0,0.0,0.0,0.0,0.0,0.0,0.0,0.0,0,D2::D2-Q083,0.0
D2,D2-Q084,procedural,normal,advanced,256,63,64512,1.4802830219268799,15.436887741088867,1.0,1.0,1.0,1.0,1.0,1.0,1.0,1.0,1.0,1.0,1.0,1.0,1.0,1.0,1.0,1.0,1,D2::D2-Q084,1.0
D2,D2-Q085,exact_fact,normal,advanced,256,63,64512,1.4802830219268799,17.73977279663086,1.0,1.0,1.0,1.0,1.0,1.0,1.0,1.0,1.0,1.0,1.0,1.0,1.0,1.0,1.0,1.0,1,D2::D2-Q085,1.0
D2,D2-Q086,procedural,normal,advanced,256,63,64512,1.4802830219268799,17.54140853881836,1.0,1.0,1.0,1.0,1.0,1.0,1.0,1.0,1.0,1.0,1.0,1.0,1.0,1.0,1.0,1.0,1,D2::D2-Q086,1.0
D2,D2-Q087,exact_fact,normal,advanced,256,63,64512,1.4802830219268799,14.187812805175781,0.0,0.0,0.0,1.0,1.0,1.0,1.0,1.0,1.0,1.0,1.0,1.0,0.3333333333333333,0.5,0.5,1.0,1,D2::D2-Q087,1.0
D2,D2-Q088,paraphrase,normal,advanced,256,63,64512,1.4802830219268799,14.844655990600586,1.0,1.0,1.0,1.0,1.0,1.0,1.0,1.0,1.0,1.0,1.0,1.0,1.0,1.0,1.0,1.0,1,D2::D2-Q088,1.0
D2,D2-Q089,exact_fact,normal,advanced,256,63,64512,1.4802830219268799,14.21976089477539,0.0,0.0,0.0,1.0,1.0,1.0,1.0,1.0,1.0,1.0,1.0,1.0,0.5,0.6309297535714575,0.6309297535714575,1.0,1,D2::D2-Q089,1.0
D2,D2-Q090,procedural,normal,advanced,256,63,64512,1.4802830219268799,14.947175979614258,1.0,1.0,1.0,1.0,1.0,1.0,1.0,1.0,1.0,1.0,1.0,1.0,1.0,1.0,1.0,1.0,1,D2::D2-Q090,1.0
D2,D2-Q091,exact_fact,normal,advanced,256,63,64512,1.4802830219268799,13.942241668701172,1.0,1.0,1.0,1.0,1.0,1.0,1.0,1.0,1.0,1.0,1.0,1.0,1.0,1.0,1.0,1.0,1,D2::D2-Q091,1.0
D2,D2-Q092,conditional_exception,normal,advanced,256,63,64512,1.4802830219268799,14.304161071777344,1.0,1.0,1.0,1.0,1.0,1.0,1.0,1.0,1.0,1.0,1.0,1.0,1.0,1.0,1.0,1.0,1,D2::D2-Q092,1.0
D2,D2-Q093,procedural,normal,advanced,256,63,64512,1.4802830219268799,14.182567596435547,1.0,1.0,1.0,1.0,1.0,1.0,1.0,1.0,1.0,1.0,1.0,1.0,1.0,1.0,1.0,1.0,1,D2::D2-Q093,1.0
D2,D2-Q094,procedural,normal,advanced,256,63,64512,1.4802830219268799,14.010429382324219,1.0,1.0,1.0,1.0,1.0,1.0,1.0,1.0,1.0,1.0,1.0,1.0,1.0,1.0,1.0,1.0,1,D2::D2-Q094,1.0
D2,D2-Q095,procedural,normal,advanced,256,63,64512,1.4802830219268799,14.468908309936523,0.0,0.0,0.0,0.0,0.0,0.0,0.0,0.0,0.0,0.0,0.0,0.0,0.0,0.0,0.0,0.0,0,D2::D2-Q095,0.0
D2,D2-Q096,negative_query,normal,advanced,256,63,64512,1.4802830219268799,14.834880828857422,0.0,0.0,0.0,0.0,0.0,0.0,0.0,0.0,0.0,0.0,0.0,0.0,0.0,0.0,0.0,0.0,0,D2::D2-Q096,0.0
D2,D2-Q097,numerical,normal,advanced,256,63,64512,1.4802830219268799,14.804363250732422,1.0,1.0,1.0,1.0,1.0,1.0,1.0,1.0,1.0,1.0,1.0,1.0,1.0,1.0,1.0,1.0,1,D2::D2-Q097,1.0
D2,D2-Q098,procedural,normal,advanced,256,63,64512,1.4802830219268799,14.570951461791992,1.0,1.0,1.0,1.0,1.0,1.0,1.0,1.0,1.0,1.0,1.0,1.0,1.0,1.0,1.0,1.0,1,D2::D2-Q098,1.0
D2,D2-Q099,procedural,normal,advanced,256,63,64512,1.4802830219268799,14.273881912231445,1.0,1.0,1.0,1.0,1.0,1.0,1.0,1.0,1.0,1.0,1.0,1.0,1.0,1.0,1.0,1.0,1,D2::D2-Q099,1.0
D2,D2-Q100,conditional_exception,normal,advanced,256,63,64512,1.4802830219268799,14.038801193237305,0.0,0.0,0.0,1.0,1.0,1.0,1.0,1.0,1.0,1.0,1.0,1.0,0.5,0.6309297535714575,0.6309297535714575,1.0,1,D2::D2-Q100,1.0
D2,D2-Q101,temporal,normal,advanced,256,63,64512,1.4802830219268799,14.236688613891602,0.0,0.0,0.0,1.0,1.0,1.0,1.0,1.0,1.0,1.0,1.0,1.0,0.3333333333333333,0.5,0.5,1.0,1,D2::D2-Q101,1.0
D2,D2-Q102,numerical,normal,advanced,256,63,64512,1.4802830219268799,14.467954635620117,0.0,0.0,0.0,0.0,0.0,0.0,1.0,1.0,1.0,1.0,1.0,1.0,0.2,0.38685280723454163,0.38685280723454163,1.0,1,D2::D2-Q102,1.0
D2,D2-Q103,negation,normal,advanced,256,63,64512,1.4802830219268799,14.449119567871094,1.0,1.0,1.0,1.0,1.0,1.0,1.0,1.0,1.0,1.0,1.0,1.0,1.0,1.0,1.0,1.0,1,D2::D2-Q103,1.0
D2,D2-Q104,list_membership,normal,advanced,256,63,64512,1.4802830219268799,15.33961296081543,0.0,0.0,0.0,1.0,1.0,1.0,1.0,1.0,1.0,1.0,1.0,1.0,0.5,0.6309297535714575,0.6309297535714575,1.0,1,D2::D2-Q104,1.0
D2,D2-Q105,table_lookup,normal,advanced,256,63,64512,1.4802830219268799,14.43624496459961,0.0,0.0,0.0,0.0,0.0,0.0,1.0,1.0,1.0,1.0,1.0,1.0,0.2,0.38685280723454163,0.38685280723454163,1.0,1,D2::D2-Q105,1.0
D2,D2-Q106,table_lookup,normal,advanced,256,63,64512,1.4802830219268799,14.482259750366211,0.0,0.0,0.0,0.0,0.0,0.0,0.0,0.0,0.0,1.0,1.0,1.0,0.16666666666666666,0.0,0.3562071871080222,1.0,1,D2::D2-Q106,1.0
D2,D2-Q107,table_lookup,normal,advanced,256,63,64512,1.4802830219268799,14.001846313476562,0.0,0.0,0.0,0.0,0.0,0.0,0.0,0.0,0.0,1.0,1.0,1.0,0.14285714285714285,0.0,0.3333333333333333,1.0,1,D2::D2-Q107,1.0
D2,D2-Q108,paraphrase,normal,advanced,256,63,64512,1.4802830219268799,14.954090118408203,1.0,1.0,1.0,1.0,1.0,1.0,1.0,1.0,1.0,1.0,1.0,1.0,1.0,1.0,1.0,1.0,1,D2::D2-Q108,1.0
D2,D2-Q109,procedural,normal,advanced,256,63,64512,1.4802830219268799,14.386177062988281,1.0,1.0,1.0,1.0,1.0,1.0,1.0,1.0,1.0,1.0,1.0,1.0,1.0,1.0,1.0,1.0,1,D2::D2-Q109,1.0
D2,D2-Q110,exact_fact,normal,advanced,256,63,64512,1.4802830219268799,14.36305046081543,0.0,0.0,0.0,1.0,1.0,1.0,1.0,1.0,1.0,1.0,1.0,1.0,0.3333333333333333,0.5,0.5,1.0,1,D2::D2-Q110,1.0
D2,D2-Q111,procedural,normal,advanced,256,63,64512,1.4802830219268799,21.340131759643555,1.0,1.0,1.0,1.0,1.0,1.0,1.0,1.0,1.0,1.0,1.0,1.0,1.0,1.0,1.0,1.0,1,D2::D2-Q111,1.0
D2,D2-Q112,temporal,normal,advanced,256,63,64512,1.4802830219268799,21.06451988220215,1.0,1.0,1.0,1.0,1.0,1.0,1.0,1.0,1.0,1.0,1.0,1.0,1.0,1.0,1.0,1.0,1,D2::D2-Q112,1.0
D2,D2-Q113,procedural,normal,advanced,256,63,64512,1.4802830219268799,15.06662368774414,1.0,1.0,1.0,1.0,1.0,1.0,1.0,1.0,1.0,1.0,1.0,1.0,1.0,1.0,1.0,1.0,1,D2::D2-Q113,1.0
D2,D2-Q114,exact_fact,normal,advanced,256,63,64512,1.4802830219268799,14.911413192749023,0.0,0.0,0.0,0.0,0.0,0.0,0.0,0.0,0.0,0.0,0.0,0.0,0.0,0.0,0.0,0.0,0,D2::D2-Q114,0.0
D2,D2-Q115,exact_fact,normal,advanced,256,63,64512,1.4802830219268799,14.053106307983398,1.0,1.0,1.0,1.0,1.0,1.0,1.0,1.0,1.0,1.0,1.0,1.0,1.0,1.0,1.0,1.0,1,D2::D2-Q115,1.0
D2,D2-Q116,exact_fact,normal,advanced,256,63,64512,1.4802830219268799,14.495372772216797,1.0,1.0,1.0,1.0,1.0,1.0,1.0,1.0,1.0,1.0,1.0,1.0,1.0,1.0,1.0,1.0,1,D2::D2-Q116,1.0
D2,D2-Q117,conditional_exception,normal,advanced,256,63,64512,1.4802830219268799,14.369964599609375,1.0,1.0,1.0,1.0,1.0,1.0,1.0,1.0,1.0,1.0,1.0,1.0,1.0,1.0,1.0,1.0,1,D2::D2-Q117,1.0
D2,D2-Q118,procedural,normal,advanced,256,63,64512,1.4802830219268799,13.982772827148438,1.0,1.0,1.0,1.0,1.0,1.0,1.0,1.0,1.0,1.0,1.0,1.0,1.0,1.0,1.0,1.0,1,D2::D2-Q118,1.0
D2,D2-Q119,exact_fact,normal,advanced,256,63,64512,1.4802830219268799,13.970613479614258,0.0,0.0,0.0,0.0,0.0,0.0,0.0,0.0,0.0,0.0,0.0,0.0,0.0,0.0,0.0,0.0,0,D2::D2-Q119,0.0
D2,D2-Q120,negation,normal,advanced,256,63,64512,1.4802830219268799,14.292716979980469,0.0,0.0,0.0,0.0,0.0,0.0,0.0,0.0,0.0,1.0,1.0,1.0,0.16666666666666666,0.0,0.3562071871080222,1.0,1,D2::D2-Q120,1.0
D2,D2-Q121,exact_fact,normal,advanced,256,63,64512,1.4802830219268799,14.192342758178711,1.0,1.0,1.0,1.0,1.0,1.0,1.0,1.0,1.0,1.0,1.0,1.0,1.0,1.0,1.0,1.0,1,D2::D2-Q121,1.0
D2,D2-Q122,exact_fact,normal,advanced,256,63,64512,1.4802830219268799,14.670848846435547,0.0,0.0,0.0,0.0,0.0,0.0,1.0,1.0,1.0,1.0,1.0,1.0,0.25,0.43067655807339306,0.43067655807339306,1.0,1,D2::D2-Q122,1.0
D2,D2-Q123,paraphrase,normal,advanced,256,63,64512,1.4802830219268799,14.879226684570312,0.0,0.0,0.0,0.0,0.0,0.0,0.0,0.0,0.0,0.0,0.0,0.0,0.0,0.0,0.0,0.0,0,D2::D2-Q123,0.0
D2,D2-Q124,exact_fact,normal,advanced,256,63,64512,1.4802830219268799,14.38760757446289,0.0,0.0,0.0,0.0,0.0,0.0,1.0,1.0,1.0,1.0,1.0,1.0,0.2,0.38685280723454163,0.38685280723454163,1.0,1,D2::D2-Q124,1.0
D2,D2-Q125,procedural,normal,advanced,256,63,64512,1.4802830219268799,13.879776000976562,0.0,0.0,0.0,0.0,0.0,0.0,0.0,0.0,0.0,1.0,1.0,1.0,0.1111111111111111,0.0,0.3010299956639812,1.0,1,D2::D2-Q125,1.0
D2,D2-Q126,conditional_exception,normal,advanced,256,63,64512,1.4802830219268799,14.335870742797852,1.0,1.0,1.0,1.0,1.0,1.0,1.0,1.0,1.0,1.0,1.0,1.0,1.0,1.0,1.0,1.0,1,D2::D2-Q126,1.0
D2,D2-Q127,paraphrase,normal,advanced,256,63,64512,1.4802830219268799,14.825820922851562,1.0,1.0,1.0,1.0,1.0,1.0,1.0,1.0,1.0,1.0,1.0,1.0,1.0,1.0,1.0,1.0,1,D2::D2-Q127,1.0
D2,D2-Q128,paraphrase,normal,advanced,256,63,64512,1.4802830219268799,16.273975372314453,1.0,1.0,1.0,1.0,1.0,1.0,1.0,1.0,1.0,1.0,1.0,1.0,1.0,1.0,1.0,1.0,1,D2::D2-Q128,1.0
D2,D2-Q129,table_lookup,normal,advanced,256,63,64512,1.4802830219268799,15.527486801147461,1.0,1.0,1.0,1.0,1.0,1.0,1.0,1.0,1.0,1.0,1.0,1.0,1.0,1.0,1.0,1.0,1,D2::D2-Q129,1.0
D2,D2-Q130,table_lookup,normal,advanced,256,63,64512,1.4802830219268799,15.003681182861328,0.0,0.0,0.0,0.0,0.0,0.0,1.0,1.0,1.0,1.0,1.0,1.0,0.2,0.38685280723454163,0.38685280723454163,1.0,1,D2::D2-Q130,1.0
D2,D2-Q131,table_lookup,normal,advanced,256,63,64512,1.4802830219268799,14.086008071899414,0.0,0.0,0.0,0.0,0.0,0.0,0.0,0.0,0.0,0.0,0.0,0.0,0.0,0.0,0.0,0.0,0,D2::D2-Q131,0.0
D2,D2-Q132,table_lookup,normal,advanced,256,63,64512,1.4802830219268799,14.08529281616211,0.0,0.0,0.0,1.0,1.0,1.0,1.0,1.0,1.0,1.0,1.0,1.0,0.3333333333333333,0.5,0.5,1.0,1,D2::D2-Q132,1.0
D2,D2-Q133,table_lookup,normal,advanced,256,63,64512,1.4802830219268799,13.973236083984375,0.0,0.0,0.0,0.0,0.0,0.0,0.0,0.0,0.0,0.0,0.0,0.0,0.0,0.0,0.0,0.0,0,D2::D2-Q133,0.0
D2,D2-Q134,table_lookup,normal,advanced,256,63,64512,1.4802830219268799,13.96322250366211,0.0,0.0,0.0,1.0,1.0,1.0,1.0,1.0,1.0,1.0,1.0,1.0,0.5,0.6309297535714575,0.6309297535714575,1.0,1,D2::D2-Q134,1.0
D2,D2-Q135,table_lookup,normal,advanced,256,63,64512,1.4802830219268799,13.956546783447266,0.0,0.0,0.0,1.0,1.0,1.0,1.0,1.0,1.0,1.0,1.0,1.0,0.5,0.6309297535714575,0.6309297535714575,1.0,1,D2::D2-Q135,1.0
D2,D2-Q136,table_context,normal,advanced,256,63,64512,1.4802830219268799,13.915538787841797,0.0,0.0,0.0,1.0,1.0,1.0,1.0,1.0,1.0,1.0,1.0,1.0,0.3333333333333333,0.5,0.5,1.0,1,D2::D2-Q136,1.0
D2,D2-Q137,table_context,normal,advanced,256,63,64512,1.4802830219268799,14.031410217285156,0.0,0.0,0.0,1.0,1.0,1.0,1.0,1.0,1.0,1.0,1.0,1.0,0.5,0.6309297535714575,0.6309297535714575,1.0,1,D2::D2-Q137,1.0
D2,D2-Q138,table_context,normal,advanced,256,63,64512,1.4802830219268799,14.255285263061523,0.0,0.0,0.0,0.0,0.0,0.0,1.0,1.0,1.0,1.0,1.0,1.0,0.25,0.43067655807339306,0.43067655807339306,1.0,1,D2::D2-Q138,1.0
D2,D2-Q139,table_context,normal,advanced,256,63,64512,1.4802830219268799,14.239788055419922,0.0,0.0,0.0,0.0,0.0,0.0,1.0,1.0,1.0,1.0,1.0,1.0,0.2,0.38685280723454163,0.38685280723454163,1.0,1,D2::D2-Q139,1.0
D2,D2-Q140,table_context,normal,advanced,256,63,64512,1.4802830219268799,14.47296142578125,0.0,0.0,0.0,1.0,1.0,1.0,1.0,1.0,1.0,1.0,1.0,1.0,0.3333333333333333,0.5,0.5,1.0,1,D2::D2-Q140,1.0
D2,D2-Q141,table_context,normal,advanced,256,63,64512,1.4802830219268799,14.818906784057617,0.0,0.0,0.0,1.0,1.0,1.0,1.0,1.0,1.0,1.0,1.0,1.0,0.3333333333333333,0.5,0.5,1.0,1,D2::D2-Q141,1.0
D2,D2-Q142,table_context,normal,advanced,256,63,64512,1.4802830219268799,14.449596405029297,0.0,0.0,0.0,1.0,1.0,1.0,1.0,1.0,1.0,1.0,1.0,1.0,0.3333333333333333,0.5,0.5,1.0,1,D2::D2-Q142,1.0
D2,D2-Q143,table_context,normal,advanced,256,63,64512,1.4802830219268799,14.984130859375,1.0,1.0,1.0,1.0,1.0,1.0,1.0,1.0,1.0,1.0,1.0,1.0,1.0,1.0,1.0,1.0,1,D2::D2-Q143,1.0
D2,D2-Q144,table_context,normal,advanced,256,63,64512,1.4802830219268799,14.247417449951172,1.0,1.0,1.0,1.0,1.0,1.0,1.0,1.0,1.0,1.0,1.0,1.0,1.0,1.0,1.0,1.0,1,D2::D2-Q144,1.0
D2,D2-Q145,table_context,normal,advanced,256,63,64512,1.4802830219268799,13.921022415161133,1.0,1.0,1.0,1.0,1.0,1.0,1.0,1.0,1.0,1.0,1.0,1.0,1.0,1.0,1.0,1.0,1,D2::D2-Q145,1.0
D2,D2-Q146,table_context,normal,advanced,256,63,64512,1.4802830219268799,14.731884002685547,1.0,1.0,1.0,1.0,1.0,1.0,1.0,1.0,1.0,1.0,1.0,1.0,1.0,1.0,1.0,1.0,1,D2::D2-Q146,1.0
D2,D2-Q147,table_context,normal,advanced,256,63,64512,1.4802830219268799,15.100717544555664,1.0,1.0,1.0,1.0,1.0,1.0,1.0,1.0,1.0,1.0,1.0,1.0,1.0,1.0,1.0,1.0,1,D2::D2-Q147,1.0
D2,D2-Q148,table_context,normal,advanced,256,63,64512,1.4802830219268799,14.191150665283203,1.0,1.0,1.0,1.0,1.0,1.0,1.0,1.0,1.0,1.0,1.0,1.0,1.0,1.0,1.0,1.0,1,D2::D2-Q148,1.0
D2,D2-Q149,table_context,normal,advanced,256,63,64512,1.4802830219268799,19.819021224975586,1.0,1.0,1.0,1.0,1.0,1.0,1.0,1.0,1.0,1.0,1.0,1.0,1.0,1.0,1.0,1.0,1,D2::D2-Q149,1.0
D2,D2-Q150,temporal,normal,advanced,256,63,64512,1.4802830219268799,15.494108200073242,1.0,1.0,1.0,1.0,1.0,1.0,1.0,1.0,1.0,1.0,1.0,1.0,1.0,1.0,1.0,1.0,1,D2::D2-Q150,1.0
D2,D2-Q151,table_context,normal,advanced,256,63,64512,1.4802830219268799,14.296293258666992,1.0,1.0,1.0,1.0,1.0,1.0,1.0,1.0,1.0,1.0,1.0,1.0,1.0,1.0,1.0,1.0,1,D2::D2-Q151,1.0
D2,D2-Q152,table_context,normal,advanced,256,63,64512,1.4802830219268799,16.216516494750977,1.0,1.0,1.0,1.0,1.0,1.0,1.0,1.0,1.0,1.0,1.0,1.0,1.0,1.0,1.0,1.0,1,D2::D2-Q152,1.0
D2,D2-Q153,table_context,normal,advanced,256,63,64512,1.4802830219268799,14.176607131958008,1.0,1.0,1.0,1.0,1.0,1.0,1.0,1.0,1.0,1.0,1.0,1.0,1.0,1.0,1.0,1.0,1,D2::D2-Q153,1.0
D2,D2-Q154,table_context,normal,advanced,256,63,64512,1.4802830219268799,14.698505401611328,1.0,1.0,1.0,1.0,1.0,1.0,1.0,1.0,1.0,1.0,1.0,1.0,1.0,1.0,1.0,1.0,1,D2::D2-Q154,1.0
D2,D2-Q155,table_context,normal,advanced,256,63,64512,1.4802830219268799,13.942241668701172,1.0,1.0,1.0,1.0,1.0,1.0,1.0,1.0,1.0,1.0,1.0,1.0,1.0,1.0,1.0,1.0,1,D2::D2-Q155,1.0
D2,D2-Q156,table_context,normal,advanced,256,63,64512,1.4802830219268799,14.008760452270508,1.0,1.0,1.0,1.0,1.0,1.0,1.0,1.0,1.0,1.0,1.0,1.0,1.0,1.0,1.0,1.0,1,D2::D2-Q156,1.0
D2,D2-Q157,table_context,normal,advanced,256,63,64512,1.4802830219268799,14.072656631469727,0.0,0.0,0.0,1.0,1.0,1.0,1.0,1.0,1.0,1.0,1.0,1.0,0.5,0.6309297535714575,0.6309297535714575,1.0,1,D2::D2-Q157,1.0
D2,D2-Q158,table_context,normal,advanced,256,63,64512,1.4802830219268799,14.327526092529297,1.0,1.0,1.0,1.0,1.0,1.0,1.0,1.0,1.0,1.0,1.0,1.0,1.0,1.0,1.0,1.0,1,D2::D2-Q158,1.0
D2,D2-Q159,table_context,normal,advanced,256,63,64512,1.4802830219268799,15.098333358764648,1.0,1.0,1.0,1.0,1.0,1.0,1.0,1.0,1.0,1.0,1.0,1.0,1.0,1.0,1.0,1.0,1,D2::D2-Q159,1.0
D2,D2-Q160,table_context,normal,advanced,256,63,64512,1.4802830219268799,15.571355819702148,1.0,1.0,1.0,1.0,1.0,1.0,1.0,1.0,1.0,1.0,1.0,1.0,1.0,1.0,1.0,1.0,1,D2::D2-Q160,1.0
D2,D2-Q161,table_context,normal,advanced,256,63,64512,1.4802830219268799,16.34526252746582,1.0,1.0,1.0,1.0,1.0,1.0,1.0,1.0,1.0,1.0,1.0,1.0,1.0,1.0,1.0,1.0,1,D2::D2-Q161,1.0
D2,D2-Q162,table_context,normal,advanced,256,63,64512,1.4802830219268799,14.172792434692383,1.0,1.0,1.0,1.0,1.0,1.0,1.0,1.0,1.0,1.0,1.0,1.0,1.0,1.0,1.0,1.0,1,D2::D2-Q162,1.0
D2,D2-Q163,table_context,normal,advanced,256,63,64512,1.4802830219268799,15.656471252441406,0.0,0.0,0.0,1.0,1.0,1.0,1.0,1.0,1.0,1.0,1.0,1.0,0.3333333333333333,0.5,0.5,1.0,1,D2::D2-Q163,1.0
D2,D2-Q164,table_context,normal,advanced,256,63,64512,1.4802830219268799,13.883590698242188,1.0,1.0,1.0,1.0,1.0,1.0,1.0,1.0,1.0,1.0,1.0,1.0,1.0,1.0,1.0,1.0,1,D2::D2-Q164,1.0
D2,D2-Q165,table_context,normal,advanced,256,63,64512,1.4802830219268799,14.11747932434082,0.0,0.0,0.0,0.0,0.0,0.0,1.0,1.0,1.0,1.0,1.0,1.0,0.2,0.38685280723454163,0.38685280723454163,1.0,1,D2::D2-Q165,1.0
D2,D2-Q166,table_context,normal,advanced,256,63,64512,1.4802830219268799,14.965057373046875,0.0,0.0,0.0,0.0,0.0,0.0,1.0,1.0,1.0,1.0,1.0,1.0,0.25,0.43067655807339306,0.43067655807339306,1.0,1,D2::D2-Q166,1.0
D2,D2-Q167,table_context,normal,advanced,256,63,64512,1.4802830219268799,15.007972717285156,0.0,0.0,0.0,0.0,0.0,0.0,1.0,1.0,1.0,1.0,1.0,1.0,0.25,0.43067655807339306,0.43067655807339306,1.0,1,D2::D2-Q167,1.0
D2,D2-Q168,table_context,normal,advanced,256,63,64512,1.4802830219268799,14.653921127319336,1.0,1.0,1.0,1.0,1.0,1.0,1.0,1.0,1.0,1.0,1.0,1.0,1.0,1.0,1.0,1.0,1,D2::D2-Q168,1.0
D2,D2-Q169,table_context,normal,advanced,256,63,64512,1.4802830219268799,13.758182525634766,1.0,1.0,1.0,1.0,1.0,1.0,1.0,1.0,1.0,1.0,1.0,1.0,1.0,1.0,1.0,1.0,1,D2::D2-Q169,1.0
D2,D2-Q170,table_context,normal,advanced,256,63,64512,1.4802830219268799,14.072418212890625,0.0,0.0,0.0,1.0,1.0,1.0,1.0,1.0,1.0,1.0,1.0,1.0,0.5,0.6309297535714575,0.6309297535714575,1.0,1,D2::D2-Q170,1.0
D2,D2-Q171,table_context,normal,advanced,256,63,64512,1.4802830219268799,13.875961303710938,1.0,1.0,1.0,1.0,1.0,1.0,1.0,1.0,1.0,1.0,1.0,1.0,1.0,1.0,1.0,1.0,1,D2::D2-Q171,1.0
D2,D2-Q172,table_context,normal,advanced,256,63,64512,1.4802830219268799,15.584945678710938,0.0,0.0,0.0,0.0,0.0,0.0,1.0,1.0,1.0,1.0,1.0,1.0,0.25,0.43067655807339306,0.43067655807339306,1.0,1,D2::D2-Q172,1.0
D2,D2-Q173,table_context,normal,advanced,256,63,64512,1.4802830219268799,15.265464782714844,1.0,1.0,1.0,1.0,1.0,1.0,1.0,1.0,1.0,1.0,1.0,1.0,1.0,1.0,1.0,1.0,1,D2::D2-Q173,1.0
D2,D2-Q174,table_context,normal,advanced,256,63,64512,1.4802830219268799,15.175580978393555,1.0,1.0,1.0,1.0,1.0,1.0,1.0,1.0,1.0,1.0,1.0,1.0,1.0,1.0,1.0,1.0,1,D2::D2-Q174,1.0
D2,D2-Q175,table_context,normal,advanced,256,63,64512,1.4802830219268799,14.87874984741211,0.0,0.0,0.0,1.0,1.0,1.0,1.0,1.0,1.0,1.0,1.0,1.0,0.5,0.6309297535714575,0.6309297535714575,1.0,1,D2::D2-Q175,1.0
D2,D2-Q176,table_context,normal,advanced,256,63,64512,1.4802830219268799,14.974594116210938,0.0,0.0,0.0,1.0,1.0,1.0,1.0,1.0,1.0,1.0,1.0,1.0,0.5,0.6309297535714575,0.6309297535714575,1.0,1,D2::D2-Q176,1.0
D2,D2-Q177,table_context,normal,advanced,256,63,64512,1.4802830219268799,17.889022827148438,1.0,1.0,1.0,1.0,1.0,1.0,1.0,1.0,1.0,1.0,1.0,1.0,1.0,1.0,1.0,1.0,1,D2::D2-Q177,1.0
D2,D2-Q178,table_context,normal,advanced,256,63,64512,1.4802830219268799,24.875640869140625,1.0,1.0,1.0,1.0,1.0,1.0,1.0,1.0,1.0,1.0,1.0,1.0,1.0,1.0,1.0,1.0,1,D2::D2-Q178,1.0
D2,D2-Q179,table_context,normal,advanced,256,63,64512,1.4802830219268799,15.503406524658203,1.0,1.0,1.0,1.0,1.0,1.0,1.0,1.0,1.0,1.0,1.0,1.0,1.0,1.0,1.0,1.0,1,D2::D2-Q179,1.0
D2,D2-Q180,table_context,normal,advanced,256,63,64512,1.4802830219268799,15.839099884033203,0.0,0.0,0.0,1.0,1.0,1.0,1.0,1.0,1.0,1.0,1.0,1.0,0.5,0.6309297535714575,0.6309297535714575,1.0,1,D2::D2-Q180,1.0
D2,D2-Q181,table_context,normal,advanced,256,63,64512,1.4802830219268799,15.641927719116211,1.0,1.0,1.0,1.0,1.0,1.0,1.0,1.0,1.0,1.0,1.0,1.0,1.0,1.0,1.0,1.0,1,D2::D2-Q181,1.0
D2,D2-Q182,table_context,normal,advanced,256,63,64512,1.4802830219268799,16.12257957458496,0.0,0.0,0.0,1.0,1.0,1.0,1.0,1.0,1.0,1.0,1.0,1.0,0.3333333333333333,0.5,0.5,1.0,1,D2::D2-Q182,1.0
D2,D2-Q183,procedural,normal,advanced,256,63,64512,1.4802830219268799,14.306068420410156,0.0,0.0,0.0,0.0,0.0,0.0,0.0,0.0,0.0,0.0,0.0,0.0,0.0,0.0,0.0,0.0,0,D2::D2-Q183,0.0
D2,D2-Q184,list_membership,normal,advanced,256,63,64512,1.4802830219268799,13.760805130004883,1.0,1.0,1.0,1.0,1.0,1.0,1.0,1.0,1.0,1.0,1.0,1.0,1.0,1.0,1.0,1.0,1,D2::D2-Q184,1.0
D2,D2-Q185,list_membership,normal,advanced,256,63,64512,1.4802830219268799,14.381647109985352,1.0,1.0,1.0,1.0,1.0,1.0,1.0,1.0,1.0,1.0,1.0,1.0,1.0,1.0,1.0,1.0,1,D2::D2-Q185,1.0
D2,D2-Q186,list_membership,normal,advanced,256,63,64512,1.4802830219268799,14.588594436645508,1.0,1.0,1.0,1.0,1.0,1.0,1.0,1.0,1.0,1.0,1.0,1.0,1.0,1.0,1.0,1.0,1,D2::D2-Q186,1.0
D2,D2-Q187,list_membership,normal,advanced,256,63,64512,1.4802830219268799,14.875411987304688,1.0,1.0,1.0,1.0,1.0,1.0,1.0,1.0,1.0,1.0,1.0,1.0,1.0,1.0,1.0,1.0,1,D2::D2-Q187,1.0
D2,D2-Q188,list_membership,normal,advanced,256,63,64512,1.4802830219268799,14.899492263793945,1.0,1.0,1.0,1.0,1.0,1.0,1.0,1.0,1.0,1.0,1.0,1.0,1.0,1.0,1.0,1.0,1,D2::D2-Q188,1.0
D2,D2-Q189,conditional_exception,normal,advanced,256,63,64512,1.4802830219268799,14.126062393188477,1.0,1.0,1.0,1.0,1.0,1.0,1.0,1.0,1.0,1.0,1.0,1.0,1.0,1.0,1.0,1.0,1,D2::D2-Q189,1.0
D2,D2-Q190,conditional_exception,normal,advanced,256,63,64512,1.4802830219268799,13.979673385620117,1.0,1.0,1.0,1.0,1.0,1.0,1.0,1.0,1.0,1.0,1.0,1.0,1.0,1.0,1.0,1.0,1,D2::D2-Q190,1.0
D2,D2-Q191,procedural,normal,advanced,256,63,64512,1.4802830219268799,14.380216598510742,1.0,1.0,1.0,1.0,1.0,1.0,1.0,1.0,1.0,1.0,1.0,1.0,1.0,1.0,1.0,1.0,1,D2::D2-Q191,1.0
D2,D2-Q192,exact_fact,normal,advanced,256,63,64512,1.4802830219268799,15.303373336791992,1.0,1.0,1.0,1.0,1.0,1.0,1.0,1.0,1.0,1.0,1.0,1.0,1.0,1.0,1.0,1.0,1,D2::D2-Q192,1.0
D2,D2-Q193,procedural,normal,advanced,256,63,64512,1.4802830219268799,14.947652816772461,1.0,1.0,1.0,1.0,1.0,1.0,1.0,1.0,1.0,1.0,1.0,1.0,1.0,1.0,1.0,1.0,1,D2::D2-Q193,1.0
D2,D2-Q194,conditional_exception,normal,advanced,256,63,64512,1.4802830219268799,17.585277557373047,1.0,1.0,1.0,1.0,1.0,1.0,1.0,1.0,1.0,1.0,1.0,1.0,1.0,1.0,1.0,1.0,1,D2::D2-Q194,1.0
D2,D2-Q195,conditional_exception,normal,advanced,256,63,64512,1.4802830219268799,14.361858367919922,1.0,1.0,1.0,1.0,1.0,1.0,1.0,1.0,1.0,1.0,1.0,1.0,1.0,1.0,1.0,1.0,1,D2::D2-Q195,1.0
D2,D2-Q196,exact_fact,normal,advanced,256,63,64512,1.4802830219268799,13.69786262512207,1.0,1.0,1.0,1.0,1.0,1.0,1.0,1.0,1.0,1.0,1.0,1.0,1.0,1.0,1.0,1.0,1,D2::D2-Q196,1.0
D2,D2-Q197,conditional_exception,normal,advanced,256,63,64512,1.4802830219268799,14.048337936401367,1.0,1.0,1.0,1.0,1.0,1.0,1.0,1.0,1.0,1.0,1.0,1.0,1.0,1.0,1.0,1.0,1,D2::D2-Q197,1.0
D2,D2-Q198,conditional_exception,normal,advanced,256,63,64512,1.4802830219268799,14.571905136108398,1.0,1.0,1.0,1.0,1.0,1.0,1.0,1.0,1.0,1.0,1.0,1.0,1.0,1.0,1.0,1.0,1,D2::D2-Q198,1.0
D2,D2-Q199,negation,normal,advanced,256,63,64512,1.4802830219268799,13.490676879882812,1.0,1.0,1.0,1.0,1.0,1.0,1.0,1.0,1.0,1.0,1.0,1.0,1.0,1.0,1.0,1.0,1,D2::D2-Q199,1.0
D2,D2-Q200,procedural,normal,advanced,256,63,64512,1.4802830219268799,14.119625091552734,0.0,0.0,0.0,0.0,0.0,0.0,1.0,1.0,1.0,1.0,1.0,1.0,0.2,0.38685280723454163,0.38685280723454163,1.0,1,D2::D2-Q200,1.0
D2,D2-Q001,exact_fact,normal,advanced,384,63,96768,1.4802830219268799,14.969348907470703,0.0,0.0,0.0,1.0,1.0,1.0,1.0,1.0,1.0,1.0,1.0,1.0,0.3333333333333333,0.5,0.5,1.0,1,D2::D2-Q001,1.0
D2,D2-Q002,temporal,normal,advanced,384,63,96768,1.4802830219268799,13.981342315673828,0.0,0.0,0.0,1.0,1.0,1.0,1.0,1.0,1.0,1.0,1.0,1.0,0.3333333333333333,0.5,0.5,1.0,1,D2::D2-Q002,1.0
D2,D2-Q003,exact_fact,normal,advanced,384,63,96768,1.4802830219268799,14.511585235595703,0.0,0.0,0.0,1.0,1.0,1.0,1.0,1.0,1.0,1.0,1.0,1.0,0.5,0.6309297535714575,0.6309297535714575,1.0,1,D2::D2-Q003,1.0
D2,D2-Q004,negative_query,normal,advanced,384,63,96768,1.4802830219268799,14.428138732910156,1.0,1.0,1.0,1.0,1.0,1.0,1.0,1.0,1.0,1.0,1.0,1.0,1.0,1.0,1.0,1.0,1,D2::D2-Q004,1.0
D2,D2-Q005,negative_query,normal,advanced,384,63,96768,1.4802830219268799,14.073610305786133,1.0,1.0,1.0,1.0,1.0,1.0,1.0,1.0,1.0,1.0,1.0,1.0,1.0,1.0,1.0,1.0,1,D2::D2-Q005,1.0
D2,D2-Q006,list_membership,normal,advanced,384,63,96768,1.4802830219268799,14.321327209472656,0.0,0.0,0.0,1.0,1.0,1.0,1.0,1.0,1.0,1.0,1.0,1.0,0.5,0.6309297535714575,0.6309297535714575,1.0,1,D2::D2-Q006,1.0
D2,D2-Q007,negation,normal,advanced,384,63,96768,1.4802830219268799,15.86604118347168,1.0,1.0,1.0,1.0,1.0,1.0,1.0,1.0,1.0,1.0,1.0,1.0,1.0,1.0,1.0,1.0,1,D2::D2-Q007,1.0
D2,D2-Q008,exact_fact,normal,advanced,384,63,96768,1.4802830219268799,13.522624969482422,1.0,1.0,1.0,1.0,1.0,1.0,1.0,1.0,1.0,1.0,1.0,1.0,1.0,1.0,1.0,1.0,1,D2::D2-Q008,1.0
D2,D2-Q009,exact_fact,normal,advanced,384,63,96768,1.4802830219268799,13.815164566040039,0.0,0.0,0.0,0.0,0.0,0.0,1.0,1.0,1.0,1.0,1.0,1.0,0.25,0.43067655807339306,0.43067655807339306,1.0,1,D2::D2-Q009,1.0
D2,D2-Q010,paraphrase,normal,advanced,384,63,96768,1.4802830219268799,14.373064041137695,1.0,1.0,1.0,1.0,1.0,1.0,1.0,1.0,1.0,1.0,1.0,1.0,1.0,1.0,1.0,1.0,1,D2::D2-Q010,1.0
D2,D2-Q011,conditional_exception,normal,advanced,384,63,96768,1.4802830219268799,15.675544738769531,1.0,1.0,1.0,1.0,1.0,1.0,1.0,1.0,1.0,1.0,1.0,1.0,1.0,1.0,1.0,1.0,1,D2::D2-Q011,1.0
D2,D2-Q012,negation,normal,advanced,384,63,96768,1.4802830219268799,15.59305191040039,1.0,1.0,1.0,1.0,1.0,1.0,1.0,1.0,1.0,1.0,1.0,1.0,1.0,1.0,1.0,1.0,1,D2::D2-Q012,1.0
D2,D2-Q013,list_membership,normal,advanced,384,63,96768,1.4802830219268799,18.987178802490234,1.0,1.0,1.0,1.0,1.0,1.0,1.0,1.0,1.0,1.0,1.0,1.0,1.0,1.0,1.0,1.0,1,D2::D2-Q013,1.0
D2,D2-Q014,list_membership,normal,advanced,384,63,96768,1.4802830219268799,14.504194259643555,1.0,1.0,1.0,1.0,1.0,1.0,1.0,1.0,1.0,1.0,1.0,1.0,1.0,1.0,1.0,1.0,1,D2::D2-Q014,1.0
D2,D2-Q015,list_membership,normal,advanced,384,63,96768,1.4802830219268799,14.618635177612305,0.0,0.0,0.0,1.0,1.0,1.0,1.0,1.0,1.0,1.0,1.0,1.0,0.3333333333333333,0.5,0.5,1.0,1,D2::D2-Q015,1.0
D2,D2-Q016,exact_fact,normal,advanced,384,63,96768,1.4802830219268799,14.605283737182617,0.0,0.0,0.0,1.0,1.0,1.0,1.0,1.0,1.0,1.0,1.0,1.0,0.3333333333333333,0.5,0.5,1.0,1,D2::D2-Q016,1.0
D2,D2-Q017,list_membership,normal,advanced,384,63,96768,1.4802830219268799,14.790534973144531,1.0,1.0,1.0,1.0,1.0,1.0,1.0,1.0,1.0,1.0,1.0,1.0,1.0,1.0,1.0,1.0,1,D2::D2-Q017,1.0
D2,D2-Q018,exact_fact,normal,advanced,384,63,96768,1.4802830219268799,14.965295791625977,0.0,0.0,0.0,1.0,1.0,1.0,1.0,1.0,1.0,1.0,1.0,1.0,0.3333333333333333,0.5,0.5,1.0,1,D2::D2-Q018,1.0
D2,D2-Q019,exact_fact,normal,advanced,384,63,96768,1.4802830219268799,14.242410659790039,0.0,0.0,0.0,1.0,1.0,1.0,1.0,1.0,1.0,1.0,1.0,1.0,0.5,0.6309297535714575,0.6309297535714575,1.0,1,D2::D2-Q019,1.0
D2,D2-Q020,exact_fact,normal,advanced,384,63,96768,1.4802830219268799,13.936281204223633,0.0,0.0,0.0,0.0,0.0,0.0,1.0,1.0,1.0,1.0,1.0,1.0,0.2,0.38685280723454163,0.38685280723454163,1.0,1,D2::D2-Q020,1.0
D2,D2-Q021,exact_fact,normal,advanced,384,63,96768,1.4802830219268799,14.042854309082031,0.0,0.0,0.0,0.0,0.0,0.0,0.0,0.0,0.0,0.0,0.0,0.0,0.0,0.0,0.0,0.0,0,D2::D2-Q021,0.0
D2,D2-Q022,paraphrase,normal,advanced,384,63,96768,1.4802830219268799,14.793634414672852,0.0,0.0,0.0,0.0,0.0,0.0,0.0,0.0,0.0,1.0,1.0,1.0,0.125,0.0,0.31546487678572877,1.0,1,D2::D2-Q022,1.0
D2,D2-Q023,procedural,normal,advanced,384,63,96768,1.4802830219268799,15.147686004638672,1.0,1.0,1.0,1.0,1.0,1.0,1.0,1.0,1.0,1.0,1.0,1.0,1.0,1.0,1.0,1.0,1,D2::D2-Q023,1.0
D2,D2-Q024,conditional_exception,normal,advanced,384,63,96768,1.4802830219268799,14.22119140625,0.0,0.0,0.0,1.0,1.0,1.0,1.0,1.0,1.0,1.0,1.0,1.0,0.3333333333333333,0.5,0.5,1.0,1,D2::D2-Q024,1.0
D2,D2-Q025,procedural,normal,advanced,384,63,96768,1.4802830219268799,14.440536499023438,1.0,1.0,1.0,1.0,1.0,1.0,1.0,1.0,1.0,1.0,1.0,1.0,1.0,1.0,1.0,1.0,1,D2::D2-Q025,1.0
D2,D2-Q026,procedural,normal,advanced,384,63,96768,1.4802830219268799,14.841318130493164,1.0,1.0,1.0,1.0,1.0,1.0,1.0,1.0,1.0,1.0,1.0,1.0,1.0,1.0,1.0,1.0,1,D2::D2-Q026,1.0
D2,D2-Q027,procedural,normal,advanced,384,63,96768,1.4802830219268799,14.00899887084961,1.0,1.0,1.0,1.0,1.0,1.0,1.0,1.0,1.0,1.0,1.0,1.0,1.0,1.0,1.0,1.0,1,D2::D2-Q027,1.0
D2,D2-Q028,paraphrase,normal,advanced,384,63,96768,1.4802830219268799,14.150857925415039,1.0,1.0,1.0,1.0,1.0,1.0,1.0,1.0,1.0,1.0,1.0,1.0,1.0,1.0,1.0,1.0,1,D2::D2-Q028,1.0
D2,D2-Q029,exact_fact,normal,advanced,384,63,96768,1.4802830219268799,14.050960540771484,1.0,1.0,1.0,1.0,1.0,1.0,1.0,1.0,1.0,1.0,1.0,1.0,1.0,1.0,1.0,1.0,1,D2::D2-Q029,1.0
D2,D2-Q030,paraphrase,normal,advanced,384,63,96768,1.4802830219268799,14.880895614624023,0.0,0.0,0.0,0.0,0.0,0.0,0.0,0.0,0.0,0.0,0.0,0.0,0.0,0.0,0.0,0.0,0,D2::D2-Q030,0.0
D2,D2-Q031,list_membership,normal,advanced,384,63,96768,1.4802830219268799,14.284610748291016,0.0,0.0,0.0,1.0,1.0,1.0,1.0,1.0,1.0,1.0,1.0,1.0,0.5,0.6309297535714575,0.6309297535714575,1.0,1,D2::D2-Q031,1.0
D2,D2-Q032,exact_fact,normal,advanced,384,63,96768,1.4802830219268799,14.806509017944336,1.0,1.0,1.0,1.0,1.0,1.0,1.0,1.0,1.0,1.0,1.0,1.0,1.0,1.0,1.0,1.0,1,D2::D2-Q032,1.0
D2,D2-Q033,exact_fact,normal,advanced,384,63,96768,1.4802830219268799,15.274286270141602,0.0,0.0,0.0,0.0,0.0,0.0,1.0,1.0,1.0,1.0,1.0,1.0,0.2,0.38685280723454163,0.38685280723454163,1.0,1,D2::D2-Q033,1.0
D2,D2-Q034,procedural,normal,advanced,384,63,96768,1.4802830219268799,13.840436935424805,0.0,0.0,0.0,0.0,0.0,0.0,0.0,0.0,0.0,0.0,0.0,0.0,0.0,0.0,0.0,0.0,0,D2::D2-Q034,0.0
D2,D2-Q035,list_membership,normal,advanced,384,63,96768,1.4802830219268799,13.950347900390625,1.0,1.0,1.0,1.0,1.0,1.0,1.0,1.0,1.0,1.0,1.0,1.0,1.0,1.0,1.0,1.0,1,D2::D2-Q035,1.0
D2,D2-Q036,list_membership,normal,advanced,384,63,96768,1.4802830219268799,13.859987258911133,0.0,0.0,0.0,1.0,1.0,1.0,1.0,1.0,1.0,1.0,1.0,1.0,0.5,0.6309297535714575,0.6309297535714575,1.0,1,D2::D2-Q036,1.0
D2,D2-Q037,exact_fact,normal,advanced,384,63,96768,1.4802830219268799,14.797687530517578,0.0,0.0,0.0,1.0,1.0,1.0,1.0,1.0,1.0,1.0,1.0,1.0,0.3333333333333333,0.5,0.5,1.0,1,D2::D2-Q037,1.0
D2,D2-Q038,procedural,normal,advanced,384,63,96768,1.4802830219268799,14.465570449829102,0.0,0.0,0.0,1.0,1.0,1.0,1.0,1.0,1.0,1.0,1.0,1.0,0.5,0.6309297535714575,0.6309297535714575,1.0,1,D2::D2-Q038,1.0
D2,D2-Q039,conditional_exception,normal,advanced,384,63,96768,1.4802830219268799,14.472484588623047,1.0,1.0,1.0,1.0,1.0,1.0,1.0,1.0,1.0,1.0,1.0,1.0,1.0,1.0,1.0,1.0,1,D2::D2-Q039,1.0
D2,D2-Q040,procedural,normal,advanced,384,63,96768,1.4802830219268799,14.220714569091797,1.0,1.0,1.0,1.0,1.0,1.0,1.0,1.0,1.0,1.0,1.0,1.0,1.0,1.0,1.0,1.0,1,D2::D2-Q040,1.0
D2,D2-Q041,procedural,normal,advanced,384,63,96768,1.4802830219268799,13.808488845825195,0.0,0.0,0.0,1.0,1.0,1.0,1.0,1.0,1.0,1.0,1.0,1.0,0.3333333333333333,0.5,0.5,1.0,1,D2::D2-Q041,1.0
D2,D2-Q042,exact_fact,normal,advanced,384,63,96768,1.4802830219268799,14.892578125,0.0,0.0,0.0,0.0,0.0,0.0,1.0,1.0,1.0,1.0,1.0,1.0,0.25,0.43067655807339306,0.43067655807339306,1.0,1,D2::D2-Q042,1.0
D2,D2-Q043,procedural,normal,advanced,384,63,96768,1.4802830219268799,25.336265563964844,1.0,1.0,1.0,1.0,1.0,1.0,1.0,1.0,1.0,1.0,1.0,1.0,1.0,1.0,1.0,1.0,1,D2::D2-Q043,1.0
D2,D2-Q044,exact_fact,normal,advanced,384,63,96768,1.4802830219268799,18.41139793395996,1.0,1.0,1.0,1.0,1.0,1.0,1.0,1.0,1.0,1.0,1.0,1.0,1.0,1.0,1.0,1.0,1,D2::D2-Q044,1.0
D2,D2-Q045,conditional_exception,normal,advanced,384,63,96768,1.4802830219268799,14.571905136108398,1.0,1.0,1.0,1.0,1.0,1.0,1.0,1.0,1.0,1.0,1.0,1.0,1.0,1.0,1.0,1.0,1,D2::D2-Q045,1.0
D2,D2-Q046,paraphrase,normal,advanced,384,63,96768,1.4802830219268799,14.852523803710938,1.0,1.0,1.0,1.0,1.0,1.0,1.0,1.0,1.0,1.0,1.0,1.0,1.0,1.0,1.0,1.0,1,D2::D2-Q046,1.0
D2,D2-Q047,exact_fact,normal,advanced,384,63,96768,1.4802830219268799,14.338016510009766,1.0,1.0,1.0,1.0,1.0,1.0,1.0,1.0,1.0,1.0,1.0,1.0,1.0,1.0,1.0,1.0,1,D2::D2-Q047,1.0
D2,D2-Q048,list_membership,normal,advanced,384,63,96768,1.4802830219268799,14.09769058227539,1.0,1.0,1.0,1.0,1.0,1.0,1.0,1.0,1.0,1.0,1.0,1.0,1.0,1.0,1.0,1.0,1,D2::D2-Q048,1.0
D2,D2-Q049,exact_fact,normal,advanced,384,63,96768,1.4802830219268799,14.108657836914062,1.0,1.0,1.0,1.0,1.0,1.0,1.0,1.0,1.0,1.0,1.0,1.0,1.0,1.0,1.0,1.0,1,D2::D2-Q049,1.0
D2,D2-Q050,procedural,normal,advanced,384,63,96768,1.4802830219268799,14.812707901000977,1.0,1.0,1.0,1.0,1.0,1.0,1.0,1.0,1.0,1.0,1.0,1.0,1.0,1.0,1.0,1.0,1,D2::D2-Q050,1.0
D2,D2-Q051,conditional_exception,normal,advanced,384,63,96768,1.4802830219268799,15.60831069946289,0.0,0.0,0.0,0.0,0.0,0.0,0.0,0.0,0.0,0.0,0.0,0.0,0.0,0.0,0.0,0.0,0,D2::D2-Q051,0.0
D2,D2-Q052,procedural,normal,advanced,384,63,96768,1.4802830219268799,14.302730560302734,1.0,1.0,1.0,1.0,1.0,1.0,1.0,1.0,1.0,1.0,1.0,1.0,1.0,1.0,1.0,1.0,1,D2::D2-Q052,1.0
D2,D2-Q053,exact_fact,normal,advanced,384,63,96768,1.4802830219268799,14.061689376831055,1.0,1.0,1.0,1.0,1.0,1.0,1.0,1.0,1.0,1.0,1.0,1.0,1.0,1.0,1.0,1.0,1,D2::D2-Q053,1.0
D2,D2-Q054,conditional_exception,normal,advanced,384,63,96768,1.4802830219268799,13.51165771484375,1.0,1.0,1.0,1.0,1.0,1.0,1.0,1.0,1.0,1.0,1.0,1.0,1.0,1.0,1.0,1.0,1,D2::D2-Q054,1.0
D2,D2-Q055,list_membership,normal,advanced,384,63,96768,1.4802830219268799,16.017913818359375,1.0,1.0,1.0,1.0,1.0,1.0,1.0,1.0,1.0,1.0,1.0,1.0,1.0,1.0,1.0,1.0,1,D2::D2-Q055,1.0
D2,D2-Q056,procedural,normal,advanced,384,63,96768,1.4802830219268799,14.708518981933594,1.0,1.0,1.0,1.0,1.0,1.0,1.0,1.0,1.0,1.0,1.0,1.0,1.0,1.0,1.0,1.0,1,D2::D2-Q056,1.0
D2,D2-Q057,exact_fact,normal,advanced,384,63,96768,1.4802830219268799,16.904115676879883,0.0,0.0,0.0,0.0,0.0,0.0,1.0,1.0,1.0,1.0,1.0,1.0,0.25,0.43067655807339306,0.43067655807339306,1.0,1,D2::D2-Q057,1.0
D2,D2-Q058,conditional_exception,normal,advanced,384,63,96768,1.4802830219268799,13.641595840454102,1.0,1.0,1.0,1.0,1.0,1.0,1.0,1.0,1.0,1.0,1.0,1.0,1.0,1.0,1.0,1.0,1,D2::D2-Q058,1.0
D2,D2-Q059,exact_fact,normal,advanced,384,63,96768,1.4802830219268799,15.375614166259766,1.0,1.0,1.0,1.0,1.0,1.0,1.0,1.0,1.0,1.0,1.0,1.0,1.0,1.0,1.0,1.0,1,D2::D2-Q059,1.0
D2,D2-Q060,negation,normal,advanced,384,63,96768,1.4802830219268799,14.16778564453125,1.0,1.0,1.0,1.0,1.0,1.0,1.0,1.0,1.0,1.0,1.0,1.0,1.0,1.0,1.0,1.0,1,D2::D2-Q060,1.0
D2,D2-Q061,procedural,normal,advanced,384,63,96768,1.4802830219268799,14.625072479248047,0.0,0.0,0.0,0.0,0.0,0.0,0.0,0.0,0.0,0.0,0.0,0.0,0.0,0.0,0.0,0.0,0,D2::D2-Q061,0.0
D2,D2-Q062,exact_fact,normal,advanced,384,63,96768,1.4802830219268799,14.025449752807617,0.0,0.0,0.0,0.0,0.0,0.0,0.0,0.0,0.0,0.0,0.0,0.0,0.0,0.0,0.0,0.0,0,D2::D2-Q062,0.0
D2,D2-Q063,paraphrase,normal,advanced,384,63,96768,1.4802830219268799,14.097452163696289,1.0,1.0,1.0,1.0,1.0,1.0,1.0,1.0,1.0,1.0,1.0,1.0,1.0,1.0,1.0,1.0,1,D2::D2-Q063,1.0
D2,D2-Q064,negation,normal,advanced,384,63,96768,1.4802830219268799,14.01209831237793,1.0,1.0,1.0,1.0,1.0,1.0,1.0,1.0,1.0,1.0,1.0,1.0,1.0,1.0,1.0,1.0,1,D2::D2-Q064,1.0
D2,D2-Q065,numerical,normal,advanced,384,63,96768,1.4802830219268799,13.654947280883789,1.0,1.0,1.0,1.0,1.0,1.0,1.0,1.0,1.0,1.0,1.0,1.0,1.0,1.0,1.0,1.0,1,D2::D2-Q065,1.0
D2,D2-Q066,numerical,normal,advanced,384,63,96768,1.4802830219268799,13.71622085571289,1.0,1.0,1.0,1.0,1.0,1.0,1.0,1.0,1.0,1.0,1.0,1.0,1.0,1.0,1.0,1.0,1,D2::D2-Q066,1.0
D2,D2-Q067,numerical,normal,advanced,384,63,96768,1.4802830219268799,13.509988784790039,1.0,1.0,1.0,1.0,1.0,1.0,1.0,1.0,1.0,1.0,1.0,1.0,1.0,1.0,1.0,1.0,1,D2::D2-Q067,1.0
D2,D2-Q068,numerical,normal,advanced,384,63,96768,1.4802830219268799,14.661550521850586,1.0,1.0,1.0,1.0,1.0,1.0,1.0,1.0,1.0,1.0,1.0,1.0,1.0,1.0,1.0,1.0,1,D2::D2-Q068,1.0
D2,D2-Q069,numerical,normal,advanced,384,63,96768,1.4802830219268799,13.860702514648438,1.0,1.0,1.0,1.0,1.0,1.0,1.0,1.0,1.0,1.0,1.0,1.0,1.0,1.0,1.0,1.0,1,D2::D2-Q069,1.0
D2,D2-Q070,numerical,normal,advanced,384,63,96768,1.4802830219268799,14.423131942749023,1.0,1.0,1.0,1.0,1.0,1.0,1.0,1.0,1.0,1.0,1.0,1.0,1.0,1.0,1.0,1.0,1,D2::D2-Q070,1.0
D2,D2-Q071,negative_query,normal,advanced,384,63,96768,1.4802830219268799,14.209508895874023,1.0,1.0,1.0,1.0,1.0,1.0,1.0,1.0,1.0,1.0,1.0,1.0,1.0,1.0,1.0,1.0,1,D2::D2-Q071,1.0
D2,D2-Q072,exact_fact,normal,advanced,384,63,96768,1.4802830219268799,14.356136322021484,1.0,1.0,1.0,1.0,1.0,1.0,1.0,1.0,1.0,1.0,1.0,1.0,1.0,1.0,1.0,1.0,1,D2::D2-Q072,1.0
D2,D2-Q073,exact_fact,normal,advanced,384,63,96768,1.4802830219268799,14.183998107910156,1.0,1.0,1.0,1.0,1.0,1.0,1.0,1.0,1.0,1.0,1.0,1.0,1.0,1.0,1.0,1.0,1,D2::D2-Q073,1.0
D2,D2-Q074,procedural,normal,advanced,384,63,96768,1.4802830219268799,15.229463577270508,1.0,1.0,1.0,1.0,1.0,1.0,1.0,1.0,1.0,1.0,1.0,1.0,1.0,1.0,1.0,1.0,1,D2::D2-Q074,1.0
D2,D2-Q075,conditional_exception,normal,advanced,384,63,96768,1.4802830219268799,15.61594009399414,1.0,1.0,1.0,1.0,1.0,1.0,1.0,1.0,1.0,1.0,1.0,1.0,1.0,1.0,1.0,1.0,1,D2::D2-Q075,1.0
D2,D2-Q076,negation,normal,advanced,384,63,96768,1.4802830219268799,20.46656608581543,0.0,0.0,0.0,0.0,0.0,0.0,0.0,0.0,0.0,1.0,1.0,1.0,0.16666666666666666,0.0,0.3562071871080222,1.0,1,D2::D2-Q076,1.0
D2,D2-Q077,procedural,normal,advanced,384,63,96768,1.4802830219268799,13.83519172668457,0.0,0.0,0.0,0.0,0.0,0.0,0.0,0.0,0.0,1.0,1.0,1.0,0.16666666666666666,0.0,0.3562071871080222,1.0,1,D2::D2-Q077,1.0
D2,D2-Q078,exact_fact,normal,advanced,384,63,96768,1.4802830219268799,13.851165771484375,0.0,0.0,0.0,0.0,0.0,0.0,0.0,0.0,0.0,0.0,0.0,0.0,0.0,0.0,0.0,0.0,0,D2::D2-Q078,0.0
D2,D2-Q079,conditional_exception,normal,advanced,384,63,96768,1.4802830219268799,15.458345413208008,0.0,0.0,0.0,0.0,0.0,0.0,0.0,0.0,0.0,0.0,0.0,0.0,0.0,0.0,0.0,0.0,0,D2::D2-Q079,0.0
D2,D2-Q080,conditional_exception,normal,advanced,384,63,96768,1.4802830219268799,13.978719711303711,0.0,0.0,0.0,1.0,1.0,1.0,1.0,1.0,1.0,1.0,1.0,1.0,0.3333333333333333,0.5,0.5,1.0,1,D2::D2-Q080,1.0
D2,D2-Q081,exact_fact,normal,advanced,384,63,96768,1.4802830219268799,14.043807983398438,0.0,0.0,0.0,1.0,1.0,1.0,1.0,1.0,1.0,1.0,1.0,1.0,0.3333333333333333,0.5,0.5,1.0,1,D2::D2-Q081,1.0
D2,D2-Q082,conditional_exception,normal,advanced,384,63,96768,1.4802830219268799,14.182806015014648,0.0,0.0,0.0,0.0,0.0,0.0,1.0,1.0,1.0,1.0,1.0,1.0,0.25,0.43067655807339306,0.43067655807339306,1.0,1,D2::D2-Q082,1.0
D2,D2-Q083,procedural,normal,advanced,384,63,96768,1.4802830219268799,14.24551010131836,0.0,0.0,0.0,0.0,0.0,0.0,0.0,0.0,0.0,0.0,0.0,0.0,0.0,0.0,0.0,0.0,0,D2::D2-Q083,0.0
D2,D2-Q084,procedural,normal,advanced,384,63,96768,1.4802830219268799,14.026403427124023,1.0,1.0,1.0,1.0,1.0,1.0,1.0,1.0,1.0,1.0,1.0,1.0,1.0,1.0,1.0,1.0,1,D2::D2-Q084,1.0
D2,D2-Q085,exact_fact,normal,advanced,384,63,96768,1.4802830219268799,14.380216598510742,1.0,1.0,1.0,1.0,1.0,1.0,1.0,1.0,1.0,1.0,1.0,1.0,1.0,1.0,1.0,1.0,1,D2::D2-Q085,1.0
D2,D2-Q086,procedural,normal,advanced,384,63,96768,1.4802830219268799,13.542652130126953,1.0,1.0,1.0,1.0,1.0,1.0,1.0,1.0,1.0,1.0,1.0,1.0,1.0,1.0,1.0,1.0,1,D2::D2-Q086,1.0
D2,D2-Q087,exact_fact,normal,advanced,384,63,96768,1.4802830219268799,14.544010162353516,0.0,0.0,0.0,1.0,1.0,1.0,1.0,1.0,1.0,1.0,1.0,1.0,0.5,0.6309297535714575,0.6309297535714575,1.0,1,D2::D2-Q087,1.0
D2,D2-Q088,paraphrase,normal,advanced,384,63,96768,1.4802830219268799,14.194965362548828,1.0,1.0,1.0,1.0,1.0,1.0,1.0,1.0,1.0,1.0,1.0,1.0,1.0,1.0,1.0,1.0,1,D2::D2-Q088,1.0
D2,D2-Q089,exact_fact,normal,advanced,384,63,96768,1.4802830219268799,13.93890380859375,0.0,0.0,0.0,1.0,1.0,1.0,1.0,1.0,1.0,1.0,1.0,1.0,0.5,0.6309297535714575,0.6309297535714575,1.0,1,D2::D2-Q089,1.0
D2,D2-Q090,procedural,normal,advanced,384,63,96768,1.4802830219268799,14.063119888305664,1.0,1.0,1.0,1.0,1.0,1.0,1.0,1.0,1.0,1.0,1.0,1.0,1.0,1.0,1.0,1.0,1,D2::D2-Q090,1.0
D2,D2-Q091,exact_fact,normal,advanced,384,63,96768,1.4802830219268799,13.45515251159668,1.0,1.0,1.0,1.0,1.0,1.0,1.0,1.0,1.0,1.0,1.0,1.0,1.0,1.0,1.0,1.0,1,D2::D2-Q091,1.0
D2,D2-Q092,conditional_exception,normal,advanced,384,63,96768,1.4802830219268799,13.972043991088867,1.0,1.0,1.0,1.0,1.0,1.0,1.0,1.0,1.0,1.0,1.0,1.0,1.0,1.0,1.0,1.0,1,D2::D2-Q092,1.0
D2,D2-Q093,procedural,normal,advanced,384,63,96768,1.4802830219268799,14.277935028076172,1.0,1.0,1.0,1.0,1.0,1.0,1.0,1.0,1.0,1.0,1.0,1.0,1.0,1.0,1.0,1.0,1,D2::D2-Q093,1.0
D2,D2-Q094,procedural,normal,advanced,384,63,96768,1.4802830219268799,14.380693435668945,1.0,1.0,1.0,1.0,1.0,1.0,1.0,1.0,1.0,1.0,1.0,1.0,1.0,1.0,1.0,1.0,1,D2::D2-Q094,1.0
D2,D2-Q095,procedural,normal,advanced,384,63,96768,1.4802830219268799,13.862133026123047,0.0,0.0,0.0,0.0,0.0,0.0,0.0,0.0,0.0,0.0,0.0,0.0,0.0,0.0,0.0,0.0,0,D2::D2-Q095,0.0
D2,D2-Q096,negative_query,normal,advanced,384,63,96768,1.4802830219268799,13.55433464050293,0.0,0.0,0.0,0.0,0.0,0.0,0.0,0.0,0.0,0.0,0.0,0.0,0.0,0.0,0.0,0.0,0,D2::D2-Q096,0.0
D2,D2-Q097,numerical,normal,advanced,384,63,96768,1.4802830219268799,13.920307159423828,1.0,1.0,1.0,1.0,1.0,1.0,1.0,1.0,1.0,1.0,1.0,1.0,1.0,1.0,1.0,1.0,1,D2::D2-Q097,1.0
D2,D2-Q098,procedural,normal,advanced,384,63,96768,1.4802830219268799,13.80467414855957,1.0,1.0,1.0,1.0,1.0,1.0,1.0,1.0,1.0,1.0,1.0,1.0,1.0,1.0,1.0,1.0,1,D2::D2-Q098,1.0
D2,D2-Q099,procedural,normal,advanced,384,63,96768,1.4802830219268799,15.016794204711914,1.0,1.0,1.0,1.0,1.0,1.0,1.0,1.0,1.0,1.0,1.0,1.0,1.0,1.0,1.0,1.0,1,D2::D2-Q099,1.0
D2,D2-Q100,conditional_exception,normal,advanced,384,63,96768,1.4802830219268799,14.293193817138672,0.0,0.0,0.0,1.0,1.0,1.0,1.0,1.0,1.0,1.0,1.0,1.0,0.5,0.6309297535714575,0.6309297535714575,1.0,1,D2::D2-Q100,1.0
D2,D2-Q101,temporal,normal,advanced,384,63,96768,1.4802830219268799,14.455318450927734,1.0,1.0,1.0,1.0,1.0,1.0,1.0,1.0,1.0,1.0,1.0,1.0,1.0,1.0,1.0,1.0,1,D2::D2-Q101,1.0
D2,D2-Q102,numerical,normal,advanced,384,63,96768,1.4802830219268799,14.062881469726562,0.0,0.0,0.0,0.0,0.0,0.0,1.0,1.0,1.0,1.0,1.0,1.0,0.25,0.43067655807339306,0.43067655807339306,1.0,1,D2::D2-Q102,1.0
D2,D2-Q103,negation,normal,advanced,384,63,96768,1.4802830219268799,14.483451843261719,1.0,1.0,1.0,1.0,1.0,1.0,1.0,1.0,1.0,1.0,1.0,1.0,1.0,1.0,1.0,1.0,1,D2::D2-Q103,1.0
D2,D2-Q104,list_membership,normal,advanced,384,63,96768,1.4802830219268799,14.063119888305664,0.0,0.0,0.0,1.0,1.0,1.0,1.0,1.0,1.0,1.0,1.0,1.0,0.5,0.6309297535714575,0.6309297535714575,1.0,1,D2::D2-Q104,1.0
D2,D2-Q105,table_lookup,normal,advanced,384,63,96768,1.4802830219268799,13.98468017578125,0.0,0.0,0.0,0.0,0.0,0.0,0.0,0.0,0.0,1.0,1.0,1.0,0.16666666666666666,0.0,0.3562071871080222,1.0,1,D2::D2-Q105,1.0
D2,D2-Q106,table_lookup,normal,advanced,384,63,96768,1.4802830219268799,14.962911605834961,0.0,0.0,0.0,0.0,0.0,0.0,0.0,0.0,0.0,1.0,1.0,1.0,0.14285714285714285,0.0,0.3333333333333333,1.0,1,D2::D2-Q106,1.0
D2,D2-Q107,table_lookup,normal,advanced,384,63,96768,1.4802830219268799,14.033317565917969,0.0,0.0,0.0,0.0,0.0,0.0,0.0,0.0,0.0,1.0,1.0,1.0,0.14285714285714285,0.0,0.3333333333333333,1.0,1,D2::D2-Q107,1.0
D2,D2-Q108,paraphrase,normal,advanced,384,63,96768,1.4802830219268799,17.52781867980957,1.0,1.0,1.0,1.0,1.0,1.0,1.0,1.0,1.0,1.0,1.0,1.0,1.0,1.0,1.0,1.0,1,D2::D2-Q108,1.0
D2,D2-Q109,procedural,normal,advanced,384,63,96768,1.4802830219268799,26.465177536010742,1.0,1.0,1.0,1.0,1.0,1.0,1.0,1.0,1.0,1.0,1.0,1.0,1.0,1.0,1.0,1.0,1,D2::D2-Q109,1.0
D2,D2-Q110,exact_fact,normal,advanced,384,63,96768,1.4802830219268799,15.196561813354492,0.0,0.0,0.0,1.0,1.0,1.0,1.0,1.0,1.0,1.0,1.0,1.0,0.3333333333333333,0.5,0.5,1.0,1,D2::D2-Q110,1.0
D2,D2-Q111,procedural,normal,advanced,384,63,96768,1.4802830219268799,15.512228012084961,1.0,1.0,1.0,1.0,1.0,1.0,1.0,1.0,1.0,1.0,1.0,1.0,1.0,1.0,1.0,1.0,1,D2::D2-Q111,1.0
D2,D2-Q112,temporal,normal,advanced,384,63,96768,1.4802830219268799,14.613866806030273,1.0,1.0,1.0,1.0,1.0,1.0,1.0,1.0,1.0,1.0,1.0,1.0,1.0,1.0,1.0,1.0,1,D2::D2-Q112,1.0
D2,D2-Q113,procedural,normal,advanced,384,63,96768,1.4802830219268799,13.980388641357422,1.0,1.0,1.0,1.0,1.0,1.0,1.0,1.0,1.0,1.0,1.0,1.0,1.0,1.0,1.0,1.0,1,D2::D2-Q113,1.0
D2,D2-Q114,exact_fact,normal,advanced,384,63,96768,1.4802830219268799,14.594793319702148,0.0,0.0,0.0,0.0,0.0,0.0,0.0,0.0,0.0,1.0,1.0,1.0,0.1,0.0,0.2890648263178879,1.0,1,D2::D2-Q114,1.0
D2,D2-Q115,exact_fact,normal,advanced,384,63,96768,1.4802830219268799,15.593290328979492,1.0,1.0,1.0,1.0,1.0,1.0,1.0,1.0,1.0,1.0,1.0,1.0,1.0,1.0,1.0,1.0,1,D2::D2-Q115,1.0
D2,D2-Q116,exact_fact,normal,advanced,384,63,96768,1.4802830219268799,16.306161880493164,1.0,1.0,1.0,1.0,1.0,1.0,1.0,1.0,1.0,1.0,1.0,1.0,1.0,1.0,1.0,1.0,1,D2::D2-Q116,1.0
D2,D2-Q117,conditional_exception,normal,advanced,384,63,96768,1.4802830219268799,14.27006721496582,1.0,1.0,1.0,1.0,1.0,1.0,1.0,1.0,1.0,1.0,1.0,1.0,1.0,1.0,1.0,1.0,1,D2::D2-Q117,1.0
D2,D2-Q118,procedural,normal,advanced,384,63,96768,1.4802830219268799,15.595674514770508,1.0,1.0,1.0,1.0,1.0,1.0,1.0,1.0,1.0,1.0,1.0,1.0,1.0,1.0,1.0,1.0,1,D2::D2-Q118,1.0
D2,D2-Q119,exact_fact,normal,advanced,384,63,96768,1.4802830219268799,15.115976333618164,0.0,0.0,0.0,0.0,0.0,0.0,0.0,0.0,0.0,0.0,0.0,0.0,0.0,0.0,0.0,0.0,0,D2::D2-Q119,0.0
D2,D2-Q120,negation,normal,advanced,384,63,96768,1.4802830219268799,14.280319213867188,0.0,0.0,0.0,1.0,1.0,1.0,1.0,1.0,1.0,1.0,1.0,1.0,0.3333333333333333,0.5,0.5,1.0,1,D2::D2-Q120,1.0
D2,D2-Q121,exact_fact,normal,advanced,384,63,96768,1.4802830219268799,17.124414443969727,1.0,1.0,1.0,1.0,1.0,1.0,1.0,1.0,1.0,1.0,1.0,1.0,1.0,1.0,1.0,1.0,1,D2::D2-Q121,1.0
D2,D2-Q122,exact_fact,normal,advanced,384,63,96768,1.4802830219268799,14.681816101074219,0.0,0.0,0.0,1.0,1.0,1.0,1.0,1.0,1.0,1.0,1.0,1.0,0.3333333333333333,0.5,0.5,1.0,1,D2::D2-Q122,1.0
D2,D2-Q123,paraphrase,normal,advanced,384,63,96768,1.4802830219268799,14.290332794189453,0.0,0.0,0.0,0.0,0.0,0.0,0.0,0.0,0.0,1.0,1.0,1.0,0.14285714285714285,0.0,0.3333333333333333,1.0,1,D2::D2-Q123,1.0
D2,D2-Q124,exact_fact,normal,advanced,384,63,96768,1.4802830219268799,14.595270156860352,0.0,0.0,0.0,1.0,1.0,1.0,1.0,1.0,1.0,1.0,1.0,1.0,0.5,0.6309297535714575,0.6309297535714575,1.0,1,D2::D2-Q124,1.0
D2,D2-Q125,procedural,normal,advanced,384,63,96768,1.4802830219268799,13.455867767333984,0.0,0.0,0.0,0.0,0.0,0.0,0.0,0.0,0.0,1.0,1.0,1.0,0.125,0.0,0.31546487678572877,1.0,1,D2::D2-Q125,1.0
D2,D2-Q126,conditional_exception,normal,advanced,384,63,96768,1.4802830219268799,13.837814331054688,1.0,1.0,1.0,1.0,1.0,1.0,1.0,1.0,1.0,1.0,1.0,1.0,1.0,1.0,1.0,1.0,1,D2::D2-Q126,1.0
D2,D2-Q127,paraphrase,normal,advanced,384,63,96768,1.4802830219268799,13.92054557800293,1.0,1.0,1.0,1.0,1.0,1.0,1.0,1.0,1.0,1.0,1.0,1.0,1.0,1.0,1.0,1.0,1,D2::D2-Q127,1.0
D2,D2-Q128,paraphrase,normal,advanced,384,63,96768,1.4802830219268799,13.833284378051758,1.0,1.0,1.0,1.0,1.0,1.0,1.0,1.0,1.0,1.0,1.0,1.0,1.0,1.0,1.0,1.0,1,D2::D2-Q128,1.0
D2,D2-Q129,table_lookup,normal,advanced,384,63,96768,1.4802830219268799,14.542102813720703,1.0,1.0,1.0,1.0,1.0,1.0,1.0,1.0,1.0,1.0,1.0,1.0,1.0,1.0,1.0,1.0,1,D2::D2-Q129,1.0
D2,D2-Q130,table_lookup,normal,advanced,384,63,96768,1.4802830219268799,13.61703872680664,0.0,0.0,0.0,1.0,1.0,1.0,1.0,1.0,1.0,1.0,1.0,1.0,0.5,0.6309297535714575,0.6309297535714575,1.0,1,D2::D2-Q130,1.0
D2,D2-Q131,table_lookup,normal,advanced,384,63,96768,1.4802830219268799,15.072822570800781,0.0,0.0,0.0,0.0,0.0,0.0,0.0,0.0,0.0,0.0,0.0,0.0,0.0,0.0,0.0,0.0,0,D2::D2-Q131,0.0
D2,D2-Q132,table_lookup,normal,advanced,384,63,96768,1.4802830219268799,14.775276184082031,0.0,0.0,0.0,1.0,1.0,1.0,1.0,1.0,1.0,1.0,1.0,1.0,0.3333333333333333,0.5,0.5,1.0,1,D2::D2-Q132,1.0
D2,D2-Q133,table_lookup,normal,advanced,384,63,96768,1.4802830219268799,14.556646347045898,0.0,0.0,0.0,0.0,0.0,0.0,0.0,0.0,0.0,0.0,0.0,0.0,0.0,0.0,0.0,0.0,0,D2::D2-Q133,0.0
D2,D2-Q134,table_lookup,normal,advanced,384,63,96768,1.4802830219268799,14.321088790893555,0.0,0.0,0.0,1.0,1.0,1.0,1.0,1.0,1.0,1.0,1.0,1.0,0.5,0.6309297535714575,0.6309297535714575,1.0,1,D2::D2-Q134,1.0
D2,D2-Q135,table_lookup,normal,advanced,384,63,96768,1.4802830219268799,14.144182205200195,0.0,0.0,0.0,1.0,1.0,1.0,1.0,1.0,1.0,1.0,1.0,1.0,0.5,0.6309297535714575,0.6309297535714575,1.0,1,D2::D2-Q135,1.0
D2,D2-Q136,table_context,normal,advanced,384,63,96768,1.4802830219268799,15.211343765258789,0.0,0.0,0.0,1.0,1.0,1.0,1.0,1.0,1.0,1.0,1.0,1.0,0.3333333333333333,0.5,0.5,1.0,1,D2::D2-Q136,1.0
D2,D2-Q137,table_context,normal,advanced,384,63,96768,1.4802830219268799,14.359712600708008,0.0,0.0,0.0,1.0,1.0,1.0,1.0,1.0,1.0,1.0,1.0,1.0,0.5,0.6309297535714575,0.6309297535714575,1.0,1,D2::D2-Q137,1.0
D2,D2-Q138,table_context,normal,advanced,384,63,96768,1.4802830219268799,15.858173370361328,0.0,0.0,0.0,0.0,0.0,0.0,1.0,1.0,1.0,1.0,1.0,1.0,0.25,0.43067655807339306,0.43067655807339306,1.0,1,D2::D2-Q138,1.0
D2,D2-Q139,table_context,normal,advanced,384,63,96768,1.4802830219268799,18.262386322021484,0.0,0.0,0.0,0.0,0.0,0.0,1.0,1.0,1.0,1.0,1.0,1.0,0.2,0.38685280723454163,0.38685280723454163,1.0,1,D2::D2-Q139,1.0
D2,D2-Q140,table_context,normal,advanced,384,63,96768,1.4802830219268799,15.209674835205078,0.0,0.0,0.0,1.0,1.0,1.0,1.0,1.0,1.0,1.0,1.0,1.0,0.3333333333333333,0.5,0.5,1.0,1,D2::D2-Q140,1.0
D2,D2-Q141,table_context,normal,advanced,384,63,96768,1.4802830219268799,13.787269592285156,0.0,0.0,0.0,1.0,1.0,1.0,1.0,1.0,1.0,1.0,1.0,1.0,0.3333333333333333,0.5,0.5,1.0,1,D2::D2-Q141,1.0
D2,D2-Q142,table_context,normal,advanced,384,63,96768,1.4802830219268799,14.60409164428711,0.0,0.0,0.0,1.0,1.0,1.0,1.0,1.0,1.0,1.0,1.0,1.0,0.3333333333333333,0.5,0.5,1.0,1,D2::D2-Q142,1.0
D2,D2-Q143,table_context,normal,advanced,384,63,96768,1.4802830219268799,14.272451400756836,1.0,1.0,1.0,1.0,1.0,1.0,1.0,1.0,1.0,1.0,1.0,1.0,1.0,1.0,1.0,1.0,1,D2::D2-Q143,1.0
D2,D2-Q144,table_context,normal,advanced,384,63,96768,1.4802830219268799,14.377355575561523,1.0,1.0,1.0,1.0,1.0,1.0,1.0,1.0,1.0,1.0,1.0,1.0,1.0,1.0,1.0,1.0,1,D2::D2-Q144,1.0
D2,D2-Q145,table_context,normal,advanced,384,63,96768,1.4802830219268799,13.670921325683594,1.0,1.0,1.0,1.0,1.0,1.0,1.0,1.0,1.0,1.0,1.0,1.0,1.0,1.0,1.0,1.0,1,D2::D2-Q145,1.0
D2,D2-Q146,table_context,normal,advanced,384,63,96768,1.4802830219268799,13.574838638305664,1.0,1.0,1.0,1.0,1.0,1.0,1.0,1.0,1.0,1.0,1.0,1.0,1.0,1.0,1.0,1.0,1,D2::D2-Q146,1.0
D2,D2-Q147,table_context,normal,advanced,384,63,96768,1.4802830219268799,13.946533203125,1.0,1.0,1.0,1.0,1.0,1.0,1.0,1.0,1.0,1.0,1.0,1.0,1.0,1.0,1.0,1.0,1,D2::D2-Q147,1.0
D2,D2-Q148,table_context,normal,advanced,384,63,96768,1.4802830219268799,13.820886611938477,1.0,1.0,1.0,1.0,1.0,1.0,1.0,1.0,1.0,1.0,1.0,1.0,1.0,1.0,1.0,1.0,1,D2::D2-Q148,1.0
D2,D2-Q149,table_context,normal,advanced,384,63,96768,1.4802830219268799,13.839960098266602,1.0,1.0,1.0,1.0,1.0,1.0,1.0,1.0,1.0,1.0,1.0,1.0,1.0,1.0,1.0,1.0,1,D2::D2-Q149,1.0
D2,D2-Q150,temporal,normal,advanced,384,63,96768,1.4802830219268799,13.803482055664062,1.0,1.0,1.0,1.0,1.0,1.0,1.0,1.0,1.0,1.0,1.0,1.0,1.0,1.0,1.0,1.0,1,D2::D2-Q150,1.0
D2,D2-Q151,table_context,normal,advanced,384,63,96768,1.4802830219268799,14.101743698120117,1.0,1.0,1.0,1.0,1.0,1.0,1.0,1.0,1.0,1.0,1.0,1.0,1.0,1.0,1.0,1.0,1,D2::D2-Q151,1.0
D2,D2-Q152,table_context,normal,advanced,384,63,96768,1.4802830219268799,13.873100280761719,1.0,1.0,1.0,1.0,1.0,1.0,1.0,1.0,1.0,1.0,1.0,1.0,1.0,1.0,1.0,1.0,1,D2::D2-Q152,1.0
D2,D2-Q153,table_context,normal,advanced,384,63,96768,1.4802830219268799,13.71908187866211,1.0,1.0,1.0,1.0,1.0,1.0,1.0,1.0,1.0,1.0,1.0,1.0,1.0,1.0,1.0,1.0,1,D2::D2-Q153,1.0
D2,D2-Q154,table_context,normal,advanced,384,63,96768,1.4802830219268799,13.71002197265625,1.0,1.0,1.0,1.0,1.0,1.0,1.0,1.0,1.0,1.0,1.0,1.0,1.0,1.0,1.0,1.0,1,D2::D2-Q154,1.0
D2,D2-Q155,table_context,normal,advanced,384,63,96768,1.4802830219268799,14.236688613891602,1.0,1.0,1.0,1.0,1.0,1.0,1.0,1.0,1.0,1.0,1.0,1.0,1.0,1.0,1.0,1.0,1,D2::D2-Q155,1.0
D2,D2-Q156,table_context,normal,advanced,384,63,96768,1.4802830219268799,13.927936553955078,1.0,1.0,1.0,1.0,1.0,1.0,1.0,1.0,1.0,1.0,1.0,1.0,1.0,1.0,1.0,1.0,1,D2::D2-Q156,1.0
D2,D2-Q157,table_context,normal,advanced,384,63,96768,1.4802830219268799,14.128684997558594,0.0,0.0,0.0,1.0,1.0,1.0,1.0,1.0,1.0,1.0,1.0,1.0,0.5,0.6309297535714575,0.6309297535714575,1.0,1,D2::D2-Q157,1.0
D2,D2-Q158,table_context,normal,advanced,384,63,96768,1.4802830219268799,13.98158073425293,1.0,1.0,1.0,1.0,1.0,1.0,1.0,1.0,1.0,1.0,1.0,1.0,1.0,1.0,1.0,1.0,1,D2::D2-Q158,1.0
D2,D2-Q159,table_context,normal,advanced,384,63,96768,1.4802830219268799,14.670372009277344,1.0,1.0,1.0,1.0,1.0,1.0,1.0,1.0,1.0,1.0,1.0,1.0,1.0,1.0,1.0,1.0,1,D2::D2-Q159,1.0
D2,D2-Q160,table_context,normal,advanced,384,63,96768,1.4802830219268799,13.738393783569336,1.0,1.0,1.0,1.0,1.0,1.0,1.0,1.0,1.0,1.0,1.0,1.0,1.0,1.0,1.0,1.0,1,D2::D2-Q160,1.0
D2,D2-Q161,table_context,normal,advanced,384,63,96768,1.4802830219268799,13.903617858886719,1.0,1.0,1.0,1.0,1.0,1.0,1.0,1.0,1.0,1.0,1.0,1.0,1.0,1.0,1.0,1.0,1,D2::D2-Q161,1.0
D2,D2-Q162,table_context,normal,advanced,384,63,96768,1.4802830219268799,13.655662536621094,1.0,1.0,1.0,1.0,1.0,1.0,1.0,1.0,1.0,1.0,1.0,1.0,1.0,1.0,1.0,1.0,1,D2::D2-Q162,1.0
D2,D2-Q163,table_context,normal,advanced,384,63,96768,1.4802830219268799,14.013290405273438,1.0,1.0,1.0,1.0,1.0,1.0,1.0,1.0,1.0,1.0,1.0,1.0,1.0,1.0,1.0,1.0,1,D2::D2-Q163,1.0
D2,D2-Q164,table_context,normal,advanced,384,63,96768,1.4802830219268799,13.802528381347656,0.0,0.0,0.0,1.0,1.0,1.0,1.0,1.0,1.0,1.0,1.0,1.0,0.5,0.6309297535714575,0.6309297535714575,1.0,1,D2::D2-Q164,1.0
D2,D2-Q165,table_context,normal,advanced,384,63,96768,1.4802830219268799,13.655424118041992,0.0,0.0,0.0,1.0,1.0,1.0,1.0,1.0,1.0,1.0,1.0,1.0,0.3333333333333333,0.5,0.5,1.0,1,D2::D2-Q165,1.0
D2,D2-Q166,table_context,normal,advanced,384,63,96768,1.4802830219268799,14.094114303588867,0.0,0.0,0.0,1.0,1.0,1.0,1.0,1.0,1.0,1.0,1.0,1.0,0.5,0.6309297535714575,0.6309297535714575,1.0,1,D2::D2-Q166,1.0
D2,D2-Q167,table_context,normal,advanced,384,63,96768,1.4802830219268799,13.86117935180664,0.0,0.0,0.0,1.0,1.0,1.0,1.0,1.0,1.0,1.0,1.0,1.0,0.3333333333333333,0.5,0.5,1.0,1,D2::D2-Q167,1.0
D2,D2-Q168,table_context,normal,advanced,384,63,96768,1.4802830219268799,14.751195907592773,1.0,1.0,1.0,1.0,1.0,1.0,1.0,1.0,1.0,1.0,1.0,1.0,1.0,1.0,1.0,1.0,1,D2::D2-Q168,1.0
D2,D2-Q169,table_context,normal,advanced,384,63,96768,1.4802830219268799,13.132810592651367,1.0,1.0,1.0,1.0,1.0,1.0,1.0,1.0,1.0,1.0,1.0,1.0,1.0,1.0,1.0,1.0,1,D2::D2-Q169,1.0
D2,D2-Q170,table_context,normal,advanced,384,63,96768,1.4802830219268799,13.764381408691406,0.0,0.0,0.0,1.0,1.0,1.0,1.0,1.0,1.0,1.0,1.0,1.0,0.5,0.6309297535714575,0.6309297535714575,1.0,1,D2::D2-Q170,1.0
D2,D2-Q171,table_context,normal,advanced,384,63,96768,1.4802830219268799,13.866424560546875,1.0,1.0,1.0,1.0,1.0,1.0,1.0,1.0,1.0,1.0,1.0,1.0,1.0,1.0,1.0,1.0,1,D2::D2-Q171,1.0
D2,D2-Q172,table_context,normal,advanced,384,63,96768,1.4802830219268799,13.72981071472168,0.0,0.0,0.0,1.0,1.0,1.0,1.0,1.0,1.0,1.0,1.0,1.0,0.5,0.6309297535714575,0.6309297535714575,1.0,1,D2::D2-Q172,1.0
D2,D2-Q173,table_context,normal,advanced,384,63,96768,1.4802830219268799,14.384984970092773,0.0,0.0,0.0,1.0,1.0,1.0,1.0,1.0,1.0,1.0,1.0,1.0,0.5,0.6309297535714575,0.6309297535714575,1.0,1,D2::D2-Q173,1.0
D2,D2-Q174,table_context,normal,advanced,384,63,96768,1.4802830219268799,14.338254928588867,1.0,1.0,1.0,1.0,1.0,1.0,1.0,1.0,1.0,1.0,1.0,1.0,1.0,1.0,1.0,1.0,1,D2::D2-Q174,1.0
D2,D2-Q175,table_context,normal,advanced,384,63,96768,1.4802830219268799,14.02139663696289,0.0,0.0,0.0,1.0,1.0,1.0,1.0,1.0,1.0,1.0,1.0,1.0,0.5,0.6309297535714575,0.6309297535714575,1.0,1,D2::D2-Q175,1.0
D2,D2-Q176,table_context,normal,advanced,384,63,96768,1.4802830219268799,20.59197425842285,0.0,0.0,0.0,1.0,1.0,1.0,1.0,1.0,1.0,1.0,1.0,1.0,0.5,0.6309297535714575,0.6309297535714575,1.0,1,D2::D2-Q176,1.0
D2,D2-Q177,table_context,normal,advanced,384,63,96768,1.4802830219268799,22.30525016784668,1.0,1.0,1.0,1.0,1.0,1.0,1.0,1.0,1.0,1.0,1.0,1.0,1.0,1.0,1.0,1.0,1,D2::D2-Q177,1.0
D2,D2-Q178,table_context,normal,advanced,384,63,96768,1.4802830219268799,14.359712600708008,1.0,1.0,1.0,1.0,1.0,1.0,1.0,1.0,1.0,1.0,1.0,1.0,1.0,1.0,1.0,1.0,1,D2::D2-Q178,1.0
D2,D2-Q179,table_context,normal,advanced,384,63,96768,1.4802830219268799,15.720605850219727,0.0,0.0,0.0,1.0,1.0,1.0,1.0,1.0,1.0,1.0,1.0,1.0,0.5,0.6309297535714575,0.6309297535714575,1.0,1,D2::D2-Q179,1.0
D2,D2-Q180,table_context,normal,advanced,384,63,96768,1.4802830219268799,14.421224594116211,0.0,0.0,0.0,0.0,0.0,0.0,1.0,1.0,1.0,1.0,1.0,1.0,0.2,0.38685280723454163,0.38685280723454163,1.0,1,D2::D2-Q180,1.0
D2,D2-Q181,table_context,normal,advanced,384,63,96768,1.4802830219268799,13.692378997802734,0.0,0.0,0.0,1.0,1.0,1.0,1.0,1.0,1.0,1.0,1.0,1.0,0.3333333333333333,0.5,0.5,1.0,1,D2::D2-Q181,1.0
D2,D2-Q182,table_context,normal,advanced,384,63,96768,1.4802830219268799,14.26553726196289,0.0,0.0,0.0,1.0,1.0,1.0,1.0,1.0,1.0,1.0,1.0,1.0,0.3333333333333333,0.5,0.5,1.0,1,D2::D2-Q182,1.0
D2,D2-Q183,procedural,normal,advanced,384,63,96768,1.4802830219268799,15.015125274658203,0.0,0.0,0.0,0.0,0.0,0.0,0.0,0.0,0.0,0.0,0.0,0.0,0.0,0.0,0.0,0.0,0,D2::D2-Q183,0.0
D2,D2-Q184,list_membership,normal,advanced,384,63,96768,1.4802830219268799,13.834714889526367,1.0,1.0,1.0,1.0,1.0,1.0,1.0,1.0,1.0,1.0,1.0,1.0,1.0,1.0,1.0,1.0,1,D2::D2-Q184,1.0
D2,D2-Q185,list_membership,normal,advanced,384,63,96768,1.4802830219268799,14.985799789428711,1.0,1.0,1.0,1.0,1.0,1.0,1.0,1.0,1.0,1.0,1.0,1.0,1.0,1.0,1.0,1.0,1,D2::D2-Q185,1.0
D2,D2-Q186,list_membership,normal,advanced,384,63,96768,1.4802830219268799,14.209747314453125,1.0,1.0,1.0,1.0,1.0,1.0,1.0,1.0,1.0,1.0,1.0,1.0,1.0,1.0,1.0,1.0,1,D2::D2-Q186,1.0
D2,D2-Q187,list_membership,normal,advanced,384,63,96768,1.4802830219268799,16.1895751953125,1.0,1.0,1.0,1.0,1.0,1.0,1.0,1.0,1.0,1.0,1.0,1.0,1.0,1.0,1.0,1.0,1,D2::D2-Q187,1.0
D2,D2-Q188,list_membership,normal,advanced,384,63,96768,1.4802830219268799,14.307975769042969,1.0,1.0,1.0,1.0,1.0,1.0,1.0,1.0,1.0,1.0,1.0,1.0,1.0,1.0,1.0,1.0,1,D2::D2-Q188,1.0
D2,D2-Q189,conditional_exception,normal,advanced,384,63,96768,1.4802830219268799,14.004230499267578,1.0,1.0,1.0,1.0,1.0,1.0,1.0,1.0,1.0,1.0,1.0,1.0,1.0,1.0,1.0,1.0,1,D2::D2-Q189,1.0
D2,D2-Q190,conditional_exception,normal,advanced,384,63,96768,1.4802830219268799,14.117002487182617,1.0,1.0,1.0,1.0,1.0,1.0,1.0,1.0,1.0,1.0,1.0,1.0,1.0,1.0,1.0,1.0,1,D2::D2-Q190,1.0
D2,D2-Q191,procedural,normal,advanced,384,63,96768,1.4802830219268799,14.84370231628418,1.0,1.0,1.0,1.0,1.0,1.0,1.0,1.0,1.0,1.0,1.0,1.0,1.0,1.0,1.0,1.0,1,D2::D2-Q191,1.0
D2,D2-Q192,exact_fact,normal,advanced,384,63,96768,1.4802830219268799,14.281511306762695,1.0,1.0,1.0,1.0,1.0,1.0,1.0,1.0,1.0,1.0,1.0,1.0,1.0,1.0,1.0,1.0,1,D2::D2-Q192,1.0
D2,D2-Q193,procedural,normal,advanced,384,63,96768,1.4802830219268799,13.922929763793945,1.0,1.0,1.0,1.0,1.0,1.0,1.0,1.0,1.0,1.0,1.0,1.0,1.0,1.0,1.0,1.0,1,D2::D2-Q193,1.0
D2,D2-Q194,conditional_exception,normal,advanced,384,63,96768,1.4802830219268799,14.225006103515625,1.0,1.0,1.0,1.0,1.0,1.0,1.0,1.0,1.0,1.0,1.0,1.0,1.0,1.0,1.0,1.0,1,D2::D2-Q194,1.0
D2,D2-Q195,conditional_exception,normal,advanced,384,63,96768,1.4802830219268799,14.502763748168945,1.0,1.0,1.0,1.0,1.0,1.0,1.0,1.0,1.0,1.0,1.0,1.0,1.0,1.0,1.0,1.0,1,D2::D2-Q195,1.0
D2,D2-Q196,exact_fact,normal,advanced,384,63,96768,1.4802830219268799,14.834403991699219,1.0,1.0,1.0,1.0,1.0,1.0,1.0,1.0,1.0,1.0,1.0,1.0,1.0,1.0,1.0,1.0,1,D2::D2-Q196,1.0
D2,D2-Q197,conditional_exception,normal,advanced,384,63,96768,1.4802830219268799,15.346288681030273,1.0,1.0,1.0,1.0,1.0,1.0,1.0,1.0,1.0,1.0,1.0,1.0,1.0,1.0,1.0,1.0,1,D2::D2-Q197,1.0
D2,D2-Q198,conditional_exception,normal,advanced,384,63,96768,1.4802830219268799,15.228271484375,1.0,1.0,1.0,1.0,1.0,1.0,1.0,1.0,1.0,1.0,1.0,1.0,1.0,1.0,1.0,1.0,1,D2::D2-Q198,1.0
D2,D2-Q199,negation,normal,advanced,384,63,96768,1.4802830219268799,13.883590698242188,1.0,1.0,1.0,1.0,1.0,1.0,1.0,1.0,1.0,1.0,1.0,1.0,1.0,1.0,1.0,1.0,1,D2::D2-Q199,1.0
D2,D2-Q200,procedural,normal,advanced,384,63,96768,1.4802830219268799,14.39809799194336,0.0,0.0,0.0,1.0,1.0,1.0,1.0,1.0,1.0,1.0,1.0,1.0,0.5,0.6309297535714575,0.6309297535714575,1.0,1,D2::D2-Q200,1.0
D2,D2-Q001,exact_fact,normal,advanced,512,63,129024,1.4802830219268799,14.295101165771484,0.0,0.0,0.0,1.0,1.0,1.0,1.0,1.0,1.0,1.0,1.0,1.0,0.3333333333333333,0.5,0.5,1.0,1,D2::D2-Q001,1.0
D2,D2-Q002,temporal,normal,advanced,512,63,129024,1.4802830219268799,14.261722564697266,0.0,0.0,0.0,1.0,1.0,1.0,1.0,1.0,1.0,1.0,1.0,1.0,0.3333333333333333,0.5,0.5,1.0,1,D2::D2-Q002,1.0
D2,D2-Q003,exact_fact,normal,advanced,512,63,129024,1.4802830219268799,15.094757080078125,0.0,0.0,0.0,1.0,1.0,1.0,1.0,1.0,1.0,1.0,1.0,1.0,0.5,0.6309297535714575,0.6309297535714575,1.0,1,D2::D2-Q003,1.0
D2,D2-Q004,negative_query,normal,advanced,512,63,129024,1.4802830219268799,15.837430953979492,1.0,1.0,1.0,1.0,1.0,1.0,1.0,1.0,1.0,1.0,1.0,1.0,1.0,1.0,1.0,1.0,1,D2::D2-Q004,1.0
D2,D2-Q005,negative_query,normal,advanced,512,63,129024,1.4802830219268799,20.05624771118164,1.0,1.0,1.0,1.0,1.0,1.0,1.0,1.0,1.0,1.0,1.0,1.0,1.0,1.0,1.0,1.0,1,D2::D2-Q005,1.0
D2,D2-Q006,list_membership,normal,advanced,512,63,129024,1.4802830219268799,14.562606811523438,0.0,0.0,0.0,1.0,1.0,1.0,1.0,1.0,1.0,1.0,1.0,1.0,0.5,0.6309297535714575,0.6309297535714575,1.0,1,D2::D2-Q006,1.0
D2,D2-Q007,negation,normal,advanced,512,63,129024,1.4802830219268799,14.096736907958984,1.0,1.0,1.0,1.0,1.0,1.0,1.0,1.0,1.0,1.0,1.0,1.0,1.0,1.0,1.0,1.0,1,D2::D2-Q007,1.0
D2,D2-Q008,exact_fact,normal,advanced,512,63,129024,1.4802830219268799,15.103578567504883,1.0,1.0,1.0,1.0,1.0,1.0,1.0,1.0,1.0,1.0,1.0,1.0,1.0,1.0,1.0,1.0,1,D2::D2-Q008,1.0
D2,D2-Q009,exact_fact,normal,advanced,512,63,129024,1.4802830219268799,14.400720596313477,0.0,0.0,0.0,0.0,0.0,0.0,1.0,1.0,1.0,1.0,1.0,1.0,0.2,0.38685280723454163,0.38685280723454163,1.0,1,D2::D2-Q009,1.0
D2,D2-Q010,paraphrase,normal,advanced,512,63,129024,1.4802830219268799,14.202356338500977,1.0,1.0,1.0,1.0,1.0,1.0,1.0,1.0,1.0,1.0,1.0,1.0,1.0,1.0,1.0,1.0,1,D2::D2-Q010,1.0
D2,D2-Q011,conditional_exception,normal,advanced,512,63,129024,1.4802830219268799,14.379024505615234,1.0,1.0,1.0,1.0,1.0,1.0,1.0,1.0,1.0,1.0,1.0,1.0,1.0,1.0,1.0,1.0,1,D2::D2-Q011,1.0
D2,D2-Q012,negation,normal,advanced,512,63,129024,1.4802830219268799,14.292716979980469,1.0,1.0,1.0,1.0,1.0,1.0,1.0,1.0,1.0,1.0,1.0,1.0,1.0,1.0,1.0,1.0,1,D2::D2-Q012,1.0
D2,D2-Q013,list_membership,normal,advanced,512,63,129024,1.4802830219268799,14.40286636352539,1.0,1.0,1.0,1.0,1.0,1.0,1.0,1.0,1.0,1.0,1.0,1.0,1.0,1.0,1.0,1.0,1,D2::D2-Q013,1.0
D2,D2-Q014,list_membership,normal,advanced,512,63,129024,1.4802830219268799,14.684200286865234,1.0,1.0,1.0,1.0,1.0,1.0,1.0,1.0,1.0,1.0,1.0,1.0,1.0,1.0,1.0,1.0,1,D2::D2-Q014,1.0
D2,D2-Q015,list_membership,normal,advanced,512,63,129024,1.4802830219268799,14.85896110534668,0.0,0.0,0.0,1.0,1.0,1.0,1.0,1.0,1.0,1.0,1.0,1.0,0.3333333333333333,0.5,0.5,1.0,1,D2::D2-Q015,1.0
D2,D2-Q016,exact_fact,normal,advanced,512,63,129024,1.4802830219268799,14.888525009155273,1.0,1.0,1.0,1.0,1.0,1.0,1.0,1.0,1.0,1.0,1.0,1.0,1.0,1.0,1.0,1.0,1,D2::D2-Q016,1.0
D2,D2-Q017,list_membership,normal,advanced,512,63,129024,1.4802830219268799,14.616966247558594,1.0,1.0,1.0,1.0,1.0,1.0,1.0,1.0,1.0,1.0,1.0,1.0,1.0,1.0,1.0,1.0,1,D2::D2-Q017,1.0
D2,D2-Q018,exact_fact,normal,advanced,512,63,129024,1.4802830219268799,14.224529266357422,1.0,1.0,1.0,1.0,1.0,1.0,1.0,1.0,1.0,1.0,1.0,1.0,1.0,1.0,1.0,1.0,1,D2::D2-Q018,1.0
D2,D2-Q019,exact_fact,normal,advanced,512,63,129024,1.4802830219268799,15.819787979125977,1.0,1.0,1.0,1.0,1.0,1.0,1.0,1.0,1.0,1.0,1.0,1.0,1.0,1.0,1.0,1.0,1,D2::D2-Q019,1.0
D2,D2-Q020,exact_fact,normal,advanced,512,63,129024,1.4802830219268799,15.150785446166992,0.0,0.0,0.0,0.0,0.0,0.0,1.0,1.0,1.0,1.0,1.0,1.0,0.25,0.43067655807339306,0.43067655807339306,1.0,1,D2::D2-Q020,1.0
D2,D2-Q021,exact_fact,normal,advanced,512,63,129024,1.4802830219268799,15.821218490600586,0.0,0.0,0.0,0.0,0.0,0.0,0.0,0.0,0.0,0.0,0.0,0.0,0.0,0.0,0.0,0.0,0,D2::D2-Q021,0.0
D2,D2-Q022,paraphrase,normal,advanced,512,63,129024,1.4802830219268799,15.222311019897461,0.0,0.0,0.0,0.0,0.0,0.0,1.0,1.0,1.0,1.0,1.0,1.0,0.2,0.38685280723454163,0.38685280723454163,1.0,1,D2::D2-Q022,1.0
D2,D2-Q023,procedural,normal,advanced,512,63,129024,1.4802830219268799,15.140056610107422,1.0,1.0,1.0,1.0,1.0,1.0,1.0,1.0,1.0,1.0,1.0,1.0,1.0,1.0,1.0,1.0,1,D2::D2-Q023,1.0
D2,D2-Q024,conditional_exception,normal,advanced,512,63,129024,1.4802830219268799,14.758110046386719,0.0,0.0,0.0,1.0,1.0,1.0,1.0,1.0,1.0,1.0,1.0,1.0,0.3333333333333333,0.5,0.5,1.0,1,D2::D2-Q024,1.0
D2,D2-Q025,procedural,normal,advanced,512,63,129024,1.4802830219268799,14.774799346923828,1.0,1.0,1.0,1.0,1.0,1.0,1.0,1.0,1.0,1.0,1.0,1.0,1.0,1.0,1.0,1.0,1,D2::D2-Q025,1.0
D2,D2-Q026,procedural,normal,advanced,512,63,129024,1.4802830219268799,14.241933822631836,1.0,1.0,1.0,1.0,1.0,1.0,1.0,1.0,1.0,1.0,1.0,1.0,1.0,1.0,1.0,1.0,1,D2::D2-Q026,1.0
D2,D2-Q027,procedural,normal,advanced,512,63,129024,1.4802830219268799,14.82391357421875,1.0,1.0,1.0,1.0,1.0,1.0,1.0,1.0,1.0,1.0,1.0,1.0,1.0,1.0,1.0,1.0,1,D2::D2-Q027,1.0
D2,D2-Q028,paraphrase,normal,advanced,512,63,129024,1.4802830219268799,14.240026473999023,1.0,1.0,1.0,1.0,1.0,1.0,1.0,1.0,1.0,1.0,1.0,1.0,1.0,1.0,1.0,1.0,1,D2::D2-Q028,1.0
D2,D2-Q029,exact_fact,normal,advanced,512,63,129024,1.4802830219268799,14.552593231201172,1.0,1.0,1.0,1.0,1.0,1.0,1.0,1.0,1.0,1.0,1.0,1.0,1.0,1.0,1.0,1.0,1,D2::D2-Q029,1.0
D2,D2-Q030,paraphrase,normal,advanced,512,63,129024,1.4802830219268799,14.225482940673828,0.0,0.0,0.0,0.0,0.0,0.0,0.0,0.0,0.0,1.0,1.0,1.0,0.1111111111111111,0.0,0.3010299956639812,1.0,1,D2::D2-Q030,1.0
D2,D2-Q031,list_membership,normal,advanced,512,63,129024,1.4802830219268799,14.971733093261719,0.0,0.0,0.0,1.0,1.0,1.0,1.0,1.0,1.0,1.0,1.0,1.0,0.5,0.6309297535714575,0.6309297535714575,1.0,1,D2::D2-Q031,1.0
D2,D2-Q032,exact_fact,normal,advanced,512,63,129024,1.4802830219268799,26.669979095458984,0.0,0.0,0.0,1.0,1.0,1.0,1.0,1.0,1.0,1.0,1.0,1.0,0.5,0.6309297535714575,0.6309297535714575,1.0,1,D2::D2-Q032,1.0
D2,D2-Q033,exact_fact,normal,advanced,512,63,129024,1.4802830219268799,25.57063102722168,0.0,0.0,0.0,0.0,0.0,0.0,0.0,0.0,0.0,1.0,1.0,1.0,0.16666666666666666,0.0,0.3562071871080222,1.0,1,D2::D2-Q033,1.0
D2,D2-Q034,procedural,normal,advanced,512,63,129024,1.4802830219268799,25.584697723388672,0.0,0.0,0.0,0.0,0.0,0.0,0.0,0.0,0.0,0.0,0.0,0.0,0.0,0.0,0.0,0.0,0,D2::D2-Q034,0.0
D2,D2-Q035,list_membership,normal,advanced,512,63,129024,1.4802830219268799,25.91419219970703,1.0,1.0,1.0,1.0,1.0,1.0,1.0,1.0,1.0,1.0,1.0,1.0,1.0,1.0,1.0,1.0,1,D2::D2-Q035,1.0
D2,D2-Q036,list_membership,normal,advanced,512,63,129024,1.4802830219268799,26.196956634521484,0.0,0.0,0.0,1.0,1.0,1.0,1.0,1.0,1.0,1.0,1.0,1.0,0.5,0.6309297535714575,0.6309297535714575,1.0,1,D2::D2-Q036,1.0
D2,D2-Q037,exact_fact,normal,advanced,512,63,129024,1.4802830219268799,29.682159423828125,0.0,0.0,0.0,0.0,0.0,0.0,1.0,1.0,1.0,1.0,1.0,1.0,0.2,0.38685280723454163,0.38685280723454163,1.0,1,D2::D2-Q037,1.0
D2,D2-Q038,procedural,normal,advanced,512,63,129024,1.4802830219268799,24.369239807128906,0.0,0.0,0.0,1.0,1.0,1.0,1.0,1.0,1.0,1.0,1.0,1.0,0.5,0.6309297535714575,0.6309297535714575,1.0,1,D2::D2-Q038,1.0
D2,D2-Q039,conditional_exception,normal,advanced,512,63,129024,1.4802830219268799,28.968095779418945,1.0,1.0,1.0,1.0,1.0,1.0,1.0,1.0,1.0,1.0,1.0,1.0,1.0,1.0,1.0,1.0,1,D2::D2-Q039,1.0
D2,D2-Q040,procedural,normal,advanced,512,63,129024,1.4802830219268799,22.875070571899414,1.0,1.0,1.0,1.0,1.0,1.0,1.0,1.0,1.0,1.0,1.0,1.0,1.0,1.0,1.0,1.0,1,D2::D2-Q040,1.0
D2,D2-Q041,procedural,normal,advanced,512,63,129024,1.4802830219268799,19.32668685913086,0.0,0.0,0.0,1.0,1.0,1.0,1.0,1.0,1.0,1.0,1.0,1.0,0.3333333333333333,0.5,0.5,1.0,1,D2::D2-Q041,1.0
D2,D2-Q042,exact_fact,normal,advanced,512,63,129024,1.4802830219268799,21.80933952331543,0.0,0.0,0.0,0.0,0.0,0.0,1.0,1.0,1.0,1.0,1.0,1.0,0.25,0.43067655807339306,0.43067655807339306,1.0,1,D2::D2-Q042,1.0
D2,D2-Q043,procedural,normal,advanced,512,63,129024,1.4802830219268799,23.035764694213867,1.0,1.0,1.0,1.0,1.0,1.0,1.0,1.0,1.0,1.0,1.0,1.0,1.0,1.0,1.0,1.0,1,D2::D2-Q043,1.0
D2,D2-Q044,exact_fact,normal,advanced,512,63,129024,1.4802830219268799,20.4620361328125,1.0,1.0,1.0,1.0,1.0,1.0,1.0,1.0,1.0,1.0,1.0,1.0,1.0,1.0,1.0,1.0,1,D2::D2-Q044,1.0
D2,D2-Q045,conditional_exception,normal,advanced,512,63,129024,1.4802830219268799,20.392656326293945,1.0,1.0,1.0,1.0,1.0,1.0,1.0,1.0,1.0,1.0,1.0,1.0,1.0,1.0,1.0,1.0,1,D2::D2-Q045,1.0
D2,D2-Q046,paraphrase,normal,advanced,512,63,129024,1.4802830219268799,24.199962615966797,1.0,1.0,1.0,1.0,1.0,1.0,1.0,1.0,1.0,1.0,1.0,1.0,1.0,1.0,1.0,1.0,1,D2::D2-Q046,1.0
D2,D2-Q047,exact_fact,normal,advanced,512,63,129024,1.4802830219268799,20.748376846313477,1.0,1.0,1.0,1.0,1.0,1.0,1.0,1.0,1.0,1.0,1.0,1.0,1.0,1.0,1.0,1.0,1,D2::D2-Q047,1.0
D2,D2-Q048,list_membership,normal,advanced,512,63,129024,1.4802830219268799,19.652128219604492,1.0,1.0,1.0,1.0,1.0,1.0,1.0,1.0,1.0,1.0,1.0,1.0,1.0,1.0,1.0,1.0,1,D2::D2-Q048,1.0
D2,D2-Q049,exact_fact,normal,advanced,512,63,129024,1.4802830219268799,19.649982452392578,1.0,1.0,1.0,1.0,1.0,1.0,1.0,1.0,1.0,1.0,1.0,1.0,1.0,1.0,1.0,1.0,1,D2::D2-Q049,1.0
D2,D2-Q050,procedural,normal,advanced,512,63,129024,1.4802830219268799,18.639326095581055,1.0,1.0,1.0,1.0,1.0,1.0,1.0,1.0,1.0,1.0,1.0,1.0,1.0,1.0,1.0,1.0,1,D2::D2-Q050,1.0
D2,D2-Q051,conditional_exception,normal,advanced,512,63,129024,1.4802830219268799,23.759126663208008,0.0,0.0,0.0,0.0,0.0,0.0,0.0,0.0,0.0,0.0,0.0,0.0,0.0,0.0,0.0,0.0,0,D2::D2-Q051,0.0
D2,D2-Q052,procedural,normal,advanced,512,63,129024,1.4802830219268799,21.306753158569336,1.0,1.0,1.0,1.0,1.0,1.0,1.0,1.0,1.0,1.0,1.0,1.0,1.0,1.0,1.0,1.0,1,D2::D2-Q052,1.0
D2,D2-Q053,exact_fact,normal,advanced,512,63,129024,1.4802830219268799,20.832300186157227,1.0,1.0,1.0,1.0,1.0,1.0,1.0,1.0,1.0,1.0,1.0,1.0,1.0,1.0,1.0,1.0,1,D2::D2-Q053,1.0
D2,D2-Q054,conditional_exception,normal,advanced,512,63,129024,1.4802830219268799,21.257877349853516,1.0,1.0,1.0,1.0,1.0,1.0,1.0,1.0,1.0,1.0,1.0,1.0,1.0,1.0,1.0,1.0,1,D2::D2-Q054,1.0
D2,D2-Q055,list_membership,normal,advanced,512,63,129024,1.4802830219268799,21.25382423400879,1.0,1.0,1.0,1.0,1.0,1.0,1.0,1.0,1.0,1.0,1.0,1.0,1.0,1.0,1.0,1.0,1,D2::D2-Q055,1.0
D2,D2-Q056,procedural,normal,advanced,512,63,129024,1.4802830219268799,20.15233039855957,1.0,1.0,1.0,1.0,1.0,1.0,1.0,1.0,1.0,1.0,1.0,1.0,1.0,1.0,1.0,1.0,1,D2::D2-Q056,1.0
D2,D2-Q057,exact_fact,normal,advanced,512,63,129024,1.4802830219268799,19.414901733398438,0.0,0.0,0.0,1.0,1.0,1.0,1.0,1.0,1.0,1.0,1.0,1.0,0.3333333333333333,0.5,0.5,1.0,1,D2::D2-Q057,1.0
D2,D2-Q058,conditional_exception,normal,advanced,512,63,129024,1.4802830219268799,20.08962631225586,1.0,1.0,1.0,1.0,1.0,1.0,1.0,1.0,1.0,1.0,1.0,1.0,1.0,1.0,1.0,1.0,1,D2::D2-Q058,1.0
D2,D2-Q059,exact_fact,normal,advanced,512,63,129024,1.4802830219268799,20.37191390991211,1.0,1.0,1.0,1.0,1.0,1.0,1.0,1.0,1.0,1.0,1.0,1.0,1.0,1.0,1.0,1.0,1,D2::D2-Q059,1.0
D2,D2-Q060,negation,normal,advanced,512,63,129024,1.4802830219268799,20.27273178100586,1.0,1.0,1.0,1.0,1.0,1.0,1.0,1.0,1.0,1.0,1.0,1.0,1.0,1.0,1.0,1.0,1,D2::D2-Q060,1.0
D2,D2-Q061,procedural,normal,advanced,512,63,129024,1.4802830219268799,20.32303810119629,0.0,0.0,0.0,0.0,0.0,0.0,0.0,0.0,0.0,0.0,0.0,0.0,0.0,0.0,0.0,0.0,0,D2::D2-Q061,0.0
D2,D2-Q062,exact_fact,normal,advanced,512,63,129024,1.4802830219268799,20.757675170898438,0.0,0.0,0.0,0.0,0.0,0.0,0.0,0.0,0.0,0.0,0.0,0.0,0.0,0.0,0.0,0.0,0,D2::D2-Q062,0.0
D2,D2-Q063,paraphrase,normal,advanced,512,63,129024,1.4802830219268799,21.143198013305664,1.0,1.0,1.0,1.0,1.0,1.0,1.0,1.0,1.0,1.0,1.0,1.0,1.0,1.0,1.0,1.0,1,D2::D2-Q063,1.0
D2,D2-Q064,negation,normal,advanced,512,63,129024,1.4802830219268799,21.227121353149414,1.0,1.0,1.0,1.0,1.0,1.0,1.0,1.0,1.0,1.0,1.0,1.0,1.0,1.0,1.0,1.0,1,D2::D2-Q064,1.0
D2,D2-Q065,numerical,normal,advanced,512,63,129024,1.4802830219268799,19.97208595275879,1.0,1.0,1.0,1.0,1.0,1.0,1.0,1.0,1.0,1.0,1.0,1.0,1.0,1.0,1.0,1.0,1,D2::D2-Q065,1.0
D2,D2-Q066,numerical,normal,advanced,512,63,129024,1.4802830219268799,20.145654678344727,1.0,1.0,1.0,1.0,1.0,1.0,1.0,1.0,1.0,1.0,1.0,1.0,1.0,1.0,1.0,1.0,1,D2::D2-Q066,1.0
D2,D2-Q067,numerical,normal,advanced,512,63,129024,1.4802830219268799,20.349740982055664,1.0,1.0,1.0,1.0,1.0,1.0,1.0,1.0,1.0,1.0,1.0,1.0,1.0,1.0,1.0,1.0,1,D2::D2-Q067,1.0
D2,D2-Q068,numerical,normal,advanced,512,63,129024,1.4802830219268799,20.112037658691406,1.0,1.0,1.0,1.0,1.0,1.0,1.0,1.0,1.0,1.0,1.0,1.0,1.0,1.0,1.0,1.0,1,D2::D2-Q068,1.0
D2,D2-Q069,numerical,normal,advanced,512,63,129024,1.4802830219268799,19.637107849121094,1.0,1.0,1.0,1.0,1.0,1.0,1.0,1.0,1.0,1.0,1.0,1.0,1.0,1.0,1.0,1.0,1,D2::D2-Q069,1.0
D2,D2-Q070,numerical,normal,advanced,512,63,129024,1.4802830219268799,20.09296417236328,1.0,1.0,1.0,1.0,1.0,1.0,1.0,1.0,1.0,1.0,1.0,1.0,1.0,1.0,1.0,1.0,1,D2::D2-Q070,1.0
D2,D2-Q071,negative_query,normal,advanced,512,63,129024,1.4802830219268799,19.871234893798828,1.0,1.0,1.0,1.0,1.0,1.0,1.0,1.0,1.0,1.0,1.0,1.0,1.0,1.0,1.0,1.0,1,D2::D2-Q071,1.0
D2,D2-Q072,exact_fact,normal,advanced,512,63,129024,1.4802830219268799,22.937536239624023,1.0,1.0,1.0,1.0,1.0,1.0,1.0,1.0,1.0,1.0,1.0,1.0,1.0,1.0,1.0,1.0,1,D2::D2-Q072,1.0
D2,D2-Q073,exact_fact,normal,advanced,512,63,129024,1.4802830219268799,19.767045974731445,1.0,1.0,1.0,1.0,1.0,1.0,1.0,1.0,1.0,1.0,1.0,1.0,1.0,1.0,1.0,1.0,1,D2::D2-Q073,1.0
D2,D2-Q074,procedural,normal,advanced,512,63,129024,1.4802830219268799,18.524169921875,1.0,1.0,1.0,1.0,1.0,1.0,1.0,1.0,1.0,1.0,1.0,1.0,1.0,1.0,1.0,1.0,1,D2::D2-Q074,1.0
D2,D2-Q075,conditional_exception,normal,advanced,512,63,129024,1.4802830219268799,18.530845642089844,1.0,1.0,1.0,1.0,1.0,1.0,1.0,1.0,1.0,1.0,1.0,1.0,1.0,1.0,1.0,1.0,1,D2::D2-Q075,1.0
D2,D2-Q076,negation,normal,advanced,512,63,129024,1.4802830219268799,18.73946189880371,0.0,0.0,0.0,1.0,1.0,1.0,1.0,1.0,1.0,1.0,1.0,1.0,0.3333333333333333,0.5,0.5,1.0,1,D2::D2-Q076,1.0
D2,D2-Q077,procedural,normal,advanced,512,63,129024,1.4802830219268799,18.872976303100586,0.0,0.0,0.0,0.0,0.0,0.0,1.0,1.0,1.0,1.0,1.0,1.0,0.2,0.38685280723454163,0.38685280723454163,1.0,1,D2::D2-Q077,1.0
D2,D2-Q078,exact_fact,normal,advanced,512,63,129024,1.4802830219268799,19.292116165161133,0.0,0.0,0.0,0.0,0.0,0.0,0.0,0.0,0.0,0.0,0.0,0.0,0.0,0.0,0.0,0.0,0,D2::D2-Q078,0.0
D2,D2-Q079,conditional_exception,normal,advanced,512,63,129024,1.4802830219268799,18.686294555664062,0.0,0.0,0.0,0.0,0.0,0.0,0.0,0.0,0.0,0.0,0.0,0.0,0.0,0.0,0.0,0.0,0,D2::D2-Q079,0.0
D2,D2-Q080,conditional_exception,normal,advanced,512,63,129024,1.4802830219268799,19.094467163085938,0.0,0.0,0.0,1.0,1.0,1.0,1.0,1.0,1.0,1.0,1.0,1.0,0.3333333333333333,0.5,0.5,1.0,1,D2::D2-Q080,1.0
D2,D2-Q081,exact_fact,normal,advanced,512,63,129024,1.4802830219268799,18.850326538085938,0.0,0.0,0.0,0.0,0.0,0.0,1.0,1.0,1.0,1.0,1.0,1.0,0.2,0.38685280723454163,0.38685280723454163,1.0,1,D2::D2-Q081,1.0
D2,D2-Q082,conditional_exception,normal,advanced,512,63,129024,1.4802830219268799,18.465518951416016,0.0,0.0,0.0,0.0,0.0,0.0,1.0,1.0,1.0,1.0,1.0,1.0,0.2,0.38685280723454163,0.38685280723454163,1.0,1,D2::D2-Q082,1.0
D2,D2-Q083,procedural,normal,advanced,512,63,129024,1.4802830219268799,18.77427101135254,0.0,0.0,0.0,0.0,0.0,0.0,0.0,0.0,0.0,0.0,0.0,0.0,0.0,0.0,0.0,0.0,0,D2::D2-Q083,0.0
D2,D2-Q084,procedural,normal,advanced,512,63,129024,1.4802830219268799,20.773649215698242,1.0,1.0,1.0,1.0,1.0,1.0,1.0,1.0,1.0,1.0,1.0,1.0,1.0,1.0,1.0,1.0,1,D2::D2-Q084,1.0
D2,D2-Q085,exact_fact,normal,advanced,512,63,129024,1.4802830219268799,21.59428596496582,1.0,1.0,1.0,1.0,1.0,1.0,1.0,1.0,1.0,1.0,1.0,1.0,1.0,1.0,1.0,1.0,1,D2::D2-Q085,1.0
D2,D2-Q086,procedural,normal,advanced,512,63,129024,1.4802830219268799,21.960020065307617,1.0,1.0,1.0,1.0,1.0,1.0,1.0,1.0,1.0,1.0,1.0,1.0,1.0,1.0,1.0,1.0,1,D2::D2-Q086,1.0
D2,D2-Q087,exact_fact,normal,advanced,512,63,129024,1.4802830219268799,22.211074829101562,1.0,1.0,1.0,1.0,1.0,1.0,1.0,1.0,1.0,1.0,1.0,1.0,1.0,1.0,1.0,1.0,1,D2::D2-Q087,1.0
D2,D2-Q088,paraphrase,normal,advanced,512,63,129024,1.4802830219268799,19.90985870361328,1.0,1.0,1.0,1.0,1.0,1.0,1.0,1.0,1.0,1.0,1.0,1.0,1.0,1.0,1.0,1.0,1,D2::D2-Q088,1.0
D2,D2-Q089,exact_fact,normal,advanced,512,63,129024,1.4802830219268799,21.12889289855957,1.0,1.0,1.0,1.0,1.0,1.0,1.0,1.0,1.0,1.0,1.0,1.0,1.0,1.0,1.0,1.0,1,D2::D2-Q089,1.0
D2,D2-Q090,procedural,normal,advanced,512,63,129024,1.4802830219268799,18.53013038635254,1.0,1.0,1.0,1.0,1.0,1.0,1.0,1.0,1.0,1.0,1.0,1.0,1.0,1.0,1.0,1.0,1,D2::D2-Q090,1.0
D2,D2-Q091,exact_fact,normal,advanced,512,63,129024,1.4802830219268799,18.004417419433594,1.0,1.0,1.0,1.0,1.0,1.0,1.0,1.0,1.0,1.0,1.0,1.0,1.0,1.0,1.0,1.0,1,D2::D2-Q091,1.0
D2,D2-Q092,conditional_exception,normal,advanced,512,63,129024,1.4802830219268799,18.632888793945312,1.0,1.0,1.0,1.0,1.0,1.0,1.0,1.0,1.0,1.0,1.0,1.0,1.0,1.0,1.0,1.0,1,D2::D2-Q092,1.0
D2,D2-Q093,procedural,normal,advanced,512,63,129024,1.4802830219268799,18.330097198486328,1.0,1.0,1.0,1.0,1.0,1.0,1.0,1.0,1.0,1.0,1.0,1.0,1.0,1.0,1.0,1.0,1,D2::D2-Q093,1.0
D2,D2-Q094,procedural,normal,advanced,512,63,129024,1.4802830219268799,21.623611450195312,1.0,1.0,1.0,1.0,1.0,1.0,1.0,1.0,1.0,1.0,1.0,1.0,1.0,1.0,1.0,1.0,1,D2::D2-Q094,1.0
D2,D2-Q095,procedural,normal,advanced,512,63,129024,1.4802830219268799,20.312786102294922,0.0,0.0,0.0,0.0,0.0,0.0,0.0,0.0,0.0,0.0,0.0,0.0,0.0,0.0,0.0,0.0,0,D2::D2-Q095,0.0
D2,D2-Q096,negative_query,normal,advanced,512,63,129024,1.4802830219268799,18.657207489013672,0.0,0.0,0.0,0.0,0.0,0.0,0.0,0.0,0.0,0.0,0.0,0.0,0.0,0.0,0.0,0.0,0,D2::D2-Q096,0.0
D2,D2-Q097,numerical,normal,advanced,512,63,129024,1.4802830219268799,20.967721939086914,1.0,1.0,1.0,1.0,1.0,1.0,1.0,1.0,1.0,1.0,1.0,1.0,1.0,1.0,1.0,1.0,1,D2::D2-Q097,1.0
D2,D2-Q098,procedural,normal,advanced,512,63,129024,1.4802830219268799,18.959760665893555,1.0,1.0,1.0,1.0,1.0,1.0,1.0,1.0,1.0,1.0,1.0,1.0,1.0,1.0,1.0,1.0,1,D2::D2-Q098,1.0
D2,D2-Q099,procedural,normal,advanced,512,63,129024,1.4802830219268799,18.65863800048828,1.0,1.0,1.0,1.0,1.0,1.0,1.0,1.0,1.0,1.0,1.0,1.0,1.0,1.0,1.0,1.0,1,D2::D2-Q099,1.0
D2,D2-Q100,conditional_exception,normal,advanced,512,63,129024,1.4802830219268799,21.36683464050293,0.0,0.0,0.0,1.0,1.0,1.0,1.0,1.0,1.0,1.0,1.0,1.0,0.5,0.6309297535714575,0.6309297535714575,1.0,1,D2::D2-Q100,1.0
D2,D2-Q101,temporal,normal,advanced,512,63,129024,1.4802830219268799,19.88053321838379,0.0,0.0,0.0,1.0,1.0,1.0,1.0,1.0,1.0,1.0,1.0,1.0,0.5,0.6309297535714575,0.6309297535714575,1.0,1,D2::D2-Q101,1.0
D2,D2-Q102,numerical,normal,advanced,512,63,129024,1.4802830219268799,19.91748809814453,0.0,0.0,0.0,0.0,0.0,0.0,1.0,1.0,1.0,1.0,1.0,1.0,0.2,0.38685280723454163,0.38685280723454163,1.0,1,D2::D2-Q102,1.0
D2,D2-Q103,negation,normal,advanced,512,63,129024,1.4802830219268799,22.46236801147461,1.0,1.0,1.0,1.0,1.0,1.0,1.0,1.0,1.0,1.0,1.0,1.0,1.0,1.0,1.0,1.0,1,D2::D2-Q103,1.0
D2,D2-Q104,list_membership,normal,advanced,512,63,129024,1.4802830219268799,23.88787269592285,0.0,0.0,0.0,1.0,1.0,1.0,1.0,1.0,1.0,1.0,1.0,1.0,0.3333333333333333,0.5,0.5,1.0,1,D2::D2-Q104,1.0
D2,D2-Q105,table_lookup,normal,advanced,512,63,129024,1.4802830219268799,19.901037216186523,0.0,0.0,0.0,0.0,0.0,0.0,1.0,1.0,1.0,1.0,1.0,1.0,0.2,0.38685280723454163,0.38685280723454163,1.0,1,D2::D2-Q105,1.0
D2,D2-Q106,table_lookup,normal,advanced,512,63,129024,1.4802830219268799,24.37281608581543,0.0,0.0,0.0,0.0,0.0,0.0,0.0,0.0,0.0,1.0,1.0,1.0,0.16666666666666666,0.0,0.3562071871080222,1.0,1,D2::D2-Q106,1.0
D2,D2-Q107,table_lookup,normal,advanced,512,63,129024,1.4802830219268799,23.29277992248535,0.0,0.0,0.0,0.0,0.0,0.0,0.0,0.0,0.0,1.0,1.0,1.0,0.125,0.0,0.31546487678572877,1.0,1,D2::D2-Q107,1.0
D2,D2-Q108,paraphrase,normal,advanced,512,63,129024,1.4802830219268799,21.61693572998047,0.0,0.0,0.0,1.0,1.0,1.0,1.0,1.0,1.0,1.0,1.0,1.0,0.5,0.6309297535714575,0.6309297535714575,1.0,1,D2::D2-Q108,1.0
D2,D2-Q109,procedural,normal,advanced,512,63,129024,1.4802830219268799,22.901296615600586,1.0,1.0,1.0,1.0,1.0,1.0,1.0,1.0,1.0,1.0,1.0,1.0,1.0,1.0,1.0,1.0,1,D2::D2-Q109,1.0
D2,D2-Q110,exact_fact,normal,advanced,512,63,129024,1.4802830219268799,26.456594467163086,0.0,0.0,0.0,1.0,1.0,1.0,1.0,1.0,1.0,1.0,1.0,1.0,0.5,0.6309297535714575,0.6309297535714575,1.0,1,D2::D2-Q110,1.0
D2,D2-Q111,procedural,normal,advanced,512,63,129024,1.4802830219268799,20.76411247253418,1.0,1.0,1.0,1.0,1.0,1.0,1.0,1.0,1.0,1.0,1.0,1.0,1.0,1.0,1.0,1.0,1,D2::D2-Q111,1.0
D2,D2-Q112,temporal,normal,advanced,512,63,129024,1.4802830219268799,21.31509780883789,1.0,1.0,1.0,1.0,1.0,1.0,1.0,1.0,1.0,1.0,1.0,1.0,1.0,1.0,1.0,1.0,1,D2::D2-Q112,1.0
D2,D2-Q113,procedural,normal,advanced,512,63,129024,1.4802830219268799,21.282196044921875,1.0,1.0,1.0,1.0,1.0,1.0,1.0,1.0,1.0,1.0,1.0,1.0,1.0,1.0,1.0,1.0,1,D2::D2-Q113,1.0
D2,D2-Q114,exact_fact,normal,advanced,512,63,129024,1.4802830219268799,21.378755569458008,0.0,0.0,0.0,0.0,0.0,0.0,0.0,0.0,0.0,1.0,1.0,1.0,0.1,0.0,0.2890648263178879,1.0,1,D2::D2-Q114,1.0
D2,D2-Q115,exact_fact,normal,advanced,512,63,129024,1.4802830219268799,21.067142486572266,1.0,1.0,1.0,1.0,1.0,1.0,1.0,1.0,1.0,1.0,1.0,1.0,1.0,1.0,1.0,1.0,1,D2::D2-Q115,1.0
D2,D2-Q116,exact_fact,normal,advanced,512,63,129024,1.4802830219268799,24.42026138305664,1.0,1.0,1.0,1.0,1.0,1.0,1.0,1.0,1.0,1.0,1.0,1.0,1.0,1.0,1.0,1.0,1,D2::D2-Q116,1.0
D2,D2-Q117,conditional_exception,normal,advanced,512,63,129024,1.4802830219268799,22.12357521057129,1.0,1.0,1.0,1.0,1.0,1.0,1.0,1.0,1.0,1.0,1.0,1.0,1.0,1.0,1.0,1.0,1,D2::D2-Q117,1.0
D2,D2-Q118,procedural,normal,advanced,512,63,129024,1.4802830219268799,19.356966018676758,1.0,1.0,1.0,1.0,1.0,1.0,1.0,1.0,1.0,1.0,1.0,1.0,1.0,1.0,1.0,1.0,1,D2::D2-Q118,1.0
D2,D2-Q119,exact_fact,normal,advanced,512,63,129024,1.4802830219268799,19.295692443847656,0.0,0.0,0.0,0.0,0.0,0.0,0.0,0.0,0.0,1.0,1.0,1.0,0.1111111111111111,0.0,0.3010299956639812,1.0,1,D2::D2-Q119,1.0
D2,D2-Q120,negation,normal,advanced,512,63,129024,1.4802830219268799,18.68271827697754,0.0,0.0,0.0,1.0,1.0,1.0,1.0,1.0,1.0,1.0,1.0,1.0,0.5,0.6309297535714575,0.6309297535714575,1.0,1,D2::D2-Q120,1.0
D2,D2-Q121,exact_fact,normal,advanced,512,63,129024,1.4802830219268799,19.956588745117188,1.0,1.0,1.0,1.0,1.0,1.0,1.0,1.0,1.0,1.0,1.0,1.0,1.0,1.0,1.0,1.0,1,D2::D2-Q121,1.0
D2,D2-Q122,exact_fact,normal,advanced,512,63,129024,1.4802830219268799,18.970727920532227,0.0,0.0,0.0,1.0,1.0,1.0,1.0,1.0,1.0,1.0,1.0,1.0,0.5,0.6309297535714575,0.6309297535714575,1.0,1,D2::D2-Q122,1.0
D2,D2-Q123,paraphrase,normal,advanced,512,63,129024,1.4802830219268799,20.14446258544922,0.0,0.0,0.0,0.0,0.0,0.0,1.0,1.0,1.0,1.0,1.0,1.0,0.25,0.43067655807339306,0.43067655807339306,1.0,1,D2::D2-Q123,1.0
D2,D2-Q124,exact_fact,normal,advanced,512,63,129024,1.4802830219268799,20.604848861694336,0.0,0.0,0.0,1.0,1.0,1.0,1.0,1.0,1.0,1.0,1.0,1.0,0.5,0.6309297535714575,0.6309297535714575,1.0,1,D2::D2-Q124,1.0
D2,D2-Q125,procedural,normal,advanced,512,63,129024,1.4802830219268799,24.3380069732666,0.0,0.0,0.0,0.0,0.0,0.0,0.0,0.0,0.0,1.0,1.0,1.0,0.125,0.0,0.31546487678572877,1.0,1,D2::D2-Q125,1.0
D2,D2-Q126,conditional_exception,normal,advanced,512,63,129024,1.4802830219268799,22.01700210571289,1.0,1.0,1.0,1.0,1.0,1.0,1.0,1.0,1.0,1.0,1.0,1.0,1.0,1.0,1.0,1.0,1,D2::D2-Q126,1.0
D2,D2-Q127,paraphrase,normal,advanced,512,63,129024,1.4802830219268799,27.70256996154785,1.0,1.0,1.0,1.0,1.0,1.0,1.0,1.0,1.0,1.0,1.0,1.0,1.0,1.0,1.0,1.0,1,D2::D2-Q127,1.0
D2,D2-Q128,paraphrase,normal,advanced,512,63,129024,1.4802830219268799,24.042844772338867,1.0,1.0,1.0,1.0,1.0,1.0,1.0,1.0,1.0,1.0,1.0,1.0,1.0,1.0,1.0,1.0,1,D2::D2-Q128,1.0
D2,D2-Q129,table_lookup,normal,advanced,512,63,129024,1.4802830219268799,23.37479591369629,1.0,1.0,1.0,1.0,1.0,1.0,1.0,1.0,1.0,1.0,1.0,1.0,1.0,1.0,1.0,1.0,1,D2::D2-Q129,1.0
D2,D2-Q130,table_lookup,normal,advanced,512,63,129024,1.4802830219268799,20.569324493408203,0.0,0.0,0.0,1.0,1.0,1.0,1.0,1.0,1.0,1.0,1.0,1.0,0.3333333333333333,0.5,0.5,1.0,1,D2::D2-Q130,1.0
D2,D2-Q131,table_lookup,normal,advanced,512,63,129024,1.4802830219268799,25.684118270874023,0.0,0.0,0.0,0.0,0.0,0.0,0.0,0.0,0.0,0.0,0.0,0.0,0.0,0.0,0.0,0.0,0,D2::D2-Q131,0.0
D2,D2-Q132,table_lookup,normal,advanced,512,63,129024,1.4802830219268799,32.41896629333496,0.0,0.0,0.0,1.0,1.0,1.0,1.0,1.0,1.0,1.0,1.0,1.0,0.3333333333333333,0.5,0.5,1.0,1,D2::D2-Q132,1.0
D2,D2-Q133,table_lookup,normal,advanced,512,63,129024,1.4802830219268799,26.392221450805664,0.0,0.0,0.0,0.0,0.0,0.0,0.0,0.0,0.0,0.0,0.0,0.0,0.0,0.0,0.0,0.0,0,D2::D2-Q133,0.0
D2,D2-Q134,table_lookup,normal,advanced,512,63,129024,1.4802830219268799,23.591995239257812,1.0,1.0,1.0,1.0,1.0,1.0,1.0,1.0,1.0,1.0,1.0,1.0,1.0,1.0,1.0,1.0,1,D2::D2-Q134,1.0
D2,D2-Q135,table_lookup,normal,advanced,512,63,129024,1.4802830219268799,25.05016326904297,1.0,1.0,1.0,1.0,1.0,1.0,1.0,1.0,1.0,1.0,1.0,1.0,1.0,1.0,1.0,1.0,1,D2::D2-Q135,1.0
D2,D2-Q136,table_context,normal,advanced,512,63,129024,1.4802830219268799,26.025772094726562,0.0,0.0,0.0,1.0,1.0,1.0,1.0,1.0,1.0,1.0,1.0,1.0,0.3333333333333333,0.5,0.5,1.0,1,D2::D2-Q136,1.0
D2,D2-Q137,table_context,normal,advanced,512,63,129024,1.4802830219268799,23.805856704711914,0.0,0.0,0.0,1.0,1.0,1.0,1.0,1.0,1.0,1.0,1.0,1.0,0.5,0.6309297535714575,0.6309297535714575,1.0,1,D2::D2-Q137,1.0
D2,D2-Q138,table_context,normal,advanced,512,63,129024,1.4802830219268799,24.94215965270996,0.0,0.0,0.0,0.0,0.0,0.0,1.0,1.0,1.0,1.0,1.0,1.0,0.25,0.43067655807339306,0.43067655807339306,1.0,1,D2::D2-Q138,1.0
D2,D2-Q139,table_context,normal,advanced,512,63,129024,1.4802830219268799,24.959087371826172,0.0,0.0,0.0,0.0,0.0,0.0,1.0,1.0,1.0,1.0,1.0,1.0,0.2,0.38685280723454163,0.38685280723454163,1.0,1,D2::D2-Q139,1.0
D2,D2-Q140,table_context,normal,advanced,512,63,129024,1.4802830219268799,24.531126022338867,0.0,0.0,0.0,1.0,1.0,1.0,1.0,1.0,1.0,1.0,1.0,1.0,0.3333333333333333,0.5,0.5,1.0,1,D2::D2-Q140,1.0
D2,D2-Q141,table_context,normal,advanced,512,63,129024,1.4802830219268799,27.7557373046875,0.0,0.0,0.0,1.0,1.0,1.0,1.0,1.0,1.0,1.0,1.0,1.0,0.3333333333333333,0.5,0.5,1.0,1,D2::D2-Q141,1.0
D2,D2-Q142,table_context,normal,advanced,512,63,129024,1.4802830219268799,26.006698608398438,0.0,0.0,0.0,1.0,1.0,1.0,1.0,1.0,1.0,1.0,1.0,1.0,0.3333333333333333,0.5,0.5,1.0,1,D2::D2-Q142,1.0
D2,D2-Q143,table_context,normal,advanced,512,63,129024,1.4802830219268799,25.440454483032227,1.0,1.0,1.0,1.0,1.0,1.0,1.0,1.0,1.0,1.0,1.0,1.0,1.0,1.0,1.0,1.0,1,D2::D2-Q143,1.0
D2,D2-Q144,table_context,normal,advanced,512,63,129024,1.4802830219268799,26.08799934387207,1.0,1.0,1.0,1.0,1.0,1.0,1.0,1.0,1.0,1.0,1.0,1.0,1.0,1.0,1.0,1.0,1,D2::D2-Q144,1.0
D2,D2-Q145,table_context,normal,advanced,512,63,129024,1.4802830219268799,24.81675148010254,1.0,1.0,1.0,1.0,1.0,1.0,1.0,1.0,1.0,1.0,1.0,1.0,1.0,1.0,1.0,1.0,1,D2::D2-Q145,1.0
D2,D2-Q146,table_context,normal,advanced,512,63,129024,1.4802830219268799,20.317554473876953,1.0,1.0,1.0,1.0,1.0,1.0,1.0,1.0,1.0,1.0,1.0,1.0,1.0,1.0,1.0,1.0,1,D2::D2-Q146,1.0
D2,D2-Q147,table_context,normal,advanced,512,63,129024,1.4802830219268799,14.905214309692383,1.0,1.0,1.0,1.0,1.0,1.0,1.0,1.0,1.0,1.0,1.0,1.0,1.0,1.0,1.0,1.0,1,D2::D2-Q147,1.0
D2,D2-Q148,table_context,normal,advanced,512,63,129024,1.4802830219268799,14.661073684692383,1.0,1.0,1.0,1.0,1.0,1.0,1.0,1.0,1.0,1.0,1.0,1.0,1.0,1.0,1.0,1.0,1,D2::D2-Q148,1.0
D2,D2-Q149,table_context,normal,advanced,512,63,129024,1.4802830219268799,14.791011810302734,1.0,1.0,1.0,1.0,1.0,1.0,1.0,1.0,1.0,1.0,1.0,1.0,1.0,1.0,1.0,1.0,1,D2::D2-Q149,1.0
D2,D2-Q150,temporal,normal,advanced,512,63,129024,1.4802830219268799,14.665365219116211,1.0,1.0,1.0,1.0,1.0,1.0,1.0,1.0,1.0,1.0,1.0,1.0,1.0,1.0,1.0,1.0,1,D2::D2-Q150,1.0
D2,D2-Q151,table_context,normal,advanced,512,63,129024,1.4802830219268799,15.56396484375,1.0,1.0,1.0,1.0,1.0,1.0,1.0,1.0,1.0,1.0,1.0,1.0,1.0,1.0,1.0,1.0,1,D2::D2-Q151,1.0
D2,D2-Q152,table_context,normal,advanced,512,63,129024,1.4802830219268799,14.631271362304688,1.0,1.0,1.0,1.0,1.0,1.0,1.0,1.0,1.0,1.0,1.0,1.0,1.0,1.0,1.0,1.0,1,D2::D2-Q152,1.0
D2,D2-Q153,table_context,normal,advanced,512,63,129024,1.4802830219268799,16.05224609375,1.0,1.0,1.0,1.0,1.0,1.0,1.0,1.0,1.0,1.0,1.0,1.0,1.0,1.0,1.0,1.0,1,D2::D2-Q153,1.0
D2,D2-Q154,table_context,normal,advanced,512,63,129024,1.4802830219268799,14.383554458618164,1.0,1.0,1.0,1.0,1.0,1.0,1.0,1.0,1.0,1.0,1.0,1.0,1.0,1.0,1.0,1.0,1,D2::D2-Q154,1.0
D2,D2-Q155,table_context,normal,advanced,512,63,129024,1.4802830219268799,14.258146286010742,1.0,1.0,1.0,1.0,1.0,1.0,1.0,1.0,1.0,1.0,1.0,1.0,1.0,1.0,1.0,1.0,1,D2::D2-Q155,1.0
D2,D2-Q156,table_context,normal,advanced,512,63,129024,1.4802830219268799,14.712333679199219,1.0,1.0,1.0,1.0,1.0,1.0,1.0,1.0,1.0,1.0,1.0,1.0,1.0,1.0,1.0,1.0,1,D2::D2-Q156,1.0
D2,D2-Q157,table_context,normal,advanced,512,63,129024,1.4802830219268799,15.288114547729492,0.0,0.0,0.0,1.0,1.0,1.0,1.0,1.0,1.0,1.0,1.0,1.0,0.5,0.6309297535714575,0.6309297535714575,1.0,1,D2::D2-Q157,1.0
D2,D2-Q158,table_context,normal,advanced,512,63,129024,1.4802830219268799,14.341115951538086,1.0,1.0,1.0,1.0,1.0,1.0,1.0,1.0,1.0,1.0,1.0,1.0,1.0,1.0,1.0,1.0,1,D2::D2-Q158,1.0
D2,D2-Q159,table_context,normal,advanced,512,63,129024,1.4802830219268799,14.207124710083008,1.0,1.0,1.0,1.0,1.0,1.0,1.0,1.0,1.0,1.0,1.0,1.0,1.0,1.0,1.0,1.0,1,D2::D2-Q159,1.0
D2,D2-Q160,table_context,normal,advanced,512,63,129024,1.4802830219268799,14.364242553710938,1.0,1.0,1.0,1.0,1.0,1.0,1.0,1.0,1.0,1.0,1.0,1.0,1.0,1.0,1.0,1.0,1,D2::D2-Q160,1.0
D2,D2-Q161,table_context,normal,advanced,512,63,129024,1.4802830219268799,15.643835067749023,1.0,1.0,1.0,1.0,1.0,1.0,1.0,1.0,1.0,1.0,1.0,1.0,1.0,1.0,1.0,1.0,1,D2::D2-Q161,1.0
D2,D2-Q162,table_context,normal,advanced,512,63,129024,1.4802830219268799,14.44864273071289,1.0,1.0,1.0,1.0,1.0,1.0,1.0,1.0,1.0,1.0,1.0,1.0,1.0,1.0,1.0,1.0,1,D2::D2-Q162,1.0
D2,D2-Q163,table_context,normal,advanced,512,63,129024,1.4802830219268799,15.648841857910156,1.0,1.0,1.0,1.0,1.0,1.0,1.0,1.0,1.0,1.0,1.0,1.0,1.0,1.0,1.0,1.0,1,D2::D2-Q163,1.0
D2,D2-Q164,table_context,normal,advanced,512,63,129024,1.4802830219268799,14.748334884643555,0.0,0.0,0.0,1.0,1.0,1.0,1.0,1.0,1.0,1.0,1.0,1.0,0.5,0.6309297535714575,0.6309297535714575,1.0,1,D2::D2-Q164,1.0
D2,D2-Q165,table_context,normal,advanced,512,63,129024,1.4802830219268799,14.185667037963867,0.0,0.0,0.0,1.0,1.0,1.0,1.0,1.0,1.0,1.0,1.0,1.0,0.3333333333333333,0.5,0.5,1.0,1,D2::D2-Q165,1.0
D2,D2-Q166,table_context,normal,advanced,512,63,129024,1.4802830219268799,14.261722564697266,0.0,0.0,0.0,1.0,1.0,1.0,1.0,1.0,1.0,1.0,1.0,1.0,0.3333333333333333,0.5,0.5,1.0,1,D2::D2-Q166,1.0
D2,D2-Q167,table_context,normal,advanced,512,63,129024,1.4802830219268799,13.707637786865234,0.0,0.0,0.0,1.0,1.0,1.0,1.0,1.0,1.0,1.0,1.0,1.0,0.3333333333333333,0.5,0.5,1.0,1,D2::D2-Q167,1.0
D2,D2-Q168,table_context,normal,advanced,512,63,129024,1.4802830219268799,14.248847961425781,1.0,1.0,1.0,1.0,1.0,1.0,1.0,1.0,1.0,1.0,1.0,1.0,1.0,1.0,1.0,1.0,1,D2::D2-Q168,1.0
D2,D2-Q169,table_context,normal,advanced,512,63,129024,1.4802830219268799,13.386964797973633,1.0,1.0,1.0,1.0,1.0,1.0,1.0,1.0,1.0,1.0,1.0,1.0,1.0,1.0,1.0,1.0,1,D2::D2-Q169,1.0
D2,D2-Q170,table_context,normal,advanced,512,63,129024,1.4802830219268799,13.946056365966797,0.0,0.0,0.0,1.0,1.0,1.0,1.0,1.0,1.0,1.0,1.0,1.0,0.5,0.6309297535714575,0.6309297535714575,1.0,1,D2::D2-Q170,1.0
D2,D2-Q171,table_context,normal,advanced,512,63,129024,1.4802830219268799,13.905763626098633,1.0,1.0,1.0,1.0,1.0,1.0,1.0,1.0,1.0,1.0,1.0,1.0,1.0,1.0,1.0,1.0,1,D2::D2-Q171,1.0
D2,D2-Q172,table_context,normal,advanced,512,63,129024,1.4802830219268799,15.056848526000977,0.0,0.0,0.0,1.0,1.0,1.0,1.0,1.0,1.0,1.0,1.0,1.0,0.5,0.6309297535714575,0.6309297535714575,1.0,1,D2::D2-Q172,1.0
D2,D2-Q173,table_context,normal,advanced,512,63,129024,1.4802830219268799,14.164447784423828,0.0,0.0,0.0,1.0,1.0,1.0,1.0,1.0,1.0,1.0,1.0,1.0,0.5,0.6309297535714575,0.6309297535714575,1.0,1,D2::D2-Q173,1.0
D2,D2-Q174,table_context,normal,advanced,512,63,129024,1.4802830219268799,15.267372131347656,0.0,0.0,0.0,1.0,1.0,1.0,1.0,1.0,1.0,1.0,1.0,1.0,0.5,0.6309297535714575,0.6309297535714575,1.0,1,D2::D2-Q174,1.0
D2,D2-Q175,table_context,normal,advanced,512,63,129024,1.4802830219268799,14.384269714355469,0.0,0.0,0.0,1.0,1.0,1.0,1.0,1.0,1.0,1.0,1.0,1.0,0.5,0.6309297535714575,0.6309297535714575,1.0,1,D2::D2-Q175,1.0
D2,D2-Q176,table_context,normal,advanced,512,63,129024,1.4802830219268799,17.093896865844727,0.0,0.0,0.0,1.0,1.0,1.0,1.0,1.0,1.0,1.0,1.0,1.0,0.5,0.6309297535714575,0.6309297535714575,1.0,1,D2::D2-Q176,1.0
D2,D2-Q177,table_context,normal,advanced,512,63,129024,1.4802830219268799,21.26598358154297,1.0,1.0,1.0,1.0,1.0,1.0,1.0,1.0,1.0,1.0,1.0,1.0,1.0,1.0,1.0,1.0,1,D2::D2-Q177,1.0
D2,D2-Q178,table_context,normal,advanced,512,63,129024,1.4802830219268799,20.496368408203125,1.0,1.0,1.0,1.0,1.0,1.0,1.0,1.0,1.0,1.0,1.0,1.0,1.0,1.0,1.0,1.0,1,D2::D2-Q178,1.0
D2,D2-Q179,table_context,normal,advanced,512,63,129024,1.4802830219268799,14.180421829223633,0.0,0.0,0.0,1.0,1.0,1.0,1.0,1.0,1.0,1.0,1.0,1.0,0.5,0.6309297535714575,0.6309297535714575,1.0,1,D2::D2-Q179,1.0
D2,D2-Q180,table_context,normal,advanced,512,63,129024,1.4802830219268799,15.363454818725586,0.0,0.0,0.0,0.0,0.0,0.0,1.0,1.0,1.0,1.0,1.0,1.0,0.25,0.43067655807339306,0.43067655807339306,1.0,1,D2::D2-Q180,1.0
D2,D2-Q181,table_context,normal,advanced,512,63,129024,1.4802830219268799,14.73093032836914,0.0,0.0,0.0,1.0,1.0,1.0,1.0,1.0,1.0,1.0,1.0,1.0,0.3333333333333333,0.5,0.5,1.0,1,D2::D2-Q181,1.0
D2,D2-Q182,table_context,normal,advanced,512,63,129024,1.4802830219268799,15.276908874511719,0.0,0.0,0.0,1.0,1.0,1.0,1.0,1.0,1.0,1.0,1.0,1.0,0.3333333333333333,0.5,0.5,1.0,1,D2::D2-Q182,1.0
D2,D2-Q183,procedural,normal,advanced,512,63,129024,1.4802830219268799,15.375137329101562,0.0,0.0,0.0,0.0,0.0,0.0,0.0,0.0,0.0,0.0,0.0,0.0,0.0,0.0,0.0,0.0,0,D2::D2-Q183,0.0
D2,D2-Q184,list_membership,normal,advanced,512,63,129024,1.4802830219268799,14.374256134033203,1.0,1.0,1.0,1.0,1.0,1.0,1.0,1.0,1.0,1.0,1.0,1.0,1.0,1.0,1.0,1.0,1,D2::D2-Q184,1.0
D2,D2-Q185,list_membership,normal,advanced,512,63,129024,1.4802830219268799,15.418291091918945,1.0,1.0,1.0,1.0,1.0,1.0,1.0,1.0,1.0,1.0,1.0,1.0,1.0,1.0,1.0,1.0,1,D2::D2-Q185,1.0
D2,D2-Q186,list_membership,normal,advanced,512,63,129024,1.4802830219268799,16.413211822509766,1.0,1.0,1.0,1.0,1.0,1.0,1.0,1.0,1.0,1.0,1.0,1.0,1.0,1.0,1.0,1.0,1,D2::D2-Q186,1.0
D2,D2-Q187,list_membership,normal,advanced,512,63,129024,1.4802830219268799,14.95814323425293,1.0,1.0,1.0,1.0,1.0,1.0,1.0,1.0,1.0,1.0,1.0,1.0,1.0,1.0,1.0,1.0,1,D2::D2-Q187,1.0
D2,D2-Q188,list_membership,normal,advanced,512,63,129024,1.4802830219268799,25.686025619506836,1.0,1.0,1.0,1.0,1.0,1.0,1.0,1.0,1.0,1.0,1.0,1.0,1.0,1.0,1.0,1.0,1,D2::D2-Q188,1.0
D2,D2-Q189,conditional_exception,normal,advanced,512,63,129024,1.4802830219268799,16.543865203857422,1.0,1.0,1.0,1.0,1.0,1.0,1.0,1.0,1.0,1.0,1.0,1.0,1.0,1.0,1.0,1.0,1,D2::D2-Q189,1.0
D2,D2-Q190,conditional_exception,normal,advanced,512,63,129024,1.4802830219268799,14.731645584106445,1.0,1.0,1.0,1.0,1.0,1.0,1.0,1.0,1.0,1.0,1.0,1.0,1.0,1.0,1.0,1.0,1,D2::D2-Q190,1.0
D2,D2-Q191,procedural,normal,advanced,512,63,129024,1.4802830219268799,14.546394348144531,1.0,1.0,1.0,1.0,1.0,1.0,1.0,1.0,1.0,1.0,1.0,1.0,1.0,1.0,1.0,1.0,1,D2::D2-Q191,1.0
D2,D2-Q192,exact_fact,normal,advanced,512,63,129024,1.4802830219268799,17.444849014282227,1.0,1.0,1.0,1.0,1.0,1.0,1.0,1.0,1.0,1.0,1.0,1.0,1.0,1.0,1.0,1.0,1,D2::D2-Q192,1.0
D2,D2-Q193,procedural,normal,advanced,512,63,129024,1.4802830219268799,17.152786254882812,1.0,1.0,1.0,1.0,1.0,1.0,1.0,1.0,1.0,1.0,1.0,1.0,1.0,1.0,1.0,1.0,1,D2::D2-Q193,1.0
D2,D2-Q194,conditional_exception,normal,advanced,512,63,129024,1.4802830219268799,14.602899551391602,1.0,1.0,1.0,1.0,1.0,1.0,1.0,1.0,1.0,1.0,1.0,1.0,1.0,1.0,1.0,1.0,1,D2::D2-Q194,1.0
D2,D2-Q195,conditional_exception,normal,advanced,512,63,129024,1.4802830219268799,15.430688858032227,1.0,1.0,1.0,1.0,1.0,1.0,1.0,1.0,1.0,1.0,1.0,1.0,1.0,1.0,1.0,1.0,1,D2::D2-Q195,1.0
D2,D2-Q196,exact_fact,normal,advanced,512,63,129024,1.4802830219268799,13.875007629394531,1.0,1.0,1.0,1.0,1.0,1.0,1.0,1.0,1.0,1.0,1.0,1.0,1.0,1.0,1.0,1.0,1,D2::D2-Q196,1.0
D2,D2-Q197,conditional_exception,normal,advanced,512,63,129024,1.4802830219268799,14.698266983032227,1.0,1.0,1.0,1.0,1.0,1.0,1.0,1.0,1.0,1.0,1.0,1.0,1.0,1.0,1.0,1.0,1,D2::D2-Q197,1.0
D2,D2-Q198,conditional_exception,normal,advanced,512,63,129024,1.4802830219268799,15.238523483276367,1.0,1.0,1.0,1.0,1.0,1.0,1.0,1.0,1.0,1.0,1.0,1.0,1.0,1.0,1.0,1.0,1,D2::D2-Q198,1.0
D2,D2-Q199,negation,normal,advanced,512,63,129024,1.4802830219268799,14.19973373413086,1.0,1.0,1.0,1.0,1.0,1.0,1.0,1.0,1.0,1.0,1.0,1.0,1.0,1.0,1.0,1.0,1,D2::D2-Q199,1.0
D2,D2-Q200,procedural,normal,advanced,512,63,129024,1.4802830219268799,16.076087951660156,1.0,1.0,1.0,1.0,1.0,1.0,1.0,1.0,1.0,1.0,1.0,1.0,1.0,1.0,1.0,1.0,1,D2::D2-Q200,1.0
D2,D2-Q001,exact_fact,normal,advanced,768,63,193536,1.4802830219268799,15.67220687866211,0.0,0.0,0.0,1.0,1.0,1.0,1.0,1.0,1.0,1.0,1.0,1.0,0.3333333333333333,0.5,0.5,1.0,1,D2::D2-Q001,1.0
D2,D2-Q002,temporal,normal,advanced,768,63,193536,1.4802830219268799,15.214681625366211,0.0,0.0,0.0,1.0,1.0,1.0,1.0,1.0,1.0,1.0,1.0,1.0,0.3333333333333333,0.5,0.5,1.0,1,D2::D2-Q002,1.0
D2,D2-Q003,exact_fact,normal,advanced,768,63,193536,1.4802830219268799,15.290498733520508,0.0,0.0,0.0,1.0,1.0,1.0,1.0,1.0,1.0,1.0,1.0,1.0,0.5,0.6309297535714575,0.6309297535714575,1.0,1,D2::D2-Q003,1.0
D2,D2-Q004,negative_query,normal,advanced,768,63,193536,1.4802830219268799,15.466451644897461,1.0,1.0,1.0,1.0,1.0,1.0,1.0,1.0,1.0,1.0,1.0,1.0,1.0,1.0,1.0,1.0,1,D2::D2-Q004,1.0
D2,D2-Q005,negative_query,normal,advanced,768,63,193536,1.4802830219268799,14.585494995117188,1.0,1.0,1.0,1.0,1.0,1.0,1.0,1.0,1.0,1.0,1.0,1.0,1.0,1.0,1.0,1.0,1,D2::D2-Q005,1.0
D2,D2-Q006,list_membership,normal,advanced,768,63,193536,1.4802830219268799,14.127016067504883,1.0,1.0,1.0,1.0,1.0,1.0,1.0,1.0,1.0,1.0,1.0,1.0,1.0,1.0,1.0,1.0,1,D2::D2-Q006,1.0
D2,D2-Q007,negation,normal,advanced,768,63,193536,1.4802830219268799,14.241218566894531,1.0,1.0,1.0,1.0,1.0,1.0,1.0,1.0,1.0,1.0,1.0,1.0,1.0,1.0,1.0,1.0,1,D2::D2-Q007,1.0
D2,D2-Q008,exact_fact,normal,advanced,768,63,193536,1.4802830219268799,13.825416564941406,1.0,1.0,1.0,1.0,1.0,1.0,1.0,1.0,1.0,1.0,1.0,1.0,1.0,1.0,1.0,1.0,1,D2::D2-Q008,1.0
D2,D2-Q009,exact_fact,normal,advanced,768,63,193536,1.4802830219268799,14.430999755859375,0.0,0.0,0.0,0.0,0.0,0.0,1.0,1.0,1.0,1.0,1.0,1.0,0.25,0.43067655807339306,0.43067655807339306,1.0,1,D2::D2-Q009,1.0
D2,D2-Q010,paraphrase,normal,advanced,768,63,193536,1.4802830219268799,15.560388565063477,1.0,1.0,1.0,1.0,1.0,1.0,1.0,1.0,1.0,1.0,1.0,1.0,1.0,1.0,1.0,1.0,1,D2::D2-Q010,1.0
D2,D2-Q011,conditional_exception,normal,advanced,768,63,193536,1.4802830219268799,14.68348503112793,1.0,1.0,1.0,1.0,1.0,1.0,1.0,1.0,1.0,1.0,1.0,1.0,1.0,1.0,1.0,1.0,1,D2::D2-Q011,1.0
D2,D2-Q012,negation,normal,advanced,768,63,193536,1.4802830219268799,14.90473747253418,1.0,1.0,1.0,1.0,1.0,1.0,1.0,1.0,1.0,1.0,1.0,1.0,1.0,1.0,1.0,1.0,1,D2::D2-Q012,1.0
D2,D2-Q013,list_membership,normal,advanced,768,63,193536,1.4802830219268799,14.088869094848633,1.0,1.0,1.0,1.0,1.0,1.0,1.0,1.0,1.0,1.0,1.0,1.0,1.0,1.0,1.0,1.0,1,D2::D2-Q013,1.0
D2,D2-Q014,list_membership,normal,advanced,768,63,193536,1.4802830219268799,14.590740203857422,1.0,1.0,1.0,1.0,1.0,1.0,1.0,1.0,1.0,1.0,1.0,1.0,1.0,1.0,1.0,1.0,1,D2::D2-Q014,1.0
D2,D2-Q015,list_membership,normal,advanced,768,63,193536,1.4802830219268799,14.243125915527344,0.0,0.0,0.0,0.0,0.0,0.0,1.0,1.0,1.0,1.0,1.0,1.0,0.25,0.43067655807339306,0.43067655807339306,1.0,1,D2::D2-Q015,1.0
D2,D2-Q016,exact_fact,normal,advanced,768,63,193536,1.4802830219268799,14.502763748168945,0.0,0.0,0.0,1.0,1.0,1.0,1.0,1.0,1.0,1.0,1.0,1.0,0.3333333333333333,0.5,0.5,1.0,1,D2::D2-Q016,1.0
D2,D2-Q017,list_membership,normal,advanced,768,63,193536,1.4802830219268799,15.592813491821289,1.0,1.0,1.0,1.0,1.0,1.0,1.0,1.0,1.0,1.0,1.0,1.0,1.0,1.0,1.0,1.0,1,D2::D2-Q017,1.0
D2,D2-Q018,exact_fact,normal,advanced,768,63,193536,1.4802830219268799,15.604019165039062,0.0,0.0,0.0,1.0,1.0,1.0,1.0,1.0,1.0,1.0,1.0,1.0,0.5,0.6309297535714575,0.6309297535714575,1.0,1,D2::D2-Q018,1.0
D2,D2-Q019,exact_fact,normal,advanced,768,63,193536,1.4802830219268799,14.027833938598633,1.0,1.0,1.0,1.0,1.0,1.0,1.0,1.0,1.0,1.0,1.0,1.0,1.0,1.0,1.0,1.0,1,D2::D2-Q019,1.0
D2,D2-Q020,exact_fact,normal,advanced,768,63,193536,1.4802830219268799,13.717889785766602,0.0,0.0,0.0,0.0,0.0,0.0,1.0,1.0,1.0,1.0,1.0,1.0,0.25,0.43067655807339306,0.43067655807339306,1.0,1,D2::D2-Q020,1.0
D2,D2-Q021,exact_fact,normal,advanced,768,63,193536,1.4802830219268799,14.528274536132812,0.0,0.0,0.0,0.0,0.0,0.0,0.0,0.0,0.0,0.0,0.0,0.0,0.0,0.0,0.0,0.0,0,D2::D2-Q021,0.0
D2,D2-Q022,paraphrase,normal,advanced,768,63,193536,1.4802830219268799,14.456748962402344,0.0,0.0,0.0,0.0,0.0,0.0,1.0,1.0,1.0,1.0,1.0,1.0,0.2,0.38685280723454163,0.38685280723454163,1.0,1,D2::D2-Q022,1.0
D2,D2-Q023,procedural,normal,advanced,768,63,193536,1.4802830219268799,14.553070068359375,1.0,1.0,1.0,1.0,1.0,1.0,1.0,1.0,1.0,1.0,1.0,1.0,1.0,1.0,1.0,1.0,1,D2::D2-Q023,1.0
D2,D2-Q024,conditional_exception,normal,advanced,768,63,193536,1.4802830219268799,14.528751373291016,0.0,0.0,0.0,1.0,1.0,1.0,1.0,1.0,1.0,1.0,1.0,1.0,0.3333333333333333,0.5,0.5,1.0,1,D2::D2-Q024,1.0
D2,D2-Q025,procedural,normal,advanced,768,63,193536,1.4802830219268799,14.585256576538086,1.0,1.0,1.0,1.0,1.0,1.0,1.0,1.0,1.0,1.0,1.0,1.0,1.0,1.0,1.0,1.0,1,D2::D2-Q025,1.0
D2,D2-Q026,procedural,normal,advanced,768,63,193536,1.4802830219268799,14.766931533813477,1.0,1.0,1.0,1.0,1.0,1.0,1.0,1.0,1.0,1.0,1.0,1.0,1.0,1.0,1.0,1.0,1,D2::D2-Q026,1.0
D2,D2-Q027,procedural,normal,advanced,768,63,193536,1.4802830219268799,14.78266716003418,1.0,1.0,1.0,1.0,1.0,1.0,1.0,1.0,1.0,1.0,1.0,1.0,1.0,1.0,1.0,1.0,1,D2::D2-Q027,1.0
D2,D2-Q028,paraphrase,normal,advanced,768,63,193536,1.4802830219268799,14.555692672729492,1.0,1.0,1.0,1.0,1.0,1.0,1.0,1.0,1.0,1.0,1.0,1.0,1.0,1.0,1.0,1.0,1,D2::D2-Q028,1.0
D2,D2-Q029,exact_fact,normal,advanced,768,63,193536,1.4802830219268799,14.465808868408203,1.0,1.0,1.0,1.0,1.0,1.0,1.0,1.0,1.0,1.0,1.0,1.0,1.0,1.0,1.0,1.0,1,D2::D2-Q029,1.0
D2,D2-Q030,paraphrase,normal,advanced,768,63,193536,1.4802830219268799,15.393495559692383,0.0,0.0,0.0,0.0,0.0,0.0,1.0,1.0,1.0,1.0,1.0,1.0,0.25,0.43067655807339306,0.43067655807339306,1.0,1,D2::D2-Q030,1.0
D2,D2-Q031,list_membership,normal,advanced,768,63,193536,1.4802830219268799,14.488697052001953,0.0,0.0,0.0,1.0,1.0,1.0,1.0,1.0,1.0,1.0,1.0,1.0,0.5,0.6309297535714575,0.6309297535714575,1.0,1,D2::D2-Q031,1.0
D2,D2-Q032,exact_fact,normal,advanced,768,63,193536,1.4802830219268799,15.690803527832031,1.0,1.0,1.0,1.0,1.0,1.0,1.0,1.0,1.0,1.0,1.0,1.0,1.0,1.0,1.0,1.0,1,D2::D2-Q032,1.0
D2,D2-Q033,exact_fact,normal,advanced,768,63,193536,1.4802830219268799,15.410184860229492,0.0,0.0,0.0,0.0,0.0,0.0,0.0,0.0,0.0,0.0,0.0,0.0,0.0,0.0,0.0,0.0,0,D2::D2-Q033,0.0
D2,D2-Q034,procedural,normal,advanced,768,63,193536,1.4802830219268799,14.996528625488281,0.0,0.0,0.0,0.0,0.0,0.0,0.0,0.0,0.0,0.0,0.0,0.0,0.0,0.0,0.0,0.0,0,D2::D2-Q034,0.0
D2,D2-Q035,list_membership,normal,advanced,768,63,193536,1.4802830219268799,14.610528945922852,1.0,1.0,1.0,1.0,1.0,1.0,1.0,1.0,1.0,1.0,1.0,1.0,1.0,1.0,1.0,1.0,1,D2::D2-Q035,1.0
D2,D2-Q036,list_membership,normal,advanced,768,63,193536,1.4802830219268799,15.028953552246094,0.0,0.0,0.0,1.0,1.0,1.0,1.0,1.0,1.0,1.0,1.0,1.0,0.5,0.6309297535714575,0.6309297535714575,1.0,1,D2::D2-Q036,1.0
D2,D2-Q037,exact_fact,normal,advanced,768,63,193536,1.4802830219268799,16.437292098999023,0.0,0.0,0.0,0.0,0.0,0.0,1.0,1.0,1.0,1.0,1.0,1.0,0.2,0.38685280723454163,0.38685280723454163,1.0,1,D2::D2-Q037,1.0
D2,D2-Q038,procedural,normal,advanced,768,63,193536,1.4802830219268799,15.535593032836914,1.0,1.0,1.0,1.0,1.0,1.0,1.0,1.0,1.0,1.0,1.0,1.0,1.0,1.0,1.0,1.0,1,D2::D2-Q038,1.0
D2,D2-Q039,conditional_exception,normal,advanced,768,63,193536,1.4802830219268799,16.740798950195312,1.0,1.0,1.0,1.0,1.0,1.0,1.0,1.0,1.0,1.0,1.0,1.0,1.0,1.0,1.0,1.0,1,D2::D2-Q039,1.0
D2,D2-Q040,procedural,normal,advanced,768,63,193536,1.4802830219268799,15.897274017333984,1.0,1.0,1.0,1.0,1.0,1.0,1.0,1.0,1.0,1.0,1.0,1.0,1.0,1.0,1.0,1.0,1,D2::D2-Q040,1.0
D2,D2-Q041,procedural,normal,advanced,768,63,193536,1.4802830219268799,14.6636962890625,0.0,0.0,0.0,1.0,1.0,1.0,1.0,1.0,1.0,1.0,1.0,1.0,0.3333333333333333,0.5,0.5,1.0,1,D2::D2-Q041,1.0
D2,D2-Q042,exact_fact,normal,advanced,768,63,193536,1.4802830219268799,15.609025955200195,0.0,0.0,0.0,0.0,0.0,0.0,1.0,1.0,1.0,1.0,1.0,1.0,0.25,0.43067655807339306,0.43067655807339306,1.0,1,D2::D2-Q042,1.0
D2,D2-Q043,procedural,normal,advanced,768,63,193536,1.4802830219268799,15.563249588012695,1.0,1.0,1.0,1.0,1.0,1.0,1.0,1.0,1.0,1.0,1.0,1.0,1.0,1.0,1.0,1.0,1,D2::D2-Q043,1.0
D2,D2-Q044,exact_fact,normal,advanced,768,63,193536,1.4802830219268799,14.499664306640625,1.0,1.0,1.0,1.0,1.0,1.0,1.0,1.0,1.0,1.0,1.0,1.0,1.0,1.0,1.0,1.0,1,D2::D2-Q044,1.0
D2,D2-Q045,conditional_exception,normal,advanced,768,63,193536,1.4802830219268799,15.610218048095703,1.0,1.0,1.0,1.0,1.0,1.0,1.0,1.0,1.0,1.0,1.0,1.0,1.0,1.0,1.0,1.0,1,D2::D2-Q045,1.0
D2,D2-Q046,paraphrase,normal,advanced,768,63,193536,1.4802830219268799,13.904333114624023,1.0,1.0,1.0,1.0,1.0,1.0,1.0,1.0,1.0,1.0,1.0,1.0,1.0,1.0,1.0,1.0,1,D2::D2-Q046,1.0
D2,D2-Q047,exact_fact,normal,advanced,768,63,193536,1.4802830219268799,14.350652694702148,1.0,1.0,1.0,1.0,1.0,1.0,1.0,1.0,1.0,1.0,1.0,1.0,1.0,1.0,1.0,1.0,1,D2::D2-Q047,1.0
D2,D2-Q048,list_membership,normal,advanced,768,63,193536,1.4802830219268799,16.14999771118164,1.0,1.0,1.0,1.0,1.0,1.0,1.0,1.0,1.0,1.0,1.0,1.0,1.0,1.0,1.0,1.0,1,D2::D2-Q048,1.0
D2,D2-Q049,exact_fact,normal,advanced,768,63,193536,1.4802830219268799,15.045404434204102,1.0,1.0,1.0,1.0,1.0,1.0,1.0,1.0,1.0,1.0,1.0,1.0,1.0,1.0,1.0,1.0,1,D2::D2-Q049,1.0
D2,D2-Q050,procedural,normal,advanced,768,63,193536,1.4802830219268799,14.665603637695312,1.0,1.0,1.0,1.0,1.0,1.0,1.0,1.0,1.0,1.0,1.0,1.0,1.0,1.0,1.0,1.0,1,D2::D2-Q050,1.0
D2,D2-Q051,conditional_exception,normal,advanced,768,63,193536,1.4802830219268799,17.824411392211914,0.0,0.0,0.0,0.0,0.0,0.0,0.0,0.0,0.0,0.0,0.0,0.0,0.0,0.0,0.0,0.0,0,D2::D2-Q051,0.0
D2,D2-Q052,procedural,normal,advanced,768,63,193536,1.4802830219268799,24.20520782470703,1.0,1.0,1.0,1.0,1.0,1.0,1.0,1.0,1.0,1.0,1.0,1.0,1.0,1.0,1.0,1.0,1,D2::D2-Q052,1.0
D2,D2-Q053,exact_fact,normal,advanced,768,63,193536,1.4802830219268799,14.670610427856445,1.0,1.0,1.0,1.0,1.0,1.0,1.0,1.0,1.0,1.0,1.0,1.0,1.0,1.0,1.0,1.0,1,D2::D2-Q053,1.0
D2,D2-Q054,conditional_exception,normal,advanced,768,63,193536,1.4802830219268799,14.801502227783203,1.0,1.0,1.0,1.0,1.0,1.0,1.0,1.0,1.0,1.0,1.0,1.0,1.0,1.0,1.0,1.0,1,D2::D2-Q054,1.0
D2,D2-Q055,list_membership,normal,advanced,768,63,193536,1.4802830219268799,14.017343521118164,1.0,1.0,1.0,1.0,1.0,1.0,1.0,1.0,1.0,1.0,1.0,1.0,1.0,1.0,1.0,1.0,1,D2::D2-Q055,1.0
D2,D2-Q056,procedural,normal,advanced,768,63,193536,1.4802830219268799,14.16158676147461,1.0,1.0,1.0,1.0,1.0,1.0,1.0,1.0,1.0,1.0,1.0,1.0,1.0,1.0,1.0,1.0,1,D2::D2-Q056,1.0
D2,D2-Q057,exact_fact,normal,advanced,768,63,193536,1.4802830219268799,14.127969741821289,0.0,0.0,0.0,1.0,1.0,1.0,1.0,1.0,1.0,1.0,1.0,1.0,0.3333333333333333,0.5,0.5,1.0,1,D2::D2-Q057,1.0
D2,D2-Q058,conditional_exception,normal,advanced,768,63,193536,1.4802830219268799,13.543844223022461,1.0,1.0,1.0,1.0,1.0,1.0,1.0,1.0,1.0,1.0,1.0,1.0,1.0,1.0,1.0,1.0,1,D2::D2-Q058,1.0
D2,D2-Q059,exact_fact,normal,advanced,768,63,193536,1.4802830219268799,13.807535171508789,1.0,1.0,1.0,1.0,1.0,1.0,1.0,1.0,1.0,1.0,1.0,1.0,1.0,1.0,1.0,1.0,1,D2::D2-Q059,1.0
D2,D2-Q060,negation,normal,advanced,768,63,193536,1.4802830219268799,13.74053955078125,1.0,1.0,1.0,1.0,1.0,1.0,1.0,1.0,1.0,1.0,1.0,1.0,1.0,1.0,1.0,1.0,1,D2::D2-Q060,1.0
D2,D2-Q061,procedural,normal,advanced,768,63,193536,1.4802830219268799,18.689870834350586,0.0,0.0,0.0,0.0,0.0,0.0,0.0,0.0,0.0,0.0,0.0,0.0,0.0,0.0,0.0,0.0,0,D2::D2-Q061,0.0
D2,D2-Q062,exact_fact,normal,advanced,768,63,193536,1.4802830219268799,21.514415740966797,0.0,0.0,0.0,0.0,0.0,0.0,0.0,0.0,0.0,0.0,0.0,0.0,0.0,0.0,0.0,0.0,0,D2::D2-Q062,0.0
D2,D2-Q063,paraphrase,normal,advanced,768,63,193536,1.4802830219268799,15.510082244873047,1.0,1.0,1.0,1.0,1.0,1.0,1.0,1.0,1.0,1.0,1.0,1.0,1.0,1.0,1.0,1.0,1,D2::D2-Q063,1.0
D2,D2-Q064,negation,normal,advanced,768,63,193536,1.4802830219268799,15.057563781738281,1.0,1.0,1.0,1.0,1.0,1.0,1.0,1.0,1.0,1.0,1.0,1.0,1.0,1.0,1.0,1.0,1,D2::D2-Q064,1.0
D2,D2-Q065,numerical,normal,advanced,768,63,193536,1.4802830219268799,14.909505844116211,1.0,1.0,1.0,1.0,1.0,1.0,1.0,1.0,1.0,1.0,1.0,1.0,1.0,1.0,1.0,1.0,1,D2::D2-Q065,1.0
D2,D2-Q066,numerical,normal,advanced,768,63,193536,1.4802830219268799,13.53907585144043,1.0,1.0,1.0,1.0,1.0,1.0,1.0,1.0,1.0,1.0,1.0,1.0,1.0,1.0,1.0,1.0,1,D2::D2-Q066,1.0
D2,D2-Q067,numerical,normal,advanced,768,63,193536,1.4802830219268799,13.55290412902832,1.0,1.0,1.0,1.0,1.0,1.0,1.0,1.0,1.0,1.0,1.0,1.0,1.0,1.0,1.0,1.0,1,D2::D2-Q067,1.0
D2,D2-Q068,numerical,normal,advanced,768,63,193536,1.4802830219268799,15.149116516113281,1.0,1.0,1.0,1.0,1.0,1.0,1.0,1.0,1.0,1.0,1.0,1.0,1.0,1.0,1.0,1.0,1,D2::D2-Q068,1.0
D2,D2-Q069,numerical,normal,advanced,768,63,193536,1.4802830219268799,14.164924621582031,1.0,1.0,1.0,1.0,1.0,1.0,1.0,1.0,1.0,1.0,1.0,1.0,1.0,1.0,1.0,1.0,1,D2::D2-Q069,1.0
D2,D2-Q070,numerical,normal,advanced,768,63,193536,1.4802830219268799,14.117956161499023,1.0,1.0,1.0,1.0,1.0,1.0,1.0,1.0,1.0,1.0,1.0,1.0,1.0,1.0,1.0,1.0,1,D2::D2-Q070,1.0
D2,D2-Q071,negative_query,normal,advanced,768,63,193536,1.4802830219268799,14.38450813293457,1.0,1.0,1.0,1.0,1.0,1.0,1.0,1.0,1.0,1.0,1.0,1.0,1.0,1.0,1.0,1.0,1,D2::D2-Q071,1.0
D2,D2-Q072,exact_fact,normal,advanced,768,63,193536,1.4802830219268799,14.131307601928711,1.0,1.0,1.0,1.0,1.0,1.0,1.0,1.0,1.0,1.0,1.0,1.0,1.0,1.0,1.0,1.0,1,D2::D2-Q072,1.0
D2,D2-Q073,exact_fact,normal,advanced,768,63,193536,1.4802830219268799,14.139652252197266,1.0,1.0,1.0,1.0,1.0,1.0,1.0,1.0,1.0,1.0,1.0,1.0,1.0,1.0,1.0,1.0,1,D2::D2-Q073,1.0
D2,D2-Q074,procedural,normal,advanced,768,63,193536,1.4802830219268799,14.169931411743164,1.0,1.0,1.0,1.0,1.0,1.0,1.0,1.0,1.0,1.0,1.0,1.0,1.0,1.0,1.0,1.0,1,D2::D2-Q074,1.0
D2,D2-Q075,conditional_exception,normal,advanced,768,63,193536,1.4802830219268799,15.145301818847656,1.0,1.0,1.0,1.0,1.0,1.0,1.0,1.0,1.0,1.0,1.0,1.0,1.0,1.0,1.0,1.0,1,D2::D2-Q075,1.0
D2,D2-Q076,negation,normal,advanced,768,63,193536,1.4802830219268799,13.874292373657227,0.0,0.0,0.0,1.0,1.0,1.0,1.0,1.0,1.0,1.0,1.0,1.0,0.3333333333333333,0.5,0.5,1.0,1,D2::D2-Q076,1.0
D2,D2-Q077,procedural,normal,advanced,768,63,193536,1.4802830219268799,13.973712921142578,0.0,0.0,0.0,0.0,0.0,0.0,1.0,1.0,1.0,1.0,1.0,1.0,0.25,0.43067655807339306,0.43067655807339306,1.0,1,D2::D2-Q077,1.0
D2,D2-Q078,exact_fact,normal,advanced,768,63,193536,1.4802830219268799,14.19687271118164,0.0,0.0,0.0,0.0,0.0,0.0,0.0,0.0,0.0,0.0,0.0,0.0,0.0,0.0,0.0,0.0,0,D2::D2-Q078,0.0
D2,D2-Q079,conditional_exception,normal,advanced,768,63,193536,1.4802830219268799,13.89932632446289,0.0,0.0,0.0,0.0,0.0,0.0,0.0,0.0,0.0,0.0,0.0,0.0,0.0,0.0,0.0,0.0,0,D2::D2-Q079,0.0
D2,D2-Q080,conditional_exception,normal,advanced,768,63,193536,1.4802830219268799,14.10531997680664,0.0,0.0,0.0,1.0,1.0,1.0,1.0,1.0,1.0,1.0,1.0,1.0,0.3333333333333333,0.5,0.5,1.0,1,D2::D2-Q080,1.0
D2,D2-Q081,exact_fact,normal,advanced,768,63,193536,1.4802830219268799,15.290498733520508,0.0,0.0,0.0,0.0,0.0,0.0,1.0,1.0,1.0,1.0,1.0,1.0,0.25,0.43067655807339306,0.43067655807339306,1.0,1,D2::D2-Q081,1.0
D2,D2-Q082,conditional_exception,normal,advanced,768,63,193536,1.4802830219268799,14.823675155639648,0.0,0.0,0.0,0.0,0.0,0.0,1.0,1.0,1.0,1.0,1.0,1.0,0.25,0.43067655807339306,0.43067655807339306,1.0,1,D2::D2-Q082,1.0
D2,D2-Q083,procedural,normal,advanced,768,63,193536,1.4802830219268799,14.719009399414062,0.0,0.0,0.0,0.0,0.0,0.0,0.0,0.0,0.0,0.0,0.0,0.0,0.0,0.0,0.0,0.0,0,D2::D2-Q083,0.0
D2,D2-Q084,procedural,normal,advanced,768,63,193536,1.4802830219268799,15.25735855102539,1.0,1.0,1.0,1.0,1.0,1.0,1.0,1.0,1.0,1.0,1.0,1.0,1.0,1.0,1.0,1.0,1,D2::D2-Q084,1.0
D2,D2-Q085,exact_fact,normal,advanced,768,63,193536,1.4802830219268799,15.731096267700195,1.0,1.0,1.0,1.0,1.0,1.0,1.0,1.0,1.0,1.0,1.0,1.0,1.0,1.0,1.0,1.0,1,D2::D2-Q085,1.0
D2,D2-Q086,procedural,normal,advanced,768,63,193536,1.4802830219268799,13.774633407592773,1.0,1.0,1.0,1.0,1.0,1.0,1.0,1.0,1.0,1.0,1.0,1.0,1.0,1.0,1.0,1.0,1,D2::D2-Q086,1.0
D2,D2-Q087,exact_fact,normal,advanced,768,63,193536,1.4802830219268799,14.406442642211914,1.0,1.0,1.0,1.0,1.0,1.0,1.0,1.0,1.0,1.0,1.0,1.0,1.0,1.0,1.0,1.0,1,D2::D2-Q087,1.0
D2,D2-Q088,paraphrase,normal,advanced,768,63,193536,1.4802830219268799,13.549089431762695,1.0,1.0,1.0,1.0,1.0,1.0,1.0,1.0,1.0,1.0,1.0,1.0,1.0,1.0,1.0,1.0,1,D2::D2-Q088,1.0
D2,D2-Q089,exact_fact,normal,advanced,768,63,193536,1.4802830219268799,14.415740966796875,1.0,1.0,1.0,1.0,1.0,1.0,1.0,1.0,1.0,1.0,1.0,1.0,1.0,1.0,1.0,1.0,1,D2::D2-Q089,1.0
D2,D2-Q090,procedural,normal,advanced,768,63,193536,1.4802830219268799,14.041900634765625,1.0,1.0,1.0,1.0,1.0,1.0,1.0,1.0,1.0,1.0,1.0,1.0,1.0,1.0,1.0,1.0,1,D2::D2-Q090,1.0
D2,D2-Q091,exact_fact,normal,advanced,768,63,193536,1.4802830219268799,13.578653335571289,1.0,1.0,1.0,1.0,1.0,1.0,1.0,1.0,1.0,1.0,1.0,1.0,1.0,1.0,1.0,1.0,1,D2::D2-Q091,1.0
D2,D2-Q092,conditional_exception,normal,advanced,768,63,193536,1.4802830219268799,15.140771865844727,1.0,1.0,1.0,1.0,1.0,1.0,1.0,1.0,1.0,1.0,1.0,1.0,1.0,1.0,1.0,1.0,1,D2::D2-Q092,1.0
D2,D2-Q093,procedural,normal,advanced,768,63,193536,1.4802830219268799,14.224052429199219,1.0,1.0,1.0,1.0,1.0,1.0,1.0,1.0,1.0,1.0,1.0,1.0,1.0,1.0,1.0,1.0,1,D2::D2-Q093,1.0
D2,D2-Q094,procedural,normal,advanced,768,63,193536,1.4802830219268799,15.365123748779297,1.0,1.0,1.0,1.0,1.0,1.0,1.0,1.0,1.0,1.0,1.0,1.0,1.0,1.0,1.0,1.0,1,D2::D2-Q094,1.0
D2,D2-Q095,procedural,normal,advanced,768,63,193536,1.4802830219268799,14.112234115600586,0.0,0.0,0.0,0.0,0.0,0.0,0.0,0.0,0.0,0.0,0.0,0.0,0.0,0.0,0.0,0.0,0,D2::D2-Q095,0.0
D2,D2-Q096,negative_query,normal,advanced,768,63,193536,1.4802830219268799,13.684749603271484,0.0,0.0,0.0,0.0,0.0,0.0,0.0,0.0,0.0,0.0,0.0,0.0,0.0,0.0,0.0,0.0,0,D2::D2-Q096,0.0
D2,D2-Q097,numerical,normal,advanced,768,63,193536,1.4802830219268799,15.511512756347656,1.0,1.0,1.0,1.0,1.0,1.0,1.0,1.0,1.0,1.0,1.0,1.0,1.0,1.0,1.0,1.0,1,D2::D2-Q097,1.0
D2,D2-Q098,procedural,normal,advanced,768,63,193536,1.4802830219268799,14.05477523803711,1.0,1.0,1.0,1.0,1.0,1.0,1.0,1.0,1.0,1.0,1.0,1.0,1.0,1.0,1.0,1.0,1,D2::D2-Q098,1.0
D2,D2-Q099,procedural,normal,advanced,768,63,193536,1.4802830219268799,15.352010726928711,1.0,1.0,1.0,1.0,1.0,1.0,1.0,1.0,1.0,1.0,1.0,1.0,1.0,1.0,1.0,1.0,1,D2::D2-Q099,1.0
D2,D2-Q100,conditional_exception,normal,advanced,768,63,193536,1.4802830219268799,14.734745025634766,0.0,0.0,0.0,1.0,1.0,1.0,1.0,1.0,1.0,1.0,1.0,1.0,0.5,0.6309297535714575,0.6309297535714575,1.0,1,D2::D2-Q100,1.0
D2,D2-Q101,temporal,normal,advanced,768,63,193536,1.4802830219268799,16.58177375793457,0.0,0.0,0.0,1.0,1.0,1.0,1.0,1.0,1.0,1.0,1.0,1.0,0.3333333333333333,0.5,0.5,1.0,1,D2::D2-Q101,1.0
D2,D2-Q102,numerical,normal,advanced,768,63,193536,1.4802830219268799,15.665531158447266,0.0,0.0,0.0,0.0,0.0,0.0,1.0,1.0,1.0,1.0,1.0,1.0,0.2,0.38685280723454163,0.38685280723454163,1.0,1,D2::D2-Q102,1.0
D2,D2-Q103,negation,normal,advanced,768,63,193536,1.4802830219268799,14.873027801513672,1.0,1.0,1.0,1.0,1.0,1.0,1.0,1.0,1.0,1.0,1.0,1.0,1.0,1.0,1.0,1.0,1,D2::D2-Q103,1.0
D2,D2-Q104,list_membership,normal,advanced,768,63,193536,1.4802830219268799,15.58542251586914,0.0,0.0,0.0,0.0,0.0,0.0,1.0,1.0,1.0,1.0,1.0,1.0,0.25,0.43067655807339306,0.43067655807339306,1.0,1,D2::D2-Q104,1.0
D2,D2-Q105,table_lookup,normal,advanced,768,63,193536,1.4802830219268799,17.017602920532227,0.0,0.0,0.0,0.0,0.0,0.0,1.0,1.0,1.0,1.0,1.0,1.0,0.25,0.43067655807339306,0.43067655807339306,1.0,1,D2::D2-Q105,1.0
D2,D2-Q106,table_lookup,normal,advanced,768,63,193536,1.4802830219268799,17.412185668945312,0.0,0.0,0.0,0.0,0.0,0.0,1.0,1.0,1.0,1.0,1.0,1.0,0.25,0.43067655807339306,0.43067655807339306,1.0,1,D2::D2-Q106,1.0
D2,D2-Q107,table_lookup,normal,advanced,768,63,193536,1.4802830219268799,16.179323196411133,0.0,0.0,0.0,0.0,0.0,0.0,1.0,1.0,1.0,1.0,1.0,1.0,0.2,0.38685280723454163,0.38685280723454163,1.0,1,D2::D2-Q107,1.0
D2,D2-Q108,paraphrase,normal,advanced,768,63,193536,1.4802830219268799,16.19863510131836,0.0,0.0,0.0,1.0,1.0,1.0,1.0,1.0,1.0,1.0,1.0,1.0,0.5,0.6309297535714575,0.6309297535714575,1.0,1,D2::D2-Q108,1.0
D2,D2-Q109,procedural,normal,advanced,768,63,193536,1.4802830219268799,14.528989791870117,1.0,1.0,1.0,1.0,1.0,1.0,1.0,1.0,1.0,1.0,1.0,1.0,1.0,1.0,1.0,1.0,1,D2::D2-Q109,1.0
D2,D2-Q110,exact_fact,normal,advanced,768,63,193536,1.4802830219268799,15.986204147338867,0.0,0.0,0.0,1.0,1.0,1.0,1.0,1.0,1.0,1.0,1.0,1.0,0.5,0.6309297535714575,0.6309297535714575,1.0,1,D2::D2-Q110,1.0
D2,D2-Q111,procedural,normal,advanced,768,63,193536,1.4802830219268799,14.433622360229492,1.0,1.0,1.0,1.0,1.0,1.0,1.0,1.0,1.0,1.0,1.0,1.0,1.0,1.0,1.0,1.0,1,D2::D2-Q111,1.0
D2,D2-Q112,temporal,normal,advanced,768,63,193536,1.4802830219268799,14.039993286132812,1.0,1.0,1.0,1.0,1.0,1.0,1.0,1.0,1.0,1.0,1.0,1.0,1.0,1.0,1.0,1.0,1,D2::D2-Q112,1.0
D2,D2-Q113,procedural,normal,advanced,768,63,193536,1.4802830219268799,14.250516891479492,1.0,1.0,1.0,1.0,1.0,1.0,1.0,1.0,1.0,1.0,1.0,1.0,1.0,1.0,1.0,1.0,1,D2::D2-Q113,1.0
D2,D2-Q114,exact_fact,normal,advanced,768,63,193536,1.4802830219268799,14.324188232421875,0.0,0.0,0.0,0.0,0.0,0.0,1.0,1.0,1.0,1.0,1.0,1.0,0.2,0.38685280723454163,0.38685280723454163,1.0,1,D2::D2-Q114,1.0
D2,D2-Q115,exact_fact,normal,advanced,768,63,193536,1.4802830219268799,18.111705780029297,1.0,1.0,1.0,1.0,1.0,1.0,1.0,1.0,1.0,1.0,1.0,1.0,1.0,1.0,1.0,1.0,1,D2::D2-Q115,1.0
D2,D2-Q116,exact_fact,normal,advanced,768,63,193536,1.4802830219268799,28.174161911010742,1.0,1.0,1.0,1.0,1.0,1.0,1.0,1.0,1.0,1.0,1.0,1.0,1.0,1.0,1.0,1.0,1,D2::D2-Q116,1.0
D2,D2-Q117,conditional_exception,normal,advanced,768,63,193536,1.4802830219268799,25.00128746032715,1.0,1.0,1.0,1.0,1.0,1.0,1.0,1.0,1.0,1.0,1.0,1.0,1.0,1.0,1.0,1.0,1,D2::D2-Q117,1.0
D2,D2-Q118,procedural,normal,advanced,768,63,193536,1.4802830219268799,21.704435348510742,1.0,1.0,1.0,1.0,1.0,1.0,1.0,1.0,1.0,1.0,1.0,1.0,1.0,1.0,1.0,1.0,1,D2::D2-Q118,1.0
D2,D2-Q119,exact_fact,normal,advanced,768,63,193536,1.4802830219268799,22.409915924072266,0.0,0.0,0.0,0.0,0.0,0.0,0.0,0.0,0.0,0.0,0.0,0.0,0.0,0.0,0.0,0.0,0,D2::D2-Q119,0.0
D2,D2-Q120,negation,normal,advanced,768,63,193536,1.4802830219268799,21.697521209716797,0.0,0.0,0.0,1.0,1.0,1.0,1.0,1.0,1.0,1.0,1.0,1.0,0.5,0.6309297535714575,0.6309297535714575,1.0,1,D2::D2-Q120,1.0
D2,D2-Q121,exact_fact,normal,advanced,768,63,193536,1.4802830219268799,22.719383239746094,1.0,1.0,1.0,1.0,1.0,1.0,1.0,1.0,1.0,1.0,1.0,1.0,1.0,1.0,1.0,1.0,1,D2::D2-Q121,1.0
D2,D2-Q122,exact_fact,normal,advanced,768,63,193536,1.4802830219268799,18.02349090576172,0.0,0.0,0.0,1.0,1.0,1.0,1.0,1.0,1.0,1.0,1.0,1.0,0.5,0.6309297535714575,0.6309297535714575,1.0,1,D2::D2-Q122,1.0
D2,D2-Q123,paraphrase,normal,advanced,768,63,193536,1.4802830219268799,14.367818832397461,0.0,0.0,0.0,0.0,0.0,0.0,1.0,1.0,1.0,1.0,1.0,1.0,0.25,0.43067655807339306,0.43067655807339306,1.0,1,D2::D2-Q123,1.0
D2,D2-Q124,exact_fact,normal,advanced,768,63,193536,1.4802830219268799,15.24806022644043,0.0,0.0,0.0,1.0,1.0,1.0,1.0,1.0,1.0,1.0,1.0,1.0,0.5,0.6309297535714575,0.6309297535714575,1.0,1,D2::D2-Q124,1.0
D2,D2-Q125,procedural,normal,advanced,768,63,193536,1.4802830219268799,13.591766357421875,0.0,0.0,0.0,0.0,0.0,0.0,0.0,0.0,0.0,1.0,1.0,1.0,0.14285714285714285,0.0,0.3333333333333333,1.0,1,D2::D2-Q125,1.0
D2,D2-Q126,conditional_exception,normal,advanced,768,63,193536,1.4802830219268799,13.89622688293457,1.0,1.0,1.0,1.0,1.0,1.0,1.0,1.0,1.0,1.0,1.0,1.0,1.0,1.0,1.0,1.0,1,D2::D2-Q126,1.0
D2,D2-Q127,paraphrase,normal,advanced,768,63,193536,1.4802830219268799,14.003515243530273,1.0,1.0,1.0,1.0,1.0,1.0,1.0,1.0,1.0,1.0,1.0,1.0,1.0,1.0,1.0,1.0,1,D2::D2-Q127,1.0
D2,D2-Q128,paraphrase,normal,advanced,768,63,193536,1.4802830219268799,13.811826705932617,1.0,1.0,1.0,1.0,1.0,1.0,1.0,1.0,1.0,1.0,1.0,1.0,1.0,1.0,1.0,1.0,1,D2::D2-Q128,1.0
D2,D2-Q129,table_lookup,normal,advanced,768,63,193536,1.4802830219268799,13.764142990112305,1.0,1.0,1.0,1.0,1.0,1.0,1.0,1.0,1.0,1.0,1.0,1.0,1.0,1.0,1.0,1.0,1,D2::D2-Q129,1.0
D2,D2-Q130,table_lookup,normal,advanced,768,63,193536,1.4802830219268799,13.848304748535156,0.0,0.0,0.0,1.0,1.0,1.0,1.0,1.0,1.0,1.0,1.0,1.0,0.3333333333333333,0.5,0.5,1.0,1,D2::D2-Q130,1.0
D2,D2-Q131,table_lookup,normal,advanced,768,63,193536,1.4802830219268799,14.007329940795898,0.0,0.0,0.0,0.0,0.0,0.0,0.0,0.0,0.0,0.0,0.0,0.0,0.0,0.0,0.0,0.0,0,D2::D2-Q131,0.0
D2,D2-Q132,table_lookup,normal,advanced,768,63,193536,1.4802830219268799,14.451026916503906,0.0,0.0,0.0,1.0,1.0,1.0,1.0,1.0,1.0,1.0,1.0,1.0,0.3333333333333333,0.5,0.5,1.0,1,D2::D2-Q132,1.0
D2,D2-Q133,table_lookup,normal,advanced,768,63,193536,1.4802830219268799,15.079736709594727,0.0,0.0,0.0,0.0,0.0,0.0,0.0,0.0,0.0,1.0,1.0,1.0,0.125,0.0,0.31546487678572877,1.0,1,D2::D2-Q133,1.0
D2,D2-Q134,table_lookup,normal,advanced,768,63,193536,1.4802830219268799,14.37997817993164,1.0,1.0,1.0,1.0,1.0,1.0,1.0,1.0,1.0,1.0,1.0,1.0,1.0,1.0,1.0,1.0,1,D2::D2-Q134,1.0
D2,D2-Q135,table_lookup,normal,advanced,768,63,193536,1.4802830219268799,14.63174819946289,1.0,1.0,1.0,1.0,1.0,1.0,1.0,1.0,1.0,1.0,1.0,1.0,1.0,1.0,1.0,1.0,1,D2::D2-Q135,1.0
D2,D2-Q136,table_context,normal,advanced,768,63,193536,1.4802830219268799,15.25115966796875,0.0,0.0,0.0,1.0,1.0,1.0,1.0,1.0,1.0,1.0,1.0,1.0,0.3333333333333333,0.5,0.5,1.0,1,D2::D2-Q136,1.0
D2,D2-Q137,table_context,normal,advanced,768,63,193536,1.4802830219268799,14.611959457397461,0.0,0.0,0.0,1.0,1.0,1.0,1.0,1.0,1.0,1.0,1.0,1.0,0.5,0.6309297535714575,0.6309297535714575,1.0,1,D2::D2-Q137,1.0
D2,D2-Q138,table_context,normal,advanced,768,63,193536,1.4802830219268799,14.445304870605469,0.0,0.0,0.0,0.0,0.0,0.0,1.0,1.0,1.0,1.0,1.0,1.0,0.25,0.43067655807339306,0.43067655807339306,1.0,1,D2::D2-Q138,1.0
D2,D2-Q139,table_context,normal,advanced,768,63,193536,1.4802830219268799,14.411449432373047,0.0,0.0,0.0,0.0,0.0,0.0,1.0,1.0,1.0,1.0,1.0,1.0,0.2,0.38685280723454163,0.38685280723454163,1.0,1,D2::D2-Q139,1.0
D2,D2-Q140,table_context,normal,advanced,768,63,193536,1.4802830219268799,14.227151870727539,0.0,0.0,0.0,1.0,1.0,1.0,1.0,1.0,1.0,1.0,1.0,1.0,0.3333333333333333,0.5,0.5,1.0,1,D2::D2-Q140,1.0
D2,D2-Q141,table_context,normal,advanced,768,63,193536,1.4802830219268799,14.305353164672852,0.0,0.0,0.0,1.0,1.0,1.0,1.0,1.0,1.0,1.0,1.0,1.0,0.3333333333333333,0.5,0.5,1.0,1,D2::D2-Q141,1.0
D2,D2-Q142,table_context,normal,advanced,768,63,193536,1.4802830219268799,14.788627624511719,0.0,0.0,0.0,1.0,1.0,1.0,1.0,1.0,1.0,1.0,1.0,1.0,0.3333333333333333,0.5,0.5,1.0,1,D2::D2-Q142,1.0
D2,D2-Q143,table_context,normal,advanced,768,63,193536,1.4802830219268799,14.703750610351562,1.0,1.0,1.0,1.0,1.0,1.0,1.0,1.0,1.0,1.0,1.0,1.0,1.0,1.0,1.0,1.0,1,D2::D2-Q143,1.0
D2,D2-Q144,table_context,normal,advanced,768,63,193536,1.4802830219268799,14.18757438659668,1.0,1.0,1.0,1.0,1.0,1.0,1.0,1.0,1.0,1.0,1.0,1.0,1.0,1.0,1.0,1.0,1,D2::D2-Q144,1.0
D2,D2-Q145,table_context,normal,advanced,768,63,193536,1.4802830219268799,18.262386322021484,1.0,1.0,1.0,1.0,1.0,1.0,1.0,1.0,1.0,1.0,1.0,1.0,1.0,1.0,1.0,1.0,1,D2::D2-Q145,1.0
D2,D2-Q146,table_context,normal,advanced,768,63,193536,1.4802830219268799,17.58599281311035,1.0,1.0,1.0,1.0,1.0,1.0,1.0,1.0,1.0,1.0,1.0,1.0,1.0,1.0,1.0,1.0,1,D2::D2-Q146,1.0
D2,D2-Q147,table_context,normal,advanced,768,63,193536,1.4802830219268799,14.102935791015625,1.0,1.0,1.0,1.0,1.0,1.0,1.0,1.0,1.0,1.0,1.0,1.0,1.0,1.0,1.0,1.0,1,D2::D2-Q147,1.0
D2,D2-Q148,table_context,normal,advanced,768,63,193536,1.4802830219268799,15.964508056640625,1.0,1.0,1.0,1.0,1.0,1.0,1.0,1.0,1.0,1.0,1.0,1.0,1.0,1.0,1.0,1.0,1,D2::D2-Q148,1.0
D2,D2-Q149,table_context,normal,advanced,768,63,193536,1.4802830219268799,14.519453048706055,1.0,1.0,1.0,1.0,1.0,1.0,1.0,1.0,1.0,1.0,1.0,1.0,1.0,1.0,1.0,1.0,1,D2::D2-Q149,1.0
D2,D2-Q150,temporal,normal,advanced,768,63,193536,1.4802830219268799,14.071464538574219,1.0,1.0,1.0,1.0,1.0,1.0,1.0,1.0,1.0,1.0,1.0,1.0,1.0,1.0,1.0,1.0,1,D2::D2-Q150,1.0
D2,D2-Q151,table_context,normal,advanced,768,63,193536,1.4802830219268799,14.770984649658203,1.0,1.0,1.0,1.0,1.0,1.0,1.0,1.0,1.0,1.0,1.0,1.0,1.0,1.0,1.0,1.0,1,D2::D2-Q151,1.0
D2,D2-Q152,table_context,normal,advanced,768,63,193536,1.4802830219268799,14.75977897644043,1.0,1.0,1.0,1.0,1.0,1.0,1.0,1.0,1.0,1.0,1.0,1.0,1.0,1.0,1.0,1.0,1,D2::D2-Q152,1.0
D2,D2-Q153,table_context,normal,advanced,768,63,193536,1.4802830219268799,14.426708221435547,1.0,1.0,1.0,1.0,1.0,1.0,1.0,1.0,1.0,1.0,1.0,1.0,1.0,1.0,1.0,1.0,1,D2::D2-Q153,1.0
D2,D2-Q154,table_context,normal,advanced,768,63,193536,1.4802830219268799,17.86208152770996,1.0,1.0,1.0,1.0,1.0,1.0,1.0,1.0,1.0,1.0,1.0,1.0,1.0,1.0,1.0,1.0,1,D2::D2-Q154,1.0
D2,D2-Q155,table_context,normal,advanced,768,63,193536,1.4802830219268799,15.163421630859375,1.0,1.0,1.0,1.0,1.0,1.0,1.0,1.0,1.0,1.0,1.0,1.0,1.0,1.0,1.0,1.0,1,D2::D2-Q155,1.0
D2,D2-Q156,table_context,normal,advanced,768,63,193536,1.4802830219268799,14.826059341430664,1.0,1.0,1.0,1.0,1.0,1.0,1.0,1.0,1.0,1.0,1.0,1.0,1.0,1.0,1.0,1.0,1,D2::D2-Q156,1.0
D2,D2-Q157,table_context,normal,advanced,768,63,193536,1.4802830219268799,16.400814056396484,0.0,0.0,0.0,1.0,1.0,1.0,1.0,1.0,1.0,1.0,1.0,1.0,0.5,0.6309297535714575,0.6309297535714575,1.0,1,D2::D2-Q157,1.0
D2,D2-Q158,table_context,normal,advanced,768,63,193536,1.4802830219268799,14.430761337280273,1.0,1.0,1.0,1.0,1.0,1.0,1.0,1.0,1.0,1.0,1.0,1.0,1.0,1.0,1.0,1.0,1,D2::D2-Q158,1.0
D2,D2-Q159,table_context,normal,advanced,768,63,193536,1.4802830219268799,14.489173889160156,1.0,1.0,1.0,1.0,1.0,1.0,1.0,1.0,1.0,1.0,1.0,1.0,1.0,1.0,1.0,1.0,1,D2::D2-Q159,1.0
D2,D2-Q160,table_context,normal,advanced,768,63,193536,1.4802830219268799,14.930248260498047,1.0,1.0,1.0,1.0,1.0,1.0,1.0,1.0,1.0,1.0,1.0,1.0,1.0,1.0,1.0,1.0,1,D2::D2-Q160,1.0
D2,D2-Q161,table_context,normal,advanced,768,63,193536,1.4802830219268799,14.391899108886719,1.0,1.0,1.0,1.0,1.0,1.0,1.0,1.0,1.0,1.0,1.0,1.0,1.0,1.0,1.0,1.0,1,D2::D2-Q161,1.0
D2,D2-Q162,table_context,normal,advanced,768,63,193536,1.4802830219268799,14.535903930664062,1.0,1.0,1.0,1.0,1.0,1.0,1.0,1.0,1.0,1.0,1.0,1.0,1.0,1.0,1.0,1.0,1,D2::D2-Q162,1.0
D2,D2-Q163,table_context,normal,advanced,768,63,193536,1.4802830219268799,14.582395553588867,1.0,1.0,1.0,1.0,1.0,1.0,1.0,1.0,1.0,1.0,1.0,1.0,1.0,1.0,1.0,1.0,1,D2::D2-Q163,1.0
D2,D2-Q164,table_context,normal,advanced,768,63,193536,1.4802830219268799,14.485836029052734,1.0,1.0,1.0,1.0,1.0,1.0,1.0,1.0,1.0,1.0,1.0,1.0,1.0,1.0,1.0,1.0,1,D2::D2-Q164,1.0
D2,D2-Q165,table_context,normal,advanced,768,63,193536,1.4802830219268799,14.766216278076172,0.0,0.0,0.0,0.0,0.0,0.0,1.0,1.0,1.0,1.0,1.0,1.0,0.25,0.43067655807339306,0.43067655807339306,1.0,1,D2::D2-Q165,1.0
D2,D2-Q166,table_context,normal,advanced,768,63,193536,1.4802830219268799,14.28532600402832,0.0,0.0,0.0,1.0,1.0,1.0,1.0,1.0,1.0,1.0,1.0,1.0,0.3333333333333333,0.5,0.5,1.0,1,D2::D2-Q166,1.0
D2,D2-Q167,table_context,normal,advanced,768,63,193536,1.4802830219268799,15.002012252807617,0.0,0.0,0.0,1.0,1.0,1.0,1.0,1.0,1.0,1.0,1.0,1.0,0.3333333333333333,0.5,0.5,1.0,1,D2::D2-Q167,1.0
D2,D2-Q168,table_context,normal,advanced,768,63,193536,1.4802830219268799,15.00248908996582,1.0,1.0,1.0,1.0,1.0,1.0,1.0,1.0,1.0,1.0,1.0,1.0,1.0,1.0,1.0,1.0,1,D2::D2-Q168,1.0
D2,D2-Q169,table_context,normal,advanced,768,63,193536,1.4802830219268799,15.893697738647461,1.0,1.0,1.0,1.0,1.0,1.0,1.0,1.0,1.0,1.0,1.0,1.0,1.0,1.0,1.0,1.0,1,D2::D2-Q169,1.0
D2,D2-Q170,table_context,normal,advanced,768,63,193536,1.4802830219268799,14.924287796020508,1.0,1.0,1.0,1.0,1.0,1.0,1.0,1.0,1.0,1.0,1.0,1.0,1.0,1.0,1.0,1.0,1,D2::D2-Q170,1.0
D2,D2-Q171,table_context,normal,advanced,768,63,193536,1.4802830219268799,16.423940658569336,1.0,1.0,1.0,1.0,1.0,1.0,1.0,1.0,1.0,1.0,1.0,1.0,1.0,1.0,1.0,1.0,1,D2::D2-Q171,1.0
D2,D2-Q172,table_context,normal,advanced,768,63,193536,1.4802830219268799,14.168024063110352,0.0,0.0,0.0,1.0,1.0,1.0,1.0,1.0,1.0,1.0,1.0,1.0,0.5,0.6309297535714575,0.6309297535714575,1.0,1,D2::D2-Q172,1.0
D2,D2-Q173,table_context,normal,advanced,768,63,193536,1.4802830219268799,15.060186386108398,0.0,0.0,0.0,1.0,1.0,1.0,1.0,1.0,1.0,1.0,1.0,1.0,0.5,0.6309297535714575,0.6309297535714575,1.0,1,D2::D2-Q173,1.0
D2,D2-Q174,table_context,normal,advanced,768,63,193536,1.4802830219268799,14.527320861816406,0.0,0.0,0.0,1.0,1.0,1.0,1.0,1.0,1.0,1.0,1.0,1.0,0.5,0.6309297535714575,0.6309297535714575,1.0,1,D2::D2-Q174,1.0
D2,D2-Q175,table_context,normal,advanced,768,63,193536,1.4802830219268799,14.19210433959961,0.0,0.0,0.0,1.0,1.0,1.0,1.0,1.0,1.0,1.0,1.0,1.0,0.5,0.6309297535714575,0.6309297535714575,1.0,1,D2::D2-Q175,1.0
D2,D2-Q176,table_context,normal,advanced,768,63,193536,1.4802830219268799,15.642881393432617,0.0,0.0,0.0,1.0,1.0,1.0,1.0,1.0,1.0,1.0,1.0,1.0,0.5,0.6309297535714575,0.6309297535714575,1.0,1,D2::D2-Q176,1.0
D2,D2-Q177,table_context,normal,advanced,768,63,193536,1.4802830219268799,14.47606086730957,1.0,1.0,1.0,1.0,1.0,1.0,1.0,1.0,1.0,1.0,1.0,1.0,1.0,1.0,1.0,1.0,1,D2::D2-Q177,1.0
D2,D2-Q178,table_context,normal,advanced,768,63,193536,1.4802830219268799,13.939857482910156,1.0,1.0,1.0,1.0,1.0,1.0,1.0,1.0,1.0,1.0,1.0,1.0,1.0,1.0,1.0,1.0,1,D2::D2-Q178,1.0
D2,D2-Q179,table_context,normal,advanced,768,63,193536,1.4802830219268799,18.811941146850586,1.0,1.0,1.0,1.0,1.0,1.0,1.0,1.0,1.0,1.0,1.0,1.0,1.0,1.0,1.0,1.0,1,D2::D2-Q179,1.0
D2,D2-Q180,table_context,normal,advanced,768,63,193536,1.4802830219268799,24.161815643310547,0.0,0.0,0.0,0.0,0.0,0.0,1.0,1.0,1.0,1.0,1.0,1.0,0.25,0.43067655807339306,0.43067655807339306,1.0,1,D2::D2-Q180,1.0
D2,D2-Q181,table_context,normal,advanced,768,63,193536,1.4802830219268799,14.892101287841797,1.0,1.0,1.0,1.0,1.0,1.0,1.0,1.0,1.0,1.0,1.0,1.0,1.0,1.0,1.0,1.0,1,D2::D2-Q181,1.0
D2,D2-Q182,table_context,normal,advanced,768,63,193536,1.4802830219268799,14.559507369995117,0.0,0.0,0.0,1.0,1.0,1.0,1.0,1.0,1.0,1.0,1.0,1.0,0.3333333333333333,0.5,0.5,1.0,1,D2::D2-Q182,1.0
D2,D2-Q183,procedural,normal,advanced,768,63,193536,1.4802830219268799,14.029502868652344,0.0,0.0,0.0,0.0,0.0,0.0,0.0,0.0,0.0,0.0,0.0,0.0,0.0,0.0,0.0,0.0,0,D2::D2-Q183,0.0
D2,D2-Q184,list_membership,normal,advanced,768,63,193536,1.4802830219268799,14.066934585571289,1.0,1.0,1.0,1.0,1.0,1.0,1.0,1.0,1.0,1.0,1.0,1.0,1.0,1.0,1.0,1.0,1,D2::D2-Q184,1.0
D2,D2-Q185,list_membership,normal,advanced,768,63,193536,1.4802830219268799,15.011072158813477,1.0,1.0,1.0,1.0,1.0,1.0,1.0,1.0,1.0,1.0,1.0,1.0,1.0,1.0,1.0,1.0,1,D2::D2-Q185,1.0
D2,D2-Q186,list_membership,normal,advanced,768,63,193536,1.4802830219268799,14.747381210327148,1.0,1.0,1.0,1.0,1.0,1.0,1.0,1.0,1.0,1.0,1.0,1.0,1.0,1.0,1.0,1.0,1,D2::D2-Q186,1.0
D2,D2-Q187,list_membership,normal,advanced,768,63,193536,1.4802830219268799,13.92364501953125,1.0,1.0,1.0,1.0,1.0,1.0,1.0,1.0,1.0,1.0,1.0,1.0,1.0,1.0,1.0,1.0,1,D2::D2-Q187,1.0
D2,D2-Q188,list_membership,normal,advanced,768,63,193536,1.4802830219268799,14.340639114379883,1.0,1.0,1.0,1.0,1.0,1.0,1.0,1.0,1.0,1.0,1.0,1.0,1.0,1.0,1.0,1.0,1,D2::D2-Q188,1.0
D2,D2-Q189,conditional_exception,normal,advanced,768,63,193536,1.4802830219268799,14.101505279541016,1.0,1.0,1.0,1.0,1.0,1.0,1.0,1.0,1.0,1.0,1.0,1.0,1.0,1.0,1.0,1.0,1,D2::D2-Q189,1.0
D2,D2-Q190,conditional_exception,normal,advanced,768,63,193536,1.4802830219268799,13.798952102661133,1.0,1.0,1.0,1.0,1.0,1.0,1.0,1.0,1.0,1.0,1.0,1.0,1.0,1.0,1.0,1.0,1,D2::D2-Q190,1.0
D2,D2-Q191,procedural,normal,advanced,768,63,193536,1.4802830219268799,13.864755630493164,1.0,1.0,1.0,1.0,1.0,1.0,1.0,1.0,1.0,1.0,1.0,1.0,1.0,1.0,1.0,1.0,1,D2::D2-Q191,1.0
D2,D2-Q192,exact_fact,normal,advanced,768,63,193536,1.4802830219268799,14.87278938293457,1.0,1.0,1.0,1.0,1.0,1.0,1.0,1.0,1.0,1.0,1.0,1.0,1.0,1.0,1.0,1.0,1,D2::D2-Q192,1.0
D2,D2-Q193,procedural,normal,advanced,768,63,193536,1.4802830219268799,13.904571533203125,1.0,1.0,1.0,1.0,1.0,1.0,1.0,1.0,1.0,1.0,1.0,1.0,1.0,1.0,1.0,1.0,1,D2::D2-Q193,1.0
D2,D2-Q194,conditional_exception,normal,advanced,768,63,193536,1.4802830219268799,14.274120330810547,1.0,1.0,1.0,1.0,1.0,1.0,1.0,1.0,1.0,1.0,1.0,1.0,1.0,1.0,1.0,1.0,1,D2::D2-Q194,1.0
D2,D2-Q195,conditional_exception,normal,advanced,768,63,193536,1.4802830219268799,14.222860336303711,1.0,1.0,1.0,1.0,1.0,1.0,1.0,1.0,1.0,1.0,1.0,1.0,1.0,1.0,1.0,1.0,1,D2::D2-Q195,1.0
D2,D2-Q196,exact_fact,normal,advanced,768,63,193536,1.4802830219268799,14.347553253173828,1.0,1.0,1.0,1.0,1.0,1.0,1.0,1.0,1.0,1.0,1.0,1.0,1.0,1.0,1.0,1.0,1,D2::D2-Q196,1.0
D2,D2-Q197,conditional_exception,normal,advanced,768,63,193536,1.4802830219268799,14.58120346069336,1.0,1.0,1.0,1.0,1.0,1.0,1.0,1.0,1.0,1.0,1.0,1.0,1.0,1.0,1.0,1.0,1,D2::D2-Q197,1.0
D2,D2-Q198,conditional_exception,normal,advanced,768,63,193536,1.4802830219268799,14.309883117675781,1.0,1.0,1.0,1.0,1.0,1.0,1.0,1.0,1.0,1.0,1.0,1.0,1.0,1.0,1.0,1.0,1,D2::D2-Q198,1.0
D2,D2-Q199,negation,normal,advanced,768,63,193536,1.4802830219268799,14.653682708740234,1.0,1.0,1.0,1.0,1.0,1.0,1.0,1.0,1.0,1.0,1.0,1.0,1.0,1.0,1.0,1.0,1,D2::D2-Q199,1.0
D2,D2-Q200,procedural,normal,advanced,768,63,193536,1.4802830219268799,14.051675796508789,1.0,1.0,1.0,1.0,1.0,1.0,1.0,1.0,1.0,1.0,1.0,1.0,1.0,1.0,1.0,1.0,1,D2::D2-Q200,1.0
D3,D3-Q001,exact_fact,normal,advanced,64,112,28672,3.2964799404144287,15.477418899536133,1.0,1.0,1.0,1.0,1.0,1.0,1.0,1.0,1.0,1.0,1.0,1.0,1.0,1.0,1.0,1.0,1,D3::D3-Q001,1.0
D3,D3-Q002,exact_fact,normal,advanced,64,112,28672,3.2964799404144287,14.154195785522461,1.0,1.0,1.0,1.0,1.0,1.0,1.0,1.0,1.0,1.0,1.0,1.0,1.0,1.0,1.0,1.0,1,D3::D3-Q002,1.0
D3,D3-Q003,negation,normal,advanced,64,112,28672,3.2964799404144287,15.552043914794922,1.0,1.0,1.0,1.0,1.0,1.0,1.0,1.0,1.0,1.0,1.0,1.0,1.0,1.0,1.0,1.0,1,D3::D3-Q003,1.0
D3,D3-Q004,conditional_exception,normal,advanced,64,112,28672,3.2964799404144287,15.325784683227539,0.5,1.0,0.0,0.5,1.0,0.0,1.0,1.0,1.0,1.0,1.0,1.0,1.0,0.8503449055347546,0.8503449055347546,1.0,2,D3::D3-Q004,1.0
D3,D3-Q005,negative_query,normal,advanced,64,112,28672,3.2964799404144287,14.33110237121582,1.0,1.0,1.0,1.0,1.0,1.0,1.0,1.0,1.0,1.0,1.0,1.0,1.0,1.0,1.0,1.0,1,D3::D3-Q005,1.0
D3,D3-Q006,exact_fact,normal,advanced,64,112,28672,3.2964799404144287,15.646934509277344,1.0,1.0,1.0,1.0,1.0,1.0,1.0,1.0,1.0,1.0,1.0,1.0,1.0,1.0,1.0,1.0,1,D3::D3-Q006,1.0
D3,D3-Q007,exact_fact,normal,advanced,64,112,28672,3.2964799404144287,14.939308166503906,1.0,1.0,1.0,1.0,1.0,1.0,1.0,1.0,1.0,1.0,1.0,1.0,1.0,1.0,1.0,1.0,1,D3::D3-Q007,1.0
D3,D3-Q008,exact_fact,normal,advanced,64,112,28672,3.2964799404144287,16.605615615844727,0.0,0.0,0.0,0.0,0.0,0.0,0.0,0.0,0.0,0.0,0.0,0.0,0.0,0.0,0.0,0.0,0,D3::D3-Q008,0.0
D3,D3-Q009,exact_fact,normal,advanced,64,112,28672,3.2964799404144287,14.854907989501953,0.0,0.0,0.0,0.0,0.0,0.0,0.0,0.0,0.0,0.0,0.0,0.0,0.0,0.0,0.0,0.0,0,D3::D3-Q009,0.0
D3,D3-Q010,exact_fact,normal,advanced,64,112,28672,3.2964799404144287,14.322996139526367,0.0,0.0,0.0,0.0,0.0,0.0,0.0,0.0,0.0,0.0,0.0,0.0,0.0,0.0,0.0,0.0,0,D3::D3-Q010,0.0
D3,D3-Q011,exact_fact,normal,advanced,64,112,28672,3.2964799404144287,15.991926193237305,0.0,0.0,0.0,0.0,0.0,0.0,0.0,0.0,0.0,0.0,0.0,0.0,0.0,0.0,0.0,0.0,0,D3::D3-Q011,0.0
D3,D3-Q012,list_membership,normal,advanced,64,112,28672,3.2964799404144287,14.454364776611328,0.0,0.0,0.0,0.0,0.0,0.0,0.0,0.0,0.0,0.0,0.0,0.0,0.0,0.0,0.0,0.0,0,D3::D3-Q012,0.0
D3,D3-Q013,exact_fact,normal,advanced,64,112,28672,3.2964799404144287,14.421224594116211,0.0,0.0,0.0,0.0,0.0,0.0,0.0,0.0,0.0,0.0,0.0,0.0,0.0,0.0,0.0,0.0,0,D3::D3-Q013,0.0
D3,D3-Q014,exact_fact,normal,advanced,64,112,28672,3.2964799404144287,14.873743057250977,0.0,0.0,0.0,0.0,0.0,0.0,0.0,0.0,0.0,0.0,0.0,0.0,0.0,0.0,0.0,0.0,0,D3::D3-Q014,0.0
D3,D3-Q015,exact_fact,normal,advanced,64,112,28672,3.2964799404144287,15.07568359375,0.0,0.0,0.0,1.0,1.0,1.0,1.0,1.0,1.0,1.0,1.0,1.0,0.5,0.6309297535714575,0.6309297535714575,1.0,1,D3::D3-Q015,1.0
D3,D3-Q016,exact_fact,normal,advanced,64,112,28672,3.2964799404144287,13.897180557250977,0.0,0.0,0.0,0.0,0.0,0.0,0.0,0.0,0.0,0.0,0.0,0.0,0.0,0.0,0.0,0.0,0,D3::D3-Q016,0.0
D3,D3-Q017,exact_fact,normal,advanced,64,112,28672,3.2964799404144287,14.215230941772461,0.0,0.0,0.0,0.0,0.0,0.0,0.0,0.0,0.0,0.0,0.0,0.0,0.0,0.0,0.0,0.0,0,D3::D3-Q017,0.0
D3,D3-Q018,exact_fact,normal,advanced,64,112,28672,3.2964799404144287,15.236854553222656,0.0,0.0,0.0,0.0,0.0,0.0,0.0,0.0,0.0,1.0,1.0,1.0,0.14285714285714285,0.0,0.3333333333333333,1.0,1,D3::D3-Q018,1.0
D3,D3-Q019,exact_fact,normal,advanced,64,112,28672,3.2964799404144287,14.425277709960938,1.0,1.0,1.0,1.0,1.0,1.0,1.0,1.0,1.0,1.0,1.0,1.0,1.0,1.0,1.0,1.0,1,D3::D3-Q019,1.0
D3,D3-Q020,exact_fact,normal,advanced,64,112,28672,3.2964799404144287,14.716625213623047,1.0,1.0,1.0,1.0,1.0,1.0,1.0,1.0,1.0,1.0,1.0,1.0,1.0,1.0,1.0,1.0,1,D3::D3-Q020,1.0
D3,D3-Q021,exact_fact,normal,advanced,64,112,28672,3.2964799404144287,14.44101333618164,0.0,0.0,0.0,0.0,0.0,0.0,0.0,0.0,0.0,0.0,0.0,0.0,0.0,0.0,0.0,0.0,0,D3::D3-Q021,0.0
D3,D3-Q022,exact_fact,normal,advanced,64,112,28672,3.2964799404144287,13.846397399902344,1.0,1.0,1.0,1.0,1.0,1.0,1.0,1.0,1.0,1.0,1.0,1.0,1.0,1.0,1.0,1.0,1,D3::D3-Q022,1.0
D3,D3-Q023,exact_fact,normal,advanced,64,112,28672,3.2964799404144287,13.653755187988281,0.0,0.0,0.0,0.0,0.0,0.0,0.0,0.0,0.0,0.0,0.0,0.0,0.0,0.0,0.0,0.0,0,D3::D3-Q023,0.0
D3,D3-Q024,exact_fact,normal,advanced,64,112,28672,3.2964799404144287,13.641595840454102,0.0,0.0,0.0,0.0,0.0,0.0,0.0,0.0,0.0,0.0,0.0,0.0,0.0,0.0,0.0,0.0,0,D3::D3-Q024,0.0
D3,D3-Q025,exact_fact,normal,advanced,64,112,28672,3.2964799404144287,14.803409576416016,0.5,1.0,0.0,0.5,1.0,0.0,0.5,1.0,0.0,1.0,1.0,1.0,1.0,0.6131471927654584,0.8175295903539445,1.0,2,D3::D3-Q025,1.0
D3,D3-Q026,exact_fact,normal,advanced,64,112,28672,3.2964799404144287,13.790130615234375,1.0,1.0,1.0,1.0,1.0,1.0,1.0,1.0,1.0,1.0,1.0,1.0,1.0,1.0,1.0,1.0,1,D3::D3-Q026,1.0
D3,D3-Q027,exact_fact,normal,advanced,64,112,28672,3.2964799404144287,15.822649002075195,1.0,1.0,1.0,1.0,1.0,1.0,1.0,1.0,1.0,1.0,1.0,1.0,1.0,1.4078361780682693,1.4078361780682693,1.0,3,D3::D3-Q027,1.0
D3,D3-Q028,exact_fact,normal,advanced,64,112,28672,3.2964799404144287,16.91889762878418,0.0,0.0,0.0,1.0,1.0,1.0,1.0,1.0,1.0,1.0,1.0,1.0,0.3333333333333333,0.5,0.5,1.0,1,D3::D3-Q028,1.0
D3,D3-Q029,exact_fact,normal,advanced,64,112,28672,3.2964799404144287,25.67124366760254,0.0,0.0,0.0,0.0,0.0,0.0,0.0,0.0,0.0,1.0,1.0,1.0,0.14285714285714285,0.0,0.46927872602275644,1.0,3,D3::D3-Q029,1.0
D3,D3-Q030,exact_fact,normal,advanced,64,112,28672,3.2964799404144287,16.9985294342041,1.0,1.0,1.0,1.0,1.0,1.0,1.0,1.0,1.0,1.0,1.0,1.0,1.0,1.0,1.0,1.0,1,D3::D3-Q030,1.0
D3,D3-Q031,exact_fact,normal,advanced,64,112,28672,3.2964799404144287,13.896465301513672,1.0,1.0,1.0,1.0,1.0,1.0,1.0,1.0,1.0,1.0,1.0,1.0,1.0,1.0,1.0,1.0,1,D3::D3-Q031,1.0
D3,D3-Q032,exact_fact,normal,advanced,64,112,28672,3.2964799404144287,13.815879821777344,1.0,1.0,1.0,1.0,1.0,1.0,1.0,1.0,1.0,1.0,1.0,1.0,1.0,1.0,1.0,1.0,1,D3::D3-Q032,1.0
D3,D3-Q033,exact_fact,normal,advanced,64,112,28672,3.2964799404144287,13.971090316772461,1.0,1.0,1.0,1.0,1.0,1.0,1.0,1.0,1.0,1.0,1.0,1.0,1.0,1.0,1.0,1.0,1,D3::D3-Q033,1.0
D3,D3-Q034,exact_fact,normal,advanced,64,112,28672,3.2964799404144287,14.890432357788086,0.0,0.0,0.0,0.0,0.0,0.0,0.0,0.0,0.0,1.0,1.0,1.0,0.1,0.0,0.2890648263178879,1.0,1,D3::D3-Q034,1.0
D3,D3-Q035,exact_fact,normal,advanced,64,112,28672,3.2964799404144287,14.384269714355469,1.0,1.0,1.0,1.0,1.0,1.0,1.0,1.0,1.0,1.0,1.0,1.0,1.0,1.0,1.0,1.0,1,D3::D3-Q035,1.0
D3,D3-Q036,exact_fact,normal,advanced,64,112,28672,3.2964799404144287,14.295578002929688,0.0,0.0,0.0,0.0,0.0,0.0,0.0,0.0,0.0,0.0,0.0,0.0,0.0,0.0,0.0,0.0,0,D3::D3-Q036,0.0
D3,D3-Q037,exact_fact,normal,advanced,64,112,28672,3.2964799404144287,15.159845352172852,0.0,0.0,0.0,0.0,0.0,0.0,0.0,0.0,0.0,0.0,0.0,0.0,0.0,0.0,0.0,0.0,0,D3::D3-Q037,0.0
D3,D3-Q038,exact_fact,normal,advanced,64,112,28672,3.2964799404144287,14.361381530761719,1.0,1.0,1.0,1.0,1.0,1.0,1.0,1.0,1.0,1.0,1.0,1.0,1.0,1.0,1.0,1.0,1,D3::D3-Q038,1.0
D3,D3-Q039,list_membership,normal,advanced,64,112,28672,3.2964799404144287,14.194488525390625,0.4,1.0,0.0,1.0,1.0,1.0,1.0,1.0,1.0,1.0,1.0,1.0,1.0,1.320279204750815,1.320279204750815,1.0,5,D3::D3-Q039,1.0
D3,D3-Q040,negation,normal,advanced,64,112,28672,3.2964799404144287,14.349699020385742,1.0,1.0,1.0,1.0,1.0,1.0,1.0,1.0,1.0,1.0,1.0,1.0,1.0,1.0,1.0,1.0,1,D3::D3-Q040,1.0
D3,D3-Q041,exact_fact,normal,advanced,64,112,28672,3.2964799404144287,13.613224029541016,1.0,1.0,1.0,1.0,1.0,1.0,1.0,1.0,1.0,1.0,1.0,1.0,1.0,1.0,1.0,1.0,1,D3::D3-Q041,1.0
D3,D3-Q042,conditional_exception,normal,advanced,64,112,28672,3.2964799404144287,14.181375503540039,1.0,1.0,1.0,1.0,1.0,1.0,1.0,1.0,1.0,1.0,1.0,1.0,1.0,1.4078361780682693,1.4078361780682693,1.0,3,D3::D3-Q042,1.0
D3,D3-Q043,list_membership,normal,advanced,64,112,28672,3.2964799404144287,14.438867568969727,1.0,1.0,1.0,1.0,1.0,1.0,1.0,1.0,1.0,1.0,1.0,1.0,1.0,1.0,1.0,1.0,1,D3::D3-Q043,1.0
D3,D3-Q044,temporal,normal,advanced,64,112,28672,3.2964799404144287,13.862848281860352,0.0,0.0,0.0,0.0,0.0,0.0,0.0,0.0,0.0,0.0,0.0,0.0,0.0,0.0,0.0,0.0,0,D3::D3-Q044,0.0
D3,D3-Q045,negation,normal,advanced,64,112,28672,3.2964799404144287,15.268564224243164,0.0,0.0,0.0,0.0,0.0,0.0,0.0,0.0,0.0,1.0,1.0,1.0,0.16666666666666666,0.0,0.3562071871080222,1.0,1,D3::D3-Q045,1.0
D3,D3-Q046,exact_fact,normal,advanced,64,112,28672,3.2964799404144287,15.028953552246094,0.0,0.0,0.0,1.0,1.0,1.0,1.0,1.0,1.0,1.0,1.0,1.0,0.5,0.6309297535714575,0.6309297535714575,1.0,1,D3::D3-Q046,1.0
D3,D3-Q047,numerical,normal,advanced,64,112,28672,3.2964799404144287,14.2974853515625,0.0,0.0,0.0,1.0,1.0,1.0,1.0,1.0,1.0,1.0,1.0,1.0,0.3333333333333333,0.5,0.5,1.0,1,D3::D3-Q047,1.0
D3,D3-Q048,conditional_exception,normal,advanced,64,112,28672,3.2964799404144287,14.024019241333008,1.0,1.0,1.0,1.0,1.0,1.0,1.0,1.0,1.0,1.0,1.0,1.0,1.0,1.0,1.0,1.0,1,D3::D3-Q048,1.0
D3,D3-Q049,numerical,normal,advanced,64,112,28672,3.2964799404144287,14.775514602661133,0.0,0.0,0.0,0.0,0.0,0.0,0.0,0.0,0.0,0.0,0.0,0.0,0.0,0.0,0.0,0.0,0,D3::D3-Q049,0.0
D3,D3-Q050,procedural,normal,advanced,64,112,28672,3.2964799404144287,14.184951782226562,1.0,1.0,1.0,1.0,1.0,1.0,1.0,1.0,1.0,1.0,1.0,1.0,1.0,1.0,1.0,1.0,1,D3::D3-Q050,1.0
D3,D3-Q051,temporal,normal,advanced,64,112,28672,3.2964799404144287,14.59503173828125,1.0,1.0,1.0,1.0,1.0,1.0,1.0,1.0,1.0,1.0,1.0,1.0,1.0,1.0,1.0,1.0,1,D3::D3-Q051,1.0
D3,D3-Q052,conditional_exception,normal,advanced,64,112,28672,3.2964799404144287,15.931367874145508,1.0,1.0,1.0,1.0,1.0,1.0,1.0,1.0,1.0,1.0,1.0,1.0,1.0,1.0,1.0,1.0,1,D3::D3-Q052,1.0
D3,D3-Q053,procedural,normal,advanced,64,112,28672,3.2964799404144287,15.314817428588867,1.0,1.0,1.0,1.0,1.0,1.0,1.0,1.0,1.0,1.0,1.0,1.0,1.0,1.2262943855309167,1.2262943855309167,1.0,2,D3::D3-Q053,1.0
D3,D3-Q054,conditional_exception,normal,advanced,64,112,28672,3.2964799404144287,14.263391494750977,1.0,1.0,1.0,1.0,1.0,1.0,1.0,1.0,1.0,1.0,1.0,1.0,1.0,1.0,1.0,1.0,1,D3::D3-Q054,1.0
D3,D3-Q055,exact_fact,normal,advanced,64,112,28672,3.2964799404144287,15.233755111694336,0.0,0.0,0.0,1.0,1.0,1.0,1.0,1.0,1.0,1.0,1.0,1.0,0.5,0.6309297535714575,0.6309297535714575,1.0,1,D3::D3-Q055,1.0
D3,D3-Q056,exact_fact,normal,advanced,64,112,28672,3.2964799404144287,13.988733291625977,1.0,1.0,1.0,1.0,1.0,1.0,1.0,1.0,1.0,1.0,1.0,1.0,1.0,1.0,1.0,1.0,1,D3::D3-Q056,1.0
D3,D3-Q057,exact_fact,normal,advanced,64,112,28672,3.2964799404144287,14.800548553466797,1.0,1.0,1.0,1.0,1.0,1.0,1.0,1.0,1.0,1.0,1.0,1.0,1.0,1.2262943855309167,1.2262943855309167,1.0,2,D3::D3-Q057,1.0
D3,D3-Q058,conditional_exception,normal,advanced,64,112,28672,3.2964799404144287,16.256332397460938,0.0,0.0,0.0,0.0,0.0,0.0,0.0,0.0,0.0,1.0,1.0,1.0,0.14285714285714285,0.0,0.3333333333333333,1.0,1,D3::D3-Q058,1.0
D3,D3-Q059,exact_fact,normal,advanced,64,112,28672,3.2964799404144287,14.822721481323242,1.0,1.0,1.0,1.0,1.0,1.0,1.0,1.0,1.0,1.0,1.0,1.0,1.0,1.0,1.0,1.0,1,D3::D3-Q059,1.0
D3,D3-Q060,negation,normal,advanced,64,112,28672,3.2964799404144287,13.891935348510742,0.0,0.0,0.0,1.0,1.0,1.0,1.0,1.0,1.0,1.0,1.0,1.0,0.5,0.6309297535714575,0.6309297535714575,1.0,1,D3::D3-Q060,1.0
D3,D3-Q061,exact_fact,normal,advanced,64,112,28672,3.2964799404144287,14.69111442565918,1.0,1.0,1.0,1.0,1.0,1.0,1.0,1.0,1.0,1.0,1.0,1.0,1.0,1.0,1.0,1.0,1,D3::D3-Q061,1.0
D3,D3-Q062,exact_fact,normal,advanced,64,112,28672,3.2964799404144287,14.407157897949219,1.0,1.0,1.0,1.0,1.0,1.0,1.0,1.0,1.0,1.0,1.0,1.0,1.0,1.0,1.0,1.0,1,D3::D3-Q062,1.0
D3,D3-Q063,procedural,normal,advanced,64,112,28672,3.2964799404144287,13.739824295043945,0.0,0.0,0.0,1.0,1.0,1.0,1.0,1.0,1.0,1.0,1.0,1.0,0.3333333333333333,0.5,0.5,1.0,1,D3::D3-Q063,1.0
D3,D3-Q064,conditional_exception,normal,advanced,64,112,28672,3.2964799404144287,14.135360717773438,0.0,0.0,0.0,0.0,0.0,0.0,0.0,0.0,0.0,0.0,0.0,0.0,0.0,0.0,0.0,0.0,0,D3::D3-Q064,0.0
D3,D3-Q065,procedural,normal,advanced,64,112,28672,3.2964799404144287,15.451431274414062,0.0,0.0,0.0,1.0,1.0,1.0,1.0,1.0,1.0,1.0,1.0,1.0,0.5,0.6309297535714575,0.6309297535714575,1.0,1,D3::D3-Q065,1.0
D3,D3-Q066,conditional_exception,normal,advanced,64,112,28672,3.2964799404144287,15.258312225341797,1.0,1.0,1.0,1.0,1.0,1.0,1.0,1.0,1.0,1.0,1.0,1.0,1.0,1.0,1.0,1.0,1,D3::D3-Q066,1.0
D3,D3-Q067,exact_fact,normal,advanced,64,112,28672,3.2964799404144287,14.100074768066406,0.0,0.0,0.0,1.0,1.0,1.0,1.0,1.0,1.0,1.0,1.0,1.0,0.5,0.6309297535714575,0.6309297535714575,1.0,1,D3::D3-Q067,1.0
D3,D3-Q068,conditional_exception,normal,advanced,64,112,28672,3.2964799404144287,15.52891731262207,0.0,0.0,0.0,0.0,0.0,0.0,0.0,0.0,0.0,1.0,1.0,1.0,0.1111111111111111,0.0,0.3010299956639812,1.0,1,D3::D3-Q068,1.0
D3,D3-Q069,negation,normal,advanced,64,112,28672,3.2964799404144287,15.690326690673828,0.0,0.0,0.0,1.0,1.0,1.0,1.0,1.0,1.0,1.0,1.0,1.0,0.5,0.6309297535714575,0.6309297535714575,1.0,1,D3::D3-Q069,1.0
D3,D3-Q070,procedural,normal,advanced,64,112,28672,3.2964799404144287,14.380931854248047,0.0,0.0,0.0,0.0,0.0,0.0,0.0,0.0,0.0,1.0,1.0,1.0,0.14285714285714285,0.0,0.3333333333333333,1.0,1,D3::D3-Q070,1.0
D3,D3-Q071,exact_fact,normal,advanced,64,112,28672,3.2964799404144287,13.832330703735352,0.0,0.0,0.0,0.0,0.0,0.0,0.0,0.0,0.0,0.0,0.0,0.0,0.0,0.0,0.0,0.0,0,D3::D3-Q071,0.0
D3,D3-Q072,procedural,normal,advanced,64,112,28672,3.2964799404144287,14.244794845581055,0.0,0.0,0.0,0.0,0.0,0.0,0.0,0.0,0.0,1.0,1.0,1.0,0.16666666666666666,0.0,0.3562071871080222,1.0,1,D3::D3-Q072,1.0
D3,D3-Q073,list_membership,normal,advanced,64,112,28672,3.2964799404144287,14.38450813293457,0.0,0.0,0.0,0.0,0.0,0.0,0.0,0.0,0.0,0.0,0.0,0.0,0.0,0.0,0.0,0.0,0,D3::D3-Q073,0.0
D3,D3-Q074,exact_fact,normal,advanced,64,112,28672,3.2964799404144287,13.917684555053711,1.0,1.0,1.0,1.0,1.0,1.0,1.0,1.0,1.0,1.0,1.0,1.0,1.0,1.0,1.0,1.0,1,D3::D3-Q074,1.0
D3,D3-Q075,exact_fact,normal,advanced,64,112,28672,3.2964799404144287,16.05224609375,0.0,0.0,0.0,0.0,0.0,0.0,0.0,0.0,0.0,0.0,0.0,0.0,0.0,0.0,0.0,0.0,0,D3::D3-Q075,0.0
D3,D3-Q076,list_membership,normal,advanced,64,112,28672,3.2964799404144287,14.110565185546875,0.0,0.0,0.0,0.0,0.0,0.0,1.0,1.0,1.0,1.0,1.0,1.0,0.25,0.43067655807339306,0.43067655807339306,1.0,1,D3::D3-Q076,1.0
D3,D3-Q077,procedural,normal,advanced,64,112,28672,3.2964799404144287,13.75722885131836,1.0,1.0,1.0,1.0,1.0,1.0,1.0,1.0,1.0,1.0,1.0,1.0,1.0,1.2262943855309167,1.2262943855309167,1.0,2,D3::D3-Q077,1.0
D3,D3-Q078,numerical,normal,advanced,64,112,28672,3.2964799404144287,14.22572135925293,0.0,0.0,0.0,0.0,0.0,0.0,1.0,1.0,1.0,1.0,1.0,1.0,0.25,0.43067655807339306,0.43067655807339306,1.0,1,D3::D3-Q078,1.0
D3,D3-Q079,procedural,normal,advanced,64,112,28672,3.2964799404144287,13.860225677490234,1.0,1.0,1.0,1.0,1.0,1.0,1.0,1.0,1.0,1.0,1.0,1.0,1.0,1.2262943855309167,1.2262943855309167,1.0,2,D3::D3-Q079,1.0
D3,D3-Q080,conditional_exception,normal,advanced,64,112,28672,3.2964799404144287,14.523506164550781,0.1111111111111111,1.0,0.0,0.5555555555555556,1.0,0.0,0.5555555555555556,1.0,0.0,0.5555555555555556,1.0,0.0,1.0,1.0174806158208483,0.7051366482434561,0.5555555555555556,5,D3::D3-Q080,0.5555555555555556
D3,D3-Q081,exact_fact,normal,advanced,64,112,28672,3.2964799404144287,14.205455780029297,0.0,0.0,0.0,0.0,0.0,0.0,1.0,1.0,1.0,1.0,1.0,1.0,0.2,0.38685280723454163,0.38685280723454163,1.0,1,D3::D3-Q081,1.0
D3,D3-Q082,negative_query,normal,advanced,64,112,28672,3.2964799404144287,15.015602111816406,0.0,0.0,0.0,0.0,0.0,0.0,0.0,0.0,0.0,0.0,0.0,0.0,0.0,0.0,0.0,0.0,0,D3::D3-Q082,0.0
D3,D3-Q083,exact_fact,normal,advanced,64,112,28672,3.2964799404144287,14.284610748291016,1.0,1.0,1.0,1.0,1.0,1.0,1.0,1.0,1.0,1.0,1.0,1.0,1.0,1.0,1.0,1.0,1,D3::D3-Q083,1.0
D3,D3-Q084,exact_fact,normal,advanced,64,112,28672,3.2964799404144287,14.043092727661133,1.0,1.0,1.0,1.0,1.0,1.0,1.0,1.0,1.0,1.0,1.0,1.0,1.0,1.0,1.0,1.0,1,D3::D3-Q084,1.0
D3,D3-Q085,list_membership,normal,advanced,64,112,28672,3.2964799404144287,14.597654342651367,0.0,0.0,0.0,0.0,0.0,0.0,0.0,0.0,0.0,0.0,0.0,0.0,0.0,0.0,0.0,0.0,0,D3::D3-Q085,0.0
D3,D3-Q086,negation,normal,advanced,64,112,28672,3.2964799404144287,13.982534408569336,0.0,0.0,0.0,0.0,0.0,0.0,0.0,0.0,0.0,1.0,1.0,1.0,0.125,0.0,0.31546487678572877,1.0,1,D3::D3-Q086,1.0
D3,D3-Q087,conditional_exception,normal,advanced,64,112,28672,3.2964799404144287,18.19896697998047,0.0,0.0,0.0,0.0,0.0,0.0,0.0,0.0,0.0,0.0,0.0,0.0,0.0,0.0,0.0,0.0,0,D3::D3-Q087,0.0
D3,D3-Q088,exact_fact,normal,advanced,64,112,28672,3.2964799404144287,19.649028778076172,1.0,1.0,1.0,1.0,1.0,1.0,1.0,1.0,1.0,1.0,1.0,1.0,1.0,1.0,1.0,1.0,1,D3::D3-Q088,1.0
D3,D3-Q089,exact_fact,normal,advanced,64,112,28672,3.2964799404144287,14.328241348266602,1.0,1.0,1.0,1.0,1.0,1.0,1.0,1.0,1.0,1.0,1.0,1.0,1.0,1.0,1.0,1.0,1,D3::D3-Q089,1.0
D3,D3-Q090,procedural,normal,advanced,64,112,28672,3.2964799404144287,18.094778060913086,0.0,0.0,0.0,1.0,1.0,1.0,1.0,1.0,1.0,1.0,1.0,1.0,0.3333333333333333,0.5,0.5,1.0,1,D3::D3-Q090,1.0
D3,D3-Q091,list_membership,normal,advanced,64,112,28672,3.2964799404144287,28.25760841369629,0.0,0.0,0.0,0.0,0.0,0.0,0.0,0.0,0.0,0.0,0.0,0.0,0.0,0.0,0.0,0.0,0,D3::D3-Q091,0.0
D3,D3-Q092,conditional_exception,normal,advanced,64,112,28672,3.2964799404144287,15.081405639648438,0.0,0.0,0.0,0.0,0.0,0.0,0.0,0.0,0.0,0.0,0.0,0.0,0.0,0.0,0.0,0.0,0,D3::D3-Q092,0.0
D3,D3-Q093,exact_fact,normal,advanced,64,112,28672,3.2964799404144287,15.352725982666016,1.0,1.0,1.0,1.0,1.0,1.0,1.0,1.0,1.0,1.0,1.0,1.0,1.0,1.0,1.0,1.0,1,D3::D3-Q093,1.0
D3,D3-Q094,procedural,normal,advanced,64,112,28672,3.2964799404144287,15.079736709594727,1.0,1.0,1.0,1.0,1.0,1.0,1.0,1.0,1.0,1.0,1.0,1.0,1.0,1.0,1.0,1.0,1,D3::D3-Q094,1.0
D3,D3-Q095,negation,normal,advanced,64,112,28672,3.2964799404144287,13.898372650146484,0.0,0.0,0.0,1.0,1.0,1.0,1.0,1.0,1.0,1.0,1.0,1.0,0.3333333333333333,0.6131471927654584,0.6131471927654584,1.0,2,D3::D3-Q095,1.0
D3,D3-Q096,numerical,normal,advanced,64,112,28672,3.2964799404144287,18.510103225708008,1.0,1.0,1.0,1.0,1.0,1.0,1.0,1.0,1.0,1.0,1.0,1.0,1.0,1.0,1.0,1.0,1,D3::D3-Q096,1.0
D3,D3-Q097,numerical,normal,advanced,64,112,28672,3.2964799404144287,16.33739471435547,1.0,1.0,1.0,1.0,1.0,1.0,1.0,1.0,1.0,1.0,1.0,1.0,1.0,1.0,1.0,1.0,1,D3::D3-Q097,1.0
D3,D3-Q098,negation,normal,advanced,64,112,28672,3.2964799404144287,14.338970184326172,1.0,1.0,1.0,1.0,1.0,1.0,1.0,1.0,1.0,1.0,1.0,1.0,1.0,1.0,1.0,1.0,1,D3::D3-Q098,1.0
D3,D3-Q099,exact_fact,normal,advanced,64,112,28672,3.2964799404144287,14.920949935913086,1.0,1.0,1.0,1.0,1.0,1.0,1.0,1.0,1.0,1.0,1.0,1.0,1.0,1.0,1.0,1.0,1,D3::D3-Q099,1.0
D3,D3-Q100,exact_fact,normal,advanced,64,112,28672,3.2964799404144287,13.669490814208984,1.0,1.0,1.0,1.0,1.0,1.0,1.0,1.0,1.0,1.0,1.0,1.0,1.0,1.0,1.0,1.0,1,D3::D3-Q100,1.0
D3,D3-Q101,conditional_exception,normal,advanced,64,112,28672,3.2964799404144287,14.073371887207031,0.0,0.0,0.0,1.0,1.0,1.0,1.0,1.0,1.0,1.0,1.0,1.0,0.5,0.6309297535714575,0.6309297535714575,1.0,1,D3::D3-Q101,1.0
D3,D3-Q102,exact_fact,normal,advanced,64,112,28672,3.2964799404144287,14.385461807250977,1.0,1.0,1.0,1.0,1.0,1.0,1.0,1.0,1.0,1.0,1.0,1.0,1.0,1.0,1.0,1.0,1,D3::D3-Q102,1.0
D3,D3-Q103,exact_fact,normal,advanced,64,112,28672,3.2964799404144287,14.003276824951172,1.0,1.0,1.0,1.0,1.0,1.0,1.0,1.0,1.0,1.0,1.0,1.0,1.0,1.0,1.0,1.0,1,D3::D3-Q103,1.0
D3,D3-Q104,temporal,normal,advanced,64,112,28672,3.2964799404144287,14.485597610473633,0.0,0.0,0.0,0.0,0.0,0.0,0.0,0.0,0.0,1.0,1.0,1.0,0.16666666666666666,0.0,0.3562071871080222,1.0,1,D3::D3-Q104,1.0
D3,D3-Q105,exact_fact,normal,advanced,64,112,28672,3.2964799404144287,14.072179794311523,0.0,0.0,0.0,0.0,0.0,0.0,0.0,0.0,0.0,1.0,1.0,1.0,0.14285714285714285,0.0,0.3333333333333333,1.0,1,D3::D3-Q105,1.0
D3,D3-Q106,numerical,normal,advanced,64,112,28672,3.2964799404144287,13.826608657836914,1.0,1.0,1.0,1.0,1.0,1.0,1.0,1.0,1.0,1.0,1.0,1.0,1.0,1.0,1.0,1.0,1,D3::D3-Q106,1.0
D3,D3-Q107,conditional_exception,normal,advanced,64,112,28672,3.2964799404144287,14.042139053344727,0.0,0.0,0.0,0.0,0.0,0.0,0.0,0.0,0.0,0.0,0.0,0.0,0.0,0.0,0.0,0.0,0,D3::D3-Q107,0.0
D3,D3-Q108,conditional_exception,normal,advanced,64,112,28672,3.2964799404144287,14.583587646484375,1.0,1.0,1.0,1.0,1.0,1.0,1.0,1.0,1.0,1.0,1.0,1.0,1.0,1.0,1.0,1.0,1,D3::D3-Q108,1.0
D3,D3-Q109,conditional_exception,normal,advanced,64,112,28672,3.2964799404144287,14.497995376586914,1.0,1.0,1.0,1.0,1.0,1.0,1.0,1.0,1.0,1.0,1.0,1.0,1.0,1.0,1.0,1.0,1,D3::D3-Q109,1.0
D3,D3-Q110,exact_fact,normal,advanced,64,112,28672,3.2964799404144287,14.101266860961914,1.0,1.0,1.0,1.0,1.0,1.0,1.0,1.0,1.0,1.0,1.0,1.0,1.0,1.0,1.0,1.0,1,D3::D3-Q110,1.0
D3,D3-Q111,procedural,normal,advanced,64,112,28672,3.2964799404144287,13.903141021728516,0.0,0.0,0.0,0.0,0.0,0.0,1.0,1.0,1.0,1.0,1.0,1.0,0.25,0.43067655807339306,0.43067655807339306,1.0,1,D3::D3-Q111,1.0
D3,D3-Q112,conditional_exception,normal,advanced,64,112,28672,3.2964799404144287,15.377521514892578,0.0,0.0,0.0,1.0,1.0,1.0,1.0,1.0,1.0,1.0,1.0,1.0,0.3333333333333333,0.5,0.5,1.0,1,D3::D3-Q112,1.0
D3,D3-Q113,conditional_exception,normal,advanced,64,112,28672,3.2964799404144287,14.452934265136719,1.0,1.0,1.0,1.0,1.0,1.0,1.0,1.0,1.0,1.0,1.0,1.0,1.0,1.0,1.0,1.0,1,D3::D3-Q113,1.0
D3,D3-Q114,negation,normal,advanced,64,112,28672,3.2964799404144287,14.430761337280273,1.0,1.0,1.0,1.0,1.0,1.0,1.0,1.0,1.0,1.0,1.0,1.0,1.0,1.0,1.0,1.0,1,D3::D3-Q114,1.0
D3,D3-Q115,numerical,normal,advanced,64,112,28672,3.2964799404144287,13.494253158569336,1.0,1.0,1.0,1.0,1.0,1.0,1.0,1.0,1.0,1.0,1.0,1.0,1.0,1.0,1.0,1.0,1,D3::D3-Q115,1.0
D3,D3-Q116,exact_fact,normal,advanced,64,112,28672,3.2964799404144287,14.168024063110352,1.0,1.0,1.0,1.0,1.0,1.0,1.0,1.0,1.0,1.0,1.0,1.0,1.0,1.0,1.0,1.0,1,D3::D3-Q116,1.0
D3,D3-Q117,numerical,normal,advanced,64,112,28672,3.2964799404144287,13.960123062133789,0.5,1.0,0.0,0.5,1.0,0.0,0.5,1.0,0.0,1.0,1.0,1.0,1.0,0.7807600999842034,1.0064503826820739,1.0,4,D3::D3-Q117,1.0
D3,D3-Q118,numerical,normal,advanced,64,112,28672,3.2964799404144287,15.170812606811523,1.0,1.0,1.0,1.0,1.0,1.0,1.0,1.0,1.0,1.0,1.0,1.0,1.0,1.0,1.0,1.0,1,D3::D3-Q118,1.0
D3,D3-Q119,negation,normal,advanced,64,112,28672,3.2964799404144287,14.005899429321289,0.0,0.0,0.0,1.0,1.0,1.0,1.0,1.0,1.0,1.0,1.0,1.0,0.3333333333333333,0.5,0.5,1.0,1,D3::D3-Q119,1.0
D3,D3-Q120,numerical,normal,advanced,64,112,28672,3.2964799404144287,13.551950454711914,1.0,1.0,1.0,1.0,1.0,1.0,1.0,1.0,1.0,1.0,1.0,1.0,1.0,1.0,1.0,1.0,1,D3::D3-Q120,1.0
D3,D3-Q121,numerical,normal,advanced,64,112,28672,3.2964799404144287,13.923883438110352,1.0,1.0,1.0,1.0,1.0,1.0,1.0,1.0,1.0,1.0,1.0,1.0,1.0,1.0,1.0,1.0,1,D3::D3-Q121,1.0
D3,D3-Q122,numerical,normal,advanced,64,112,28672,3.2964799404144287,14.185667037963867,1.0,1.0,1.0,1.0,1.0,1.0,1.0,1.0,1.0,1.0,1.0,1.0,1.0,1.0,1.0,1.0,1,D3::D3-Q122,1.0
D3,D3-Q123,numerical,normal,advanced,64,112,28672,3.2964799404144287,17.819881439208984,1.0,1.0,1.0,1.0,1.0,1.0,1.0,1.0,1.0,1.0,1.0,1.0,1.0,1.0,1.0,1.0,1,D3::D3-Q123,1.0
D3,D3-Q124,numerical,normal,advanced,64,112,28672,3.2964799404144287,19.708871841430664,0.0,0.0,0.0,0.0,0.0,0.0,1.0,1.0,1.0,1.0,1.0,1.0,0.25,0.43067655807339306,0.43067655807339306,1.0,1,D3::D3-Q124,1.0
D3,D3-Q125,numerical,normal,advanced,64,112,28672,3.2964799404144287,15.111207962036133,0.0,0.0,0.0,0.0,0.0,0.0,0.0,0.0,0.0,1.0,1.0,1.0,0.14285714285714285,0.0,0.3333333333333333,1.0,1,D3::D3-Q125,1.0
D3,D3-Q126,numerical,normal,advanced,64,112,28672,3.2964799404144287,14.09769058227539,1.0,1.0,1.0,1.0,1.0,1.0,1.0,1.0,1.0,1.0,1.0,1.0,1.0,1.0,1.0,1.0,1,D3::D3-Q126,1.0
D3,D3-Q127,numerical,normal,advanced,64,112,28672,3.2964799404144287,15.907526016235352,1.0,1.0,1.0,1.0,1.0,1.0,1.0,1.0,1.0,1.0,1.0,1.0,1.0,1.0,1.0,1.0,1,D3::D3-Q127,1.0
D3,D3-Q128,exact_fact,normal,advanced,64,112,28672,3.2964799404144287,14.972925186157227,0.0,0.0,0.0,1.0,1.0,1.0,1.0,1.0,1.0,1.0,1.0,1.0,0.5,0.6309297535714575,0.6309297535714575,1.0,1,D3::D3-Q128,1.0
D3,D3-Q129,numerical,normal,advanced,64,112,28672,3.2964799404144287,14.966487884521484,0.0,0.0,0.0,0.0,0.0,0.0,0.0,0.0,0.0,0.0,0.0,0.0,0.0,0.0,0.0,0.0,0,D3::D3-Q129,0.0
D3,D3-Q130,numerical,normal,advanced,64,112,28672,3.2964799404144287,15.04826545715332,1.0,1.0,1.0,1.0,1.0,1.0,1.0,1.0,1.0,1.0,1.0,1.0,1.0,1.0,1.0,1.0,1,D3::D3-Q130,1.0
D3,D3-Q131,procedural,normal,advanced,64,112,28672,3.2964799404144287,14.353275299072266,0.0,0.0,0.0,0.0,0.0,0.0,1.0,1.0,1.0,1.0,1.0,1.0,0.25,0.43067655807339306,0.43067655807339306,1.0,1,D3::D3-Q131,1.0
D3,D3-Q132,conditional_exception,normal,advanced,64,112,28672,3.2964799404144287,15.154361724853516,0.0,0.0,0.0,1.0,1.0,1.0,1.0,1.0,1.0,1.0,1.0,1.0,0.5,0.7737056144690833,0.7737056144690833,1.0,2,D3::D3-Q132,1.0
D3,D3-Q133,conditional_exception,normal,advanced,64,112,28672,3.2964799404144287,14.595270156860352,0.0,0.0,0.0,0.0,0.0,0.0,0.0,0.0,0.0,1.0,1.0,1.0,0.1111111111111111,0.0,0.36915139355913634,1.0,2,D3::D3-Q133,1.0
D3,D3-Q134,negation,normal,advanced,64,112,28672,3.2964799404144287,16.699552536010742,0.0,0.0,0.0,0.0,0.0,0.0,0.0,0.0,0.0,0.0,0.0,0.0,0.0,0.0,0.0,0.0,0,D3::D3-Q134,0.0
D3,D3-Q135,numerical,normal,advanced,64,112,28672,3.2964799404144287,14.326095581054688,0.0,0.0,0.0,1.0,1.0,1.0,1.0,1.0,1.0,1.0,1.0,1.0,0.5,0.6309297535714575,0.6309297535714575,1.0,1,D3::D3-Q135,1.0
D3,D3-Q136,numerical,normal,advanced,64,112,28672,3.2964799404144287,15.495777130126953,1.0,1.0,1.0,1.0,1.0,1.0,1.0,1.0,1.0,1.0,1.0,1.0,1.0,1.0,1.0,1.0,1,D3::D3-Q136,1.0
D3,D3-Q137,exact_fact,normal,advanced,64,112,28672,3.2964799404144287,15.085935592651367,1.0,1.0,1.0,1.0,1.0,1.0,1.0,1.0,1.0,1.0,1.0,1.0,1.0,1.0,1.0,1.0,1,D3::D3-Q137,1.0
D3,D3-Q138,procedural,normal,advanced,64,112,28672,3.2964799404144287,15.041828155517578,0.0,0.0,0.0,0.0,0.0,0.0,0.0,0.0,0.0,0.0,0.0,0.0,0.0,0.0,0.0,0.0,0,D3::D3-Q138,0.0
D3,D3-Q139,list_membership,normal,advanced,64,112,28672,3.2964799404144287,14.736652374267578,1.0,1.0,1.0,1.0,1.0,1.0,1.0,1.0,1.0,1.0,1.0,1.0,1.0,1.5615201999684067,1.5615201999684067,1.0,4,D3::D3-Q139,1.0
D3,D3-Q140,negation,normal,advanced,64,112,28672,3.2964799404144287,14.548778533935547,1.0,1.0,1.0,1.0,1.0,1.0,1.0,1.0,1.0,1.0,1.0,1.0,1.0,1.0,1.0,1.0,1,D3::D3-Q140,1.0
D3,D3-Q141,exact_fact,normal,advanced,64,112,28672,3.2964799404144287,14.605045318603516,1.0,1.0,1.0,1.0,1.0,1.0,1.0,1.0,1.0,1.0,1.0,1.0,1.0,1.0,1.0,1.0,1,D3::D3-Q141,1.0
D3,D3-Q142,conditional_exception,normal,advanced,64,112,28672,3.2964799404144287,14.494895935058594,0.0,0.0,0.0,0.0,0.0,0.0,0.0,0.0,0.0,0.0,0.0,0.0,0.0,0.0,0.0,0.0,0,D3::D3-Q142,0.0
D3,D3-Q143,exact_fact,normal,advanced,64,112,28672,3.2964799404144287,14.1448974609375,0.0,0.0,0.0,0.0,0.0,0.0,0.0,0.0,0.0,1.0,1.0,1.0,0.125,0.0,0.31546487678572877,1.0,1,D3::D3-Q143,1.0
D3,D3-Q144,negation,normal,advanced,64,112,28672,3.2964799404144287,14.65296745300293,0.0,0.0,0.0,1.0,1.0,1.0,1.0,1.0,1.0,1.0,1.0,1.0,0.5,0.6934264036172708,0.6934264036172708,1.0,2,D3::D3-Q144,1.0
D3,D3-Q145,conditional_exception,normal,advanced,64,112,28672,3.2964799404144287,14.23335075378418,0.0,0.0,0.0,1.0,1.0,1.0,1.0,1.0,1.0,1.0,1.0,1.0,0.3333333333333333,0.5,0.5,1.0,1,D3::D3-Q145,1.0
D3,D3-Q146,conditional_exception,normal,advanced,64,112,28672,3.2964799404144287,15.006542205810547,1.0,1.0,1.0,1.0,1.0,1.0,1.0,1.0,1.0,1.0,1.0,1.0,1.0,1.0,1.0,1.0,1,D3::D3-Q146,1.0
D3,D3-Q147,conditional_exception,normal,advanced,64,112,28672,3.2964799404144287,14.47296142578125,0.0,0.0,0.0,1.0,1.0,1.0,1.0,1.0,1.0,1.0,1.0,1.0,0.3333333333333333,0.5,0.5,1.0,1,D3::D3-Q147,1.0
D3,D3-Q148,exact_fact,normal,advanced,64,112,28672,3.2964799404144287,14.898061752319336,1.0,1.0,1.0,1.0,1.0,1.0,1.0,1.0,1.0,1.0,1.0,1.0,1.0,1.0,1.0,1.0,1,D3::D3-Q148,1.0
D3,D3-Q149,temporal,normal,advanced,64,112,28672,3.2964799404144287,14.562368392944336,1.0,1.0,1.0,1.0,1.0,1.0,1.0,1.0,1.0,1.0,1.0,1.0,1.0,1.0,1.0,1.0,1,D3::D3-Q149,1.0
D3,D3-Q150,exact_fact,normal,advanced,64,112,28672,3.2964799404144287,15.010595321655273,1.0,1.0,1.0,1.0,1.0,1.0,1.0,1.0,1.0,1.0,1.0,1.0,1.0,1.0,1.0,1.0,1,D3::D3-Q150,1.0
D3,D3-Q151,conditional_exception,normal,advanced,64,112,28672,3.2964799404144287,14.315128326416016,0.0,0.0,0.0,1.0,1.0,1.0,1.0,1.0,1.0,1.0,1.0,1.0,0.5,0.6309297535714575,0.6309297535714575,1.0,1,D3::D3-Q151,1.0
D3,D3-Q152,exact_fact,normal,advanced,64,112,28672,3.2964799404144287,20.101070404052734,1.0,1.0,1.0,1.0,1.0,1.0,1.0,1.0,1.0,1.0,1.0,1.0,1.0,1.0,1.0,1.0,1,D3::D3-Q152,1.0
D3,D3-Q153,exact_fact,normal,advanced,64,112,28672,3.2964799404144287,22.22466468811035,0.0,0.0,0.0,0.0,0.0,0.0,0.0,0.0,0.0,1.0,1.0,1.0,0.16666666666666666,0.0,0.3562071871080222,1.0,1,D3::D3-Q153,1.0
D3,D3-Q154,list_membership,normal,advanced,64,112,28672,3.2964799404144287,27.379751205444336,1.0,1.0,1.0,1.0,1.0,1.0,1.0,1.0,1.0,1.0,1.0,1.0,1.0,1.2262943855309167,1.2262943855309167,1.0,2,D3::D3-Q154,1.0
D3,D3-Q155,negation,normal,advanced,64,112,28672,3.2964799404144287,27.873992919921875,1.0,1.0,1.0,1.0,1.0,1.0,1.0,1.0,1.0,1.0,1.0,1.0,1.0,1.0,1.0,1.0,1,D3::D3-Q155,1.0
D3,D3-Q156,conditional_exception,normal,advanced,64,112,28672,3.2964799404144287,27.38475799560547,1.0,1.0,1.0,1.0,1.0,1.0,1.0,1.0,1.0,1.0,1.0,1.0,1.0,1.0,1.0,1.0,1,D3::D3-Q156,1.0
D3,D3-Q157,exact_fact,normal,advanced,64,112,28672,3.2964799404144287,23.77915382385254,0.0,0.0,0.0,1.0,1.0,1.0,1.0,1.0,1.0,1.0,1.0,1.0,0.3333333333333333,0.5,0.5,1.0,1,D3::D3-Q157,1.0
D3,D3-Q158,exact_fact,normal,advanced,64,112,28672,3.2964799404144287,24.883270263671875,1.0,1.0,1.0,1.0,1.0,1.0,1.0,1.0,1.0,1.0,1.0,1.0,1.0,1.0,1.0,1.0,1,D3::D3-Q158,1.0
D3,D3-Q159,procedural,normal,advanced,64,112,28672,3.2964799404144287,20.174026489257812,0.0,0.0,0.0,0.0,0.0,0.0,1.0,1.0,1.0,1.0,1.0,1.0,0.25,0.43067655807339306,0.43067655807339306,1.0,1,D3::D3-Q159,1.0
D3,D3-Q160,temporal,normal,advanced,64,112,28672,3.2964799404144287,23.861408233642578,1.0,1.0,1.0,1.0,1.0,1.0,1.0,1.0,1.0,1.0,1.0,1.0,1.0,1.0,1.0,1.0,1,D3::D3-Q160,1.0
D3,D3-Q161,exact_fact,normal,advanced,64,112,28672,3.2964799404144287,20.78843116760254,1.0,1.0,1.0,1.0,1.0,1.0,1.0,1.0,1.0,1.0,1.0,1.0,1.0,1.0,1.0,1.0,1,D3::D3-Q161,1.0
D3,D3-Q162,exact_fact,normal,advanced,64,112,28672,3.2964799404144287,19.721508026123047,0.0,0.0,0.0,0.0,0.0,0.0,0.0,0.0,0.0,1.0,1.0,1.0,0.1,0.0,0.2890648263178879,1.0,1,D3::D3-Q162,1.0
D3,D3-Q163,list_membership,normal,advanced,64,112,28672,3.2964799404144287,23.445606231689453,1.0,1.0,1.0,1.0,1.0,1.0,1.0,1.0,1.0,1.0,1.0,1.0,1.0,1.0,1.0,1.0,1,D3::D3-Q163,1.0
D3,D3-Q164,exact_fact,normal,advanced,64,112,28672,3.2964799404144287,20.917177200317383,1.0,1.0,1.0,1.0,1.0,1.0,1.0,1.0,1.0,1.0,1.0,1.0,1.0,1.0,1.0,1.0,1,D3::D3-Q164,1.0
D3,D3-Q165,negation,normal,advanced,64,112,28672,3.2964799404144287,20.781993865966797,0.0,0.0,0.0,0.0,0.0,0.0,0.0,0.0,0.0,0.3333333333333333,1.0,0.0,0.125,0.0,0.1480409554829326,0.3333333333333333,1,D3::D3-Q165,0.3333333333333333
D3,D3-Q166,list_membership,normal,advanced,64,112,28672,3.2964799404144287,23.32592010498047,0.0,0.0,0.0,0.0,0.0,0.0,0.0,0.0,0.0,1.0,1.0,1.0,0.1111111111111111,0.0,0.3010299956639812,1.0,1,D3::D3-Q166,1.0
D3,D3-Q167,exact_fact,normal,advanced,64,112,28672,3.2964799404144287,19.746065139770508,0.0,0.0,0.0,1.0,1.0,1.0,1.0,1.0,1.0,1.0,1.0,1.0,0.5,0.6309297535714575,0.6309297535714575,1.0,1,D3::D3-Q167,1.0
D3,D3-Q168,exact_fact,normal,advanced,64,112,28672,3.2964799404144287,18.970012664794922,0.0,0.0,0.0,1.0,1.0,1.0,1.0,1.0,1.0,1.0,1.0,1.0,0.5,0.6309297535714575,0.6309297535714575,1.0,1,D3::D3-Q168,1.0
D3,D3-Q169,conditional_exception,normal,advanced,64,112,28672,3.2964799404144287,18.416643142700195,1.0,1.0,1.0,1.0,1.0,1.0,1.0,1.0,1.0,1.0,1.0,1.0,1.0,1.0,1.0,1.0,1,D3::D3-Q169,1.0
D3,D3-Q170,conditional_exception,normal,advanced,64,112,28672,3.2964799404144287,18.732070922851562,0.0,0.0,0.0,1.0,1.0,1.0,1.0,1.0,1.0,1.0,1.0,1.0,0.5,0.6309297535714575,0.6309297535714575,1.0,1,D3::D3-Q170,1.0
D3,D3-Q171,conditional_exception,normal,advanced,64,112,28672,3.2964799404144287,20.310640335083008,1.0,1.0,1.0,1.0,1.0,1.0,1.0,1.0,1.0,1.0,1.0,1.0,1.0,1.0,1.0,1.0,1,D3::D3-Q171,1.0
D3,D3-Q172,conditional_exception,normal,advanced,64,112,28672,3.2964799404144287,21.148204803466797,0.0,0.0,0.0,0.0,0.0,0.0,0.0,0.0,0.0,1.0,1.0,1.0,0.1111111111111111,0.0,0.3010299956639812,1.0,1,D3::D3-Q172,1.0
D3,D3-Q173,procedural,normal,advanced,64,112,28672,3.2964799404144287,20.36261558532715,1.0,1.0,1.0,1.0,1.0,1.0,1.0,1.0,1.0,1.0,1.0,1.0,1.0,1.0,1.0,1.0,1,D3::D3-Q173,1.0
D3,D3-Q174,conditional_exception,normal,advanced,64,112,28672,3.2964799404144287,20.6296443939209,1.0,1.0,1.0,1.0,1.0,1.0,1.0,1.0,1.0,1.0,1.0,1.0,1.0,1.0,1.0,1.0,1,D3::D3-Q174,1.0
D3,D3-Q175,conditional_exception,normal,advanced,64,112,28672,3.2964799404144287,20.641803741455078,0.0,0.0,0.0,1.0,1.0,1.0,1.0,1.0,1.0,1.0,1.0,1.0,0.5,0.6309297535714575,0.6309297535714575,1.0,1,D3::D3-Q175,1.0
D3,D3-Q176,procedural,normal,advanced,64,112,28672,3.2964799404144287,21.385908126831055,0.0,0.0,0.0,1.0,1.0,1.0,1.0,1.0,1.0,1.0,1.0,1.0,0.5,0.6309297535714575,0.6309297535714575,1.0,1,D3::D3-Q176,1.0
D3,D3-Q177,exact_fact,normal,advanced,64,112,28672,3.2964799404144287,20.60222625732422,0.0,0.0,0.0,1.0,1.0,1.0,1.0,1.0,1.0,1.0,1.0,1.0,0.3333333333333333,0.5,0.5,1.0,1,D3::D3-Q177,1.0
D3,D3-Q178,procedural,normal,advanced,64,112,28672,3.2964799404144287,20.59006690979004,0.0,0.0,0.0,1.0,1.0,1.0,1.0,1.0,1.0,1.0,1.0,1.0,0.5,0.6309297535714575,0.6309297535714575,1.0,1,D3::D3-Q178,1.0
D3,D3-Q179,negation,normal,advanced,64,112,28672,3.2964799404144287,20.13874053955078,0.0,0.0,0.0,0.0,0.0,0.0,1.0,1.0,1.0,1.0,1.0,1.0,0.25,0.43067655807339306,0.43067655807339306,1.0,1,D3::D3-Q179,1.0
D3,D3-Q180,conditional_exception,normal,advanced,64,112,28672,3.2964799404144287,19.939661026000977,1.0,1.0,1.0,1.0,1.0,1.0,1.0,1.0,1.0,1.0,1.0,1.0,1.0,1.0,1.0,1.0,1,D3::D3-Q180,1.0
D3,D3-Q181,numerical,normal,advanced,64,112,28672,3.2964799404144287,23.427963256835938,0.0,0.0,0.0,0.0,0.0,0.0,0.0,0.0,0.0,0.0,0.0,0.0,0.0,0.0,0.0,0.0,0,D3::D3-Q181,0.0
D3,D3-Q182,temporal,normal,advanced,64,112,28672,3.2964799404144287,20.6453800201416,0.0,0.0,0.0,1.0,1.0,1.0,1.0,1.0,1.0,1.0,1.0,1.0,0.3333333333333333,0.5,0.5,1.0,1,D3::D3-Q182,1.0
D3,D3-Q183,list_membership,normal,advanced,64,112,28672,3.2964799404144287,21.25859260559082,0.0,0.0,0.0,0.0,0.0,0.0,0.0,0.0,0.0,1.0,1.0,1.0,0.1111111111111111,0.0,0.423800918579487,1.0,3,D3::D3-Q183,1.0
D3,D3-Q184,numerical,normal,advanced,64,112,28672,3.2964799404144287,20.76101303100586,1.0,1.0,1.0,1.0,1.0,1.0,1.0,1.0,1.0,1.0,1.0,1.0,1.0,1.0,1.0,1.0,1,D3::D3-Q184,1.0
D3,D3-Q185,numerical,normal,advanced,64,112,28672,3.2964799404144287,19.622325897216797,0.0,0.0,0.0,1.0,1.0,1.0,1.0,1.0,1.0,1.0,1.0,1.0,0.5,0.6309297535714575,0.6309297535714575,1.0,1,D3::D3-Q185,1.0
D3,D3-Q186,negation,normal,advanced,64,112,28672,3.2964799404144287,24.04046058654785,1.0,1.0,1.0,1.0,1.0,1.0,1.0,1.0,1.0,1.0,1.0,1.0,1.0,1.0,1.0,1.0,1,D3::D3-Q186,1.0
D3,D3-Q187,procedural,normal,advanced,64,112,28672,3.2964799404144287,25.24256706237793,1.0,1.0,1.0,1.0,1.0,1.0,1.0,1.0,1.0,1.0,1.0,1.0,1.0,1.0,1.0,1.0,1,D3::D3-Q187,1.0
D3,D3-Q188,conditional_exception,normal,advanced,64,112,28672,3.2964799404144287,25.135040283203125,0.0,0.0,0.0,0.0,0.0,0.0,0.0,0.0,0.0,0.0,0.0,0.0,0.0,0.0,0.0,0.0,0,D3::D3-Q188,0.0
D3,D3-Q189,exact_fact,normal,advanced,64,112,28672,3.2964799404144287,27.513742446899414,0.0,0.0,0.0,0.0,0.0,0.0,0.0,0.0,0.0,0.0,0.0,0.0,0.0,0.0,0.0,0.0,0,D3::D3-Q189,0.0
D3,D3-Q190,conditional_exception,normal,advanced,64,112,28672,3.2964799404144287,25.368213653564453,0.0,0.0,0.0,1.0,1.0,1.0,1.0,1.0,1.0,1.0,1.0,1.0,0.5,0.6309297535714575,0.6309297535714575,1.0,1,D3::D3-Q190,1.0
D3,D3-Q191,list_membership,normal,advanced,64,112,28672,3.2964799404144287,20.595073699951172,0.0,0.0,0.0,1.0,1.0,1.0,1.0,1.0,1.0,1.0,1.0,1.0,0.5,0.6309297535714575,0.6309297535714575,1.0,1,D3::D3-Q191,1.0
D3,D3-Q192,numerical,normal,advanced,64,112,28672,3.2964799404144287,19.223690032958984,0.0,0.0,0.0,1.0,1.0,1.0,1.0,1.0,1.0,1.0,1.0,1.0,0.3333333333333333,0.5,0.5,1.0,1,D3::D3-Q192,1.0
D3,D3-Q193,conditional_exception,normal,advanced,64,112,28672,3.2964799404144287,18.680095672607422,0.0,0.0,0.0,1.0,1.0,1.0,1.0,1.0,1.0,1.0,1.0,1.0,0.5,0.6309297535714575,0.6309297535714575,1.0,1,D3::D3-Q193,1.0
D3,D3-Q194,numerical,normal,advanced,64,112,28672,3.2964799404144287,23.204803466796875,0.0,0.0,0.0,1.0,1.0,1.0,1.0,1.0,1.0,1.0,1.0,1.0,0.5,0.6309297535714575,0.6309297535714575,1.0,1,D3::D3-Q194,1.0
D3,D3-Q195,exact_fact,normal,advanced,64,112,28672,3.2964799404144287,21.06451988220215,0.0,0.0,0.0,0.0,0.0,0.0,0.0,0.0,0.0,0.0,0.0,0.0,0.0,0.0,0.0,0.0,0,D3::D3-Q195,0.0
D3,D3-Q196,exact_fact,normal,advanced,64,112,28672,3.2964799404144287,22.797822952270508,0.0,0.0,0.0,0.0,0.0,0.0,0.0,0.0,0.0,1.0,1.0,1.0,0.16666666666666666,0.0,0.3562071871080222,1.0,1,D3::D3-Q196,1.0
D3,D3-Q197,conditional_exception,normal,advanced,64,112,28672,3.2964799404144287,20.921945571899414,0.0,0.0,0.0,0.0,0.0,0.0,0.0,0.0,0.0,0.0,0.0,0.0,0.0,0.0,0.0,0.0,0,D3::D3-Q197,0.0
D3,D3-Q198,numerical,normal,advanced,64,112,28672,3.2964799404144287,19.207477569580078,1.0,1.0,1.0,1.0,1.0,1.0,1.0,1.0,1.0,1.0,1.0,1.0,1.0,1.0,1.0,1.0,1,D3::D3-Q198,1.0
D3,D3-Q199,numerical,normal,advanced,64,112,28672,3.2964799404144287,19.079923629760742,0.0,0.0,0.0,1.0,1.0,1.0,1.0,1.0,1.0,1.0,1.0,1.0,0.5,0.6309297535714575,0.6309297535714575,1.0,1,D3::D3-Q199,1.0
D3,D3-Q200,negation,normal,advanced,64,112,28672,3.2964799404144287,18.377304077148438,0.0,0.0,0.0,0.0,0.0,0.0,0.0,0.0,0.0,0.0,0.0,0.0,0.0,0.0,0.0,0.0,0,D3::D3-Q200,0.0
D3,D3-Q001,exact_fact,normal,advanced,128,112,57344,3.2964799404144287,18.59116554260254,1.0,1.0,1.0,1.0,1.0,1.0,1.0,1.0,1.0,1.0,1.0,1.0,1.0,1.0,1.0,1.0,1,D3::D3-Q001,1.0
D3,D3-Q002,exact_fact,normal,advanced,128,112,57344,3.2964799404144287,18.24474334716797,1.0,1.0,1.0,1.0,1.0,1.0,1.0,1.0,1.0,1.0,1.0,1.0,1.0,1.0,1.0,1.0,1,D3::D3-Q002,1.0
D3,D3-Q003,negation,normal,advanced,128,112,57344,3.2964799404144287,18.809795379638672,1.0,1.0,1.0,1.0,1.0,1.0,1.0,1.0,1.0,1.0,1.0,1.0,1.0,1.0,1.0,1.0,1,D3::D3-Q003,1.0
D3,D3-Q004,conditional_exception,normal,advanced,128,112,57344,3.2964799404144287,19.62900161743164,0.5,1.0,0.0,0.5,1.0,0.0,1.0,1.0,1.0,1.0,1.0,1.0,1.0,0.8772153153380493,0.8772153153380493,1.0,2,D3::D3-Q004,1.0
D3,D3-Q005,negative_query,normal,advanced,128,112,57344,3.2964799404144287,21.14272117614746,1.0,1.0,1.0,1.0,1.0,1.0,1.0,1.0,1.0,1.0,1.0,1.0,1.0,1.0,1.0,1.0,1,D3::D3-Q005,1.0
D3,D3-Q006,exact_fact,normal,advanced,128,112,57344,3.2964799404144287,20.879030227661133,1.0,1.0,1.0,1.0,1.0,1.0,1.0,1.0,1.0,1.0,1.0,1.0,1.0,1.0,1.0,1.0,1,D3::D3-Q006,1.0
D3,D3-Q007,exact_fact,normal,advanced,128,112,57344,3.2964799404144287,18.810272216796875,1.0,1.0,1.0,1.0,1.0,1.0,1.0,1.0,1.0,1.0,1.0,1.0,1.0,1.0,1.0,1.0,1,D3::D3-Q007,1.0
D3,D3-Q008,exact_fact,normal,advanced,128,112,57344,3.2964799404144287,18.945693969726562,0.0,0.0,0.0,0.0,0.0,0.0,1.0,1.0,1.0,1.0,1.0,1.0,0.2,0.38685280723454163,0.38685280723454163,1.0,1,D3::D3-Q008,1.0
D3,D3-Q009,exact_fact,normal,advanced,128,112,57344,3.2964799404144287,19.094467163085938,0.0,0.0,0.0,0.0,0.0,0.0,0.0,0.0,0.0,0.0,0.0,0.0,0.0,0.0,0.0,0.0,0,D3::D3-Q009,0.0
D3,D3-Q010,exact_fact,normal,advanced,128,112,57344,3.2964799404144287,18.656253814697266,0.0,0.0,0.0,1.0,1.0,1.0,1.0,1.0,1.0,1.0,1.0,1.0,0.5,0.6309297535714575,0.6309297535714575,1.0,1,D3::D3-Q010,1.0
D3,D3-Q011,exact_fact,normal,advanced,128,112,57344,3.2964799404144287,18.63861083984375,0.0,0.0,0.0,0.0,0.0,0.0,0.0,0.0,0.0,0.0,0.0,0.0,0.0,0.0,0.0,0.0,0,D3::D3-Q011,0.0
D3,D3-Q012,list_membership,normal,advanced,128,112,57344,3.2964799404144287,18.61429214477539,0.0,0.0,0.0,0.0,0.0,0.0,0.0,0.0,0.0,0.0,0.0,0.0,0.0,0.0,0.0,0.0,0,D3::D3-Q012,0.0
D3,D3-Q013,exact_fact,normal,advanced,128,112,57344,3.2964799404144287,18.540620803833008,0.0,0.0,0.0,0.0,0.0,0.0,0.0,0.0,0.0,0.0,0.0,0.0,0.0,0.0,0.0,0.0,0,D3::D3-Q013,0.0
D3,D3-Q014,exact_fact,normal,advanced,128,112,57344,3.2964799404144287,18.995046615600586,0.0,0.0,0.0,0.0,0.0,0.0,0.0,0.0,0.0,0.0,0.0,0.0,0.0,0.0,0.0,0.0,0,D3::D3-Q014,0.0
D3,D3-Q015,exact_fact,normal,advanced,128,112,57344,3.2964799404144287,18.929004669189453,0.0,0.0,0.0,1.0,1.0,1.0,1.0,1.0,1.0,1.0,1.0,1.0,0.5,0.6309297535714575,0.6309297535714575,1.0,1,D3::D3-Q015,1.0
D3,D3-Q016,exact_fact,normal,advanced,128,112,57344,3.2964799404144287,19.23060417175293,0.0,0.0,0.0,0.0,0.0,0.0,0.0,0.0,0.0,0.0,0.0,0.0,0.0,0.0,0.0,0.0,0,D3::D3-Q016,0.0
D3,D3-Q017,exact_fact,normal,advanced,128,112,57344,3.2964799404144287,18.799304962158203,0.0,0.0,0.0,0.0,0.0,0.0,0.0,0.0,0.0,0.0,0.0,0.0,0.0,0.0,0.0,0.0,0,D3::D3-Q017,0.0
D3,D3-Q018,exact_fact,normal,advanced,128,112,57344,3.2964799404144287,19.189119338989258,0.0,0.0,0.0,0.0,0.0,0.0,0.0,0.0,0.0,1.0,1.0,1.0,0.14285714285714285,0.0,0.3333333333333333,1.0,1,D3::D3-Q018,1.0
D3,D3-Q019,exact_fact,normal,advanced,128,112,57344,3.2964799404144287,23.643970489501953,1.0,1.0,1.0,1.0,1.0,1.0,1.0,1.0,1.0,1.0,1.0,1.0,1.0,1.0,1.0,1.0,1,D3::D3-Q019,1.0
D3,D3-Q020,exact_fact,normal,advanced,128,112,57344,3.2964799404144287,27.23073959350586,1.0,1.0,1.0,1.0,1.0,1.0,1.0,1.0,1.0,1.0,1.0,1.0,1.0,1.0,1.0,1.0,1,D3::D3-Q020,1.0
D3,D3-Q021,exact_fact,normal,advanced,128,112,57344,3.2964799404144287,21.090269088745117,0.0,0.0,0.0,0.0,0.0,0.0,0.0,0.0,0.0,0.0,0.0,0.0,0.0,0.0,0.0,0.0,0,D3::D3-Q021,0.0
D3,D3-Q022,exact_fact,normal,advanced,128,112,57344,3.2964799404144287,25.47168731689453,1.0,1.0,1.0,1.0,1.0,1.0,1.0,1.0,1.0,1.0,1.0,1.0,1.0,1.0,1.0,1.0,1,D3::D3-Q022,1.0
D3,D3-Q023,exact_fact,normal,advanced,128,112,57344,3.2964799404144287,24.466276168823242,0.0,0.0,0.0,0.0,0.0,0.0,0.0,0.0,0.0,0.0,0.0,0.0,0.0,0.0,0.0,0.0,0,D3::D3-Q023,0.0
D3,D3-Q024,exact_fact,normal,advanced,128,112,57344,3.2964799404144287,22.82881736755371,0.0,0.0,0.0,0.0,0.0,0.0,0.0,0.0,0.0,0.0,0.0,0.0,0.0,0.0,0.0,0.0,0,D3::D3-Q024,0.0
D3,D3-Q025,exact_fact,normal,advanced,128,112,57344,3.2964799404144287,26.308536529541016,0.5,1.0,0.0,0.5,1.0,0.0,0.5,1.0,0.0,1.0,1.0,1.0,1.0,0.6131471927654584,0.7977228895450266,1.0,2,D3::D3-Q025,1.0
D3,D3-Q026,exact_fact,normal,advanced,128,112,57344,3.2964799404144287,24.369239807128906,1.0,1.0,1.0,1.0,1.0,1.0,1.0,1.0,1.0,1.0,1.0,1.0,1.0,1.0,1.0,1.0,1,D3::D3-Q026,1.0
D3,D3-Q027,exact_fact,normal,advanced,128,112,57344,3.2964799404144287,21.31938934326172,1.0,1.0,1.0,1.0,1.0,1.0,1.0,1.0,1.0,1.0,1.0,1.0,1.0,1.4078361780682693,1.4078361780682693,1.0,3,D3::D3-Q027,1.0
D3,D3-Q028,exact_fact,normal,advanced,128,112,57344,3.2964799404144287,19.441843032836914,0.0,0.0,0.0,0.0,0.0,0.0,0.0,0.0,0.0,1.0,1.0,1.0,0.14285714285714285,0.0,0.3333333333333333,1.0,1,D3::D3-Q028,1.0
D3,D3-Q029,exact_fact,normal,advanced,128,112,57344,3.2964799404144287,21.043777465820312,0.0,0.0,0.0,1.0,1.0,1.0,1.0,1.0,1.0,1.0,1.0,1.0,0.3333333333333333,0.7039180890341347,0.7039180890341347,1.0,3,D3::D3-Q029,1.0
D3,D3-Q030,exact_fact,normal,advanced,128,112,57344,3.2964799404144287,20.77960968017578,1.0,1.0,1.0,1.0,1.0,1.0,1.0,1.0,1.0,1.0,1.0,1.0,1.0,1.0,1.0,1.0,1,D3::D3-Q030,1.0
D3,D3-Q031,exact_fact,normal,advanced,128,112,57344,3.2964799404144287,24.34515953063965,1.0,1.0,1.0,1.0,1.0,1.0,1.0,1.0,1.0,1.0,1.0,1.0,1.0,1.0,1.0,1.0,1,D3::D3-Q031,1.0
D3,D3-Q032,exact_fact,normal,advanced,128,112,57344,3.2964799404144287,21.401643753051758,1.0,1.0,1.0,1.0,1.0,1.0,1.0,1.0,1.0,1.0,1.0,1.0,1.0,1.0,1.0,1.0,1,D3::D3-Q032,1.0
D3,D3-Q033,exact_fact,normal,advanced,128,112,57344,3.2964799404144287,19.580602645874023,1.0,1.0,1.0,1.0,1.0,1.0,1.0,1.0,1.0,1.0,1.0,1.0,1.0,1.0,1.0,1.0,1,D3::D3-Q033,1.0
D3,D3-Q034,exact_fact,normal,advanced,128,112,57344,3.2964799404144287,19.70982551574707,0.0,0.0,0.0,0.0,0.0,0.0,0.0,0.0,0.0,0.0,0.0,0.0,0.0,0.0,0.0,0.0,0,D3::D3-Q034,0.0
D3,D3-Q035,exact_fact,normal,advanced,128,112,57344,3.2964799404144287,18.394947052001953,1.0,1.0,1.0,1.0,1.0,1.0,1.0,1.0,1.0,1.0,1.0,1.0,1.0,1.0,1.0,1.0,1,D3::D3-Q035,1.0
D3,D3-Q036,exact_fact,normal,advanced,128,112,57344,3.2964799404144287,18.91493797302246,0.0,0.0,0.0,0.0,0.0,0.0,0.0,0.0,0.0,1.0,1.0,1.0,0.14285714285714285,0.0,0.3333333333333333,1.0,1,D3::D3-Q036,1.0
D3,D3-Q037,exact_fact,normal,advanced,128,112,57344,3.2964799404144287,18.872499465942383,0.0,0.0,0.0,0.0,0.0,0.0,0.0,0.0,0.0,0.0,0.0,0.0,0.0,0.0,0.0,0.0,0,D3::D3-Q037,0.0
D3,D3-Q038,exact_fact,normal,advanced,128,112,57344,3.2964799404144287,19.429922103881836,1.0,1.0,1.0,1.0,1.0,1.0,1.0,1.0,1.0,1.0,1.0,1.0,1.0,1.0,1.0,1.0,1,D3::D3-Q038,1.0
D3,D3-Q039,list_membership,normal,advanced,128,112,57344,3.2964799404144287,22.16172218322754,0.4,1.0,0.0,1.0,1.0,1.0,1.0,1.0,1.0,1.0,1.0,1.0,1.0,1.320279204750815,1.320279204750815,1.0,5,D3::D3-Q039,1.0
D3,D3-Q040,negation,normal,advanced,128,112,57344,3.2964799404144287,28.99456024169922,1.0,1.0,1.0,1.0,1.0,1.0,1.0,1.0,1.0,1.0,1.0,1.0,1.0,1.0,1.0,1.0,1,D3::D3-Q040,1.0
D3,D3-Q041,exact_fact,normal,advanced,128,112,57344,3.2964799404144287,24.8260498046875,1.0,1.0,1.0,1.0,1.0,1.0,1.0,1.0,1.0,1.0,1.0,1.0,1.0,1.0,1.0,1.0,1,D3::D3-Q041,1.0
D3,D3-Q042,conditional_exception,normal,advanced,128,112,57344,3.2964799404144287,28.399229049682617,1.0,1.0,1.0,1.0,1.0,1.0,1.0,1.0,1.0,1.0,1.0,1.0,1.0,1.4078361780682693,1.4078361780682693,1.0,3,D3::D3-Q042,1.0
D3,D3-Q043,list_membership,normal,advanced,128,112,57344,3.2964799404144287,24.139404296875,1.0,1.0,1.0,1.0,1.0,1.0,1.0,1.0,1.0,1.0,1.0,1.0,1.0,1.0,1.0,1.0,1,D3::D3-Q043,1.0
D3,D3-Q044,temporal,normal,advanced,128,112,57344,3.2964799404144287,25.926589965820312,0.0,0.0,0.0,0.0,0.0,0.0,0.0,0.0,0.0,0.0,0.0,0.0,0.0,0.0,0.0,0.0,0,D3::D3-Q044,0.0
D3,D3-Q045,negation,normal,advanced,128,112,57344,3.2964799404144287,22.490501403808594,1.0,1.0,1.0,1.0,1.0,1.0,1.0,1.0,1.0,1.0,1.0,1.0,1.0,1.0,1.0,1.0,1,D3::D3-Q045,1.0
D3,D3-Q046,exact_fact,normal,advanced,128,112,57344,3.2964799404144287,26.436567306518555,1.0,1.0,1.0,1.0,1.0,1.0,1.0,1.0,1.0,1.0,1.0,1.0,1.0,1.0,1.0,1.0,1,D3::D3-Q046,1.0
D3,D3-Q047,numerical,normal,advanced,128,112,57344,3.2964799404144287,26.07274055480957,0.0,0.0,0.0,1.0,1.0,1.0,1.0,1.0,1.0,1.0,1.0,1.0,0.3333333333333333,0.5,0.5,1.0,1,D3::D3-Q047,1.0
D3,D3-Q048,conditional_exception,normal,advanced,128,112,57344,3.2964799404144287,26.285648345947266,0.0,0.0,0.0,1.0,1.0,1.0,1.0,1.0,1.0,1.0,1.0,1.0,0.3333333333333333,0.5,0.5,1.0,1,D3::D3-Q048,1.0
D3,D3-Q049,numerical,normal,advanced,128,112,57344,3.2964799404144287,26.433944702148438,0.0,0.0,0.0,0.0,0.0,0.0,0.0,0.0,0.0,0.0,0.0,0.0,0.0,0.0,0.0,0.0,0,D3::D3-Q049,0.0
D3,D3-Q050,procedural,normal,advanced,128,112,57344,3.2964799404144287,26.00383758544922,1.0,1.0,1.0,1.0,1.0,1.0,1.0,1.0,1.0,1.0,1.0,1.0,1.0,1.0,1.0,1.0,1,D3::D3-Q050,1.0
D3,D3-Q051,temporal,normal,advanced,128,112,57344,3.2964799404144287,24.104833602905273,1.0,1.0,1.0,1.0,1.0,1.0,1.0,1.0,1.0,1.0,1.0,1.0,1.0,1.0,1.0,1.0,1,D3::D3-Q051,1.0
D3,D3-Q052,conditional_exception,normal,advanced,128,112,57344,3.2964799404144287,23.796558380126953,1.0,1.0,1.0,1.0,1.0,1.0,1.0,1.0,1.0,1.0,1.0,1.0,1.0,1.0,1.0,1.0,1,D3::D3-Q052,1.0
D3,D3-Q053,procedural,normal,advanced,128,112,57344,3.2964799404144287,22.46832847595215,1.0,1.0,1.0,1.0,1.0,1.0,1.0,1.0,1.0,1.0,1.0,1.0,1.0,1.2262943855309167,1.2262943855309167,1.0,2,D3::D3-Q053,1.0
D3,D3-Q054,conditional_exception,normal,advanced,128,112,57344,3.2964799404144287,23.77915382385254,1.0,1.0,1.0,1.0,1.0,1.0,1.0,1.0,1.0,1.0,1.0,1.0,1.0,1.0,1.0,1.0,1,D3::D3-Q054,1.0
D3,D3-Q055,exact_fact,normal,advanced,128,112,57344,3.2964799404144287,24.190902709960938,0.0,0.0,0.0,1.0,1.0,1.0,1.0,1.0,1.0,1.0,1.0,1.0,0.5,0.6309297535714575,0.6309297535714575,1.0,1,D3::D3-Q055,1.0
D3,D3-Q056,exact_fact,normal,advanced,128,112,57344,3.2964799404144287,23.350000381469727,1.0,1.0,1.0,1.0,1.0,1.0,1.0,1.0,1.0,1.0,1.0,1.0,1.0,1.0,1.0,1.0,1,D3::D3-Q056,1.0
D3,D3-Q057,exact_fact,normal,advanced,128,112,57344,3.2964799404144287,25.93684196472168,0.0,0.0,0.0,1.0,1.0,1.0,1.0,1.0,1.0,1.0,1.0,1.0,0.5,0.7737056144690833,0.7737056144690833,1.0,2,D3::D3-Q057,1.0
D3,D3-Q058,conditional_exception,normal,advanced,128,112,57344,3.2964799404144287,26.801347732543945,0.0,0.0,0.0,0.0,0.0,0.0,1.0,1.0,1.0,1.0,1.0,1.0,0.25,0.43067655807339306,0.43067655807339306,1.0,1,D3::D3-Q058,1.0
D3,D3-Q059,exact_fact,normal,advanced,128,112,57344,3.2964799404144287,21.20685577392578,1.0,1.0,1.0,1.0,1.0,1.0,1.0,1.0,1.0,1.0,1.0,1.0,1.0,1.0,1.0,1.0,1,D3::D3-Q059,1.0
D3,D3-Q060,negation,normal,advanced,128,112,57344,3.2964799404144287,14.307498931884766,0.0,0.0,0.0,1.0,1.0,1.0,1.0,1.0,1.0,1.0,1.0,1.0,0.5,0.6309297535714575,0.6309297535714575,1.0,1,D3::D3-Q060,1.0
D3,D3-Q061,exact_fact,normal,advanced,128,112,57344,3.2964799404144287,15.116691589355469,1.0,1.0,1.0,1.0,1.0,1.0,1.0,1.0,1.0,1.0,1.0,1.0,1.0,1.0,1.0,1.0,1,D3::D3-Q061,1.0
D3,D3-Q062,exact_fact,normal,advanced,128,112,57344,3.2964799404144287,14.76907730102539,1.0,1.0,1.0,1.0,1.0,1.0,1.0,1.0,1.0,1.0,1.0,1.0,1.0,1.0,1.0,1.0,1,D3::D3-Q062,1.0
D3,D3-Q063,procedural,normal,advanced,128,112,57344,3.2964799404144287,16.981124877929688,0.0,0.0,0.0,1.0,1.0,1.0,1.0,1.0,1.0,1.0,1.0,1.0,0.3333333333333333,0.5,0.5,1.0,1,D3::D3-Q063,1.0
D3,D3-Q064,conditional_exception,normal,advanced,128,112,57344,3.2964799404144287,14.663457870483398,0.0,0.0,0.0,0.0,0.0,0.0,0.0,0.0,0.0,0.0,0.0,0.0,0.0,0.0,0.0,0.0,0,D3::D3-Q064,0.0
D3,D3-Q065,procedural,normal,advanced,128,112,57344,3.2964799404144287,15.246152877807617,1.0,1.0,1.0,1.0,1.0,1.0,1.0,1.0,1.0,1.0,1.0,1.0,1.0,1.0,1.0,1.0,1,D3::D3-Q065,1.0
D3,D3-Q066,conditional_exception,normal,advanced,128,112,57344,3.2964799404144287,15.625238418579102,1.0,1.0,1.0,1.0,1.0,1.0,1.0,1.0,1.0,1.0,1.0,1.0,1.0,1.0,1.0,1.0,1,D3::D3-Q066,1.0
D3,D3-Q067,exact_fact,normal,advanced,128,112,57344,3.2964799404144287,15.295028686523438,0.0,0.0,0.0,1.0,1.0,1.0,1.0,1.0,1.0,1.0,1.0,1.0,0.5,0.6309297535714575,0.6309297535714575,1.0,1,D3::D3-Q067,1.0
D3,D3-Q068,conditional_exception,normal,advanced,128,112,57344,3.2964799404144287,16.132116317749023,0.0,0.0,0.0,1.0,1.0,1.0,1.0,1.0,1.0,1.0,1.0,1.0,0.5,0.6309297535714575,0.6309297535714575,1.0,1,D3::D3-Q068,1.0
D3,D3-Q069,negation,normal,advanced,128,112,57344,3.2964799404144287,14.698982238769531,1.0,1.0,1.0,1.0,1.0,1.0,1.0,1.0,1.0,1.0,1.0,1.0,1.0,1.0,1.0,1.0,1,D3::D3-Q069,1.0
D3,D3-Q070,procedural,normal,advanced,128,112,57344,3.2964799404144287,14.428377151489258,0.0,0.0,0.0,1.0,1.0,1.0,1.0,1.0,1.0,1.0,1.0,1.0,0.3333333333333333,0.5,0.5,1.0,1,D3::D3-Q070,1.0
D3,D3-Q071,exact_fact,normal,advanced,128,112,57344,3.2964799404144287,15.053272247314453,0.0,0.0,0.0,1.0,1.0,1.0,1.0,1.0,1.0,1.0,1.0,1.0,0.5,0.6309297535714575,0.6309297535714575,1.0,1,D3::D3-Q071,1.0
D3,D3-Q072,procedural,normal,advanced,128,112,57344,3.2964799404144287,14.426946640014648,0.0,0.0,0.0,0.0,0.0,0.0,1.0,1.0,1.0,1.0,1.0,1.0,0.25,0.43067655807339306,0.43067655807339306,1.0,1,D3::D3-Q072,1.0
D3,D3-Q073,list_membership,normal,advanced,128,112,57344,3.2964799404144287,19.510507583618164,0.0,0.0,0.0,0.0,0.0,0.0,0.0,0.0,0.0,0.0,0.0,0.0,0.0,0.0,0.0,0.0,0,D3::D3-Q073,0.0
D3,D3-Q074,exact_fact,normal,advanced,128,112,57344,3.2964799404144287,17.446041107177734,1.0,1.0,1.0,1.0,1.0,1.0,1.0,1.0,1.0,1.0,1.0,1.0,1.0,1.0,1.0,1.0,1,D3::D3-Q074,1.0
D3,D3-Q075,exact_fact,normal,advanced,128,112,57344,3.2964799404144287,17.073392868041992,0.0,0.0,0.0,0.0,0.0,0.0,0.0,0.0,0.0,0.0,0.0,0.0,0.0,0.0,0.0,0.0,0,D3::D3-Q075,0.0
D3,D3-Q076,list_membership,normal,advanced,128,112,57344,3.2964799404144287,17.105579376220703,0.0,0.0,0.0,0.0,0.0,0.0,1.0,1.0,1.0,1.0,1.0,1.0,0.25,0.43067655807339306,0.43067655807339306,1.0,1,D3::D3-Q076,1.0
D3,D3-Q077,procedural,normal,advanced,128,112,57344,3.2964799404144287,14.760255813598633,1.0,1.0,1.0,1.0,1.0,1.0,1.0,1.0,1.0,1.0,1.0,1.0,1.0,1.2262943855309167,1.2262943855309167,1.0,2,D3::D3-Q077,1.0
D3,D3-Q078,numerical,normal,advanced,128,112,57344,3.2964799404144287,14.815807342529297,0.0,0.0,0.0,0.0,0.0,0.0,1.0,1.0,1.0,1.0,1.0,1.0,0.25,0.43067655807339306,0.43067655807339306,1.0,1,D3::D3-Q078,1.0
D3,D3-Q079,procedural,normal,advanced,128,112,57344,3.2964799404144287,14.637231826782227,0.0,0.0,0.0,1.0,1.0,1.0,1.0,1.0,1.0,1.0,1.0,1.0,0.5,0.7737056144690833,0.7737056144690833,1.0,2,D3::D3-Q079,1.0
D3,D3-Q080,conditional_exception,normal,advanced,128,112,57344,3.2964799404144287,15.285730361938477,0.1111111111111111,1.0,0.0,0.5555555555555556,1.0,0.0,0.5555555555555556,1.0,0.0,0.5555555555555556,1.0,0.0,1.0,1.0174806158208483,0.7051366482434561,0.5555555555555556,5,D3::D3-Q080,0.5555555555555556
D3,D3-Q081,exact_fact,normal,advanced,128,112,57344,3.2964799404144287,14.536380767822266,0.0,0.0,0.0,1.0,1.0,1.0,1.0,1.0,1.0,1.0,1.0,1.0,0.3333333333333333,0.5,0.5,1.0,1,D3::D3-Q081,1.0
D3,D3-Q082,negative_query,normal,advanced,128,112,57344,3.2964799404144287,15.676259994506836,0.0,0.0,0.0,0.0,0.0,0.0,0.0,0.0,0.0,0.0,0.0,0.0,0.0,0.0,0.0,0.0,0,D3::D3-Q082,0.0
D3,D3-Q083,exact_fact,normal,advanced,128,112,57344,3.2964799404144287,14.651298522949219,1.0,1.0,1.0,1.0,1.0,1.0,1.0,1.0,1.0,1.0,1.0,1.0,1.0,1.0,1.0,1.0,1,D3::D3-Q083,1.0
D3,D3-Q084,exact_fact,normal,advanced,128,112,57344,3.2964799404144287,15.330314636230469,1.0,1.0,1.0,1.0,1.0,1.0,1.0,1.0,1.0,1.0,1.0,1.0,1.0,1.0,1.0,1.0,1,D3::D3-Q084,1.0
D3,D3-Q085,list_membership,normal,advanced,128,112,57344,3.2964799404144287,15.981435775756836,0.0,0.0,0.0,0.0,0.0,0.0,0.0,0.0,0.0,0.2857142857142857,1.0,0.0,0.1,0.0,0.15891415886553484,0.2857142857142857,2,D3::D3-Q085,0.2857142857142857
D3,D3-Q086,negation,normal,advanced,128,112,57344,3.2964799404144287,15.483856201171875,0.0,0.0,0.0,0.0,0.0,0.0,0.0,0.0,0.0,0.0,0.0,0.0,0.0,0.0,0.0,0.0,0,D3::D3-Q086,0.0
D3,D3-Q087,conditional_exception,normal,advanced,128,112,57344,3.2964799404144287,18.42212677001953,0.0,0.0,0.0,0.0,0.0,0.0,1.0,1.0,1.0,1.0,1.0,1.0,0.25,0.43067655807339306,0.43067655807339306,1.0,1,D3::D3-Q087,1.0
D3,D3-Q088,exact_fact,normal,advanced,128,112,57344,3.2964799404144287,25.095701217651367,1.0,1.0,1.0,1.0,1.0,1.0,1.0,1.0,1.0,1.0,1.0,1.0,1.0,1.0,1.0,1.0,1,D3::D3-Q088,1.0
D3,D3-Q089,exact_fact,normal,advanced,128,112,57344,3.2964799404144287,15.175580978393555,1.0,1.0,1.0,1.0,1.0,1.0,1.0,1.0,1.0,1.0,1.0,1.0,1.0,1.0,1.0,1.0,1,D3::D3-Q089,1.0
D3,D3-Q090,procedural,normal,advanced,128,112,57344,3.2964799404144287,14.935970306396484,0.0,0.0,0.0,1.0,1.0,1.0,1.0,1.0,1.0,1.0,1.0,1.0,0.5,0.6309297535714575,0.6309297535714575,1.0,1,D3::D3-Q090,1.0
D3,D3-Q091,list_membership,normal,advanced,128,112,57344,3.2964799404144287,14.486551284790039,0.0,0.0,0.0,0.0,0.0,0.0,0.5,1.0,0.0,0.5,1.0,0.0,0.2,0.39361523253702535,0.3511877794138906,0.5,3,D3::D3-Q091,0.5
D3,D3-Q092,conditional_exception,normal,advanced,128,112,57344,3.2964799404144287,14.791250228881836,1.0,1.0,1.0,1.0,1.0,1.0,1.0,1.0,1.0,1.0,1.0,1.0,1.0,1.0,1.0,1.0,1,D3::D3-Q092,1.0
D3,D3-Q093,exact_fact,normal,advanced,128,112,57344,3.2964799404144287,14.579296112060547,1.0,1.0,1.0,1.0,1.0,1.0,1.0,1.0,1.0,1.0,1.0,1.0,1.0,1.0,1.0,1.0,1,D3::D3-Q093,1.0
D3,D3-Q094,procedural,normal,advanced,128,112,57344,3.2964799404144287,14.418601989746094,1.0,1.0,1.0,1.0,1.0,1.0,1.0,1.0,1.0,1.0,1.0,1.0,1.0,1.0,1.0,1.0,1,D3::D3-Q094,1.0
D3,D3-Q095,negation,normal,advanced,128,112,57344,3.2964799404144287,15.276670455932617,0.0,0.0,0.0,1.0,1.0,1.0,1.0,1.0,1.0,1.0,1.0,1.0,0.5,0.7737056144690833,0.7737056144690833,1.0,2,D3::D3-Q095,1.0
D3,D3-Q096,numerical,normal,advanced,128,112,57344,3.2964799404144287,14.528751373291016,1.0,1.0,1.0,1.0,1.0,1.0,1.0,1.0,1.0,1.0,1.0,1.0,1.0,1.0,1.0,1.0,1,D3::D3-Q096,1.0
D3,D3-Q097,numerical,normal,advanced,128,112,57344,3.2964799404144287,14.521360397338867,1.0,1.0,1.0,1.0,1.0,1.0,1.0,1.0,1.0,1.0,1.0,1.0,1.0,1.0,1.0,1.0,1,D3::D3-Q097,1.0
D3,D3-Q098,negation,normal,advanced,128,112,57344,3.2964799404144287,14.641284942626953,1.0,1.0,1.0,1.0,1.0,1.0,1.0,1.0,1.0,1.0,1.0,1.0,1.0,1.0,1.0,1.0,1,D3::D3-Q098,1.0
D3,D3-Q099,exact_fact,normal,advanced,128,112,57344,3.2964799404144287,14.86349105834961,1.0,1.0,1.0,1.0,1.0,1.0,1.0,1.0,1.0,1.0,1.0,1.0,1.0,1.0,1.0,1.0,1,D3::D3-Q099,1.0
D3,D3-Q100,exact_fact,normal,advanced,128,112,57344,3.2964799404144287,14.137029647827148,1.0,1.0,1.0,1.0,1.0,1.0,1.0,1.0,1.0,1.0,1.0,1.0,1.0,1.0,1.0,1.0,1,D3::D3-Q100,1.0
D3,D3-Q101,conditional_exception,normal,advanced,128,112,57344,3.2964799404144287,14.513254165649414,1.0,1.0,1.0,1.0,1.0,1.0,1.0,1.0,1.0,1.0,1.0,1.0,1.0,1.0,1.0,1.0,1,D3::D3-Q101,1.0
D3,D3-Q102,exact_fact,normal,advanced,128,112,57344,3.2964799404144287,15.758752822875977,1.0,1.0,1.0,1.0,1.0,1.0,1.0,1.0,1.0,1.0,1.0,1.0,1.0,1.0,1.0,1.0,1,D3::D3-Q102,1.0
D3,D3-Q103,exact_fact,normal,advanced,128,112,57344,3.2964799404144287,14.577627182006836,1.0,1.0,1.0,1.0,1.0,1.0,1.0,1.0,1.0,1.0,1.0,1.0,1.0,1.0,1.0,1.0,1,D3::D3-Q103,1.0
D3,D3-Q104,temporal,normal,advanced,128,112,57344,3.2964799404144287,15.810728073120117,0.0,0.0,0.0,0.0,0.0,0.0,1.0,1.0,1.0,1.0,1.0,1.0,0.2,0.38685280723454163,0.38685280723454163,1.0,1,D3::D3-Q104,1.0
D3,D3-Q105,exact_fact,normal,advanced,128,112,57344,3.2964799404144287,14.507055282592773,0.0,0.0,0.0,0.0,0.0,0.0,0.0,0.0,0.0,1.0,1.0,1.0,0.125,0.0,0.31546487678572877,1.0,1,D3::D3-Q105,1.0
D3,D3-Q106,numerical,normal,advanced,128,112,57344,3.2964799404144287,15.819072723388672,1.0,1.0,1.0,1.0,1.0,1.0,1.0,1.0,1.0,1.0,1.0,1.0,1.0,1.0,1.0,1.0,1,D3::D3-Q106,1.0
D3,D3-Q107,conditional_exception,normal,advanced,128,112,57344,3.2964799404144287,14.270305633544922,0.0,0.0,0.0,0.0,0.0,0.0,0.0,0.0,0.0,1.0,1.0,1.0,0.16666666666666666,0.0,0.3562071871080222,1.0,1,D3::D3-Q107,1.0
D3,D3-Q108,conditional_exception,normal,advanced,128,112,57344,3.2964799404144287,15.722513198852539,1.0,1.0,1.0,1.0,1.0,1.0,1.0,1.0,1.0,1.0,1.0,1.0,1.0,1.0,1.0,1.0,1,D3::D3-Q108,1.0
D3,D3-Q109,conditional_exception,normal,advanced,128,112,57344,3.2964799404144287,15.006542205810547,1.0,1.0,1.0,1.0,1.0,1.0,1.0,1.0,1.0,1.0,1.0,1.0,1.0,1.0,1.0,1.0,1,D3::D3-Q109,1.0
D3,D3-Q110,exact_fact,normal,advanced,128,112,57344,3.2964799404144287,14.876127243041992,0.0,0.0,0.0,1.0,1.0,1.0,1.0,1.0,1.0,1.0,1.0,1.0,0.5,0.6309297535714575,0.6309297535714575,1.0,1,D3::D3-Q110,1.0
D3,D3-Q111,procedural,normal,advanced,128,112,57344,3.2964799404144287,14.336347579956055,0.0,0.0,0.0,1.0,1.0,1.0,1.0,1.0,1.0,1.0,1.0,1.0,0.3333333333333333,0.5,0.5,1.0,1,D3::D3-Q111,1.0
D3,D3-Q112,conditional_exception,normal,advanced,128,112,57344,3.2964799404144287,15.607833862304688,0.0,0.0,0.0,1.0,1.0,1.0,1.0,1.0,1.0,1.0,1.0,1.0,0.5,0.6309297535714575,0.6309297535714575,1.0,1,D3::D3-Q112,1.0
D3,D3-Q113,conditional_exception,normal,advanced,128,112,57344,3.2964799404144287,15.849590301513672,1.0,1.0,1.0,1.0,1.0,1.0,1.0,1.0,1.0,1.0,1.0,1.0,1.0,1.0,1.0,1.0,1,D3::D3-Q113,1.0
D3,D3-Q114,negation,normal,advanced,128,112,57344,3.2964799404144287,14.456748962402344,1.0,1.0,1.0,1.0,1.0,1.0,1.0,1.0,1.0,1.0,1.0,1.0,1.0,1.0,1.0,1.0,1,D3::D3-Q114,1.0
D3,D3-Q115,numerical,normal,advanced,128,112,57344,3.2964799404144287,14.033079147338867,1.0,1.0,1.0,1.0,1.0,1.0,1.0,1.0,1.0,1.0,1.0,1.0,1.0,1.0,1.0,1.0,1,D3::D3-Q115,1.0
D3,D3-Q116,exact_fact,normal,advanced,128,112,57344,3.2964799404144287,14.522075653076172,1.0,1.0,1.0,1.0,1.0,1.0,1.0,1.0,1.0,1.0,1.0,1.0,1.0,1.0,1.0,1.0,1,D3::D3-Q116,1.0
D3,D3-Q117,numerical,normal,advanced,128,112,57344,3.2964799404144287,14.906883239746094,0.5,1.0,0.0,0.5,1.0,0.0,1.0,1.0,1.0,1.0,1.0,1.0,1.0,1.1170151725264383,1.1170151725264383,1.0,4,D3::D3-Q117,1.0
D3,D3-Q118,numerical,normal,advanced,128,112,57344,3.2964799404144287,15.541791915893555,1.0,1.0,1.0,1.0,1.0,1.0,1.0,1.0,1.0,1.0,1.0,1.0,1.0,1.0,1.0,1.0,1,D3::D3-Q118,1.0
D3,D3-Q119,negation,normal,advanced,128,112,57344,3.2964799404144287,15.023231506347656,0.0,0.0,0.0,1.0,1.0,1.0,1.0,1.0,1.0,1.0,1.0,1.0,0.3333333333333333,0.5,0.5,1.0,1,D3::D3-Q119,1.0
D3,D3-Q120,numerical,normal,advanced,128,112,57344,3.2964799404144287,16.521692276000977,1.0,1.0,1.0,1.0,1.0,1.0,1.0,1.0,1.0,1.0,1.0,1.0,1.0,1.0,1.0,1.0,1,D3::D3-Q120,1.0
D3,D3-Q121,numerical,normal,advanced,128,112,57344,3.2964799404144287,15.144824981689453,1.0,1.0,1.0,1.0,1.0,1.0,1.0,1.0,1.0,1.0,1.0,1.0,1.0,1.0,1.0,1.0,1,D3::D3-Q121,1.0
D3,D3-Q122,numerical,normal,advanced,128,112,57344,3.2964799404144287,15.008926391601562,1.0,1.0,1.0,1.0,1.0,1.0,1.0,1.0,1.0,1.0,1.0,1.0,1.0,1.0,1.0,1.0,1,D3::D3-Q122,1.0
D3,D3-Q123,numerical,normal,advanced,128,112,57344,3.2964799404144287,15.758514404296875,1.0,1.0,1.0,1.0,1.0,1.0,1.0,1.0,1.0,1.0,1.0,1.0,1.0,1.0,1.0,1.0,1,D3::D3-Q123,1.0
D3,D3-Q124,numerical,normal,advanced,128,112,57344,3.2964799404144287,14.75214958190918,0.0,0.0,0.0,1.0,1.0,1.0,1.0,1.0,1.0,1.0,1.0,1.0,0.3333333333333333,0.5,0.5,1.0,1,D3::D3-Q124,1.0
D3,D3-Q125,numerical,normal,advanced,128,112,57344,3.2964799404144287,14.918804168701172,0.0,0.0,0.0,1.0,1.0,1.0,1.0,1.0,1.0,1.0,1.0,1.0,0.3333333333333333,0.5,0.5,1.0,1,D3::D3-Q125,1.0
D3,D3-Q126,numerical,normal,advanced,128,112,57344,3.2964799404144287,14.398336410522461,0.0,0.0,0.0,1.0,1.0,1.0,1.0,1.0,1.0,1.0,1.0,1.0,0.5,0.6309297535714575,0.6309297535714575,1.0,1,D3::D3-Q126,1.0
D3,D3-Q127,numerical,normal,advanced,128,112,57344,3.2964799404144287,14.501571655273438,1.0,1.0,1.0,1.0,1.0,1.0,1.0,1.0,1.0,1.0,1.0,1.0,1.0,1.0,1.0,1.0,1,D3::D3-Q127,1.0
D3,D3-Q128,exact_fact,normal,advanced,128,112,57344,3.2964799404144287,14.561653137207031,1.0,1.0,1.0,1.0,1.0,1.0,1.0,1.0,1.0,1.0,1.0,1.0,1.0,1.0,1.0,1.0,1,D3::D3-Q128,1.0
D3,D3-Q129,numerical,normal,advanced,128,112,57344,3.2964799404144287,14.626264572143555,0.0,0.0,0.0,0.0,0.0,0.0,1.0,1.0,1.0,1.0,1.0,1.0,0.2,0.38685280723454163,0.38685280723454163,1.0,1,D3::D3-Q129,1.0
D3,D3-Q130,numerical,normal,advanced,128,112,57344,3.2964799404144287,17.232656478881836,1.0,1.0,1.0,1.0,1.0,1.0,1.0,1.0,1.0,1.0,1.0,1.0,1.0,1.0,1.0,1.0,1,D3::D3-Q130,1.0
D3,D3-Q131,procedural,normal,advanced,128,112,57344,3.2964799404144287,19.720792770385742,1.0,1.0,1.0,1.0,1.0,1.0,1.0,1.0,1.0,1.0,1.0,1.0,1.0,1.0,1.0,1.0,1,D3::D3-Q131,1.0
D3,D3-Q132,conditional_exception,normal,advanced,128,112,57344,3.2964799404144287,15.033960342407227,1.0,1.0,1.0,1.0,1.0,1.0,1.0,1.0,1.0,1.0,1.0,1.0,1.0,1.2262943855309167,1.2262943855309167,1.0,2,D3::D3-Q132,1.0
D3,D3-Q133,conditional_exception,normal,advanced,128,112,57344,3.2964799404144287,16.234636306762695,0.0,0.0,0.0,0.0,0.0,0.0,1.0,1.0,1.0,1.0,1.0,1.0,0.25,0.5281362451451818,0.5281362451451818,1.0,2,D3::D3-Q133,1.0
D3,D3-Q134,negation,normal,advanced,128,112,57344,3.2964799404144287,16.194820404052734,0.0,0.0,0.0,0.0,0.0,0.0,0.0,0.0,0.0,0.0,0.0,0.0,0.0,0.0,0.0,0.0,0,D3::D3-Q134,0.0
D3,D3-Q135,numerical,normal,advanced,128,112,57344,3.2964799404144287,14.295578002929688,0.0,0.0,0.0,1.0,1.0,1.0,1.0,1.0,1.0,1.0,1.0,1.0,0.5,0.6309297535714575,0.6309297535714575,1.0,1,D3::D3-Q135,1.0
D3,D3-Q136,numerical,normal,advanced,128,112,57344,3.2964799404144287,14.490604400634766,1.0,1.0,1.0,1.0,1.0,1.0,1.0,1.0,1.0,1.0,1.0,1.0,1.0,1.0,1.0,1.0,1,D3::D3-Q136,1.0
D3,D3-Q137,exact_fact,normal,advanced,128,112,57344,3.2964799404144287,14.159202575683594,1.0,1.0,1.0,1.0,1.0,1.0,1.0,1.0,1.0,1.0,1.0,1.0,1.0,1.0,1.0,1.0,1,D3::D3-Q137,1.0
D3,D3-Q138,procedural,normal,advanced,128,112,57344,3.2964799404144287,15.15817642211914,0.0,0.0,0.0,0.0,0.0,0.0,0.0,0.0,0.0,0.0,0.0,0.0,0.0,0.0,0.0,0.0,0,D3::D3-Q138,0.0
D3,D3-Q139,list_membership,normal,advanced,128,112,57344,3.2964799404144287,14.106273651123047,1.0,1.0,1.0,1.0,1.0,1.0,1.0,1.0,1.0,1.0,1.0,1.0,1.0,1.5615201999684067,1.5615201999684067,1.0,4,D3::D3-Q139,1.0
D3,D3-Q140,negation,normal,advanced,128,112,57344,3.2964799404144287,14.988899230957031,1.0,1.0,1.0,1.0,1.0,1.0,1.0,1.0,1.0,1.0,1.0,1.0,1.0,1.0,1.0,1.0,1,D3::D3-Q140,1.0
D3,D3-Q141,exact_fact,normal,advanced,128,112,57344,3.2964799404144287,14.599800109863281,1.0,1.0,1.0,1.0,1.0,1.0,1.0,1.0,1.0,1.0,1.0,1.0,1.0,1.0,1.0,1.0,1,D3::D3-Q141,1.0
D3,D3-Q142,conditional_exception,normal,advanced,128,112,57344,3.2964799404144287,14.902114868164062,0.0,0.0,0.0,0.0,0.0,0.0,0.0,0.0,0.0,1.0,1.0,1.0,0.16666666666666666,0.0,0.3562071871080222,1.0,1,D3::D3-Q142,1.0
D3,D3-Q143,exact_fact,normal,advanced,128,112,57344,3.2964799404144287,14.53709602355957,1.0,1.0,1.0,1.0,1.0,1.0,1.0,1.0,1.0,1.0,1.0,1.0,1.0,1.0,1.0,1.0,1,D3::D3-Q143,1.0
D3,D3-Q144,negation,normal,advanced,128,112,57344,3.2964799404144287,14.016151428222656,0.5,1.0,0.0,0.5,1.0,0.0,1.0,1.0,1.0,1.0,1.0,1.0,1.0,0.8772153153380493,0.8772153153380493,1.0,2,D3::D3-Q144,1.0
D3,D3-Q145,conditional_exception,normal,advanced,128,112,57344,3.2964799404144287,15.907764434814453,0.0,0.0,0.0,0.0,0.0,0.0,1.0,1.0,1.0,1.0,1.0,1.0,0.25,0.43067655807339306,0.43067655807339306,1.0,1,D3::D3-Q145,1.0
D3,D3-Q146,conditional_exception,normal,advanced,128,112,57344,3.2964799404144287,14.681100845336914,0.0,0.0,0.0,1.0,1.0,1.0,1.0,1.0,1.0,1.0,1.0,1.0,0.5,0.6309297535714575,0.6309297535714575,1.0,1,D3::D3-Q146,1.0
D3,D3-Q147,conditional_exception,normal,advanced,128,112,57344,3.2964799404144287,15.15054702758789,1.0,1.0,1.0,1.0,1.0,1.0,1.0,1.0,1.0,1.0,1.0,1.0,1.0,1.0,1.0,1.0,1,D3::D3-Q147,1.0
D3,D3-Q148,exact_fact,normal,advanced,128,112,57344,3.2964799404144287,22.124290466308594,1.0,1.0,1.0,1.0,1.0,1.0,1.0,1.0,1.0,1.0,1.0,1.0,1.0,1.0,1.0,1.0,1,D3::D3-Q148,1.0
D3,D3-Q149,temporal,normal,advanced,128,112,57344,3.2964799404144287,21.216154098510742,1.0,1.0,1.0,1.0,1.0,1.0,1.0,1.0,1.0,1.0,1.0,1.0,1.0,1.0,1.0,1.0,1,D3::D3-Q149,1.0
D3,D3-Q150,exact_fact,normal,advanced,128,112,57344,3.2964799404144287,14.49728012084961,1.0,1.0,1.0,1.0,1.0,1.0,1.0,1.0,1.0,1.0,1.0,1.0,1.0,1.0,1.0,1.0,1,D3::D3-Q150,1.0
D3,D3-Q151,conditional_exception,normal,advanced,128,112,57344,3.2964799404144287,15.464067459106445,0.0,0.0,0.0,1.0,1.0,1.0,1.0,1.0,1.0,1.0,1.0,1.0,0.5,0.6309297535714575,0.6309297535714575,1.0,1,D3::D3-Q151,1.0
D3,D3-Q152,exact_fact,normal,advanced,128,112,57344,3.2964799404144287,14.240741729736328,1.0,1.0,1.0,1.0,1.0,1.0,1.0,1.0,1.0,1.0,1.0,1.0,1.0,1.0,1.0,1.0,1,D3::D3-Q152,1.0
D3,D3-Q153,exact_fact,normal,advanced,128,112,57344,3.2964799404144287,14.380931854248047,0.0,0.0,0.0,0.0,0.0,0.0,0.0,0.0,0.0,0.0,0.0,0.0,0.0,0.0,0.0,0.0,0,D3::D3-Q153,0.0
D3,D3-Q154,list_membership,normal,advanced,128,112,57344,3.2964799404144287,15.00844955444336,1.0,1.0,1.0,1.0,1.0,1.0,1.0,1.0,1.0,1.0,1.0,1.0,1.0,1.2262943855309167,1.2262943855309167,1.0,2,D3::D3-Q154,1.0
D3,D3-Q155,negation,normal,advanced,128,112,57344,3.2964799404144287,14.63770866394043,1.0,1.0,1.0,1.0,1.0,1.0,1.0,1.0,1.0,1.0,1.0,1.0,1.0,1.0,1.0,1.0,1,D3::D3-Q155,1.0
D3,D3-Q156,conditional_exception,normal,advanced,128,112,57344,3.2964799404144287,15.124082565307617,0.0,0.0,0.0,1.0,1.0,1.0,1.0,1.0,1.0,1.0,1.0,1.0,0.5,0.6309297535714575,0.6309297535714575,1.0,1,D3::D3-Q156,1.0
D3,D3-Q157,exact_fact,normal,advanced,128,112,57344,3.2964799404144287,15.26188850402832,0.0,0.0,0.0,1.0,1.0,1.0,1.0,1.0,1.0,1.0,1.0,1.0,0.5,0.6309297535714575,0.6309297535714575,1.0,1,D3::D3-Q157,1.0
D3,D3-Q158,exact_fact,normal,advanced,128,112,57344,3.2964799404144287,14.496803283691406,1.0,1.0,1.0,1.0,1.0,1.0,1.0,1.0,1.0,1.0,1.0,1.0,1.0,1.0,1.0,1.0,1,D3::D3-Q158,1.0
D3,D3-Q159,procedural,normal,advanced,128,112,57344,3.2964799404144287,14.364242553710938,0.0,0.0,0.0,0.0,0.0,0.0,0.0,0.0,0.0,1.0,1.0,1.0,0.14285714285714285,0.0,0.3333333333333333,1.0,1,D3::D3-Q159,1.0
D3,D3-Q160,temporal,normal,advanced,128,112,57344,3.2964799404144287,14.336585998535156,1.0,1.0,1.0,1.0,1.0,1.0,1.0,1.0,1.0,1.0,1.0,1.0,1.0,1.0,1.0,1.0,1,D3::D3-Q160,1.0
D3,D3-Q161,exact_fact,normal,advanced,128,112,57344,3.2964799404144287,14.510393142700195,1.0,1.0,1.0,1.0,1.0,1.0,1.0,1.0,1.0,1.0,1.0,1.0,1.0,1.0,1.0,1.0,1,D3::D3-Q161,1.0
D3,D3-Q162,exact_fact,normal,advanced,128,112,57344,3.2964799404144287,14.103412628173828,0.0,0.0,0.0,1.0,1.0,1.0,1.0,1.0,1.0,1.0,1.0,1.0,0.3333333333333333,0.5,0.5,1.0,1,D3::D3-Q162,1.0
D3,D3-Q163,list_membership,normal,advanced,128,112,57344,3.2964799404144287,15.701055526733398,1.0,1.0,1.0,1.0,1.0,1.0,1.0,1.0,1.0,1.0,1.0,1.0,1.0,1.0,1.0,1.0,1,D3::D3-Q163,1.0
D3,D3-Q164,exact_fact,normal,advanced,128,112,57344,3.2964799404144287,14.488697052001953,1.0,1.0,1.0,1.0,1.0,1.0,1.0,1.0,1.0,1.0,1.0,1.0,1.0,1.0,1.0,1.0,1,D3::D3-Q164,1.0
D3,D3-Q165,negation,normal,advanced,128,112,57344,3.2964799404144287,15.334606170654297,0.0,0.0,0.0,0.0,0.0,0.0,0.0,0.0,0.0,0.3333333333333333,1.0,0.0,0.14285714285714285,0.0,0.15642624200758548,0.3333333333333333,1,D3::D3-Q165,0.3333333333333333
D3,D3-Q166,list_membership,normal,advanced,128,112,57344,3.2964799404144287,16.286611557006836,0.0,0.0,0.0,0.0,0.0,0.0,1.0,1.0,1.0,1.0,1.0,1.0,0.2,0.38685280723454163,0.38685280723454163,1.0,1,D3::D3-Q166,1.0
D3,D3-Q167,exact_fact,normal,advanced,128,112,57344,3.2964799404144287,14.712333679199219,1.0,1.0,1.0,1.0,1.0,1.0,1.0,1.0,1.0,1.0,1.0,1.0,1.0,1.0,1.0,1.0,1,D3::D3-Q167,1.0
D3,D3-Q168,exact_fact,normal,advanced,128,112,57344,3.2964799404144287,14.553070068359375,0.0,0.0,0.0,1.0,1.0,1.0,1.0,1.0,1.0,1.0,1.0,1.0,0.5,0.6309297535714575,0.6309297535714575,1.0,1,D3::D3-Q168,1.0
D3,D3-Q169,conditional_exception,normal,advanced,128,112,57344,3.2964799404144287,14.715194702148438,1.0,1.0,1.0,1.0,1.0,1.0,1.0,1.0,1.0,1.0,1.0,1.0,1.0,1.0,1.0,1.0,1,D3::D3-Q169,1.0
D3,D3-Q170,conditional_exception,normal,advanced,128,112,57344,3.2964799404144287,15.100955963134766,1.0,1.0,1.0,1.0,1.0,1.0,1.0,1.0,1.0,1.0,1.0,1.0,1.0,1.0,1.0,1.0,1,D3::D3-Q170,1.0
D3,D3-Q171,conditional_exception,normal,advanced,128,112,57344,3.2964799404144287,24.340152740478516,1.0,1.0,1.0,1.0,1.0,1.0,1.0,1.0,1.0,1.0,1.0,1.0,1.0,1.0,1.0,1.0,1,D3::D3-Q171,1.0
D3,D3-Q172,conditional_exception,normal,advanced,128,112,57344,3.2964799404144287,16.180753707885742,0.0,0.0,0.0,1.0,1.0,1.0,1.0,1.0,1.0,1.0,1.0,1.0,0.3333333333333333,0.5,0.5,1.0,1,D3::D3-Q172,1.0
D3,D3-Q173,procedural,normal,advanced,128,112,57344,3.2964799404144287,14.823675155639648,1.0,1.0,1.0,1.0,1.0,1.0,1.0,1.0,1.0,1.0,1.0,1.0,1.0,1.0,1.0,1.0,1,D3::D3-Q173,1.0
D3,D3-Q174,conditional_exception,normal,advanced,128,112,57344,3.2964799404144287,15.699148178100586,1.0,1.0,1.0,1.0,1.0,1.0,1.0,1.0,1.0,1.0,1.0,1.0,1.0,1.0,1.0,1.0,1,D3::D3-Q174,1.0
D3,D3-Q175,conditional_exception,normal,advanced,128,112,57344,3.2964799404144287,16.171693801879883,1.0,1.0,1.0,1.0,1.0,1.0,1.0,1.0,1.0,1.0,1.0,1.0,1.0,1.0,1.0,1.0,1,D3::D3-Q175,1.0
D3,D3-Q176,procedural,normal,advanced,128,112,57344,3.2964799404144287,15.419721603393555,0.0,0.0,0.0,1.0,1.0,1.0,1.0,1.0,1.0,1.0,1.0,1.0,0.5,0.6309297535714575,0.6309297535714575,1.0,1,D3::D3-Q176,1.0
D3,D3-Q177,exact_fact,normal,advanced,128,112,57344,3.2964799404144287,15.010595321655273,0.0,0.0,0.0,1.0,1.0,1.0,1.0,1.0,1.0,1.0,1.0,1.0,0.5,0.6309297535714575,0.6309297535714575,1.0,1,D3::D3-Q177,1.0
D3,D3-Q178,procedural,normal,advanced,128,112,57344,3.2964799404144287,14.641046524047852,0.0,0.0,0.0,1.0,1.0,1.0,1.0,1.0,1.0,1.0,1.0,1.0,0.5,0.6309297535714575,0.6309297535714575,1.0,1,D3::D3-Q178,1.0
D3,D3-Q179,negation,normal,advanced,128,112,57344,3.2964799404144287,17.80533790588379,0.0,0.0,0.0,1.0,1.0,1.0,1.0,1.0,1.0,1.0,1.0,1.0,0.5,0.6309297535714575,0.6309297535714575,1.0,1,D3::D3-Q179,1.0
D3,D3-Q180,conditional_exception,normal,advanced,128,112,57344,3.2964799404144287,15.273809432983398,1.0,1.0,1.0,1.0,1.0,1.0,1.0,1.0,1.0,1.0,1.0,1.0,1.0,1.0,1.0,1.0,1,D3::D3-Q180,1.0
D3,D3-Q181,numerical,normal,advanced,128,112,57344,3.2964799404144287,14.70041275024414,0.0,0.0,0.0,0.0,0.0,0.0,0.0,0.0,0.0,1.0,1.0,1.0,0.16666666666666666,0.0,0.3562071871080222,1.0,1,D3::D3-Q181,1.0
D3,D3-Q182,temporal,normal,advanced,128,112,57344,3.2964799404144287,14.164209365844727,1.0,1.0,1.0,1.0,1.0,1.0,1.0,1.0,1.0,1.0,1.0,1.0,1.0,1.0,1.0,1.0,1,D3::D3-Q182,1.0
D3,D3-Q183,list_membership,normal,advanced,128,112,57344,3.2964799404144287,14.986515045166016,0.0,0.0,0.0,0.0,0.0,0.0,0.0,0.0,0.0,1.0,1.0,1.0,0.1111111111111111,0.0,0.423800918579487,1.0,3,D3::D3-Q183,1.0
D3,D3-Q184,numerical,normal,advanced,128,112,57344,3.2964799404144287,14.869213104248047,0.0,0.0,0.0,1.0,1.0,1.0,1.0,1.0,1.0,1.0,1.0,1.0,0.5,0.6309297535714575,0.6309297535714575,1.0,1,D3::D3-Q184,1.0
D3,D3-Q185,numerical,normal,advanced,128,112,57344,3.2964799404144287,14.104843139648438,1.0,1.0,1.0,1.0,1.0,1.0,1.0,1.0,1.0,1.0,1.0,1.0,1.0,1.0,1.0,1.0,1,D3::D3-Q185,1.0
D3,D3-Q186,negation,normal,advanced,128,112,57344,3.2964799404144287,14.339208602905273,1.0,1.0,1.0,1.0,1.0,1.0,1.0,1.0,1.0,1.0,1.0,1.0,1.0,1.0,1.0,1.0,1,D3::D3-Q186,1.0
D3,D3-Q187,procedural,normal,advanced,128,112,57344,3.2964799404144287,14.651298522949219,1.0,1.0,1.0,1.0,1.0,1.0,1.0,1.0,1.0,1.0,1.0,1.0,1.0,1.0,1.0,1.0,1,D3::D3-Q187,1.0
D3,D3-Q188,conditional_exception,normal,advanced,128,112,57344,3.2964799404144287,14.86515998840332,0.0,0.0,0.0,0.0,0.0,0.0,0.0,0.0,0.0,0.0,0.0,0.0,0.0,0.0,0.0,0.0,0,D3::D3-Q188,0.0
D3,D3-Q189,exact_fact,normal,advanced,128,112,57344,3.2964799404144287,20.923852920532227,0.0,0.0,0.0,0.0,0.0,0.0,0.0,0.0,0.0,0.0,0.0,0.0,0.0,0.0,0.0,0.0,0,D3::D3-Q189,0.0
D3,D3-Q190,conditional_exception,normal,advanced,128,112,57344,3.2964799404144287,14.859676361083984,1.0,1.0,1.0,1.0,1.0,1.0,1.0,1.0,1.0,1.0,1.0,1.0,1.0,1.0,1.0,1.0,1,D3::D3-Q190,1.0
D3,D3-Q191,list_membership,normal,advanced,128,112,57344,3.2964799404144287,14.736175537109375,0.0,0.0,0.0,0.0,0.0,0.0,0.0,0.0,0.0,1.0,1.0,1.0,0.16666666666666666,0.0,0.3562071871080222,1.0,1,D3::D3-Q191,1.0
D3,D3-Q192,numerical,normal,advanced,128,112,57344,3.2964799404144287,15.514135360717773,0.0,0.0,0.0,1.0,1.0,1.0,1.0,1.0,1.0,1.0,1.0,1.0,0.5,0.6309297535714575,0.6309297535714575,1.0,1,D3::D3-Q192,1.0
D3,D3-Q193,conditional_exception,normal,advanced,128,112,57344,3.2964799404144287,14.995574951171875,1.0,1.0,1.0,1.0,1.0,1.0,1.0,1.0,1.0,1.0,1.0,1.0,1.0,1.0,1.0,1.0,1,D3::D3-Q193,1.0
D3,D3-Q194,numerical,normal,advanced,128,112,57344,3.2964799404144287,14.728307723999023,1.0,1.0,1.0,1.0,1.0,1.0,1.0,1.0,1.0,1.0,1.0,1.0,1.0,1.0,1.0,1.0,1,D3::D3-Q194,1.0
D3,D3-Q195,exact_fact,normal,advanced,128,112,57344,3.2964799404144287,14.917135238647461,0.0,0.0,0.0,0.0,0.0,0.0,0.0,0.0,0.0,0.0,0.0,0.0,0.0,0.0,0.0,0.0,0,D3::D3-Q195,0.0
D3,D3-Q196,exact_fact,normal,advanced,128,112,57344,3.2964799404144287,15.189647674560547,0.0,0.0,0.0,0.0,0.0,0.0,0.0,0.0,0.0,1.0,1.0,1.0,0.1,0.0,0.2890648263178879,1.0,1,D3::D3-Q196,1.0
D3,D3-Q197,conditional_exception,normal,advanced,128,112,57344,3.2964799404144287,14.678955078125,0.0,0.0,0.0,0.0,0.0,0.0,0.0,0.0,0.0,0.0,0.0,0.0,0.0,0.0,0.0,0.0,0,D3::D3-Q197,0.0
D3,D3-Q198,numerical,normal,advanced,128,112,57344,3.2964799404144287,15.516996383666992,1.0,1.0,1.0,1.0,1.0,1.0,1.0,1.0,1.0,1.0,1.0,1.0,1.0,1.0,1.0,1.0,1,D3::D3-Q198,1.0
D3,D3-Q199,numerical,normal,advanced,128,112,57344,3.2964799404144287,15.161514282226562,0.0,0.0,0.0,1.0,1.0,1.0,1.0,1.0,1.0,1.0,1.0,1.0,0.5,0.6309297535714575,0.6309297535714575,1.0,1,D3::D3-Q199,1.0
D3,D3-Q200,negation,normal,advanced,128,112,57344,3.2964799404144287,15.113592147827148,0.0,0.0,0.0,0.0,0.0,0.0,0.0,0.0,0.0,1.0,1.0,1.0,0.125,0.0,0.31546487678572877,1.0,1,D3::D3-Q200,1.0
D3,D3-Q001,exact_fact,normal,advanced,256,112,114688,3.2964799404144287,14.362812042236328,1.0,1.0,1.0,1.0,1.0,1.0,1.0,1.0,1.0,1.0,1.0,1.0,1.0,1.0,1.0,1.0,1,D3::D3-Q001,1.0
D3,D3-Q002,exact_fact,normal,advanced,256,112,114688,3.2964799404144287,13.750314712524414,1.0,1.0,1.0,1.0,1.0,1.0,1.0,1.0,1.0,1.0,1.0,1.0,1.0,1.0,1.0,1.0,1,D3::D3-Q002,1.0
D3,D3-Q003,negation,normal,advanced,256,112,114688,3.2964799404144287,14.174461364746094,1.0,1.0,1.0,1.0,1.0,1.0,1.0,1.0,1.0,1.0,1.0,1.0,1.0,1.0,1.0,1.0,1,D3::D3-Q003,1.0
D3,D3-Q004,conditional_exception,normal,advanced,256,112,114688,3.2964799404144287,14.471054077148438,0.5,1.0,0.0,1.0,1.0,1.0,1.0,1.0,1.0,1.0,1.0,1.0,1.0,1.0,1.0,1.0,2,D3::D3-Q004,1.0
D3,D3-Q005,negative_query,normal,advanced,256,112,114688,3.2964799404144287,15.412569046020508,1.0,1.0,1.0,1.0,1.0,1.0,1.0,1.0,1.0,1.0,1.0,1.0,1.0,1.0,1.0,1.0,1,D3::D3-Q005,1.0
D3,D3-Q006,exact_fact,normal,advanced,256,112,114688,3.2964799404144287,14.427661895751953,1.0,1.0,1.0,1.0,1.0,1.0,1.0,1.0,1.0,1.0,1.0,1.0,1.0,1.0,1.0,1.0,1,D3::D3-Q006,1.0
D3,D3-Q007,exact_fact,normal,advanced,256,112,114688,3.2964799404144287,14.47916030883789,1.0,1.0,1.0,1.0,1.0,1.0,1.0,1.0,1.0,1.0,1.0,1.0,1.0,1.0,1.0,1.0,1,D3::D3-Q007,1.0
D3,D3-Q008,exact_fact,normal,advanced,256,112,114688,3.2964799404144287,14.934062957763672,0.0,0.0,0.0,0.0,0.0,0.0,0.0,0.0,0.0,1.0,1.0,1.0,0.1111111111111111,0.0,0.3010299956639812,1.0,1,D3::D3-Q008,1.0
D3,D3-Q009,exact_fact,normal,advanced,256,112,114688,3.2964799404144287,22.948265075683594,0.0,0.0,0.0,0.0,0.0,0.0,0.0,0.0,0.0,0.0,0.0,0.0,0.0,0.0,0.0,0.0,0,D3::D3-Q009,0.0
D3,D3-Q010,exact_fact,normal,advanced,256,112,114688,3.2964799404144287,20.183801651000977,0.0,0.0,0.0,1.0,1.0,1.0,1.0,1.0,1.0,1.0,1.0,1.0,0.3333333333333333,0.5,0.5,1.0,1,D3::D3-Q010,1.0
D3,D3-Q011,exact_fact,normal,advanced,256,112,114688,3.2964799404144287,14.457225799560547,0.0,0.0,0.0,0.0,0.0,0.0,0.0,0.0,0.0,0.0,0.0,0.0,0.0,0.0,0.0,0.0,0,D3::D3-Q011,0.0
D3,D3-Q012,list_membership,normal,advanced,256,112,114688,3.2964799404144287,14.82844352722168,0.0,0.0,0.0,0.0,0.0,0.0,0.0,0.0,0.0,0.0,0.0,0.0,0.0,0.0,0.0,0.0,0,D3::D3-Q012,0.0
D3,D3-Q013,exact_fact,normal,advanced,256,112,114688,3.2964799404144287,14.512062072753906,0.0,0.0,0.0,0.0,0.0,0.0,0.0,0.0,0.0,0.0,0.0,0.0,0.0,0.0,0.0,0.0,0,D3::D3-Q013,0.0
D3,D3-Q014,exact_fact,normal,advanced,256,112,114688,3.2964799404144287,14.450788497924805,0.0,0.0,0.0,0.0,0.0,0.0,0.0,0.0,0.0,0.0,0.0,0.0,0.0,0.0,0.0,0.0,0,D3::D3-Q014,0.0
D3,D3-Q015,exact_fact,normal,advanced,256,112,114688,3.2964799404144287,15.157699584960938,0.0,0.0,0.0,1.0,1.0,1.0,1.0,1.0,1.0,1.0,1.0,1.0,0.5,0.6309297535714575,0.6309297535714575,1.0,1,D3::D3-Q015,1.0
D3,D3-Q016,exact_fact,normal,advanced,256,112,114688,3.2964799404144287,15.571832656860352,0.0,0.0,0.0,0.0,0.0,0.0,0.0,0.0,0.0,0.0,0.0,0.0,0.0,0.0,0.0,0.0,0,D3::D3-Q016,0.0
D3,D3-Q017,exact_fact,normal,advanced,256,112,114688,3.2964799404144287,15.161991119384766,0.0,0.0,0.0,0.0,0.0,0.0,0.0,0.0,0.0,0.0,0.0,0.0,0.0,0.0,0.0,0.0,0,D3::D3-Q017,0.0
D3,D3-Q018,exact_fact,normal,advanced,256,112,114688,3.2964799404144287,14.541149139404297,0.0,0.0,0.0,0.0,0.0,0.0,0.0,0.0,0.0,1.0,1.0,1.0,0.14285714285714285,0.0,0.3333333333333333,1.0,1,D3::D3-Q018,1.0
D3,D3-Q019,exact_fact,normal,advanced,256,112,114688,3.2964799404144287,14.329195022583008,1.0,1.0,1.0,1.0,1.0,1.0,1.0,1.0,1.0,1.0,1.0,1.0,1.0,1.0,1.0,1.0,1,D3::D3-Q019,1.0
D3,D3-Q020,exact_fact,normal,advanced,256,112,114688,3.2964799404144287,15.343904495239258,1.0,1.0,1.0,1.0,1.0,1.0,1.0,1.0,1.0,1.0,1.0,1.0,1.0,1.0,1.0,1.0,1,D3::D3-Q020,1.0
D3,D3-Q021,exact_fact,normal,advanced,256,112,114688,3.2964799404144287,15.676021575927734,0.0,0.0,0.0,0.0,0.0,0.0,0.0,0.0,0.0,0.0,0.0,0.0,0.0,0.0,0.0,0.0,0,D3::D3-Q021,0.0
D3,D3-Q022,exact_fact,normal,advanced,256,112,114688,3.2964799404144287,15.485763549804688,1.0,1.0,1.0,1.0,1.0,1.0,1.0,1.0,1.0,1.0,1.0,1.0,1.0,1.0,1.0,1.0,1,D3::D3-Q022,1.0
D3,D3-Q023,exact_fact,normal,advanced,256,112,114688,3.2964799404144287,14.774084091186523,0.0,0.0,0.0,0.0,0.0,0.0,0.0,0.0,0.0,0.0,0.0,0.0,0.0,0.0,0.0,0.0,0,D3::D3-Q023,0.0
D3,D3-Q024,exact_fact,normal,advanced,256,112,114688,3.2964799404144287,14.200448989868164,0.0,0.0,0.0,0.0,0.0,0.0,0.0,0.0,0.0,0.0,0.0,0.0,0.0,0.0,0.0,0.0,0,D3::D3-Q024,0.0
D3,D3-Q025,exact_fact,normal,advanced,256,112,114688,3.2964799404144287,14.188051223754883,0.0,0.0,0.0,0.5,1.0,0.0,0.5,1.0,0.0,1.0,1.0,1.0,0.3333333333333333,0.3065735963827292,0.5249810332008933,1.0,2,D3::D3-Q025,1.0
D3,D3-Q026,exact_fact,normal,advanced,256,112,114688,3.2964799404144287,14.302730560302734,1.0,1.0,1.0,1.0,1.0,1.0,1.0,1.0,1.0,1.0,1.0,1.0,1.0,1.0,1.0,1.0,1,D3::D3-Q026,1.0
D3,D3-Q027,exact_fact,normal,advanced,256,112,114688,3.2964799404144287,14.039039611816406,1.0,1.0,1.0,1.0,1.0,1.0,1.0,1.0,1.0,1.0,1.0,1.0,1.0,1.4078361780682693,1.4078361780682693,1.0,3,D3::D3-Q027,1.0
D3,D3-Q028,exact_fact,normal,advanced,256,112,114688,3.2964799404144287,14.574050903320312,0.0,0.0,0.0,1.0,1.0,1.0,1.0,1.0,1.0,1.0,1.0,1.0,0.3333333333333333,0.5,0.5,1.0,1,D3::D3-Q028,1.0
D3,D3-Q029,exact_fact,normal,advanced,256,112,114688,3.2964799404144287,19.324541091918945,0.0,0.0,0.0,1.0,1.0,1.0,1.0,1.0,1.0,1.0,1.0,1.0,0.5,0.8882457328975957,0.8882457328975957,1.0,3,D3::D3-Q029,1.0
D3,D3-Q030,exact_fact,normal,advanced,256,112,114688,3.2964799404144287,15.030384063720703,1.0,1.0,1.0,1.0,1.0,1.0,1.0,1.0,1.0,1.0,1.0,1.0,1.0,1.0,1.0,1.0,1,D3::D3-Q030,1.0
D3,D3-Q031,exact_fact,normal,advanced,256,112,114688,3.2964799404144287,14.65749740600586,1.0,1.0,1.0,1.0,1.0,1.0,1.0,1.0,1.0,1.0,1.0,1.0,1.0,1.0,1.0,1.0,1,D3::D3-Q031,1.0
D3,D3-Q032,exact_fact,normal,advanced,256,112,114688,3.2964799404144287,16.96634292602539,1.0,1.0,1.0,1.0,1.0,1.0,1.0,1.0,1.0,1.0,1.0,1.0,1.0,1.0,1.0,1.0,1,D3::D3-Q032,1.0
D3,D3-Q033,exact_fact,normal,advanced,256,112,114688,3.2964799404144287,16.770601272583008,1.0,1.0,1.0,1.0,1.0,1.0,1.0,1.0,1.0,1.0,1.0,1.0,1.0,1.0,1.0,1.0,1,D3::D3-Q033,1.0
D3,D3-Q034,exact_fact,normal,advanced,256,112,114688,3.2964799404144287,18.24665069580078,0.0,0.0,0.0,0.0,0.0,0.0,0.0,0.0,0.0,0.0,0.0,0.0,0.0,0.0,0.0,0.0,0,D3::D3-Q034,0.0
D3,D3-Q035,exact_fact,normal,advanced,256,112,114688,3.2964799404144287,16.13020896911621,1.0,1.0,1.0,1.0,1.0,1.0,1.0,1.0,1.0,1.0,1.0,1.0,1.0,1.0,1.0,1.0,1,D3::D3-Q035,1.0
D3,D3-Q036,exact_fact,normal,advanced,256,112,114688,3.2964799404144287,16.342639923095703,0.0,0.0,0.0,0.0,0.0,0.0,0.0,0.0,0.0,0.0,0.0,0.0,0.0,0.0,0.0,0.0,0,D3::D3-Q036,0.0
D3,D3-Q037,exact_fact,normal,advanced,256,112,114688,3.2964799404144287,16.309022903442383,0.0,0.0,0.0,0.0,0.0,0.0,0.0,0.0,0.0,0.0,0.0,0.0,0.0,0.0,0.0,0.0,0,D3::D3-Q037,0.0
D3,D3-Q038,exact_fact,normal,advanced,256,112,114688,3.2964799404144287,16.825199127197266,1.0,1.0,1.0,1.0,1.0,1.0,1.0,1.0,1.0,1.0,1.0,1.0,1.0,1.0,1.0,1.0,1,D3::D3-Q038,1.0
D3,D3-Q039,list_membership,normal,advanced,256,112,114688,3.2964799404144287,14.522552490234375,1.0,1.0,1.0,1.0,1.0,1.0,1.0,1.0,1.0,1.0,1.0,1.0,1.0,1.6958010263680805,1.6958010263680805,1.0,5,D3::D3-Q039,1.0
D3,D3-Q040,negation,normal,advanced,256,112,114688,3.2964799404144287,16.213178634643555,1.0,1.0,1.0,1.0,1.0,1.0,1.0,1.0,1.0,1.0,1.0,1.0,1.0,1.0,1.0,1.0,1,D3::D3-Q040,1.0
D3,D3-Q041,exact_fact,normal,advanced,256,112,114688,3.2964799404144287,15.074729919433594,1.0,1.0,1.0,1.0,1.0,1.0,1.0,1.0,1.0,1.0,1.0,1.0,1.0,1.0,1.0,1.0,1,D3::D3-Q041,1.0
D3,D3-Q042,conditional_exception,normal,advanced,256,112,114688,3.2964799404144287,14.66679573059082,1.0,1.0,1.0,1.0,1.0,1.0,1.0,1.0,1.0,1.0,1.0,1.0,1.0,1.4078361780682693,1.4078361780682693,1.0,3,D3::D3-Q042,1.0
D3,D3-Q043,list_membership,normal,advanced,256,112,114688,3.2964799404144287,15.60831069946289,1.0,1.0,1.0,1.0,1.0,1.0,1.0,1.0,1.0,1.0,1.0,1.0,1.0,1.0,1.0,1.0,1,D3::D3-Q043,1.0
D3,D3-Q044,temporal,normal,advanced,256,112,114688,3.2964799404144287,14.366626739501953,0.0,0.0,0.0,0.0,0.0,0.0,0.0,0.0,0.0,0.0,0.0,0.0,0.0,0.0,0.0,0.0,0,D3::D3-Q044,0.0
D3,D3-Q045,negation,normal,advanced,256,112,114688,3.2964799404144287,16.006946563720703,0.0,0.0,0.0,1.0,1.0,1.0,1.0,1.0,1.0,1.0,1.0,1.0,0.5,0.6309297535714575,0.6309297535714575,1.0,1,D3::D3-Q045,1.0
D3,D3-Q046,exact_fact,normal,advanced,256,112,114688,3.2964799404144287,15.081644058227539,0.0,0.0,0.0,1.0,1.0,1.0,1.0,1.0,1.0,1.0,1.0,1.0,0.5,0.6309297535714575,0.6309297535714575,1.0,1,D3::D3-Q046,1.0
D3,D3-Q047,numerical,normal,advanced,256,112,114688,3.2964799404144287,20.45154571533203,0.0,0.0,0.0,1.0,1.0,1.0,1.0,1.0,1.0,1.0,1.0,1.0,0.5,0.6309297535714575,0.6309297535714575,1.0,1,D3::D3-Q047,1.0
D3,D3-Q048,conditional_exception,normal,advanced,256,112,114688,3.2964799404144287,16.535282135009766,0.0,0.0,0.0,0.0,0.0,0.0,1.0,1.0,1.0,1.0,1.0,1.0,0.2,0.38685280723454163,0.38685280723454163,1.0,1,D3::D3-Q048,1.0
D3,D3-Q049,numerical,normal,advanced,256,112,114688,3.2964799404144287,15.813827514648438,0.0,0.0,0.0,0.0,0.0,0.0,0.0,0.0,0.0,0.0,0.0,0.0,0.0,0.0,0.0,0.0,0,D3::D3-Q049,0.0
D3,D3-Q050,procedural,normal,advanced,256,112,114688,3.2964799404144287,18.145084381103516,1.0,1.0,1.0,1.0,1.0,1.0,1.0,1.0,1.0,1.0,1.0,1.0,1.0,1.0,1.0,1.0,1,D3::D3-Q050,1.0
D3,D3-Q051,temporal,normal,advanced,256,112,114688,3.2964799404144287,14.61338996887207,1.0,1.0,1.0,1.0,1.0,1.0,1.0,1.0,1.0,1.0,1.0,1.0,1.0,1.0,1.0,1.0,1,D3::D3-Q051,1.0
D3,D3-Q052,conditional_exception,normal,advanced,256,112,114688,3.2964799404144287,14.913320541381836,1.0,1.0,1.0,1.0,1.0,1.0,1.0,1.0,1.0,1.0,1.0,1.0,1.0,1.0,1.0,1.0,1,D3::D3-Q052,1.0
D3,D3-Q053,procedural,normal,advanced,256,112,114688,3.2964799404144287,14.973640441894531,1.0,1.0,1.0,1.0,1.0,1.0,1.0,1.0,1.0,1.0,1.0,1.0,1.0,1.2262943855309167,1.2262943855309167,1.0,2,D3::D3-Q053,1.0
D3,D3-Q054,conditional_exception,normal,advanced,256,112,114688,3.2964799404144287,16.242027282714844,1.0,1.0,1.0,1.0,1.0,1.0,1.0,1.0,1.0,1.0,1.0,1.0,1.0,1.0,1.0,1.0,1,D3::D3-Q054,1.0
D3,D3-Q055,exact_fact,normal,advanced,256,112,114688,3.2964799404144287,16.019821166992188,0.0,0.0,0.0,1.0,1.0,1.0,1.0,1.0,1.0,1.0,1.0,1.0,0.5,0.6309297535714575,0.6309297535714575,1.0,1,D3::D3-Q055,1.0
D3,D3-Q056,exact_fact,normal,advanced,256,112,114688,3.2964799404144287,15.932798385620117,1.0,1.0,1.0,1.0,1.0,1.0,1.0,1.0,1.0,1.0,1.0,1.0,1.0,1.0,1.0,1.0,1,D3::D3-Q056,1.0
D3,D3-Q057,exact_fact,normal,advanced,256,112,114688,3.2964799404144287,18.178224563598633,1.0,1.0,1.0,1.0,1.0,1.0,1.0,1.0,1.0,1.0,1.0,1.0,1.0,1.2262943855309167,1.2262943855309167,1.0,2,D3::D3-Q057,1.0
D3,D3-Q058,conditional_exception,normal,advanced,256,112,114688,3.2964799404144287,16.19696617126465,0.0,0.0,0.0,1.0,1.0,1.0,1.0,1.0,1.0,1.0,1.0,1.0,0.5,0.6309297535714575,0.6309297535714575,1.0,1,D3::D3-Q058,1.0
D3,D3-Q059,exact_fact,normal,advanced,256,112,114688,3.2964799404144287,15.969276428222656,1.0,1.0,1.0,1.0,1.0,1.0,1.0,1.0,1.0,1.0,1.0,1.0,1.0,1.0,1.0,1.0,1,D3::D3-Q059,1.0
D3,D3-Q060,negation,normal,advanced,256,112,114688,3.2964799404144287,15.065193176269531,0.0,0.0,0.0,1.0,1.0,1.0,1.0,1.0,1.0,1.0,1.0,1.0,0.5,0.6309297535714575,0.6309297535714575,1.0,1,D3::D3-Q060,1.0
D3,D3-Q061,exact_fact,normal,advanced,256,112,114688,3.2964799404144287,16.81995391845703,1.0,1.0,1.0,1.0,1.0,1.0,1.0,1.0,1.0,1.0,1.0,1.0,1.0,1.0,1.0,1.0,1,D3::D3-Q061,1.0
D3,D3-Q062,exact_fact,normal,advanced,256,112,114688,3.2964799404144287,18.081188201904297,1.0,1.0,1.0,1.0,1.0,1.0,1.0,1.0,1.0,1.0,1.0,1.0,1.0,1.0,1.0,1.0,1,D3::D3-Q062,1.0
D3,D3-Q063,procedural,normal,advanced,256,112,114688,3.2964799404144287,17.657995223999023,0.0,0.0,0.0,1.0,1.0,1.0,1.0,1.0,1.0,1.0,1.0,1.0,0.3333333333333333,0.5,0.5,1.0,1,D3::D3-Q063,1.0
D3,D3-Q064,conditional_exception,normal,advanced,256,112,114688,3.2964799404144287,16.760826110839844,0.0,0.0,0.0,0.0,0.0,0.0,0.0,0.0,0.0,0.0,0.0,0.0,0.0,0.0,0.0,0.0,0,D3::D3-Q064,0.0
D3,D3-Q065,procedural,normal,advanced,256,112,114688,3.2964799404144287,17.341136932373047,1.0,1.0,1.0,1.0,1.0,1.0,1.0,1.0,1.0,1.0,1.0,1.0,1.0,1.0,1.0,1.0,1,D3::D3-Q065,1.0
D3,D3-Q066,conditional_exception,normal,advanced,256,112,114688,3.2964799404144287,17.278671264648438,1.0,1.0,1.0,1.0,1.0,1.0,1.0,1.0,1.0,1.0,1.0,1.0,1.0,1.0,1.0,1.0,1,D3::D3-Q066,1.0
D3,D3-Q067,exact_fact,normal,advanced,256,112,114688,3.2964799404144287,32.42754936218262,0.0,0.0,0.0,1.0,1.0,1.0,1.0,1.0,1.0,1.0,1.0,1.0,0.5,0.6309297535714575,0.6309297535714575,1.0,1,D3::D3-Q067,1.0
D3,D3-Q068,conditional_exception,normal,advanced,256,112,114688,3.2964799404144287,21.03424072265625,1.0,1.0,1.0,1.0,1.0,1.0,1.0,1.0,1.0,1.0,1.0,1.0,1.0,1.0,1.0,1.0,1,D3::D3-Q068,1.0
D3,D3-Q069,negation,normal,advanced,256,112,114688,3.2964799404144287,15.111923217773438,1.0,1.0,1.0,1.0,1.0,1.0,1.0,1.0,1.0,1.0,1.0,1.0,1.0,1.0,1.0,1.0,1,D3::D3-Q069,1.0
D3,D3-Q070,procedural,normal,advanced,256,112,114688,3.2964799404144287,15.10930061340332,0.0,0.0,0.0,1.0,1.0,1.0,1.0,1.0,1.0,1.0,1.0,1.0,0.3333333333333333,0.5,0.5,1.0,1,D3::D3-Q070,1.0
D3,D3-Q071,exact_fact,normal,advanced,256,112,114688,3.2964799404144287,14.282464981079102,0.0,0.0,0.0,1.0,1.0,1.0,1.0,1.0,1.0,1.0,1.0,1.0,0.5,0.6309297535714575,0.6309297535714575,1.0,1,D3::D3-Q071,1.0
D3,D3-Q072,procedural,normal,advanced,256,112,114688,3.2964799404144287,14.924049377441406,0.0,0.0,0.0,0.0,0.0,0.0,1.0,1.0,1.0,1.0,1.0,1.0,0.25,0.43067655807339306,0.43067655807339306,1.0,1,D3::D3-Q072,1.0
D3,D3-Q073,list_membership,normal,advanced,256,112,114688,3.2964799404144287,14.350175857543945,0.0,0.0,0.0,0.0,0.0,0.0,0.0,0.0,0.0,0.3333333333333333,1.0,0.0,0.1111111111111111,0.0,0.14126697285982898,0.3333333333333333,1,D3::D3-Q073,0.3333333333333333
D3,D3-Q074,exact_fact,normal,advanced,256,112,114688,3.2964799404144287,14.201879501342773,1.0,1.0,1.0,1.0,1.0,1.0,1.0,1.0,1.0,1.0,1.0,1.0,1.0,1.0,1.0,1.0,1,D3::D3-Q074,1.0
D3,D3-Q075,exact_fact,normal,advanced,256,112,114688,3.2964799404144287,14.232635498046875,0.0,0.0,0.0,0.0,0.0,0.0,0.0,0.0,0.0,1.0,1.0,1.0,0.14285714285714285,0.0,0.3333333333333333,1.0,1,D3::D3-Q075,1.0
D3,D3-Q076,list_membership,normal,advanced,256,112,114688,3.2964799404144287,14.121532440185547,0.0,0.0,0.0,0.0,0.0,0.0,1.0,1.0,1.0,1.0,1.0,1.0,0.25,0.43067655807339306,0.43067655807339306,1.0,1,D3::D3-Q076,1.0
D3,D3-Q077,procedural,normal,advanced,256,112,114688,3.2964799404144287,15.018463134765625,1.0,1.0,1.0,1.0,1.0,1.0,1.0,1.0,1.0,1.0,1.0,1.0,1.0,1.2262943855309167,1.2262943855309167,1.0,2,D3::D3-Q077,1.0
D3,D3-Q078,numerical,normal,advanced,256,112,114688,3.2964799404144287,14.567136764526367,0.0,0.0,0.0,0.0,0.0,0.0,1.0,1.0,1.0,1.0,1.0,1.0,0.25,0.43067655807339306,0.43067655807339306,1.0,1,D3::D3-Q078,1.0
D3,D3-Q079,procedural,normal,advanced,256,112,114688,3.2964799404144287,15.600442886352539,0.0,0.0,0.0,1.0,1.0,1.0,1.0,1.0,1.0,1.0,1.0,1.0,0.3333333333333333,0.6131471927654584,0.6131471927654584,1.0,2,D3::D3-Q079,1.0
D3,D3-Q080,conditional_exception,normal,advanced,256,112,114688,3.2964799404144287,15.308380126953125,0.1111111111111111,1.0,0.0,0.5555555555555556,1.0,0.0,0.5555555555555556,1.0,0.0,0.5555555555555556,1.0,0.0,1.0,1.0174806158208483,0.7051366482434561,0.5555555555555556,5,D3::D3-Q080,0.5555555555555556
D3,D3-Q081,exact_fact,normal,advanced,256,112,114688,3.2964799404144287,15.130043029785156,1.0,1.0,1.0,1.0,1.0,1.0,1.0,1.0,1.0,1.0,1.0,1.0,1.0,1.0,1.0,1.0,1,D3::D3-Q081,1.0
D3,D3-Q082,negative_query,normal,advanced,256,112,114688,3.2964799404144287,14.409542083740234,0.0,0.0,0.0,0.0,0.0,0.0,0.0,0.0,0.0,0.0,0.0,0.0,0.0,0.0,0.0,0.0,0,D3::D3-Q082,0.0
D3,D3-Q083,exact_fact,normal,advanced,256,112,114688,3.2964799404144287,14.774560928344727,1.0,1.0,1.0,1.0,1.0,1.0,1.0,1.0,1.0,1.0,1.0,1.0,1.0,1.0,1.0,1.0,1,D3::D3-Q083,1.0
D3,D3-Q084,exact_fact,normal,advanced,256,112,114688,3.2964799404144287,15.106439590454102,1.0,1.0,1.0,1.0,1.0,1.0,1.0,1.0,1.0,1.0,1.0,1.0,1.0,1.0,1.0,1.0,1,D3::D3-Q084,1.0
D3,D3-Q085,list_membership,normal,advanced,256,112,114688,3.2964799404144287,16.513824462890625,0.0,0.0,0.0,0.2857142857142857,1.0,0.0,0.2857142857142857,1.0,0.0,0.2857142857142857,1.0,0.0,0.3333333333333333,0.3391602052736161,0.27487633291429087,0.2857142857142857,2,D3::D3-Q085,0.2857142857142857
D3,D3-Q086,negation,normal,advanced,256,112,114688,3.2964799404144287,15.497207641601562,1.0,1.0,1.0,1.0,1.0,1.0,1.0,1.0,1.0,1.0,1.0,1.0,1.0,1.0,1.0,1.0,1,D3::D3-Q086,1.0
D3,D3-Q087,conditional_exception,normal,advanced,256,112,114688,3.2964799404144287,15.85245132446289,0.0,0.0,0.0,0.0,0.0,0.0,0.0,0.0,0.0,0.0,0.0,0.0,0.0,0.0,0.0,0.0,0,D3::D3-Q087,0.0
D3,D3-Q088,exact_fact,normal,advanced,256,112,114688,3.2964799404144287,14.445781707763672,1.0,1.0,1.0,1.0,1.0,1.0,1.0,1.0,1.0,1.0,1.0,1.0,1.0,1.0,1.0,1.0,1,D3::D3-Q088,1.0
D3,D3-Q089,exact_fact,normal,advanced,256,112,114688,3.2964799404144287,14.217853546142578,1.0,1.0,1.0,1.0,1.0,1.0,1.0,1.0,1.0,1.0,1.0,1.0,1.0,1.0,1.0,1.0,1,D3::D3-Q089,1.0
D3,D3-Q090,procedural,normal,advanced,256,112,114688,3.2964799404144287,15.344858169555664,0.0,0.0,0.0,1.0,1.0,1.0,1.0,1.0,1.0,1.0,1.0,1.0,0.5,0.6309297535714575,0.6309297535714575,1.0,1,D3::D3-Q090,1.0
D3,D3-Q091,list_membership,normal,advanced,256,112,114688,3.2964799404144287,13.947248458862305,0.0,0.0,0.0,0.5,1.0,0.0,0.5,1.0,0.0,0.5,1.0,0.0,0.3333333333333333,0.5087403079104241,0.4539036202482202,0.5,3,D3::D3-Q091,0.5
D3,D3-Q092,conditional_exception,normal,advanced,256,112,114688,3.2964799404144287,14.075517654418945,1.0,1.0,1.0,1.0,1.0,1.0,1.0,1.0,1.0,1.0,1.0,1.0,1.0,1.0,1.0,1.0,1,D3::D3-Q092,1.0
D3,D3-Q093,exact_fact,normal,advanced,256,112,114688,3.2964799404144287,16.100645065307617,1.0,1.0,1.0,1.0,1.0,1.0,1.0,1.0,1.0,1.0,1.0,1.0,1.0,1.0,1.0,1.0,1,D3::D3-Q093,1.0
D3,D3-Q094,procedural,normal,advanced,256,112,114688,3.2964799404144287,14.323234558105469,0.0,0.0,0.0,1.0,1.0,1.0,1.0,1.0,1.0,1.0,1.0,1.0,0.3333333333333333,0.5,0.5,1.0,1,D3::D3-Q094,1.0
D3,D3-Q095,negation,normal,advanced,256,112,114688,3.2964799404144287,14.701604843139648,0.0,0.0,0.0,1.0,1.0,1.0,1.0,1.0,1.0,1.0,1.0,1.0,0.5,0.7737056144690833,0.7737056144690833,1.0,2,D3::D3-Q095,1.0
D3,D3-Q096,numerical,normal,advanced,256,112,114688,3.2964799404144287,14.992713928222656,1.0,1.0,1.0,1.0,1.0,1.0,1.0,1.0,1.0,1.0,1.0,1.0,1.0,1.0,1.0,1.0,1,D3::D3-Q096,1.0
D3,D3-Q097,numerical,normal,advanced,256,112,114688,3.2964799404144287,14.457941055297852,1.0,1.0,1.0,1.0,1.0,1.0,1.0,1.0,1.0,1.0,1.0,1.0,1.0,1.0,1.0,1.0,1,D3::D3-Q097,1.0
D3,D3-Q098,negation,normal,advanced,256,112,114688,3.2964799404144287,14.196395874023438,1.0,1.0,1.0,1.0,1.0,1.0,1.0,1.0,1.0,1.0,1.0,1.0,1.0,1.0,1.0,1.0,1,D3::D3-Q098,1.0
D3,D3-Q099,exact_fact,normal,advanced,256,112,114688,3.2964799404144287,14.304876327514648,1.0,1.0,1.0,1.0,1.0,1.0,1.0,1.0,1.0,1.0,1.0,1.0,1.0,1.0,1.0,1.0,1,D3::D3-Q099,1.0
D3,D3-Q100,exact_fact,normal,advanced,256,112,114688,3.2964799404144287,13.763904571533203,1.0,1.0,1.0,1.0,1.0,1.0,1.0,1.0,1.0,1.0,1.0,1.0,1.0,1.0,1.0,1.0,1,D3::D3-Q100,1.0
D3,D3-Q101,conditional_exception,normal,advanced,256,112,114688,3.2964799404144287,14.284849166870117,1.0,1.0,1.0,1.0,1.0,1.0,1.0,1.0,1.0,1.0,1.0,1.0,1.0,1.0,1.0,1.0,1,D3::D3-Q101,1.0
D3,D3-Q102,exact_fact,normal,advanced,256,112,114688,3.2964799404144287,14.527559280395508,1.0,1.0,1.0,1.0,1.0,1.0,1.0,1.0,1.0,1.0,1.0,1.0,1.0,1.0,1.0,1.0,1,D3::D3-Q102,1.0
D3,D3-Q103,exact_fact,normal,advanced,256,112,114688,3.2964799404144287,21.752357482910156,1.0,1.0,1.0,1.0,1.0,1.0,1.0,1.0,1.0,1.0,1.0,1.0,1.0,1.0,1.0,1.0,1,D3::D3-Q103,1.0
D3,D3-Q104,temporal,normal,advanced,256,112,114688,3.2964799404144287,15.961408615112305,0.0,0.0,0.0,1.0,1.0,1.0,1.0,1.0,1.0,1.0,1.0,1.0,0.3333333333333333,0.5,0.5,1.0,1,D3::D3-Q104,1.0
D3,D3-Q105,exact_fact,normal,advanced,256,112,114688,3.2964799404144287,14.351606369018555,0.0,0.0,0.0,0.0,0.0,0.0,1.0,1.0,1.0,1.0,1.0,1.0,0.25,0.43067655807339306,0.43067655807339306,1.0,1,D3::D3-Q105,1.0
D3,D3-Q106,numerical,normal,advanced,256,112,114688,3.2964799404144287,16.79253578186035,1.0,1.0,1.0,1.0,1.0,1.0,1.0,1.0,1.0,1.0,1.0,1.0,1.0,1.0,1.0,1.0,1,D3::D3-Q106,1.0
D3,D3-Q107,conditional_exception,normal,advanced,256,112,114688,3.2964799404144287,14.1754150390625,0.0,0.0,0.0,0.0,0.0,0.0,1.0,1.0,1.0,1.0,1.0,1.0,0.2,0.38685280723454163,0.38685280723454163,1.0,1,D3::D3-Q107,1.0
D3,D3-Q108,conditional_exception,normal,advanced,256,112,114688,3.2964799404144287,14.232635498046875,1.0,1.0,1.0,1.0,1.0,1.0,1.0,1.0,1.0,1.0,1.0,1.0,1.0,1.0,1.0,1.0,1,D3::D3-Q108,1.0
D3,D3-Q109,conditional_exception,normal,advanced,256,112,114688,3.2964799404144287,14.272689819335938,0.0,0.0,0.0,1.0,1.0,1.0,1.0,1.0,1.0,1.0,1.0,1.0,0.5,0.6309297535714575,0.6309297535714575,1.0,1,D3::D3-Q109,1.0
D3,D3-Q110,exact_fact,normal,advanced,256,112,114688,3.2964799404144287,14.076471328735352,1.0,1.0,1.0,1.0,1.0,1.0,1.0,1.0,1.0,1.0,1.0,1.0,1.0,1.0,1.0,1.0,1,D3::D3-Q110,1.0
D3,D3-Q111,procedural,normal,advanced,256,112,114688,3.2964799404144287,13.736963272094727,0.0,0.0,0.0,1.0,1.0,1.0,1.0,1.0,1.0,1.0,1.0,1.0,0.3333333333333333,0.5,0.5,1.0,1,D3::D3-Q111,1.0
D3,D3-Q112,conditional_exception,normal,advanced,256,112,114688,3.2964799404144287,14.387130737304688,0.0,0.0,0.0,1.0,1.0,1.0,1.0,1.0,1.0,1.0,1.0,1.0,0.3333333333333333,0.5,0.5,1.0,1,D3::D3-Q112,1.0
D3,D3-Q113,conditional_exception,normal,advanced,256,112,114688,3.2964799404144287,15.411615371704102,1.0,1.0,1.0,1.0,1.0,1.0,1.0,1.0,1.0,1.0,1.0,1.0,1.0,1.0,1.0,1.0,1,D3::D3-Q113,1.0
D3,D3-Q114,negation,normal,advanced,256,112,114688,3.2964799404144287,14.943599700927734,1.0,1.0,1.0,1.0,1.0,1.0,1.0,1.0,1.0,1.0,1.0,1.0,1.0,1.0,1.0,1.0,1,D3::D3-Q114,1.0
D3,D3-Q115,numerical,normal,advanced,256,112,114688,3.2964799404144287,13.65971565246582,1.0,1.0,1.0,1.0,1.0,1.0,1.0,1.0,1.0,1.0,1.0,1.0,1.0,1.0,1.0,1.0,1,D3::D3-Q115,1.0
D3,D3-Q116,exact_fact,normal,advanced,256,112,114688,3.2964799404144287,14.076709747314453,1.0,1.0,1.0,1.0,1.0,1.0,1.0,1.0,1.0,1.0,1.0,1.0,1.0,1.0,1.0,1.0,1,D3::D3-Q116,1.0
D3,D3-Q117,numerical,normal,advanced,256,112,114688,3.2964799404144287,14.378070831298828,0.5,1.0,0.0,0.5,1.0,0.0,0.5,1.0,0.0,1.0,1.0,1.0,1.0,0.7807600999842034,1.0588724590057546,1.0,4,D3::D3-Q117,1.0
D3,D3-Q118,numerical,normal,advanced,256,112,114688,3.2964799404144287,15.120506286621094,1.0,1.0,1.0,1.0,1.0,1.0,1.0,1.0,1.0,1.0,1.0,1.0,1.0,1.0,1.0,1.0,1,D3::D3-Q118,1.0
D3,D3-Q119,negation,normal,advanced,256,112,114688,3.2964799404144287,14.473676681518555,0.0,0.0,0.0,1.0,1.0,1.0,1.0,1.0,1.0,1.0,1.0,1.0,0.3333333333333333,0.5,0.5,1.0,1,D3::D3-Q119,1.0
D3,D3-Q120,numerical,normal,advanced,256,112,114688,3.2964799404144287,14.204025268554688,1.0,1.0,1.0,1.0,1.0,1.0,1.0,1.0,1.0,1.0,1.0,1.0,1.0,1.0,1.0,1.0,1,D3::D3-Q120,1.0
D3,D3-Q121,numerical,normal,advanced,256,112,114688,3.2964799404144287,14.86063003540039,1.0,1.0,1.0,1.0,1.0,1.0,1.0,1.0,1.0,1.0,1.0,1.0,1.0,1.0,1.0,1.0,1,D3::D3-Q121,1.0
D3,D3-Q122,numerical,normal,advanced,256,112,114688,3.2964799404144287,14.94741439819336,1.0,1.0,1.0,1.0,1.0,1.0,1.0,1.0,1.0,1.0,1.0,1.0,1.0,1.0,1.0,1.0,1,D3::D3-Q122,1.0
D3,D3-Q123,numerical,normal,advanced,256,112,114688,3.2964799404144287,14.039278030395508,1.0,1.0,1.0,1.0,1.0,1.0,1.0,1.0,1.0,1.0,1.0,1.0,1.0,1.0,1.0,1.0,1,D3::D3-Q123,1.0
D3,D3-Q124,numerical,normal,advanced,256,112,114688,3.2964799404144287,14.829635620117188,0.0,0.0,0.0,1.0,1.0,1.0,1.0,1.0,1.0,1.0,1.0,1.0,0.3333333333333333,0.5,0.5,1.0,1,D3::D3-Q124,1.0
D3,D3-Q125,numerical,normal,advanced,256,112,114688,3.2964799404144287,14.290571212768555,0.0,0.0,0.0,1.0,1.0,1.0,1.0,1.0,1.0,1.0,1.0,1.0,0.3333333333333333,0.5,0.5,1.0,1,D3::D3-Q125,1.0
D3,D3-Q126,numerical,normal,advanced,256,112,114688,3.2964799404144287,14.238357543945312,1.0,1.0,1.0,1.0,1.0,1.0,1.0,1.0,1.0,1.0,1.0,1.0,1.0,1.0,1.0,1.0,1,D3::D3-Q126,1.0
D3,D3-Q127,numerical,normal,advanced,256,112,114688,3.2964799404144287,15.66934585571289,1.0,1.0,1.0,1.0,1.0,1.0,1.0,1.0,1.0,1.0,1.0,1.0,1.0,1.0,1.0,1.0,1,D3::D3-Q127,1.0
D3,D3-Q128,exact_fact,normal,advanced,256,112,114688,3.2964799404144287,26.189804077148438,1.0,1.0,1.0,1.0,1.0,1.0,1.0,1.0,1.0,1.0,1.0,1.0,1.0,1.0,1.0,1.0,1,D3::D3-Q128,1.0
D3,D3-Q129,numerical,normal,advanced,256,112,114688,3.2964799404144287,14.718294143676758,0.0,0.0,0.0,0.0,0.0,0.0,1.0,1.0,1.0,1.0,1.0,1.0,0.2,0.38685280723454163,0.38685280723454163,1.0,1,D3::D3-Q129,1.0
D3,D3-Q130,numerical,normal,advanced,256,112,114688,3.2964799404144287,14.293909072875977,1.0,1.0,1.0,1.0,1.0,1.0,1.0,1.0,1.0,1.0,1.0,1.0,1.0,1.0,1.0,1.0,1,D3::D3-Q130,1.0
D3,D3-Q131,procedural,normal,advanced,256,112,114688,3.2964799404144287,15.643835067749023,1.0,1.0,1.0,1.0,1.0,1.0,1.0,1.0,1.0,1.0,1.0,1.0,1.0,1.0,1.0,1.0,1,D3::D3-Q131,1.0
D3,D3-Q132,conditional_exception,normal,advanced,256,112,114688,3.2964799404144287,14.433145523071289,1.0,1.0,1.0,1.0,1.0,1.0,1.0,1.0,1.0,1.0,1.0,1.0,1.0,1.2262943855309167,1.2262943855309167,1.0,2,D3::D3-Q132,1.0
D3,D3-Q133,conditional_exception,normal,advanced,256,112,114688,3.2964799404144287,14.339447021484375,0.0,0.0,0.0,1.0,1.0,1.0,1.0,1.0,1.0,1.0,1.0,1.0,0.3333333333333333,0.6131471927654584,0.6131471927654584,1.0,2,D3::D3-Q133,1.0
D3,D3-Q134,negation,normal,advanced,256,112,114688,3.2964799404144287,14.171838760375977,0.0,0.0,0.0,0.0,0.0,0.0,0.0,0.0,0.0,0.0,0.0,0.0,0.0,0.0,0.0,0.0,0,D3::D3-Q134,0.0
D3,D3-Q135,numerical,normal,advanced,256,112,114688,3.2964799404144287,14.65916633605957,0.0,0.0,0.0,1.0,1.0,1.0,1.0,1.0,1.0,1.0,1.0,1.0,0.5,0.6309297535714575,0.6309297535714575,1.0,1,D3::D3-Q135,1.0
D3,D3-Q136,numerical,normal,advanced,256,112,114688,3.2964799404144287,14.726877212524414,1.0,1.0,1.0,1.0,1.0,1.0,1.0,1.0,1.0,1.0,1.0,1.0,1.0,1.0,1.0,1.0,1,D3::D3-Q136,1.0
D3,D3-Q137,exact_fact,normal,advanced,256,112,114688,3.2964799404144287,14.952898025512695,1.0,1.0,1.0,1.0,1.0,1.0,1.0,1.0,1.0,1.0,1.0,1.0,1.0,1.0,1.0,1.0,1,D3::D3-Q137,1.0
D3,D3-Q138,procedural,normal,advanced,256,112,114688,3.2964799404144287,14.009475708007812,0.0,0.0,0.0,0.0,0.0,0.0,0.0,0.0,0.0,0.0,0.0,0.0,0.0,0.0,0.0,0.0,0,D3::D3-Q138,0.0
D3,D3-Q139,list_membership,normal,advanced,256,112,114688,3.2964799404144287,14.541864395141602,1.0,1.0,1.0,1.0,1.0,1.0,1.0,1.0,1.0,1.0,1.0,1.0,1.0,1.5615201999684067,1.5615201999684067,1.0,4,D3::D3-Q139,1.0
D3,D3-Q140,negation,normal,advanced,256,112,114688,3.2964799404144287,15.07568359375,1.0,1.0,1.0,1.0,1.0,1.0,1.0,1.0,1.0,1.0,1.0,1.0,1.0,1.0,1.0,1.0,1,D3::D3-Q140,1.0
D3,D3-Q141,exact_fact,normal,advanced,256,112,114688,3.2964799404144287,14.467477798461914,1.0,1.0,1.0,1.0,1.0,1.0,1.0,1.0,1.0,1.0,1.0,1.0,1.0,1.0,1.0,1.0,1,D3::D3-Q141,1.0
D3,D3-Q142,conditional_exception,normal,advanced,256,112,114688,3.2964799404144287,14.113426208496094,1.0,1.0,1.0,1.0,1.0,1.0,1.0,1.0,1.0,1.0,1.0,1.0,1.0,1.0,1.0,1.0,1,D3::D3-Q142,1.0
D3,D3-Q143,exact_fact,normal,advanced,256,112,114688,3.2964799404144287,15.467405319213867,1.0,1.0,1.0,1.0,1.0,1.0,1.0,1.0,1.0,1.0,1.0,1.0,1.0,1.0,1.0,1.0,1,D3::D3-Q143,1.0
D3,D3-Q144,negation,normal,advanced,256,112,114688,3.2964799404144287,14.797210693359375,0.5,1.0,0.0,0.5,1.0,0.0,1.0,1.0,1.0,1.0,1.0,1.0,1.0,0.8772153153380493,0.8772153153380493,1.0,2,D3::D3-Q144,1.0
D3,D3-Q145,conditional_exception,normal,advanced,256,112,114688,3.2964799404144287,14.483928680419922,0.0,0.0,0.0,1.0,1.0,1.0,1.0,1.0,1.0,1.0,1.0,1.0,0.5,0.6309297535714575,0.6309297535714575,1.0,1,D3::D3-Q145,1.0
D3,D3-Q146,conditional_exception,normal,advanced,256,112,114688,3.2964799404144287,14.95671272277832,1.0,1.0,1.0,1.0,1.0,1.0,1.0,1.0,1.0,1.0,1.0,1.0,1.0,1.0,1.0,1.0,1,D3::D3-Q146,1.0
D3,D3-Q147,conditional_exception,normal,advanced,256,112,114688,3.2964799404144287,14.714717864990234,0.0,0.0,0.0,1.0,1.0,1.0,1.0,1.0,1.0,1.0,1.0,1.0,0.5,0.6309297535714575,0.6309297535714575,1.0,1,D3::D3-Q147,1.0
D3,D3-Q148,exact_fact,normal,advanced,256,112,114688,3.2964799404144287,14.370918273925781,1.0,1.0,1.0,1.0,1.0,1.0,1.0,1.0,1.0,1.0,1.0,1.0,1.0,1.0,1.0,1.0,1,D3::D3-Q148,1.0
D3,D3-Q149,temporal,normal,advanced,256,112,114688,3.2964799404144287,14.580249786376953,1.0,1.0,1.0,1.0,1.0,1.0,1.0,1.0,1.0,1.0,1.0,1.0,1.0,1.0,1.0,1.0,1,D3::D3-Q149,1.0
D3,D3-Q150,exact_fact,normal,advanced,256,112,114688,3.2964799404144287,14.768362045288086,1.0,1.0,1.0,1.0,1.0,1.0,1.0,1.0,1.0,1.0,1.0,1.0,1.0,1.0,1.0,1.0,1,D3::D3-Q150,1.0
D3,D3-Q151,conditional_exception,normal,advanced,256,112,114688,3.2964799404144287,17.142772674560547,0.0,0.0,0.0,1.0,1.0,1.0,1.0,1.0,1.0,1.0,1.0,1.0,0.5,0.6309297535714575,0.6309297535714575,1.0,1,D3::D3-Q151,1.0
D3,D3-Q152,exact_fact,normal,advanced,256,112,114688,3.2964799404144287,14.630794525146484,1.0,1.0,1.0,1.0,1.0,1.0,1.0,1.0,1.0,1.0,1.0,1.0,1.0,1.0,1.0,1.0,1,D3::D3-Q152,1.0
D3,D3-Q153,exact_fact,normal,advanced,256,112,114688,3.2964799404144287,14.479637145996094,1.0,1.0,1.0,1.0,1.0,1.0,1.0,1.0,1.0,1.0,1.0,1.0,1.0,1.0,1.0,1.0,1,D3::D3-Q153,1.0
D3,D3-Q154,list_membership,normal,advanced,256,112,114688,3.2964799404144287,16.663074493408203,1.0,1.0,1.0,1.0,1.0,1.0,1.0,1.0,1.0,1.0,1.0,1.0,1.0,1.2262943855309167,1.2262943855309167,1.0,2,D3::D3-Q154,1.0
D3,D3-Q155,negation,normal,advanced,256,112,114688,3.2964799404144287,15.570640563964844,1.0,1.0,1.0,1.0,1.0,1.0,1.0,1.0,1.0,1.0,1.0,1.0,1.0,1.0,1.0,1.0,1,D3::D3-Q155,1.0
D3,D3-Q156,conditional_exception,normal,advanced,256,112,114688,3.2964799404144287,14.394044876098633,0.0,0.0,0.0,1.0,1.0,1.0,1.0,1.0,1.0,1.0,1.0,1.0,0.5,0.6309297535714575,0.6309297535714575,1.0,1,D3::D3-Q156,1.0
D3,D3-Q157,exact_fact,normal,advanced,256,112,114688,3.2964799404144287,14.354228973388672,1.0,1.0,1.0,1.0,1.0,1.0,1.0,1.0,1.0,1.0,1.0,1.0,1.0,1.0,1.0,1.0,1,D3::D3-Q157,1.0
D3,D3-Q158,exact_fact,normal,advanced,256,112,114688,3.2964799404144287,14.785051345825195,1.0,1.0,1.0,1.0,1.0,1.0,1.0,1.0,1.0,1.0,1.0,1.0,1.0,1.0,1.0,1.0,1,D3::D3-Q158,1.0
D3,D3-Q159,procedural,normal,advanced,256,112,114688,3.2964799404144287,14.810323715209961,0.0,0.0,0.0,1.0,1.0,1.0,1.0,1.0,1.0,1.0,1.0,1.0,0.5,0.6309297535714575,0.6309297535714575,1.0,1,D3::D3-Q159,1.0
D3,D3-Q160,temporal,normal,advanced,256,112,114688,3.2964799404144287,14.43171501159668,1.0,1.0,1.0,1.0,1.0,1.0,1.0,1.0,1.0,1.0,1.0,1.0,1.0,1.0,1.0,1.0,1,D3::D3-Q160,1.0
D3,D3-Q161,exact_fact,normal,advanced,256,112,114688,3.2964799404144287,14.385223388671875,1.0,1.0,1.0,1.0,1.0,1.0,1.0,1.0,1.0,1.0,1.0,1.0,1.0,1.0,1.0,1.0,1,D3::D3-Q161,1.0
D3,D3-Q162,exact_fact,normal,advanced,256,112,114688,3.2964799404144287,14.62554931640625,0.0,0.0,0.0,1.0,1.0,1.0,1.0,1.0,1.0,1.0,1.0,1.0,0.3333333333333333,0.5,0.5,1.0,1,D3::D3-Q162,1.0
D3,D3-Q163,list_membership,normal,advanced,256,112,114688,3.2964799404144287,19.980430603027344,1.0,1.0,1.0,1.0,1.0,1.0,1.0,1.0,1.0,1.0,1.0,1.0,1.0,1.0,1.0,1.0,1,D3::D3-Q163,1.0
D3,D3-Q164,exact_fact,normal,advanced,256,112,114688,3.2964799404144287,14.612913131713867,1.0,1.0,1.0,1.0,1.0,1.0,1.0,1.0,1.0,1.0,1.0,1.0,1.0,1.0,1.0,1.0,1,D3::D3-Q164,1.0
D3,D3-Q165,negation,normal,advanced,256,112,114688,3.2964799404144287,14.00136947631836,0.0,0.0,0.0,0.0,0.0,0.0,0.0,0.0,0.0,0.0,0.0,0.0,0.0,0.0,0.0,0.0,0,D3::D3-Q165,0.0
D3,D3-Q166,list_membership,normal,advanced,256,112,114688,3.2964799404144287,16.773223876953125,0.0,0.0,0.0,0.0,0.0,0.0,1.0,1.0,1.0,1.0,1.0,1.0,0.2,0.38685280723454163,0.38685280723454163,1.0,1,D3::D3-Q166,1.0
D3,D3-Q167,exact_fact,normal,advanced,256,112,114688,3.2964799404144287,14.794349670410156,1.0,1.0,1.0,1.0,1.0,1.0,1.0,1.0,1.0,1.0,1.0,1.0,1.0,1.0,1.0,1.0,1,D3::D3-Q167,1.0
D3,D3-Q168,exact_fact,normal,advanced,256,112,114688,3.2964799404144287,14.974355697631836,0.0,0.0,0.0,1.0,1.0,1.0,1.0,1.0,1.0,1.0,1.0,1.0,0.5,0.6309297535714575,0.6309297535714575,1.0,1,D3::D3-Q168,1.0
D3,D3-Q169,conditional_exception,normal,advanced,256,112,114688,3.2964799404144287,13.844013214111328,1.0,1.0,1.0,1.0,1.0,1.0,1.0,1.0,1.0,1.0,1.0,1.0,1.0,1.0,1.0,1.0,1,D3::D3-Q169,1.0
D3,D3-Q170,conditional_exception,normal,advanced,256,112,114688,3.2964799404144287,14.156579971313477,1.0,1.0,1.0,1.0,1.0,1.0,1.0,1.0,1.0,1.0,1.0,1.0,1.0,1.0,1.0,1.0,1,D3::D3-Q170,1.0
D3,D3-Q171,conditional_exception,normal,advanced,256,112,114688,3.2964799404144287,14.280557632446289,1.0,1.0,1.0,1.0,1.0,1.0,1.0,1.0,1.0,1.0,1.0,1.0,1.0,1.0,1.0,1.0,1,D3::D3-Q171,1.0
D3,D3-Q172,conditional_exception,normal,advanced,256,112,114688,3.2964799404144287,14.23501968383789,0.0,0.0,0.0,0.0,0.0,0.0,1.0,1.0,1.0,1.0,1.0,1.0,0.25,0.43067655807339306,0.43067655807339306,1.0,1,D3::D3-Q172,1.0
D3,D3-Q173,procedural,normal,advanced,256,112,114688,3.2964799404144287,15.694379806518555,1.0,1.0,1.0,1.0,1.0,1.0,1.0,1.0,1.0,1.0,1.0,1.0,1.0,1.0,1.0,1.0,1,D3::D3-Q173,1.0
D3,D3-Q174,conditional_exception,normal,advanced,256,112,114688,3.2964799404144287,15.45095443725586,1.0,1.0,1.0,1.0,1.0,1.0,1.0,1.0,1.0,1.0,1.0,1.0,1.0,1.0,1.0,1.0,1,D3::D3-Q174,1.0
D3,D3-Q175,conditional_exception,normal,advanced,256,112,114688,3.2964799404144287,14.45627212524414,1.0,1.0,1.0,1.0,1.0,1.0,1.0,1.0,1.0,1.0,1.0,1.0,1.0,1.0,1.0,1.0,1,D3::D3-Q175,1.0
D3,D3-Q176,procedural,normal,advanced,256,112,114688,3.2964799404144287,14.3890380859375,0.0,0.0,0.0,1.0,1.0,1.0,1.0,1.0,1.0,1.0,1.0,1.0,0.5,0.6309297535714575,0.6309297535714575,1.0,1,D3::D3-Q176,1.0
D3,D3-Q177,exact_fact,normal,advanced,256,112,114688,3.2964799404144287,14.062881469726562,0.0,0.0,0.0,1.0,1.0,1.0,1.0,1.0,1.0,1.0,1.0,1.0,0.3333333333333333,0.5,0.5,1.0,1,D3::D3-Q177,1.0
D3,D3-Q178,procedural,normal,advanced,256,112,114688,3.2964799404144287,14.292478561401367,0.0,0.0,0.0,1.0,1.0,1.0,1.0,1.0,1.0,1.0,1.0,1.0,0.5,0.6309297535714575,0.6309297535714575,1.0,1,D3::D3-Q178,1.0
D3,D3-Q179,negation,normal,advanced,256,112,114688,3.2964799404144287,14.568090438842773,0.0,0.0,0.0,1.0,1.0,1.0,1.0,1.0,1.0,1.0,1.0,1.0,0.5,0.6309297535714575,0.6309297535714575,1.0,1,D3::D3-Q179,1.0
D3,D3-Q180,conditional_exception,normal,advanced,256,112,114688,3.2964799404144287,14.637231826782227,1.0,1.0,1.0,1.0,1.0,1.0,1.0,1.0,1.0,1.0,1.0,1.0,1.0,1.0,1.0,1.0,1,D3::D3-Q180,1.0
D3,D3-Q181,numerical,normal,advanced,256,112,114688,3.2964799404144287,14.18161392211914,0.0,0.0,0.0,0.0,0.0,0.0,0.0,0.0,0.0,1.0,1.0,1.0,0.14285714285714285,0.0,0.3333333333333333,1.0,1,D3::D3-Q181,1.0
D3,D3-Q182,temporal,normal,advanced,256,112,114688,3.2964799404144287,14.268636703491211,1.0,1.0,1.0,1.0,1.0,1.0,1.0,1.0,1.0,1.0,1.0,1.0,1.0,1.0,1.0,1.0,1,D3::D3-Q182,1.0
D3,D3-Q183,list_membership,normal,advanced,256,112,114688,3.2964799404144287,14.014720916748047,0.0,0.0,0.0,0.0,0.0,0.0,0.0,0.0,0.0,0.0,0.0,0.0,0.0,0.0,0.0,0.0,0,D3::D3-Q183,0.0
D3,D3-Q184,numerical,normal,advanced,256,112,114688,3.2964799404144287,13.871431350708008,0.0,0.0,0.0,1.0,1.0,1.0,1.0,1.0,1.0,1.0,1.0,1.0,0.5,0.6309297535714575,0.6309297535714575,1.0,1,D3::D3-Q184,1.0
D3,D3-Q185,numerical,normal,advanced,256,112,114688,3.2964799404144287,15.123605728149414,1.0,1.0,1.0,1.0,1.0,1.0,1.0,1.0,1.0,1.0,1.0,1.0,1.0,1.0,1.0,1.0,1,D3::D3-Q185,1.0
D3,D3-Q186,negation,normal,advanced,256,112,114688,3.2964799404144287,14.070272445678711,1.0,1.0,1.0,1.0,1.0,1.0,1.0,1.0,1.0,1.0,1.0,1.0,1.0,1.0,1.0,1.0,1,D3::D3-Q186,1.0
D3,D3-Q187,procedural,normal,advanced,256,112,114688,3.2964799404144287,15.31076431274414,1.0,1.0,1.0,1.0,1.0,1.0,1.0,1.0,1.0,1.0,1.0,1.0,1.0,1.0,1.0,1.0,1,D3::D3-Q187,1.0
D3,D3-Q188,conditional_exception,normal,advanced,256,112,114688,3.2964799404144287,14.165401458740234,0.0,0.0,0.0,0.0,0.0,0.0,0.0,0.0,0.0,0.0,0.0,0.0,0.0,0.0,0.0,0.0,0,D3::D3-Q188,0.0
D3,D3-Q189,exact_fact,normal,advanced,256,112,114688,3.2964799404144287,14.369726181030273,0.0,0.0,0.0,0.0,0.0,0.0,0.0,0.0,0.0,0.0,0.0,0.0,0.0,0.0,0.0,0.0,0,D3::D3-Q189,0.0
D3,D3-Q190,conditional_exception,normal,advanced,256,112,114688,3.2964799404144287,25.53081512451172,1.0,1.0,1.0,1.0,1.0,1.0,1.0,1.0,1.0,1.0,1.0,1.0,1.0,1.0,1.0,1.0,1,D3::D3-Q190,1.0
D3,D3-Q191,list_membership,normal,advanced,256,112,114688,3.2964799404144287,15.45095443725586,1.0,1.0,1.0,1.0,1.0,1.0,1.0,1.0,1.0,1.0,1.0,1.0,1.0,1.0,1.0,1.0,1,D3::D3-Q191,1.0
D3,D3-Q192,numerical,normal,advanced,256,112,114688,3.2964799404144287,14.177083969116211,1.0,1.0,1.0,1.0,1.0,1.0,1.0,1.0,1.0,1.0,1.0,1.0,1.0,1.0,1.0,1.0,1,D3::D3-Q192,1.0
D3,D3-Q193,conditional_exception,normal,advanced,256,112,114688,3.2964799404144287,14.251708984375,1.0,1.0,1.0,1.0,1.0,1.0,1.0,1.0,1.0,1.0,1.0,1.0,1.0,1.0,1.0,1.0,1,D3::D3-Q193,1.0
D3,D3-Q194,numerical,normal,advanced,256,112,114688,3.2964799404144287,15.020608901977539,1.0,1.0,1.0,1.0,1.0,1.0,1.0,1.0,1.0,1.0,1.0,1.0,1.0,1.0,1.0,1.0,1,D3::D3-Q194,1.0
D3,D3-Q195,exact_fact,normal,advanced,256,112,114688,3.2964799404144287,15.053749084472656,0.0,0.0,0.0,0.0,0.0,0.0,0.0,0.0,0.0,0.0,0.0,0.0,0.0,0.0,0.0,0.0,0,D3::D3-Q195,0.0
D3,D3-Q196,exact_fact,normal,advanced,256,112,114688,3.2964799404144287,15.040874481201172,0.0,0.0,0.0,1.0,1.0,1.0,1.0,1.0,1.0,1.0,1.0,1.0,0.3333333333333333,0.5,0.5,1.0,1,D3::D3-Q196,1.0
D3,D3-Q197,conditional_exception,normal,advanced,256,112,114688,3.2964799404144287,14.623880386352539,0.0,0.0,0.0,0.0,0.0,0.0,0.0,0.0,0.0,1.0,1.0,1.0,0.125,0.0,0.31546487678572877,1.0,1,D3::D3-Q197,1.0
D3,D3-Q198,numerical,normal,advanced,256,112,114688,3.2964799404144287,14.140129089355469,1.0,1.0,1.0,1.0,1.0,1.0,1.0,1.0,1.0,1.0,1.0,1.0,1.0,1.0,1.0,1.0,1,D3::D3-Q198,1.0
D3,D3-Q199,numerical,normal,advanced,256,112,114688,3.2964799404144287,14.111518859863281,0.0,0.0,0.0,1.0,1.0,1.0,1.0,1.0,1.0,1.0,1.0,1.0,0.5,0.6309297535714575,0.6309297535714575,1.0,1,D3::D3-Q199,1.0
D3,D3-Q200,negation,normal,advanced,256,112,114688,3.2964799404144287,14.108657836914062,0.0,0.0,0.0,0.0,0.0,0.0,1.0,1.0,1.0,1.0,1.0,1.0,0.2,0.38685280723454163,0.38685280723454163,1.0,1,D3::D3-Q200,1.0
D3,D3-Q001,exact_fact,normal,advanced,384,112,172032,3.2964799404144287,14.285802841186523,1.0,1.0,1.0,1.0,1.0,1.0,1.0,1.0,1.0,1.0,1.0,1.0,1.0,1.0,1.0,1.0,1,D3::D3-Q001,1.0
D3,D3-Q002,exact_fact,normal,advanced,384,112,172032,3.2964799404144287,13.850927352905273,1.0,1.0,1.0,1.0,1.0,1.0,1.0,1.0,1.0,1.0,1.0,1.0,1.0,1.0,1.0,1.0,1,D3::D3-Q002,1.0
D3,D3-Q003,negation,normal,advanced,384,112,172032,3.2964799404144287,14.378070831298828,1.0,1.0,1.0,1.0,1.0,1.0,1.0,1.0,1.0,1.0,1.0,1.0,1.0,1.0,1.0,1.0,1,D3::D3-Q003,1.0
D3,D3-Q004,conditional_exception,normal,advanced,384,112,172032,3.2964799404144287,14.465093612670898,0.5,1.0,0.0,1.0,1.0,1.0,1.0,1.0,1.0,1.0,1.0,1.0,1.0,1.0,1.0,1.0,2,D3::D3-Q004,1.0
D3,D3-Q005,negative_query,normal,advanced,384,112,172032,3.2964799404144287,16.256093978881836,1.0,1.0,1.0,1.0,1.0,1.0,1.0,1.0,1.0,1.0,1.0,1.0,1.0,1.0,1.0,1.0,1,D3::D3-Q005,1.0
D3,D3-Q006,exact_fact,normal,advanced,384,112,172032,3.2964799404144287,14.756202697753906,1.0,1.0,1.0,1.0,1.0,1.0,1.0,1.0,1.0,1.0,1.0,1.0,1.0,1.0,1.0,1.0,1,D3::D3-Q006,1.0
D3,D3-Q007,exact_fact,normal,advanced,384,112,172032,3.2964799404144287,14.929533004760742,0.0,0.0,0.0,1.0,1.0,1.0,1.0,1.0,1.0,1.0,1.0,1.0,0.5,0.6309297535714575,0.6309297535714575,1.0,1,D3::D3-Q007,1.0
D3,D3-Q008,exact_fact,normal,advanced,384,112,172032,3.2964799404144287,14.314651489257812,0.0,0.0,0.0,0.0,0.0,0.0,0.0,0.0,0.0,1.0,1.0,1.0,0.14285714285714285,0.0,0.3333333333333333,1.0,1,D3::D3-Q008,1.0
D3,D3-Q009,exact_fact,normal,advanced,384,112,172032,3.2964799404144287,15.323400497436523,0.0,0.0,0.0,0.0,0.0,0.0,0.0,0.0,0.0,0.0,0.0,0.0,0.0,0.0,0.0,0.0,0,D3::D3-Q009,0.0
D3,D3-Q010,exact_fact,normal,advanced,384,112,172032,3.2964799404144287,14.902830123901367,0.0,0.0,0.0,1.0,1.0,1.0,1.0,1.0,1.0,1.0,1.0,1.0,0.5,0.6309297535714575,0.6309297535714575,1.0,1,D3::D3-Q010,1.0
D3,D3-Q011,exact_fact,normal,advanced,384,112,172032,3.2964799404144287,14.20450210571289,0.0,0.0,0.0,0.0,0.0,0.0,0.0,0.0,0.0,0.0,0.0,0.0,0.0,0.0,0.0,0.0,0,D3::D3-Q011,0.0
D3,D3-Q012,list_membership,normal,advanced,384,112,172032,3.2964799404144287,13.732671737670898,0.0,0.0,0.0,0.0,0.0,0.0,0.0,0.0,0.0,1.0,1.0,1.0,0.1111111111111111,0.0,0.36915139355913634,1.0,2,D3::D3-Q012,1.0
D3,D3-Q013,exact_fact,normal,advanced,384,112,172032,3.2964799404144287,14.441251754760742,0.0,0.0,0.0,0.0,0.0,0.0,0.0,0.0,0.0,0.0,0.0,0.0,0.0,0.0,0.0,0.0,0,D3::D3-Q013,0.0
D3,D3-Q014,exact_fact,normal,advanced,384,112,172032,3.2964799404144287,13.955116271972656,0.0,0.0,0.0,0.0,0.0,0.0,0.0,0.0,0.0,1.0,1.0,1.0,0.14285714285714285,0.0,0.3333333333333333,1.0,1,D3::D3-Q014,1.0
D3,D3-Q015,exact_fact,normal,advanced,384,112,172032,3.2964799404144287,16.599416732788086,0.0,0.0,0.0,1.0,1.0,1.0,1.0,1.0,1.0,1.0,1.0,1.0,0.5,0.6309297535714575,0.6309297535714575,1.0,1,D3::D3-Q015,1.0
D3,D3-Q016,exact_fact,normal,advanced,384,112,172032,3.2964799404144287,14.425277709960938,0.0,0.0,0.0,0.0,0.0,0.0,0.0,0.0,0.0,0.0,0.0,0.0,0.0,0.0,0.0,0.0,0,D3::D3-Q016,0.0
D3,D3-Q017,exact_fact,normal,advanced,384,112,172032,3.2964799404144287,14.814138412475586,0.0,0.0,0.0,0.0,0.0,0.0,0.0,0.0,0.0,0.0,0.0,0.0,0.0,0.0,0.0,0.0,0,D3::D3-Q017,0.0
D3,D3-Q018,exact_fact,normal,advanced,384,112,172032,3.2964799404144287,14.365911483764648,0.0,0.0,0.0,0.0,0.0,0.0,0.0,0.0,0.0,1.0,1.0,1.0,0.16666666666666666,0.0,0.3562071871080222,1.0,1,D3::D3-Q018,1.0
D3,D3-Q019,exact_fact,normal,advanced,384,112,172032,3.2964799404144287,15.592336654663086,1.0,1.0,1.0,1.0,1.0,1.0,1.0,1.0,1.0,1.0,1.0,1.0,1.0,1.0,1.0,1.0,1,D3::D3-Q019,1.0
D3,D3-Q020,exact_fact,normal,advanced,384,112,172032,3.2964799404144287,14.884233474731445,1.0,1.0,1.0,1.0,1.0,1.0,1.0,1.0,1.0,1.0,1.0,1.0,1.0,1.0,1.0,1.0,1,D3::D3-Q020,1.0
D3,D3-Q021,exact_fact,normal,advanced,384,112,172032,3.2964799404144287,14.502286911010742,0.0,0.0,0.0,0.0,0.0,0.0,0.0,0.0,0.0,0.0,0.0,0.0,0.0,0.0,0.0,0.0,0,D3::D3-Q021,0.0
D3,D3-Q022,exact_fact,normal,advanced,384,112,172032,3.2964799404144287,14.236688613891602,1.0,1.0,1.0,1.0,1.0,1.0,1.0,1.0,1.0,1.0,1.0,1.0,1.0,1.0,1.0,1.0,1,D3::D3-Q022,1.0
D3,D3-Q023,exact_fact,normal,advanced,384,112,172032,3.2964799404144287,15.981912612915039,0.0,0.0,0.0,0.0,0.0,0.0,0.0,0.0,0.0,0.0,0.0,0.0,0.0,0.0,0.0,0.0,0,D3::D3-Q023,0.0
D3,D3-Q024,exact_fact,normal,advanced,384,112,172032,3.2964799404144287,18.990039825439453,0.0,0.0,0.0,0.0,0.0,0.0,0.0,0.0,0.0,0.0,0.0,0.0,0.0,0.0,0.0,0.0,0,D3::D3-Q024,0.0
D3,D3-Q025,exact_fact,normal,advanced,384,112,172032,3.2964799404144287,14.810562133789062,0.0,0.0,0.0,0.5,1.0,0.0,0.5,1.0,0.0,1.0,1.0,1.0,0.3333333333333333,0.3065735963827292,0.5249810332008933,1.0,2,D3::D3-Q025,1.0
D3,D3-Q026,exact_fact,normal,advanced,384,112,172032,3.2964799404144287,14.629602432250977,1.0,1.0,1.0,1.0,1.0,1.0,1.0,1.0,1.0,1.0,1.0,1.0,1.0,1.0,1.0,1.0,1,D3::D3-Q026,1.0
D3,D3-Q027,exact_fact,normal,advanced,384,112,172032,3.2964799404144287,16.193628311157227,1.0,1.0,1.0,1.0,1.0,1.0,1.0,1.0,1.0,1.0,1.0,1.0,1.0,1.4078361780682693,1.4078361780682693,1.0,3,D3::D3-Q027,1.0
D3,D3-Q028,exact_fact,normal,advanced,384,112,172032,3.2964799404144287,13.49020004272461,1.0,1.0,1.0,1.0,1.0,1.0,1.0,1.0,1.0,1.0,1.0,1.0,1.0,1.0,1.0,1.0,1,D3::D3-Q028,1.0
D3,D3-Q029,exact_fact,normal,advanced,384,112,172032,3.2964799404144287,14.270544052124023,1.0,1.0,1.0,1.0,1.0,1.0,1.0,1.0,1.0,1.0,1.0,1.0,1.0,1.4078361780682693,1.4078361780682693,1.0,3,D3::D3-Q029,1.0
D3,D3-Q030,exact_fact,normal,advanced,384,112,172032,3.2964799404144287,14.636754989624023,1.0,1.0,1.0,1.0,1.0,1.0,1.0,1.0,1.0,1.0,1.0,1.0,1.0,1.0,1.0,1.0,1,D3::D3-Q030,1.0
D3,D3-Q031,exact_fact,normal,advanced,384,112,172032,3.2964799404144287,14.710426330566406,1.0,1.0,1.0,1.0,1.0,1.0,1.0,1.0,1.0,1.0,1.0,1.0,1.0,1.0,1.0,1.0,1,D3::D3-Q031,1.0
D3,D3-Q032,exact_fact,normal,advanced,384,112,172032,3.2964799404144287,15.062332153320312,1.0,1.0,1.0,1.0,1.0,1.0,1.0,1.0,1.0,1.0,1.0,1.0,1.0,1.0,1.0,1.0,1,D3::D3-Q032,1.0
D3,D3-Q033,exact_fact,normal,advanced,384,112,172032,3.2964799404144287,14.092445373535156,1.0,1.0,1.0,1.0,1.0,1.0,1.0,1.0,1.0,1.0,1.0,1.0,1.0,1.0,1.0,1.0,1,D3::D3-Q033,1.0
D3,D3-Q034,exact_fact,normal,advanced,384,112,172032,3.2964799404144287,14.493942260742188,0.0,0.0,0.0,0.0,0.0,0.0,0.0,0.0,0.0,0.0,0.0,0.0,0.0,0.0,0.0,0.0,0,D3::D3-Q034,0.0
D3,D3-Q035,exact_fact,normal,advanced,384,112,172032,3.2964799404144287,15.470266342163086,1.0,1.0,1.0,1.0,1.0,1.0,1.0,1.0,1.0,1.0,1.0,1.0,1.0,1.0,1.0,1.0,1,D3::D3-Q035,1.0
D3,D3-Q036,exact_fact,normal,advanced,384,112,172032,3.2964799404144287,15.066146850585938,0.0,0.0,0.0,1.0,1.0,1.0,1.0,1.0,1.0,1.0,1.0,1.0,0.5,0.6309297535714575,0.6309297535714575,1.0,1,D3::D3-Q036,1.0
D3,D3-Q037,exact_fact,normal,advanced,384,112,172032,3.2964799404144287,14.603614807128906,0.0,0.0,0.0,0.0,0.0,0.0,0.0,0.0,0.0,0.0,0.0,0.0,0.0,0.0,0.0,0.0,0,D3::D3-Q037,0.0
D3,D3-Q038,exact_fact,normal,advanced,384,112,172032,3.2964799404144287,14.094114303588867,1.0,1.0,1.0,1.0,1.0,1.0,1.0,1.0,1.0,1.0,1.0,1.0,1.0,1.0,1.0,1.0,1,D3::D3-Q038,1.0
D3,D3-Q039,list_membership,normal,advanced,384,112,172032,3.2964799404144287,14.456033706665039,1.0,1.0,1.0,1.0,1.0,1.0,1.0,1.0,1.0,1.0,1.0,1.0,1.0,1.6958010263680805,1.6958010263680805,1.0,5,D3::D3-Q039,1.0
D3,D3-Q040,negation,normal,advanced,384,112,172032,3.2964799404144287,15.302658081054688,1.0,1.0,1.0,1.0,1.0,1.0,1.0,1.0,1.0,1.0,1.0,1.0,1.0,1.0,1.0,1.0,1,D3::D3-Q040,1.0
D3,D3-Q041,exact_fact,normal,advanced,384,112,172032,3.2964799404144287,13.611793518066406,1.0,1.0,1.0,1.0,1.0,1.0,1.0,1.0,1.0,1.0,1.0,1.0,1.0,1.0,1.0,1.0,1,D3::D3-Q041,1.0
D3,D3-Q042,conditional_exception,normal,advanced,384,112,172032,3.2964799404144287,14.06407356262207,1.0,1.0,1.0,1.0,1.0,1.0,1.0,1.0,1.0,1.0,1.0,1.0,1.0,1.4078361780682693,1.4078361780682693,1.0,3,D3::D3-Q042,1.0
D3,D3-Q043,list_membership,normal,advanced,384,112,172032,3.2964799404144287,14.031410217285156,1.0,1.0,1.0,1.0,1.0,1.0,1.0,1.0,1.0,1.0,1.0,1.0,1.0,1.0,1.0,1.0,1,D3::D3-Q043,1.0
D3,D3-Q044,temporal,normal,advanced,384,112,172032,3.2964799404144287,14.276981353759766,0.0,0.0,0.0,0.0,0.0,0.0,0.0,0.0,0.0,0.0,0.0,0.0,0.0,0.0,0.0,0.0,0,D3::D3-Q044,0.0
D3,D3-Q045,negation,normal,advanced,384,112,172032,3.2964799404144287,14.156579971313477,0.0,0.0,0.0,1.0,1.0,1.0,1.0,1.0,1.0,1.0,1.0,1.0,0.3333333333333333,0.5,0.5,1.0,1,D3::D3-Q045,1.0
D3,D3-Q046,exact_fact,normal,advanced,384,112,172032,3.2964799404144287,14.223337173461914,1.0,1.0,1.0,1.0,1.0,1.0,1.0,1.0,1.0,1.0,1.0,1.0,1.0,1.0,1.0,1.0,1,D3::D3-Q046,1.0
D3,D3-Q047,numerical,normal,advanced,384,112,172032,3.2964799404144287,15.204668045043945,1.0,1.0,1.0,1.0,1.0,1.0,1.0,1.0,1.0,1.0,1.0,1.0,1.0,1.0,1.0,1.0,1,D3::D3-Q047,1.0
D3,D3-Q048,conditional_exception,normal,advanced,384,112,172032,3.2964799404144287,13.607025146484375,0.0,0.0,0.0,0.0,0.0,0.0,0.0,0.0,0.0,1.0,1.0,1.0,0.1111111111111111,0.0,0.3010299956639812,1.0,1,D3::D3-Q048,1.0
D3,D3-Q049,numerical,normal,advanced,384,112,172032,3.2964799404144287,14.474153518676758,0.0,0.0,0.0,0.0,0.0,0.0,0.0,0.0,0.0,0.0,0.0,0.0,0.0,0.0,0.0,0.0,0,D3::D3-Q049,0.0
D3,D3-Q050,procedural,normal,advanced,384,112,172032,3.2964799404144287,14.362335205078125,1.0,1.0,1.0,1.0,1.0,1.0,1.0,1.0,1.0,1.0,1.0,1.0,1.0,1.0,1.0,1.0,1,D3::D3-Q050,1.0
D3,D3-Q051,temporal,normal,advanced,384,112,172032,3.2964799404144287,14.084339141845703,1.0,1.0,1.0,1.0,1.0,1.0,1.0,1.0,1.0,1.0,1.0,1.0,1.0,1.0,1.0,1.0,1,D3::D3-Q051,1.0
D3,D3-Q052,conditional_exception,normal,advanced,384,112,172032,3.2964799404144287,17.20905303955078,1.0,1.0,1.0,1.0,1.0,1.0,1.0,1.0,1.0,1.0,1.0,1.0,1.0,1.0,1.0,1.0,1,D3::D3-Q052,1.0
D3,D3-Q053,procedural,normal,advanced,384,112,172032,3.2964799404144287,32.079219818115234,1.0,1.0,1.0,1.0,1.0,1.0,1.0,1.0,1.0,1.0,1.0,1.0,1.0,1.2262943855309167,1.2262943855309167,1.0,2,D3::D3-Q053,1.0
D3,D3-Q054,conditional_exception,normal,advanced,384,112,172032,3.2964799404144287,14.165401458740234,1.0,1.0,1.0,1.0,1.0,1.0,1.0,1.0,1.0,1.0,1.0,1.0,1.0,1.0,1.0,1.0,1,D3::D3-Q054,1.0
D3,D3-Q055,exact_fact,normal,advanced,384,112,172032,3.2964799404144287,14.12820816040039,0.0,0.0,0.0,1.0,1.0,1.0,1.0,1.0,1.0,1.0,1.0,1.0,0.5,0.6309297535714575,0.6309297535714575,1.0,1,D3::D3-Q055,1.0
D3,D3-Q056,exact_fact,normal,advanced,384,112,172032,3.2964799404144287,14.128446578979492,1.0,1.0,1.0,1.0,1.0,1.0,1.0,1.0,1.0,1.0,1.0,1.0,1.0,1.0,1.0,1.0,1,D3::D3-Q056,1.0
D3,D3-Q057,exact_fact,normal,advanced,384,112,172032,3.2964799404144287,14.144182205200195,1.0,1.0,1.0,1.0,1.0,1.0,1.0,1.0,1.0,1.0,1.0,1.0,1.0,1.2262943855309167,1.2262943855309167,1.0,2,D3::D3-Q057,1.0
D3,D3-Q058,conditional_exception,normal,advanced,384,112,172032,3.2964799404144287,14.282464981079102,1.0,1.0,1.0,1.0,1.0,1.0,1.0,1.0,1.0,1.0,1.0,1.0,1.0,1.0,1.0,1.0,1,D3::D3-Q058,1.0
D3,D3-Q059,exact_fact,normal,advanced,384,112,172032,3.2964799404144287,13.953924179077148,1.0,1.0,1.0,1.0,1.0,1.0,1.0,1.0,1.0,1.0,1.0,1.0,1.0,1.0,1.0,1.0,1,D3::D3-Q059,1.0
D3,D3-Q060,negation,normal,advanced,384,112,172032,3.2964799404144287,13.669729232788086,0.0,0.0,0.0,1.0,1.0,1.0,1.0,1.0,1.0,1.0,1.0,1.0,0.5,0.6309297535714575,0.6309297535714575,1.0,1,D3::D3-Q060,1.0
D3,D3-Q061,exact_fact,normal,advanced,384,112,172032,3.2964799404144287,14.333009719848633,1.0,1.0,1.0,1.0,1.0,1.0,1.0,1.0,1.0,1.0,1.0,1.0,1.0,1.0,1.0,1.0,1,D3::D3-Q061,1.0
D3,D3-Q062,exact_fact,normal,advanced,384,112,172032,3.2964799404144287,13.714075088500977,1.0,1.0,1.0,1.0,1.0,1.0,1.0,1.0,1.0,1.0,1.0,1.0,1.0,1.0,1.0,1.0,1,D3::D3-Q062,1.0
D3,D3-Q063,procedural,normal,advanced,384,112,172032,3.2964799404144287,13.80610466003418,1.0,1.0,1.0,1.0,1.0,1.0,1.0,1.0,1.0,1.0,1.0,1.0,1.0,1.0,1.0,1.0,1,D3::D3-Q063,1.0
D3,D3-Q064,conditional_exception,normal,advanced,384,112,172032,3.2964799404144287,14.226198196411133,0.0,0.0,0.0,0.0,0.0,0.0,0.0,0.0,0.0,0.0,0.0,0.0,0.0,0.0,0.0,0.0,0,D3::D3-Q064,0.0
D3,D3-Q065,procedural,normal,advanced,384,112,172032,3.2964799404144287,15.59758186340332,1.0,1.0,1.0,1.0,1.0,1.0,1.0,1.0,1.0,1.0,1.0,1.0,1.0,1.0,1.0,1.0,1,D3::D3-Q065,1.0
D3,D3-Q066,conditional_exception,normal,advanced,384,112,172032,3.2964799404144287,14.613151550292969,1.0,1.0,1.0,1.0,1.0,1.0,1.0,1.0,1.0,1.0,1.0,1.0,1.0,1.0,1.0,1.0,1,D3::D3-Q066,1.0
D3,D3-Q067,exact_fact,normal,advanced,384,112,172032,3.2964799404144287,14.372587203979492,0.0,0.0,0.0,1.0,1.0,1.0,1.0,1.0,1.0,1.0,1.0,1.0,0.5,0.6309297535714575,0.6309297535714575,1.0,1,D3::D3-Q067,1.0
D3,D3-Q068,conditional_exception,normal,advanced,384,112,172032,3.2964799404144287,14.637470245361328,1.0,1.0,1.0,1.0,1.0,1.0,1.0,1.0,1.0,1.0,1.0,1.0,1.0,1.0,1.0,1.0,1,D3::D3-Q068,1.0
D3,D3-Q069,negation,normal,advanced,384,112,172032,3.2964799404144287,14.211893081665039,1.0,1.0,1.0,1.0,1.0,1.0,1.0,1.0,1.0,1.0,1.0,1.0,1.0,1.0,1.0,1.0,1,D3::D3-Q069,1.0
D3,D3-Q070,procedural,normal,advanced,384,112,172032,3.2964799404144287,14.438152313232422,0.0,0.0,0.0,1.0,1.0,1.0,1.0,1.0,1.0,1.0,1.0,1.0,0.3333333333333333,0.5,0.5,1.0,1,D3::D3-Q070,1.0
D3,D3-Q071,exact_fact,normal,advanced,384,112,172032,3.2964799404144287,14.225482940673828,0.0,0.0,0.0,1.0,1.0,1.0,1.0,1.0,1.0,1.0,1.0,1.0,0.5,0.6309297535714575,0.6309297535714575,1.0,1,D3::D3-Q071,1.0
D3,D3-Q072,procedural,normal,advanced,384,112,172032,3.2964799404144287,14.143228530883789,0.0,0.0,0.0,0.0,0.0,0.0,0.0,0.0,0.0,1.0,1.0,1.0,0.16666666666666666,0.0,0.3562071871080222,1.0,1,D3::D3-Q072,1.0
D3,D3-Q073,list_membership,normal,advanced,384,112,172032,3.2964799404144287,14.025449752807617,0.0,0.0,0.0,0.0,0.0,0.0,0.0,0.0,0.0,0.0,0.0,0.0,0.0,0.0,0.0,0.0,0,D3::D3-Q073,0.0
D3,D3-Q074,exact_fact,normal,advanced,384,112,172032,3.2964799404144287,14.016866683959961,1.0,1.0,1.0,1.0,1.0,1.0,1.0,1.0,1.0,1.0,1.0,1.0,1.0,1.0,1.0,1.0,1,D3::D3-Q074,1.0
D3,D3-Q075,exact_fact,normal,advanced,384,112,172032,3.2964799404144287,17.17519760131836,0.0,0.0,0.0,0.0,0.0,0.0,0.0,0.0,0.0,1.0,1.0,1.0,0.125,0.0,0.31546487678572877,1.0,1,D3::D3-Q075,1.0
D3,D3-Q076,list_membership,normal,advanced,384,112,172032,3.2964799404144287,18.165111541748047,0.0,0.0,0.0,0.0,0.0,0.0,1.0,1.0,1.0,1.0,1.0,1.0,0.25,0.43067655807339306,0.43067655807339306,1.0,1,D3::D3-Q076,1.0
D3,D3-Q077,procedural,normal,advanced,384,112,172032,3.2964799404144287,16.83497428894043,1.0,1.0,1.0,1.0,1.0,1.0,1.0,1.0,1.0,1.0,1.0,1.0,1.0,1.2262943855309167,1.2262943855309167,1.0,2,D3::D3-Q077,1.0
D3,D3-Q078,numerical,normal,advanced,384,112,172032,3.2964799404144287,14.236927032470703,0.0,0.0,0.0,0.0,0.0,0.0,1.0,1.0,1.0,1.0,1.0,1.0,0.2,0.38685280723454163,0.38685280723454163,1.0,1,D3::D3-Q078,1.0
D3,D3-Q079,procedural,normal,advanced,384,112,172032,3.2964799404144287,14.021873474121094,0.0,0.0,0.0,1.0,1.0,1.0,1.0,1.0,1.0,1.0,1.0,1.0,0.5,0.7737056144690833,0.7737056144690833,1.0,2,D3::D3-Q079,1.0
D3,D3-Q080,conditional_exception,normal,advanced,384,112,172032,3.2964799404144287,14.058351516723633,0.1111111111111111,1.0,0.0,0.5555555555555556,1.0,0.0,0.5555555555555556,1.0,0.0,0.5555555555555556,1.0,0.0,1.0,1.0174806158208483,0.7051366482434561,0.5555555555555556,5,D3::D3-Q080,0.5555555555555556
D3,D3-Q081,exact_fact,normal,advanced,384,112,172032,3.2964799404144287,14.499425888061523,0.0,0.0,0.0,1.0,1.0,1.0,1.0,1.0,1.0,1.0,1.0,1.0,0.5,0.6309297535714575,0.6309297535714575,1.0,1,D3::D3-Q081,1.0
D3,D3-Q082,negative_query,normal,advanced,384,112,172032,3.2964799404144287,14.13273811340332,0.0,0.0,0.0,0.0,0.0,0.0,0.0,0.0,0.0,0.0,0.0,0.0,0.0,0.0,0.0,0.0,0,D3::D3-Q082,0.0
D3,D3-Q083,exact_fact,normal,advanced,384,112,172032,3.2964799404144287,15.306472778320312,1.0,1.0,1.0,1.0,1.0,1.0,1.0,1.0,1.0,1.0,1.0,1.0,1.0,1.0,1.0,1.0,1,D3::D3-Q083,1.0
D3,D3-Q084,exact_fact,normal,advanced,384,112,172032,3.2964799404144287,15.064239501953125,1.0,1.0,1.0,1.0,1.0,1.0,1.0,1.0,1.0,1.0,1.0,1.0,1.0,1.0,1.0,1.0,1,D3::D3-Q084,1.0
D3,D3-Q085,list_membership,normal,advanced,384,112,172032,3.2964799404144287,14.892816543579102,0.0,0.0,0.0,0.2857142857142857,1.0,0.0,0.2857142857142857,1.0,0.0,0.2857142857142857,1.0,0.0,0.3333333333333333,0.3391602052736161,0.27487633291429087,0.2857142857142857,2,D3::D3-Q085,0.2857142857142857
D3,D3-Q086,negation,normal,advanced,384,112,172032,3.2964799404144287,15.485763549804688,1.0,1.0,1.0,1.0,1.0,1.0,1.0,1.0,1.0,1.0,1.0,1.0,1.0,1.0,1.0,1.0,1,D3::D3-Q086,1.0
D3,D3-Q087,conditional_exception,normal,advanced,384,112,172032,3.2964799404144287,14.86659049987793,0.0,0.0,0.0,0.0,0.0,0.0,0.0,0.0,0.0,1.0,1.0,1.0,0.1,0.0,0.2890648263178879,1.0,1,D3::D3-Q087,1.0
D3,D3-Q088,exact_fact,normal,advanced,384,112,172032,3.2964799404144287,14.124393463134766,1.0,1.0,1.0,1.0,1.0,1.0,1.0,1.0,1.0,1.0,1.0,1.0,1.0,1.0,1.0,1.0,1,D3::D3-Q088,1.0
D3,D3-Q089,exact_fact,normal,advanced,384,112,172032,3.2964799404144287,14.05024528503418,1.0,1.0,1.0,1.0,1.0,1.0,1.0,1.0,1.0,1.0,1.0,1.0,1.0,1.0,1.0,1.0,1,D3::D3-Q089,1.0
D3,D3-Q090,procedural,normal,advanced,384,112,172032,3.2964799404144287,13.993978500366211,0.0,0.0,0.0,1.0,1.0,1.0,1.0,1.0,1.0,1.0,1.0,1.0,0.5,0.6309297535714575,0.6309297535714575,1.0,1,D3::D3-Q090,1.0
D3,D3-Q091,list_membership,normal,advanced,384,112,172032,3.2964799404144287,14.005184173583984,0.0,0.0,0.0,0.5,1.0,0.0,0.5,1.0,0.0,0.5,1.0,0.0,0.3333333333333333,0.5087403079104241,0.4539036202482202,0.5,3,D3::D3-Q091,0.5
D3,D3-Q092,conditional_exception,normal,advanced,384,112,172032,3.2964799404144287,14.099836349487305,1.0,1.0,1.0,1.0,1.0,1.0,1.0,1.0,1.0,1.0,1.0,1.0,1.0,1.0,1.0,1.0,1,D3::D3-Q092,1.0
D3,D3-Q093,exact_fact,normal,advanced,384,112,172032,3.2964799404144287,14.615774154663086,0.0,0.0,0.0,1.0,1.0,1.0,1.0,1.0,1.0,1.0,1.0,1.0,0.5,0.6309297535714575,0.6309297535714575,1.0,1,D3::D3-Q093,1.0
D3,D3-Q094,procedural,normal,advanced,384,112,172032,3.2964799404144287,15.412092208862305,0.0,0.0,0.0,1.0,1.0,1.0,1.0,1.0,1.0,1.0,1.0,1.0,0.3333333333333333,0.5,0.5,1.0,1,D3::D3-Q094,1.0
D3,D3-Q095,negation,normal,advanced,384,112,172032,3.2964799404144287,14.286994934082031,0.0,0.0,0.0,1.0,1.0,1.0,1.0,1.0,1.0,1.0,1.0,1.0,0.5,0.7737056144690833,0.7737056144690833,1.0,2,D3::D3-Q095,1.0
D3,D3-Q096,numerical,normal,advanced,384,112,172032,3.2964799404144287,14.281272888183594,1.0,1.0,1.0,1.0,1.0,1.0,1.0,1.0,1.0,1.0,1.0,1.0,1.0,1.0,1.0,1.0,1,D3::D3-Q096,1.0
D3,D3-Q097,numerical,normal,advanced,384,112,172032,3.2964799404144287,14.241933822631836,1.0,1.0,1.0,1.0,1.0,1.0,1.0,1.0,1.0,1.0,1.0,1.0,1.0,1.0,1.0,1.0,1,D3::D3-Q097,1.0
D3,D3-Q098,negation,normal,advanced,384,112,172032,3.2964799404144287,14.567852020263672,1.0,1.0,1.0,1.0,1.0,1.0,1.0,1.0,1.0,1.0,1.0,1.0,1.0,1.0,1.0,1.0,1,D3::D3-Q098,1.0
D3,D3-Q099,exact_fact,normal,advanced,384,112,172032,3.2964799404144287,15.316009521484375,1.0,1.0,1.0,1.0,1.0,1.0,1.0,1.0,1.0,1.0,1.0,1.0,1.0,1.0,1.0,1.0,1,D3::D3-Q099,1.0
D3,D3-Q100,exact_fact,normal,advanced,384,112,172032,3.2964799404144287,13.540029525756836,1.0,1.0,1.0,1.0,1.0,1.0,1.0,1.0,1.0,1.0,1.0,1.0,1.0,1.0,1.0,1.0,1,D3::D3-Q100,1.0
D3,D3-Q101,conditional_exception,normal,advanced,384,112,172032,3.2964799404144287,14.326810836791992,1.0,1.0,1.0,1.0,1.0,1.0,1.0,1.0,1.0,1.0,1.0,1.0,1.0,1.0,1.0,1.0,1,D3::D3-Q101,1.0
D3,D3-Q102,exact_fact,normal,advanced,384,112,172032,3.2964799404144287,13.511896133422852,1.0,1.0,1.0,1.0,1.0,1.0,1.0,1.0,1.0,1.0,1.0,1.0,1.0,1.0,1.0,1.0,1,D3::D3-Q102,1.0
D3,D3-Q103,exact_fact,normal,advanced,384,112,172032,3.2964799404144287,14.114141464233398,1.0,1.0,1.0,1.0,1.0,1.0,1.0,1.0,1.0,1.0,1.0,1.0,1.0,1.0,1.0,1.0,1,D3::D3-Q103,1.0
D3,D3-Q104,temporal,normal,advanced,384,112,172032,3.2964799404144287,14.75977897644043,0.0,0.0,0.0,1.0,1.0,1.0,1.0,1.0,1.0,1.0,1.0,1.0,0.3333333333333333,0.5,0.5,1.0,1,D3::D3-Q104,1.0
D3,D3-Q105,exact_fact,normal,advanced,384,112,172032,3.2964799404144287,14.755487442016602,0.0,0.0,0.0,0.0,0.0,0.0,1.0,1.0,1.0,1.0,1.0,1.0,0.25,0.43067655807339306,0.43067655807339306,1.0,1,D3::D3-Q105,1.0
D3,D3-Q106,numerical,normal,advanced,384,112,172032,3.2964799404144287,15.048980712890625,1.0,1.0,1.0,1.0,1.0,1.0,1.0,1.0,1.0,1.0,1.0,1.0,1.0,1.0,1.0,1.0,1,D3::D3-Q106,1.0
D3,D3-Q107,conditional_exception,normal,advanced,384,112,172032,3.2964799404144287,14.16325569152832,0.0,0.0,0.0,1.0,1.0,1.0,1.0,1.0,1.0,1.0,1.0,1.0,0.3333333333333333,0.5,0.5,1.0,1,D3::D3-Q107,1.0
D3,D3-Q108,conditional_exception,normal,advanced,384,112,172032,3.2964799404144287,14.12510871887207,1.0,1.0,1.0,1.0,1.0,1.0,1.0,1.0,1.0,1.0,1.0,1.0,1.0,1.0,1.0,1.0,1,D3::D3-Q108,1.0
D3,D3-Q109,conditional_exception,normal,advanced,384,112,172032,3.2964799404144287,14.707565307617188,0.0,0.0,0.0,1.0,1.0,1.0,1.0,1.0,1.0,1.0,1.0,1.0,0.3333333333333333,0.5,0.5,1.0,1,D3::D3-Q109,1.0
D3,D3-Q110,exact_fact,normal,advanced,384,112,172032,3.2964799404144287,14.858007431030273,1.0,1.0,1.0,1.0,1.0,1.0,1.0,1.0,1.0,1.0,1.0,1.0,1.0,1.0,1.0,1.0,1,D3::D3-Q110,1.0
D3,D3-Q111,procedural,normal,advanced,384,112,172032,3.2964799404144287,13.735294342041016,0.0,0.0,0.0,1.0,1.0,1.0,1.0,1.0,1.0,1.0,1.0,1.0,0.3333333333333333,0.5,0.5,1.0,1,D3::D3-Q111,1.0
D3,D3-Q112,conditional_exception,normal,advanced,384,112,172032,3.2964799404144287,15.24662971496582,0.0,0.0,0.0,1.0,1.0,1.0,1.0,1.0,1.0,1.0,1.0,1.0,0.5,0.6309297535714575,0.6309297535714575,1.0,1,D3::D3-Q112,1.0
D3,D3-Q113,conditional_exception,normal,advanced,384,112,172032,3.2964799404144287,14.288663864135742,1.0,1.0,1.0,1.0,1.0,1.0,1.0,1.0,1.0,1.0,1.0,1.0,1.0,1.0,1.0,1.0,1,D3::D3-Q113,1.0
D3,D3-Q114,negation,normal,advanced,384,112,172032,3.2964799404144287,20.331621170043945,1.0,1.0,1.0,1.0,1.0,1.0,1.0,1.0,1.0,1.0,1.0,1.0,1.0,1.0,1.0,1.0,1,D3::D3-Q114,1.0
D3,D3-Q115,numerical,normal,advanced,384,112,172032,3.2964799404144287,21.159887313842773,1.0,1.0,1.0,1.0,1.0,1.0,1.0,1.0,1.0,1.0,1.0,1.0,1.0,1.0,1.0,1.0,1,D3::D3-Q115,1.0
D3,D3-Q116,exact_fact,normal,advanced,384,112,172032,3.2964799404144287,14.348506927490234,1.0,1.0,1.0,1.0,1.0,1.0,1.0,1.0,1.0,1.0,1.0,1.0,1.0,1.0,1.0,1.0,1,D3::D3-Q116,1.0
D3,D3-Q117,numerical,normal,advanced,384,112,172032,3.2964799404144287,14.177083969116211,0.5,1.0,0.0,0.5,1.0,0.0,0.5,1.0,0.0,1.0,1.0,1.0,1.0,0.7807600999842034,1.0064503826820739,1.0,4,D3::D3-Q117,1.0
D3,D3-Q118,numerical,normal,advanced,384,112,172032,3.2964799404144287,13.933897018432617,1.0,1.0,1.0,1.0,1.0,1.0,1.0,1.0,1.0,1.0,1.0,1.0,1.0,1.0,1.0,1.0,1,D3::D3-Q118,1.0
D3,D3-Q119,negation,normal,advanced,384,112,172032,3.2964799404144287,14.316320419311523,0.0,0.0,0.0,1.0,1.0,1.0,1.0,1.0,1.0,1.0,1.0,1.0,0.3333333333333333,0.5,0.5,1.0,1,D3::D3-Q119,1.0
D3,D3-Q120,numerical,normal,advanced,384,112,172032,3.2964799404144287,14.550209045410156,1.0,1.0,1.0,1.0,1.0,1.0,1.0,1.0,1.0,1.0,1.0,1.0,1.0,1.0,1.0,1.0,1,D3::D3-Q120,1.0
D3,D3-Q121,numerical,normal,advanced,384,112,172032,3.2964799404144287,14.22882080078125,1.0,1.0,1.0,1.0,1.0,1.0,1.0,1.0,1.0,1.0,1.0,1.0,1.0,1.0,1.0,1.0,1,D3::D3-Q121,1.0
D3,D3-Q122,numerical,normal,advanced,384,112,172032,3.2964799404144287,14.606714248657227,1.0,1.0,1.0,1.0,1.0,1.0,1.0,1.0,1.0,1.0,1.0,1.0,1.0,1.0,1.0,1.0,1,D3::D3-Q122,1.0
D3,D3-Q123,numerical,normal,advanced,384,112,172032,3.2964799404144287,16.323566436767578,0.0,0.0,0.0,1.0,1.0,1.0,1.0,1.0,1.0,1.0,1.0,1.0,0.5,0.6309297535714575,0.6309297535714575,1.0,1,D3::D3-Q123,1.0
D3,D3-Q124,numerical,normal,advanced,384,112,172032,3.2964799404144287,14.973640441894531,0.0,0.0,0.0,1.0,1.0,1.0,1.0,1.0,1.0,1.0,1.0,1.0,0.3333333333333333,0.5,0.5,1.0,1,D3::D3-Q124,1.0
D3,D3-Q125,numerical,normal,advanced,384,112,172032,3.2964799404144287,15.475988388061523,0.0,0.0,0.0,0.0,0.0,0.0,1.0,1.0,1.0,1.0,1.0,1.0,0.25,0.43067655807339306,0.43067655807339306,1.0,1,D3::D3-Q125,1.0
D3,D3-Q126,numerical,normal,advanced,384,112,172032,3.2964799404144287,14.689445495605469,1.0,1.0,1.0,1.0,1.0,1.0,1.0,1.0,1.0,1.0,1.0,1.0,1.0,1.0,1.0,1.0,1,D3::D3-Q126,1.0
D3,D3-Q127,numerical,normal,advanced,384,112,172032,3.2964799404144287,15.84482192993164,1.0,1.0,1.0,1.0,1.0,1.0,1.0,1.0,1.0,1.0,1.0,1.0,1.0,1.0,1.0,1.0,1,D3::D3-Q127,1.0
D3,D3-Q128,exact_fact,normal,advanced,384,112,172032,3.2964799404144287,15.251398086547852,1.0,1.0,1.0,1.0,1.0,1.0,1.0,1.0,1.0,1.0,1.0,1.0,1.0,1.0,1.0,1.0,1,D3::D3-Q128,1.0
D3,D3-Q129,numerical,normal,advanced,384,112,172032,3.2964799404144287,14.812946319580078,0.0,0.0,0.0,0.0,0.0,0.0,1.0,1.0,1.0,1.0,1.0,1.0,0.2,0.38685280723454163,0.38685280723454163,1.0,1,D3::D3-Q129,1.0
D3,D3-Q130,numerical,normal,advanced,384,112,172032,3.2964799404144287,14.026641845703125,1.0,1.0,1.0,1.0,1.0,1.0,1.0,1.0,1.0,1.0,1.0,1.0,1.0,1.0,1.0,1.0,1,D3::D3-Q130,1.0
D3,D3-Q131,procedural,normal,advanced,384,112,172032,3.2964799404144287,15.163660049438477,1.0,1.0,1.0,1.0,1.0,1.0,1.0,1.0,1.0,1.0,1.0,1.0,1.0,1.0,1.0,1.0,1,D3::D3-Q131,1.0
D3,D3-Q132,conditional_exception,normal,advanced,384,112,172032,3.2964799404144287,14.312982559204102,0.0,0.0,0.0,1.0,1.0,1.0,1.0,1.0,1.0,1.0,1.0,1.0,0.5,0.7737056144690833,0.7737056144690833,1.0,2,D3::D3-Q132,1.0
D3,D3-Q133,conditional_exception,normal,advanced,384,112,172032,3.2964799404144287,13.975143432617188,0.0,0.0,0.0,1.0,1.0,1.0,1.0,1.0,1.0,1.0,1.0,1.0,0.5,0.7737056144690833,0.7737056144690833,1.0,2,D3::D3-Q133,1.0
D3,D3-Q134,negation,normal,advanced,384,112,172032,3.2964799404144287,13.976573944091797,0.0,0.0,0.0,0.0,0.0,0.0,0.0,0.0,0.0,0.0,0.0,0.0,0.0,0.0,0.0,0.0,0,D3::D3-Q134,0.0
D3,D3-Q135,numerical,normal,advanced,384,112,172032,3.2964799404144287,16.61992073059082,0.0,0.0,0.0,1.0,1.0,1.0,1.0,1.0,1.0,1.0,1.0,1.0,0.5,0.6309297535714575,0.6309297535714575,1.0,1,D3::D3-Q135,1.0
D3,D3-Q136,numerical,normal,advanced,384,112,172032,3.2964799404144287,15.390872955322266,1.0,1.0,1.0,1.0,1.0,1.0,1.0,1.0,1.0,1.0,1.0,1.0,1.0,1.0,1.0,1.0,1,D3::D3-Q136,1.0
D3,D3-Q137,exact_fact,normal,advanced,384,112,172032,3.2964799404144287,14.378786087036133,1.0,1.0,1.0,1.0,1.0,1.0,1.0,1.0,1.0,1.0,1.0,1.0,1.0,1.0,1.0,1.0,1,D3::D3-Q137,1.0
D3,D3-Q138,procedural,normal,advanced,384,112,172032,3.2964799404144287,15.420675277709961,0.0,0.0,0.0,0.0,0.0,0.0,0.0,0.0,0.0,0.0,0.0,0.0,0.0,0.0,0.0,0.0,0,D3::D3-Q138,0.0
D3,D3-Q139,list_membership,normal,advanced,384,112,172032,3.2964799404144287,14.544248580932617,1.0,1.0,1.0,1.0,1.0,1.0,1.0,1.0,1.0,1.0,1.0,1.0,1.0,1.5615201999684067,1.5615201999684067,1.0,4,D3::D3-Q139,1.0
D3,D3-Q140,negation,normal,advanced,384,112,172032,3.2964799404144287,14.090299606323242,1.0,1.0,1.0,1.0,1.0,1.0,1.0,1.0,1.0,1.0,1.0,1.0,1.0,1.0,1.0,1.0,1,D3::D3-Q140,1.0
D3,D3-Q141,exact_fact,normal,advanced,384,112,172032,3.2964799404144287,15.374898910522461,1.0,1.0,1.0,1.0,1.0,1.0,1.0,1.0,1.0,1.0,1.0,1.0,1.0,1.0,1.0,1.0,1,D3::D3-Q141,1.0
D3,D3-Q142,conditional_exception,normal,advanced,384,112,172032,3.2964799404144287,13.992547988891602,1.0,1.0,1.0,1.0,1.0,1.0,1.0,1.0,1.0,1.0,1.0,1.0,1.0,1.0,1.0,1.0,1,D3::D3-Q142,1.0
D3,D3-Q143,exact_fact,normal,advanced,384,112,172032,3.2964799404144287,18.518447875976562,1.0,1.0,1.0,1.0,1.0,1.0,1.0,1.0,1.0,1.0,1.0,1.0,1.0,1.0,1.0,1.0,1,D3::D3-Q143,1.0
D3,D3-Q144,negation,normal,advanced,384,112,172032,3.2964799404144287,16.499996185302734,1.0,1.0,1.0,1.0,1.0,1.0,1.0,1.0,1.0,1.0,1.0,1.0,1.0,1.2262943855309167,1.2262943855309167,1.0,2,D3::D3-Q144,1.0
D3,D3-Q145,conditional_exception,normal,advanced,384,112,172032,3.2964799404144287,13.645648956298828,0.0,0.0,0.0,1.0,1.0,1.0,1.0,1.0,1.0,1.0,1.0,1.0,0.5,0.6309297535714575,0.6309297535714575,1.0,1,D3::D3-Q145,1.0
D3,D3-Q146,conditional_exception,normal,advanced,384,112,172032,3.2964799404144287,14.193296432495117,1.0,1.0,1.0,1.0,1.0,1.0,1.0,1.0,1.0,1.0,1.0,1.0,1.0,1.0,1.0,1.0,1,D3::D3-Q146,1.0
D3,D3-Q147,conditional_exception,normal,advanced,384,112,172032,3.2964799404144287,16.4034366607666,0.0,0.0,0.0,1.0,1.0,1.0,1.0,1.0,1.0,1.0,1.0,1.0,0.5,0.6309297535714575,0.6309297535714575,1.0,1,D3::D3-Q147,1.0
D3,D3-Q148,exact_fact,normal,advanced,384,112,172032,3.2964799404144287,14.669179916381836,1.0,1.0,1.0,1.0,1.0,1.0,1.0,1.0,1.0,1.0,1.0,1.0,1.0,1.0,1.0,1.0,1,D3::D3-Q148,1.0
D3,D3-Q149,temporal,normal,advanced,384,112,172032,3.2964799404144287,13.997077941894531,1.0,1.0,1.0,1.0,1.0,1.0,1.0,1.0,1.0,1.0,1.0,1.0,1.0,1.0,1.0,1.0,1,D3::D3-Q149,1.0
D3,D3-Q150,exact_fact,normal,advanced,384,112,172032,3.2964799404144287,13.914823532104492,1.0,1.0,1.0,1.0,1.0,1.0,1.0,1.0,1.0,1.0,1.0,1.0,1.0,1.0,1.0,1.0,1,D3::D3-Q150,1.0
D3,D3-Q151,conditional_exception,normal,advanced,384,112,172032,3.2964799404144287,15.060186386108398,0.0,0.0,0.0,1.0,1.0,1.0,1.0,1.0,1.0,1.0,1.0,1.0,0.5,0.6309297535714575,0.6309297535714575,1.0,1,D3::D3-Q151,1.0
D3,D3-Q152,exact_fact,normal,advanced,384,112,172032,3.2964799404144287,14.042377471923828,1.0,1.0,1.0,1.0,1.0,1.0,1.0,1.0,1.0,1.0,1.0,1.0,1.0,1.0,1.0,1.0,1,D3::D3-Q152,1.0
D3,D3-Q153,exact_fact,normal,advanced,384,112,172032,3.2964799404144287,14.458894729614258,0.0,0.0,0.0,1.0,1.0,1.0,1.0,1.0,1.0,1.0,1.0,1.0,0.5,0.6309297535714575,0.6309297535714575,1.0,1,D3::D3-Q153,1.0
D3,D3-Q154,list_membership,normal,advanced,384,112,172032,3.2964799404144287,15.944719314575195,1.0,1.0,1.0,1.0,1.0,1.0,1.0,1.0,1.0,1.0,1.0,1.0,1.0,1.2262943855309167,1.2262943855309167,1.0,2,D3::D3-Q154,1.0
D3,D3-Q155,negation,normal,advanced,384,112,172032,3.2964799404144287,14.306306838989258,1.0,1.0,1.0,1.0,1.0,1.0,1.0,1.0,1.0,1.0,1.0,1.0,1.0,1.0,1.0,1.0,1,D3::D3-Q155,1.0
D3,D3-Q156,conditional_exception,normal,advanced,384,112,172032,3.2964799404144287,14.153480529785156,0.0,0.0,0.0,1.0,1.0,1.0,1.0,1.0,1.0,1.0,1.0,1.0,0.5,0.6309297535714575,0.6309297535714575,1.0,1,D3::D3-Q156,1.0
D3,D3-Q157,exact_fact,normal,advanced,384,112,172032,3.2964799404144287,14.128684997558594,1.0,1.0,1.0,1.0,1.0,1.0,1.0,1.0,1.0,1.0,1.0,1.0,1.0,1.0,1.0,1.0,1,D3::D3-Q157,1.0
D3,D3-Q158,exact_fact,normal,advanced,384,112,172032,3.2964799404144287,13.981342315673828,1.0,1.0,1.0,1.0,1.0,1.0,1.0,1.0,1.0,1.0,1.0,1.0,1.0,1.0,1.0,1.0,1,D3::D3-Q158,1.0
D3,D3-Q159,procedural,normal,advanced,384,112,172032,3.2964799404144287,14.282703399658203,0.0,0.0,0.0,1.0,1.0,1.0,1.0,1.0,1.0,1.0,1.0,1.0,0.3333333333333333,0.5,0.5,1.0,1,D3::D3-Q159,1.0
D3,D3-Q160,temporal,normal,advanced,384,112,172032,3.2964799404144287,14.397621154785156,1.0,1.0,1.0,1.0,1.0,1.0,1.0,1.0,1.0,1.0,1.0,1.0,1.0,1.0,1.0,1.0,1,D3::D3-Q160,1.0
D3,D3-Q161,exact_fact,normal,advanced,384,112,172032,3.2964799404144287,15.10000228881836,1.0,1.0,1.0,1.0,1.0,1.0,1.0,1.0,1.0,1.0,1.0,1.0,1.0,1.0,1.0,1.0,1,D3::D3-Q161,1.0
D3,D3-Q162,exact_fact,normal,advanced,384,112,172032,3.2964799404144287,14.052867889404297,1.0,1.0,1.0,1.0,1.0,1.0,1.0,1.0,1.0,1.0,1.0,1.0,1.0,1.0,1.0,1.0,1,D3::D3-Q162,1.0
D3,D3-Q163,list_membership,normal,advanced,384,112,172032,3.2964799404144287,14.13869857788086,1.0,1.0,1.0,1.0,1.0,1.0,1.0,1.0,1.0,1.0,1.0,1.0,1.0,1.0,1.0,1.0,1,D3::D3-Q163,1.0
D3,D3-Q164,exact_fact,normal,advanced,384,112,172032,3.2964799404144287,21.48890495300293,1.0,1.0,1.0,1.0,1.0,1.0,1.0,1.0,1.0,1.0,1.0,1.0,1.0,1.0,1.0,1.0,1,D3::D3-Q164,1.0
D3,D3-Q165,negation,normal,advanced,384,112,172032,3.2964799404144287,21.065950393676758,0.0,0.0,0.0,0.0,0.0,0.0,0.0,0.0,0.0,0.0,0.0,0.0,0.0,0.0,0.0,0.0,0,D3::D3-Q165,0.0
D3,D3-Q166,list_membership,normal,advanced,384,112,172032,3.2964799404144287,14.428138732910156,0.0,0.0,0.0,0.0,0.0,0.0,1.0,1.0,1.0,1.0,1.0,1.0,0.2,0.38685280723454163,0.38685280723454163,1.0,1,D3::D3-Q166,1.0
D3,D3-Q167,exact_fact,normal,advanced,384,112,172032,3.2964799404144287,14.414310455322266,1.0,1.0,1.0,1.0,1.0,1.0,1.0,1.0,1.0,1.0,1.0,1.0,1.0,1.0,1.0,1.0,1,D3::D3-Q167,1.0
D3,D3-Q168,exact_fact,normal,advanced,384,112,172032,3.2964799404144287,14.577627182006836,0.0,0.0,0.0,1.0,1.0,1.0,1.0,1.0,1.0,1.0,1.0,1.0,0.5,0.6309297535714575,0.6309297535714575,1.0,1,D3::D3-Q168,1.0
D3,D3-Q169,conditional_exception,normal,advanced,384,112,172032,3.2964799404144287,13.776779174804688,1.0,1.0,1.0,1.0,1.0,1.0,1.0,1.0,1.0,1.0,1.0,1.0,1.0,1.0,1.0,1.0,1,D3::D3-Q169,1.0
D3,D3-Q170,conditional_exception,normal,advanced,384,112,172032,3.2964799404144287,14.885902404785156,0.0,0.0,0.0,1.0,1.0,1.0,1.0,1.0,1.0,1.0,1.0,1.0,0.5,0.6309297535714575,0.6309297535714575,1.0,1,D3::D3-Q170,1.0
D3,D3-Q171,conditional_exception,normal,advanced,384,112,172032,3.2964799404144287,14.466047286987305,1.0,1.0,1.0,1.0,1.0,1.0,1.0,1.0,1.0,1.0,1.0,1.0,1.0,1.0,1.0,1.0,1,D3::D3-Q171,1.0
D3,D3-Q172,conditional_exception,normal,advanced,384,112,172032,3.2964799404144287,14.199495315551758,0.0,0.0,0.0,1.0,1.0,1.0,1.0,1.0,1.0,1.0,1.0,1.0,0.3333333333333333,0.5,0.5,1.0,1,D3::D3-Q172,1.0
D3,D3-Q173,procedural,normal,advanced,384,112,172032,3.2964799404144287,14.243841171264648,1.0,1.0,1.0,1.0,1.0,1.0,1.0,1.0,1.0,1.0,1.0,1.0,1.0,1.0,1.0,1.0,1,D3::D3-Q173,1.0
D3,D3-Q174,conditional_exception,normal,advanced,384,112,172032,3.2964799404144287,14.023780822753906,1.0,1.0,1.0,1.0,1.0,1.0,1.0,1.0,1.0,1.0,1.0,1.0,1.0,1.0,1.0,1.0,1,D3::D3-Q174,1.0
D3,D3-Q175,conditional_exception,normal,advanced,384,112,172032,3.2964799404144287,14.219999313354492,1.0,1.0,1.0,1.0,1.0,1.0,1.0,1.0,1.0,1.0,1.0,1.0,1.0,1.0,1.0,1.0,1,D3::D3-Q175,1.0
D3,D3-Q176,procedural,normal,advanced,384,112,172032,3.2964799404144287,25.217533111572266,0.0,0.0,0.0,1.0,1.0,1.0,1.0,1.0,1.0,1.0,1.0,1.0,0.5,0.6309297535714575,0.6309297535714575,1.0,1,D3::D3-Q176,1.0
D3,D3-Q177,exact_fact,normal,advanced,384,112,172032,3.2964799404144287,16.95394515991211,0.0,0.0,0.0,1.0,1.0,1.0,1.0,1.0,1.0,1.0,1.0,1.0,0.5,0.6309297535714575,0.6309297535714575,1.0,1,D3::D3-Q177,1.0
D3,D3-Q178,procedural,normal,advanced,384,112,172032,3.2964799404144287,14.546632766723633,0.0,0.0,0.0,1.0,1.0,1.0,1.0,1.0,1.0,1.0,1.0,1.0,0.5,0.6309297535714575,0.6309297535714575,1.0,1,D3::D3-Q178,1.0
D3,D3-Q179,negation,normal,advanced,384,112,172032,3.2964799404144287,15.492916107177734,0.0,0.0,0.0,1.0,1.0,1.0,1.0,1.0,1.0,1.0,1.0,1.0,0.5,0.6309297535714575,0.6309297535714575,1.0,1,D3::D3-Q179,1.0
D3,D3-Q180,conditional_exception,normal,advanced,384,112,172032,3.2964799404144287,20.053625106811523,1.0,1.0,1.0,1.0,1.0,1.0,1.0,1.0,1.0,1.0,1.0,1.0,1.0,1.0,1.0,1.0,1,D3::D3-Q180,1.0
D3,D3-Q181,numerical,normal,advanced,384,112,172032,3.2964799404144287,15.351057052612305,0.0,0.0,0.0,0.0,0.0,0.0,0.0,0.0,0.0,0.0,0.0,0.0,0.0,0.0,0.0,0.0,0,D3::D3-Q181,0.0
D3,D3-Q182,temporal,normal,advanced,384,112,172032,3.2964799404144287,14.477729797363281,1.0,1.0,1.0,1.0,1.0,1.0,1.0,1.0,1.0,1.0,1.0,1.0,1.0,1.0,1.0,1.0,1,D3::D3-Q182,1.0
D3,D3-Q183,list_membership,normal,advanced,384,112,172032,3.2964799404144287,15.301704406738281,0.0,0.0,0.0,0.0,0.0,0.0,0.0,0.0,0.0,0.0,0.0,0.0,0.0,0.0,0.0,0.0,0,D3::D3-Q183,0.0
D3,D3-Q184,numerical,normal,advanced,384,112,172032,3.2964799404144287,15.470027923583984,0.0,0.0,0.0,1.0,1.0,1.0,1.0,1.0,1.0,1.0,1.0,1.0,0.5,0.6309297535714575,0.6309297535714575,1.0,1,D3::D3-Q184,1.0
D3,D3-Q185,numerical,normal,advanced,384,112,172032,3.2964799404144287,16.556978225708008,1.0,1.0,1.0,1.0,1.0,1.0,1.0,1.0,1.0,1.0,1.0,1.0,1.0,1.0,1.0,1.0,1,D3::D3-Q185,1.0
D3,D3-Q186,negation,normal,advanced,384,112,172032,3.2964799404144287,14.400005340576172,1.0,1.0,1.0,1.0,1.0,1.0,1.0,1.0,1.0,1.0,1.0,1.0,1.0,1.0,1.0,1.0,1,D3::D3-Q186,1.0
D3,D3-Q187,procedural,normal,advanced,384,112,172032,3.2964799404144287,15.458106994628906,1.0,1.0,1.0,1.0,1.0,1.0,1.0,1.0,1.0,1.0,1.0,1.0,1.0,1.0,1.0,1.0,1,D3::D3-Q187,1.0
D3,D3-Q188,conditional_exception,normal,advanced,384,112,172032,3.2964799404144287,13.605356216430664,0.0,0.0,0.0,0.0,0.0,0.0,0.0,0.0,0.0,0.0,0.0,0.0,0.0,0.0,0.0,0.0,0,D3::D3-Q188,0.0
D3,D3-Q189,exact_fact,normal,advanced,384,112,172032,3.2964799404144287,14.159917831420898,0.0,0.0,0.0,0.0,0.0,0.0,0.0,0.0,0.0,0.0,0.0,0.0,0.0,0.0,0.0,0.0,0,D3::D3-Q189,0.0
D3,D3-Q190,conditional_exception,normal,advanced,384,112,172032,3.2964799404144287,14.312744140625,1.0,1.0,1.0,1.0,1.0,1.0,1.0,1.0,1.0,1.0,1.0,1.0,1.0,1.0,1.0,1.0,1,D3::D3-Q190,1.0
D3,D3-Q191,list_membership,normal,advanced,384,112,172032,3.2964799404144287,14.017820358276367,1.0,1.0,1.0,1.0,1.0,1.0,1.0,1.0,1.0,1.0,1.0,1.0,1.0,1.0,1.0,1.0,1,D3::D3-Q191,1.0
D3,D3-Q192,numerical,normal,advanced,384,112,172032,3.2964799404144287,15.553951263427734,1.0,1.0,1.0,1.0,1.0,1.0,1.0,1.0,1.0,1.0,1.0,1.0,1.0,1.0,1.0,1.0,1,D3::D3-Q192,1.0
D3,D3-Q193,conditional_exception,normal,advanced,384,112,172032,3.2964799404144287,14.368295669555664,1.0,1.0,1.0,1.0,1.0,1.0,1.0,1.0,1.0,1.0,1.0,1.0,1.0,1.0,1.0,1.0,1,D3::D3-Q193,1.0
D3,D3-Q194,numerical,normal,advanced,384,112,172032,3.2964799404144287,17.424583435058594,1.0,1.0,1.0,1.0,1.0,1.0,1.0,1.0,1.0,1.0,1.0,1.0,1.0,1.0,1.0,1.0,1,D3::D3-Q194,1.0
D3,D3-Q195,exact_fact,normal,advanced,384,112,172032,3.2964799404144287,16.056060791015625,0.0,0.0,0.0,0.0,0.0,0.0,0.0,0.0,0.0,1.0,1.0,1.0,0.125,0.0,0.31546487678572877,1.0,1,D3::D3-Q195,1.0
D3,D3-Q196,exact_fact,normal,advanced,384,112,172032,3.2964799404144287,17.14777946472168,0.0,0.0,0.0,1.0,1.0,1.0,1.0,1.0,1.0,1.0,1.0,1.0,0.3333333333333333,0.5,0.5,1.0,1,D3::D3-Q196,1.0
D3,D3-Q197,conditional_exception,normal,advanced,384,112,172032,3.2964799404144287,14.909029006958008,0.0,0.0,0.0,0.0,0.0,0.0,0.0,0.0,0.0,1.0,1.0,1.0,0.1,0.0,0.2890648263178879,1.0,1,D3::D3-Q197,1.0
D3,D3-Q198,numerical,normal,advanced,384,112,172032,3.2964799404144287,14.093160629272461,1.0,1.0,1.0,1.0,1.0,1.0,1.0,1.0,1.0,1.0,1.0,1.0,1.0,1.0,1.0,1.0,1,D3::D3-Q198,1.0
D3,D3-Q199,numerical,normal,advanced,384,112,172032,3.2964799404144287,14.312028884887695,0.0,0.0,0.0,1.0,1.0,1.0,1.0,1.0,1.0,1.0,1.0,1.0,0.5,0.6309297535714575,0.6309297535714575,1.0,1,D3::D3-Q199,1.0
D3,D3-Q200,negation,normal,advanced,384,112,172032,3.2964799404144287,14.294147491455078,0.0,0.0,0.0,1.0,1.0,1.0,1.0,1.0,1.0,1.0,1.0,1.0,0.3333333333333333,0.5,0.5,1.0,1,D3::D3-Q200,1.0
D3,D3-Q001,exact_fact,normal,advanced,512,112,229376,3.2964799404144287,14.155387878417969,1.0,1.0,1.0,1.0,1.0,1.0,1.0,1.0,1.0,1.0,1.0,1.0,1.0,1.0,1.0,1.0,1,D3::D3-Q001,1.0
D3,D3-Q002,exact_fact,normal,advanced,512,112,229376,3.2964799404144287,14.601945877075195,1.0,1.0,1.0,1.0,1.0,1.0,1.0,1.0,1.0,1.0,1.0,1.0,1.0,1.0,1.0,1.0,1,D3::D3-Q002,1.0
D3,D3-Q003,negation,normal,advanced,512,112,229376,3.2964799404144287,15.68603515625,1.0,1.0,1.0,1.0,1.0,1.0,1.0,1.0,1.0,1.0,1.0,1.0,1.0,1.0,1.0,1.0,1,D3::D3-Q003,1.0
D3,D3-Q004,conditional_exception,normal,advanced,512,112,229376,3.2964799404144287,14.65606689453125,1.0,1.0,1.0,1.0,1.0,1.0,1.0,1.0,1.0,1.0,1.0,1.0,1.0,1.2262943855309167,1.2262943855309167,1.0,2,D3::D3-Q004,1.0
D3,D3-Q005,negative_query,normal,advanced,512,112,229376,3.2964799404144287,15.598058700561523,1.0,1.0,1.0,1.0,1.0,1.0,1.0,1.0,1.0,1.0,1.0,1.0,1.0,1.0,1.0,1.0,1,D3::D3-Q005,1.0
D3,D3-Q006,exact_fact,normal,advanced,512,112,229376,3.2964799404144287,16.7238712310791,1.0,1.0,1.0,1.0,1.0,1.0,1.0,1.0,1.0,1.0,1.0,1.0,1.0,1.0,1.0,1.0,1,D3::D3-Q006,1.0
D3,D3-Q007,exact_fact,normal,advanced,512,112,229376,3.2964799404144287,14.627695083618164,0.0,0.0,0.0,1.0,1.0,1.0,1.0,1.0,1.0,1.0,1.0,1.0,0.5,0.6309297535714575,0.6309297535714575,1.0,1,D3::D3-Q007,1.0
D3,D3-Q008,exact_fact,normal,advanced,512,112,229376,3.2964799404144287,13.98158073425293,0.0,0.0,0.0,0.0,0.0,0.0,0.0,0.0,0.0,1.0,1.0,1.0,0.125,0.0,0.31546487678572877,1.0,1,D3::D3-Q008,1.0
D3,D3-Q009,exact_fact,normal,advanced,512,112,229376,3.2964799404144287,13.949871063232422,0.0,0.0,0.0,0.0,0.0,0.0,0.0,0.0,0.0,0.0,0.0,0.0,0.0,0.0,0.0,0.0,0,D3::D3-Q009,0.0
D3,D3-Q010,exact_fact,normal,advanced,512,112,229376,3.2964799404144287,14.182329177856445,0.0,0.0,0.0,1.0,1.0,1.0,1.0,1.0,1.0,1.0,1.0,1.0,0.3333333333333333,0.5,0.5,1.0,1,D3::D3-Q010,1.0
D3,D3-Q011,exact_fact,normal,advanced,512,112,229376,3.2964799404144287,15.141963958740234,0.0,0.0,0.0,0.0,0.0,0.0,0.0,0.0,0.0,0.0,0.0,0.0,0.0,0.0,0.0,0.0,0,D3::D3-Q011,0.0
D3,D3-Q012,list_membership,normal,advanced,512,112,229376,3.2964799404144287,15.680551528930664,0.0,0.0,0.0,0.0,0.0,0.0,0.0,0.0,0.0,0.0,0.0,0.0,0.0,0.0,0.0,0.0,0,D3::D3-Q012,0.0
D3,D3-Q013,exact_fact,normal,advanced,512,112,229376,3.2964799404144287,15.873193740844727,0.0,0.0,0.0,0.0,0.0,0.0,0.0,0.0,0.0,0.0,0.0,0.0,0.0,0.0,0.0,0.0,0,D3::D3-Q013,0.0
D3,D3-Q014,exact_fact,normal,advanced,512,112,229376,3.2964799404144287,15.390872955322266,0.0,0.0,0.0,0.0,0.0,0.0,0.0,0.0,0.0,1.0,1.0,1.0,0.125,0.0,0.31546487678572877,1.0,1,D3::D3-Q014,1.0
D3,D3-Q015,exact_fact,normal,advanced,512,112,229376,3.2964799404144287,15.567541122436523,0.0,0.0,0.0,1.0,1.0,1.0,1.0,1.0,1.0,1.0,1.0,1.0,0.5,0.6309297535714575,0.6309297535714575,1.0,1,D3::D3-Q015,1.0
D3,D3-Q016,exact_fact,normal,advanced,512,112,229376,3.2964799404144287,14.559745788574219,0.0,0.0,0.0,0.0,0.0,0.0,0.0,0.0,0.0,0.0,0.0,0.0,0.0,0.0,0.0,0.0,0,D3::D3-Q016,0.0
D3,D3-Q017,exact_fact,normal,advanced,512,112,229376,3.2964799404144287,15.183448791503906,0.0,0.0,0.0,0.0,0.0,0.0,0.0,0.0,0.0,0.0,0.0,0.0,0.0,0.0,0.0,0.0,0,D3::D3-Q017,0.0
D3,D3-Q018,exact_fact,normal,advanced,512,112,229376,3.2964799404144287,14.73093032836914,0.0,0.0,0.0,0.0,0.0,0.0,0.0,0.0,0.0,1.0,1.0,1.0,0.14285714285714285,0.0,0.3333333333333333,1.0,1,D3::D3-Q018,1.0
D3,D3-Q019,exact_fact,normal,advanced,512,112,229376,3.2964799404144287,16.022920608520508,1.0,1.0,1.0,1.0,1.0,1.0,1.0,1.0,1.0,1.0,1.0,1.0,1.0,1.0,1.0,1.0,1,D3::D3-Q019,1.0
D3,D3-Q020,exact_fact,normal,advanced,512,112,229376,3.2964799404144287,15.64788818359375,1.0,1.0,1.0,1.0,1.0,1.0,1.0,1.0,1.0,1.0,1.0,1.0,1.0,1.0,1.0,1.0,1,D3::D3-Q020,1.0
D3,D3-Q021,exact_fact,normal,advanced,512,112,229376,3.2964799404144287,14.903545379638672,0.0,0.0,0.0,0.0,0.0,0.0,0.0,0.0,0.0,0.0,0.0,0.0,0.0,0.0,0.0,0.0,0,D3::D3-Q021,0.0
D3,D3-Q022,exact_fact,normal,advanced,512,112,229376,3.2964799404144287,14.33253288269043,1.0,1.0,1.0,1.0,1.0,1.0,1.0,1.0,1.0,1.0,1.0,1.0,1.0,1.0,1.0,1.0,1,D3::D3-Q022,1.0
D3,D3-Q023,exact_fact,normal,advanced,512,112,229376,3.2964799404144287,15.30909538269043,0.0,0.0,0.0,0.0,0.0,0.0,0.0,0.0,0.0,0.0,0.0,0.0,0.0,0.0,0.0,0.0,0,D3::D3-Q023,0.0
D3,D3-Q024,exact_fact,normal,advanced,512,112,229376,3.2964799404144287,14.763116836547852,0.0,0.0,0.0,0.0,0.0,0.0,0.0,0.0,0.0,0.0,0.0,0.0,0.0,0.0,0.0,0.0,0,D3::D3-Q024,0.0
D3,D3-Q025,exact_fact,normal,advanced,512,112,229376,3.2964799404144287,14.797449111938477,0.0,0.0,0.0,0.5,1.0,0.0,0.5,1.0,0.0,1.0,1.0,1.0,0.3333333333333333,0.3065735963827292,0.5249810332008933,1.0,2,D3::D3-Q025,1.0
D3,D3-Q026,exact_fact,normal,advanced,512,112,229376,3.2964799404144287,15.181541442871094,1.0,1.0,1.0,1.0,1.0,1.0,1.0,1.0,1.0,1.0,1.0,1.0,1.0,1.0,1.0,1.0,1,D3::D3-Q026,1.0
D3,D3-Q027,exact_fact,normal,advanced,512,112,229376,3.2964799404144287,14.540910720825195,1.0,1.0,1.0,1.0,1.0,1.0,1.0,1.0,1.0,1.0,1.0,1.0,1.0,1.4078361780682693,1.4078361780682693,1.0,3,D3::D3-Q027,1.0
D3,D3-Q028,exact_fact,normal,advanced,512,112,229376,3.2964799404144287,13.850212097167969,1.0,1.0,1.0,1.0,1.0,1.0,1.0,1.0,1.0,1.0,1.0,1.0,1.0,1.0,1.0,1.0,1,D3::D3-Q028,1.0
D3,D3-Q029,exact_fact,normal,advanced,512,112,229376,3.2964799404144287,14.101982116699219,0.0,0.0,0.0,1.0,1.0,1.0,1.0,1.0,1.0,1.0,1.0,1.0,0.5,0.8882457328975957,0.8882457328975957,1.0,3,D3::D3-Q029,1.0
D3,D3-Q030,exact_fact,normal,advanced,512,112,229376,3.2964799404144287,15.282630920410156,1.0,1.0,1.0,1.0,1.0,1.0,1.0,1.0,1.0,1.0,1.0,1.0,1.0,1.0,1.0,1.0,1,D3::D3-Q030,1.0
D3,D3-Q031,exact_fact,normal,advanced,512,112,229376,3.2964799404144287,14.647483825683594,1.0,1.0,1.0,1.0,1.0,1.0,1.0,1.0,1.0,1.0,1.0,1.0,1.0,1.0,1.0,1.0,1,D3::D3-Q031,1.0
D3,D3-Q032,exact_fact,normal,advanced,512,112,229376,3.2964799404144287,14.334678649902344,1.0,1.0,1.0,1.0,1.0,1.0,1.0,1.0,1.0,1.0,1.0,1.0,1.0,1.0,1.0,1.0,1,D3::D3-Q032,1.0
D3,D3-Q033,exact_fact,normal,advanced,512,112,229376,3.2964799404144287,14.270305633544922,1.0,1.0,1.0,1.0,1.0,1.0,1.0,1.0,1.0,1.0,1.0,1.0,1.0,1.0,1.0,1.0,1,D3::D3-Q033,1.0
D3,D3-Q034,exact_fact,normal,advanced,512,112,229376,3.2964799404144287,14.07313346862793,0.0,0.0,0.0,0.0,0.0,0.0,0.0,0.0,0.0,0.0,0.0,0.0,0.0,0.0,0.0,0.0,0,D3::D3-Q034,0.0
D3,D3-Q035,exact_fact,normal,advanced,512,112,229376,3.2964799404144287,14.126300811767578,1.0,1.0,1.0,1.0,1.0,1.0,1.0,1.0,1.0,1.0,1.0,1.0,1.0,1.0,1.0,1.0,1,D3::D3-Q035,1.0
D3,D3-Q036,exact_fact,normal,advanced,512,112,229376,3.2964799404144287,14.843940734863281,0.0,0.0,0.0,1.0,1.0,1.0,1.0,1.0,1.0,1.0,1.0,1.0,0.5,0.6309297535714575,0.6309297535714575,1.0,1,D3::D3-Q036,1.0
D3,D3-Q037,exact_fact,normal,advanced,512,112,229376,3.2964799404144287,21.358251571655273,0.0,0.0,0.0,0.0,0.0,0.0,0.0,0.0,0.0,0.0,0.0,0.0,0.0,0.0,0.0,0.0,0,D3::D3-Q037,0.0
D3,D3-Q038,exact_fact,normal,advanced,512,112,229376,3.2964799404144287,21.906614303588867,1.0,1.0,1.0,1.0,1.0,1.0,1.0,1.0,1.0,1.0,1.0,1.0,1.0,1.0,1.0,1.0,1,D3::D3-Q038,1.0
D3,D3-Q039,list_membership,normal,advanced,512,112,229376,3.2964799404144287,15.216827392578125,1.0,1.0,1.0,1.0,1.0,1.0,1.0,1.0,1.0,1.0,1.0,1.0,1.0,1.6958010263680805,1.6958010263680805,1.0,5,D3::D3-Q039,1.0
D3,D3-Q040,negation,normal,advanced,512,112,229376,3.2964799404144287,15.971660614013672,1.0,1.0,1.0,1.0,1.0,1.0,1.0,1.0,1.0,1.0,1.0,1.0,1.0,1.0,1.0,1.0,1,D3::D3-Q040,1.0
D3,D3-Q041,exact_fact,normal,advanced,512,112,229376,3.2964799404144287,14.037132263183594,1.0,1.0,1.0,1.0,1.0,1.0,1.0,1.0,1.0,1.0,1.0,1.0,1.0,1.0,1.0,1.0,1,D3::D3-Q041,1.0
D3,D3-Q042,conditional_exception,normal,advanced,512,112,229376,3.2964799404144287,14.599323272705078,1.0,1.0,1.0,1.0,1.0,1.0,1.0,1.0,1.0,1.0,1.0,1.0,1.0,1.4078361780682693,1.4078361780682693,1.0,3,D3::D3-Q042,1.0
D3,D3-Q043,list_membership,normal,advanced,512,112,229376,3.2964799404144287,16.834735870361328,1.0,1.0,1.0,1.0,1.0,1.0,1.0,1.0,1.0,1.0,1.0,1.0,1.0,1.0,1.0,1.0,1,D3::D3-Q043,1.0
D3,D3-Q044,temporal,normal,advanced,512,112,229376,3.2964799404144287,14.582395553588867,0.0,0.0,0.0,0.0,0.0,0.0,0.0,0.0,0.0,0.0,0.0,0.0,0.0,0.0,0.0,0.0,0,D3::D3-Q044,0.0
D3,D3-Q045,negation,normal,advanced,512,112,229376,3.2964799404144287,14.552593231201172,0.0,0.0,0.0,0.0,0.0,0.0,1.0,1.0,1.0,1.0,1.0,1.0,0.25,0.43067655807339306,0.43067655807339306,1.0,1,D3::D3-Q045,1.0
D3,D3-Q046,exact_fact,normal,advanced,512,112,229376,3.2964799404144287,15.857219696044922,1.0,1.0,1.0,1.0,1.0,1.0,1.0,1.0,1.0,1.0,1.0,1.0,1.0,1.0,1.0,1.0,1,D3::D3-Q046,1.0
D3,D3-Q047,numerical,normal,advanced,512,112,229376,3.2964799404144287,14.644622802734375,1.0,1.0,1.0,1.0,1.0,1.0,1.0,1.0,1.0,1.0,1.0,1.0,1.0,1.0,1.0,1.0,1,D3::D3-Q047,1.0
D3,D3-Q048,conditional_exception,normal,advanced,512,112,229376,3.2964799404144287,18.615245819091797,0.0,0.0,0.0,0.0,0.0,0.0,0.0,0.0,0.0,1.0,1.0,1.0,0.16666666666666666,0.0,0.3562071871080222,1.0,1,D3::D3-Q048,1.0
D3,D3-Q049,numerical,normal,advanced,512,112,229376,3.2964799404144287,28.71084213256836,0.0,0.0,0.0,0.0,0.0,0.0,0.0,0.0,0.0,0.0,0.0,0.0,0.0,0.0,0.0,0.0,0,D3::D3-Q049,0.0
D3,D3-Q050,procedural,normal,advanced,512,112,229376,3.2964799404144287,28.858423233032227,1.0,1.0,1.0,1.0,1.0,1.0,1.0,1.0,1.0,1.0,1.0,1.0,1.0,1.0,1.0,1.0,1,D3::D3-Q050,1.0
D3,D3-Q051,temporal,normal,advanced,512,112,229376,3.2964799404144287,28.635025024414062,1.0,1.0,1.0,1.0,1.0,1.0,1.0,1.0,1.0,1.0,1.0,1.0,1.0,1.0,1.0,1.0,1,D3::D3-Q051,1.0
D3,D3-Q052,conditional_exception,normal,advanced,512,112,229376,3.2964799404144287,26.893138885498047,1.0,1.0,1.0,1.0,1.0,1.0,1.0,1.0,1.0,1.0,1.0,1.0,1.0,1.0,1.0,1.0,1,D3::D3-Q052,1.0
D3,D3-Q053,procedural,normal,advanced,512,112,229376,3.2964799404144287,24.892091751098633,1.0,1.0,1.0,1.0,1.0,1.0,1.0,1.0,1.0,1.0,1.0,1.0,1.0,1.2262943855309167,1.2262943855309167,1.0,2,D3::D3-Q053,1.0
D3,D3-Q054,conditional_exception,normal,advanced,512,112,229376,3.2964799404144287,20.343542098999023,1.0,1.0,1.0,1.0,1.0,1.0,1.0,1.0,1.0,1.0,1.0,1.0,1.0,1.0,1.0,1.0,1,D3::D3-Q054,1.0
D3,D3-Q055,exact_fact,normal,advanced,512,112,229376,3.2964799404144287,22.9337215423584,0.0,0.0,0.0,1.0,1.0,1.0,1.0,1.0,1.0,1.0,1.0,1.0,0.5,0.6309297535714575,0.6309297535714575,1.0,1,D3::D3-Q055,1.0
D3,D3-Q056,exact_fact,normal,advanced,512,112,229376,3.2964799404144287,23.19192886352539,1.0,1.0,1.0,1.0,1.0,1.0,1.0,1.0,1.0,1.0,1.0,1.0,1.0,1.0,1.0,1.0,1,D3::D3-Q056,1.0
D3,D3-Q057,exact_fact,normal,advanced,512,112,229376,3.2964799404144287,24.326562881469727,1.0,1.0,1.0,1.0,1.0,1.0,1.0,1.0,1.0,1.0,1.0,1.0,1.0,1.2262943855309167,1.2262943855309167,1.0,2,D3::D3-Q057,1.0
D3,D3-Q058,conditional_exception,normal,advanced,512,112,229376,3.2964799404144287,20.787477493286133,1.0,1.0,1.0,1.0,1.0,1.0,1.0,1.0,1.0,1.0,1.0,1.0,1.0,1.0,1.0,1.0,1,D3::D3-Q058,1.0
D3,D3-Q059,exact_fact,normal,advanced,512,112,229376,3.2964799404144287,21.714448928833008,1.0,1.0,1.0,1.0,1.0,1.0,1.0,1.0,1.0,1.0,1.0,1.0,1.0,1.0,1.0,1.0,1,D3::D3-Q059,1.0
D3,D3-Q060,negation,normal,advanced,512,112,229376,3.2964799404144287,19.64426040649414,0.0,0.0,0.0,1.0,1.0,1.0,1.0,1.0,1.0,1.0,1.0,1.0,0.5,0.6309297535714575,0.6309297535714575,1.0,1,D3::D3-Q060,1.0
D3,D3-Q061,exact_fact,normal,advanced,512,112,229376,3.2964799404144287,24.187326431274414,1.0,1.0,1.0,1.0,1.0,1.0,1.0,1.0,1.0,1.0,1.0,1.0,1.0,1.0,1.0,1.0,1,D3::D3-Q061,1.0
D3,D3-Q062,exact_fact,normal,advanced,512,112,229376,3.2964799404144287,21.222591400146484,1.0,1.0,1.0,1.0,1.0,1.0,1.0,1.0,1.0,1.0,1.0,1.0,1.0,1.0,1.0,1.0,1,D3::D3-Q062,1.0
D3,D3-Q063,procedural,normal,advanced,512,112,229376,3.2964799404144287,18.36562156677246,0.0,0.0,0.0,0.0,0.0,0.0,1.0,1.0,1.0,1.0,1.0,1.0,0.25,0.43067655807339306,0.43067655807339306,1.0,1,D3::D3-Q063,1.0
D3,D3-Q064,conditional_exception,normal,advanced,512,112,229376,3.2964799404144287,18.950462341308594,0.0,0.0,0.0,0.0,0.0,0.0,0.0,0.0,0.0,0.0,0.0,0.0,0.0,0.0,0.0,0.0,0,D3::D3-Q064,0.0
D3,D3-Q065,procedural,normal,advanced,512,112,229376,3.2964799404144287,19.83356475830078,1.0,1.0,1.0,1.0,1.0,1.0,1.0,1.0,1.0,1.0,1.0,1.0,1.0,1.0,1.0,1.0,1,D3::D3-Q065,1.0
D3,D3-Q066,conditional_exception,normal,advanced,512,112,229376,3.2964799404144287,20.473241806030273,1.0,1.0,1.0,1.0,1.0,1.0,1.0,1.0,1.0,1.0,1.0,1.0,1.0,1.0,1.0,1.0,1,D3::D3-Q066,1.0
D3,D3-Q067,exact_fact,normal,advanced,512,112,229376,3.2964799404144287,22.15862274169922,1.0,1.0,1.0,1.0,1.0,1.0,1.0,1.0,1.0,1.0,1.0,1.0,1.0,1.0,1.0,1.0,1,D3::D3-Q067,1.0
D3,D3-Q068,conditional_exception,normal,advanced,512,112,229376,3.2964799404144287,20.566463470458984,1.0,1.0,1.0,1.0,1.0,1.0,1.0,1.0,1.0,1.0,1.0,1.0,1.0,1.0,1.0,1.0,1,D3::D3-Q068,1.0
D3,D3-Q069,negation,normal,advanced,512,112,229376,3.2964799404144287,20.648956298828125,1.0,1.0,1.0,1.0,1.0,1.0,1.0,1.0,1.0,1.0,1.0,1.0,1.0,1.0,1.0,1.0,1,D3::D3-Q069,1.0
D3,D3-Q070,procedural,normal,advanced,512,112,229376,3.2964799404144287,20.28512954711914,0.0,0.0,0.0,1.0,1.0,1.0,1.0,1.0,1.0,1.0,1.0,1.0,0.3333333333333333,0.5,0.5,1.0,1,D3::D3-Q070,1.0
D3,D3-Q071,exact_fact,normal,advanced,512,112,229376,3.2964799404144287,20.33853530883789,1.0,1.0,1.0,1.0,1.0,1.0,1.0,1.0,1.0,1.0,1.0,1.0,1.0,1.0,1.0,1.0,1,D3::D3-Q071,1.0
D3,D3-Q072,procedural,normal,advanced,512,112,229376,3.2964799404144287,20.77507972717285,0.0,0.0,0.0,0.0,0.0,0.0,1.0,1.0,1.0,1.0,1.0,1.0,0.25,0.43067655807339306,0.43067655807339306,1.0,1,D3::D3-Q072,1.0
D3,D3-Q073,list_membership,normal,advanced,512,112,229376,3.2964799404144287,20.623445510864258,0.0,0.0,0.0,0.0,0.0,0.0,0.0,0.0,0.0,0.0,0.0,0.0,0.0,0.0,0.0,0.0,0,D3::D3-Q073,0.0
D3,D3-Q074,exact_fact,normal,advanced,512,112,229376,3.2964799404144287,20.7977294921875,1.0,1.0,1.0,1.0,1.0,1.0,1.0,1.0,1.0,1.0,1.0,1.0,1.0,1.0,1.0,1.0,1,D3::D3-Q074,1.0
D3,D3-Q075,exact_fact,normal,advanced,512,112,229376,3.2964799404144287,21.603107452392578,0.0,0.0,0.0,0.0,0.0,0.0,1.0,1.0,1.0,1.0,1.0,1.0,0.2,0.38685280723454163,0.38685280723454163,1.0,1,D3::D3-Q075,1.0
D3,D3-Q076,list_membership,normal,advanced,512,112,229376,3.2964799404144287,21.541357040405273,0.0,0.0,0.0,0.0,0.0,0.0,1.0,1.0,1.0,1.0,1.0,1.0,0.2,0.38685280723454163,0.38685280723454163,1.0,1,D3::D3-Q076,1.0
D3,D3-Q077,procedural,normal,advanced,512,112,229376,3.2964799404144287,20.990848541259766,1.0,1.0,1.0,1.0,1.0,1.0,1.0,1.0,1.0,1.0,1.0,1.0,1.0,1.2262943855309167,1.2262943855309167,1.0,2,D3::D3-Q077,1.0
D3,D3-Q078,numerical,normal,advanced,512,112,229376,3.2964799404144287,20.37668228149414,0.0,0.0,0.0,0.0,0.0,0.0,1.0,1.0,1.0,1.0,1.0,1.0,0.2,0.38685280723454163,0.38685280723454163,1.0,1,D3::D3-Q078,1.0
D3,D3-Q079,procedural,normal,advanced,512,112,229376,3.2964799404144287,20.7669734954834,0.0,0.0,0.0,1.0,1.0,1.0,1.0,1.0,1.0,1.0,1.0,1.0,0.5,0.7737056144690833,0.7737056144690833,1.0,2,D3::D3-Q079,1.0
D3,D3-Q080,conditional_exception,normal,advanced,512,112,229376,3.2964799404144287,21.19755744934082,0.4444444444444444,1.0,0.0,0.5555555555555556,1.0,0.0,0.5555555555555556,1.0,0.0,0.5555555555555556,1.0,0.0,1.0,1.5706270858289921,1.0884794282280905,0.5555555555555556,5,D3::D3-Q080,0.5555555555555556
D3,D3-Q081,exact_fact,normal,advanced,512,112,229376,3.2964799404144287,29.053449630737305,1.0,1.0,1.0,1.0,1.0,1.0,1.0,1.0,1.0,1.0,1.0,1.0,1.0,1.0,1.0,1.0,1,D3::D3-Q081,1.0
D3,D3-Q082,negative_query,normal,advanced,512,112,229376,3.2964799404144287,25.621652603149414,0.0,0.0,0.0,0.0,0.0,0.0,0.0,0.0,0.0,0.0,0.0,0.0,0.0,0.0,0.0,0.0,0,D3::D3-Q082,0.0
D3,D3-Q083,exact_fact,normal,advanced,512,112,229376,3.2964799404144287,24.243831634521484,1.0,1.0,1.0,1.0,1.0,1.0,1.0,1.0,1.0,1.0,1.0,1.0,1.0,1.0,1.0,1.0,1,D3::D3-Q083,1.0
D3,D3-Q084,exact_fact,normal,advanced,512,112,229376,3.2964799404144287,22.442102432250977,1.0,1.0,1.0,1.0,1.0,1.0,1.0,1.0,1.0,1.0,1.0,1.0,1.0,1.0,1.0,1.0,1,D3::D3-Q084,1.0
D3,D3-Q085,list_membership,normal,advanced,512,112,229376,3.2964799404144287,24.231672286987305,0.0,0.0,0.0,0.2857142857142857,1.0,0.0,0.2857142857142857,1.0,0.0,0.2857142857142857,1.0,0.0,0.3333333333333333,0.3391602052736161,0.27487633291429087,0.2857142857142857,2,D3::D3-Q085,0.2857142857142857
D3,D3-Q086,negation,normal,advanced,512,112,229376,3.2964799404144287,23.32162857055664,0.0,0.0,0.0,1.0,1.0,1.0,1.0,1.0,1.0,1.0,1.0,1.0,0.5,0.6309297535714575,0.6309297535714575,1.0,1,D3::D3-Q086,1.0
D3,D3-Q087,conditional_exception,normal,advanced,512,112,229376,3.2964799404144287,19.15431022644043,0.0,0.0,0.0,0.0,0.0,0.0,0.0,0.0,0.0,0.0,0.0,0.0,0.0,0.0,0.0,0.0,0,D3::D3-Q087,0.0
D3,D3-Q088,exact_fact,normal,advanced,512,112,229376,3.2964799404144287,18.596649169921875,1.0,1.0,1.0,1.0,1.0,1.0,1.0,1.0,1.0,1.0,1.0,1.0,1.0,1.0,1.0,1.0,1,D3::D3-Q088,1.0
D3,D3-Q089,exact_fact,normal,advanced,512,112,229376,3.2964799404144287,19.100189208984375,1.0,1.0,1.0,1.0,1.0,1.0,1.0,1.0,1.0,1.0,1.0,1.0,1.0,1.0,1.0,1.0,1,D3::D3-Q089,1.0
D3,D3-Q090,procedural,normal,advanced,512,112,229376,3.2964799404144287,19.114255905151367,0.0,0.0,0.0,1.0,1.0,1.0,1.0,1.0,1.0,1.0,1.0,1.0,0.5,0.6309297535714575,0.6309297535714575,1.0,1,D3::D3-Q090,1.0
D3,D3-Q091,list_membership,normal,advanced,512,112,229376,3.2964799404144287,20.03002166748047,0.0,0.0,0.0,0.0,0.0,0.0,0.5,1.0,0.0,0.5,1.0,0.0,0.25,0.4382050495281194,0.39097129773111194,0.5,3,D3::D3-Q091,0.5
D3,D3-Q092,conditional_exception,normal,advanced,512,112,229376,3.2964799404144287,19.623517990112305,1.0,1.0,1.0,1.0,1.0,1.0,1.0,1.0,1.0,1.0,1.0,1.0,1.0,1.0,1.0,1.0,1,D3::D3-Q092,1.0
D3,D3-Q093,exact_fact,normal,advanced,512,112,229376,3.2964799404144287,18.957853317260742,0.0,0.0,0.0,1.0,1.0,1.0,1.0,1.0,1.0,1.0,1.0,1.0,0.5,0.6309297535714575,0.6309297535714575,1.0,1,D3::D3-Q093,1.0
D3,D3-Q094,procedural,normal,advanced,512,112,229376,3.2964799404144287,19.012928009033203,0.0,0.0,0.0,1.0,1.0,1.0,1.0,1.0,1.0,1.0,1.0,1.0,0.3333333333333333,0.5,0.5,1.0,1,D3::D3-Q094,1.0
D3,D3-Q095,negation,normal,advanced,512,112,229376,3.2964799404144287,27.868986129760742,0.0,0.0,0.0,1.0,1.0,1.0,1.0,1.0,1.0,1.0,1.0,1.0,0.5,0.7737056144690833,0.7737056144690833,1.0,2,D3::D3-Q095,1.0
D3,D3-Q096,numerical,normal,advanced,512,112,229376,3.2964799404144287,24.659395217895508,1.0,1.0,1.0,1.0,1.0,1.0,1.0,1.0,1.0,1.0,1.0,1.0,1.0,1.0,1.0,1.0,1,D3::D3-Q096,1.0
D3,D3-Q097,numerical,normal,advanced,512,112,229376,3.2964799404144287,19.60015296936035,1.0,1.0,1.0,1.0,1.0,1.0,1.0,1.0,1.0,1.0,1.0,1.0,1.0,1.0,1.0,1.0,1,D3::D3-Q097,1.0
D3,D3-Q098,negation,normal,advanced,512,112,229376,3.2964799404144287,18.817901611328125,1.0,1.0,1.0,1.0,1.0,1.0,1.0,1.0,1.0,1.0,1.0,1.0,1.0,1.0,1.0,1.0,1,D3::D3-Q098,1.0
D3,D3-Q099,exact_fact,normal,advanced,512,112,229376,3.2964799404144287,19.715309143066406,1.0,1.0,1.0,1.0,1.0,1.0,1.0,1.0,1.0,1.0,1.0,1.0,1.0,1.0,1.0,1.0,1,D3::D3-Q099,1.0
D3,D3-Q100,exact_fact,normal,advanced,512,112,229376,3.2964799404144287,18.700599670410156,1.0,1.0,1.0,1.0,1.0,1.0,1.0,1.0,1.0,1.0,1.0,1.0,1.0,1.0,1.0,1.0,1,D3::D3-Q100,1.0
D3,D3-Q101,conditional_exception,normal,advanced,512,112,229376,3.2964799404144287,19.16050910949707,1.0,1.0,1.0,1.0,1.0,1.0,1.0,1.0,1.0,1.0,1.0,1.0,1.0,1.0,1.0,1.0,1,D3::D3-Q101,1.0
D3,D3-Q102,exact_fact,normal,advanced,512,112,229376,3.2964799404144287,18.446922302246094,1.0,1.0,1.0,1.0,1.0,1.0,1.0,1.0,1.0,1.0,1.0,1.0,1.0,1.0,1.0,1.0,1,D3::D3-Q102,1.0
D3,D3-Q103,exact_fact,normal,advanced,512,112,229376,3.2964799404144287,19.7603702545166,1.0,1.0,1.0,1.0,1.0,1.0,1.0,1.0,1.0,1.0,1.0,1.0,1.0,1.0,1.0,1.0,1,D3::D3-Q103,1.0
D3,D3-Q104,temporal,normal,advanced,512,112,229376,3.2964799404144287,19.22297477722168,0.0,0.0,0.0,1.0,1.0,1.0,1.0,1.0,1.0,1.0,1.0,1.0,0.3333333333333333,0.5,0.5,1.0,1,D3::D3-Q104,1.0
D3,D3-Q105,exact_fact,normal,advanced,512,112,229376,3.2964799404144287,19.371509552001953,0.0,0.0,0.0,0.0,0.0,0.0,1.0,1.0,1.0,1.0,1.0,1.0,0.25,0.43067655807339306,0.43067655807339306,1.0,1,D3::D3-Q105,1.0
D3,D3-Q106,numerical,normal,advanced,512,112,229376,3.2964799404144287,18.855810165405273,1.0,1.0,1.0,1.0,1.0,1.0,1.0,1.0,1.0,1.0,1.0,1.0,1.0,1.0,1.0,1.0,1,D3::D3-Q106,1.0
D3,D3-Q107,conditional_exception,normal,advanced,512,112,229376,3.2964799404144287,19.51742172241211,0.0,0.0,0.0,1.0,1.0,1.0,1.0,1.0,1.0,1.0,1.0,1.0,0.3333333333333333,0.5,0.5,1.0,1,D3::D3-Q107,1.0
D3,D3-Q108,conditional_exception,normal,advanced,512,112,229376,3.2964799404144287,19.29616928100586,1.0,1.0,1.0,1.0,1.0,1.0,1.0,1.0,1.0,1.0,1.0,1.0,1.0,1.0,1.0,1.0,1,D3::D3-Q108,1.0
D3,D3-Q109,conditional_exception,normal,advanced,512,112,229376,3.2964799404144287,19.73581314086914,0.0,0.0,0.0,1.0,1.0,1.0,1.0,1.0,1.0,1.0,1.0,1.0,0.5,0.6309297535714575,0.6309297535714575,1.0,1,D3::D3-Q109,1.0
D3,D3-Q110,exact_fact,normal,advanced,512,112,229376,3.2964799404144287,19.504308700561523,1.0,1.0,1.0,1.0,1.0,1.0,1.0,1.0,1.0,1.0,1.0,1.0,1.0,1.0,1.0,1.0,1,D3::D3-Q110,1.0
D3,D3-Q111,procedural,normal,advanced,512,112,229376,3.2964799404144287,18.27383041381836,0.0,0.0,0.0,1.0,1.0,1.0,1.0,1.0,1.0,1.0,1.0,1.0,0.3333333333333333,0.5,0.5,1.0,1,D3::D3-Q111,1.0
D3,D3-Q112,conditional_exception,normal,advanced,512,112,229376,3.2964799404144287,21.8961238861084,0.0,0.0,0.0,1.0,1.0,1.0,1.0,1.0,1.0,1.0,1.0,1.0,0.5,0.6309297535714575,0.6309297535714575,1.0,1,D3::D3-Q112,1.0
D3,D3-Q113,conditional_exception,normal,advanced,512,112,229376,3.2964799404144287,24.280309677124023,1.0,1.0,1.0,1.0,1.0,1.0,1.0,1.0,1.0,1.0,1.0,1.0,1.0,1.0,1.0,1.0,1,D3::D3-Q113,1.0
D3,D3-Q114,negation,normal,advanced,512,112,229376,3.2964799404144287,22.181272506713867,1.0,1.0,1.0,1.0,1.0,1.0,1.0,1.0,1.0,1.0,1.0,1.0,1.0,1.0,1.0,1.0,1,D3::D3-Q114,1.0
D3,D3-Q115,numerical,normal,advanced,512,112,229376,3.2964799404144287,26.64923667907715,1.0,1.0,1.0,1.0,1.0,1.0,1.0,1.0,1.0,1.0,1.0,1.0,1.0,1.0,1.0,1.0,1,D3::D3-Q115,1.0
D3,D3-Q116,exact_fact,normal,advanced,512,112,229376,3.2964799404144287,24.21879768371582,1.0,1.0,1.0,1.0,1.0,1.0,1.0,1.0,1.0,1.0,1.0,1.0,1.0,1.0,1.0,1.0,1,D3::D3-Q116,1.0
D3,D3-Q117,numerical,normal,advanced,512,112,229376,3.2964799404144287,21.103858947753906,0.5,1.0,0.0,0.5,1.0,0.0,0.5,1.0,0.0,1.0,1.0,1.0,1.0,0.7807600999842034,1.0588724590057546,1.0,4,D3::D3-Q117,1.0
D3,D3-Q118,numerical,normal,advanced,512,112,229376,3.2964799404144287,26.41582489013672,1.0,1.0,1.0,1.0,1.0,1.0,1.0,1.0,1.0,1.0,1.0,1.0,1.0,1.0,1.0,1.0,1,D3::D3-Q118,1.0
D3,D3-Q119,negation,normal,advanced,512,112,229376,3.2964799404144287,21.207571029663086,0.0,0.0,0.0,1.0,1.0,1.0,1.0,1.0,1.0,1.0,1.0,1.0,0.3333333333333333,0.5,0.5,1.0,1,D3::D3-Q119,1.0
D3,D3-Q120,numerical,normal,advanced,512,112,229376,3.2964799404144287,20.403146743774414,1.0,1.0,1.0,1.0,1.0,1.0,1.0,1.0,1.0,1.0,1.0,1.0,1.0,1.0,1.0,1.0,1,D3::D3-Q120,1.0
D3,D3-Q121,numerical,normal,advanced,512,112,229376,3.2964799404144287,21.283864974975586,1.0,1.0,1.0,1.0,1.0,1.0,1.0,1.0,1.0,1.0,1.0,1.0,1.0,1.0,1.0,1.0,1,D3::D3-Q121,1.0
D3,D3-Q122,numerical,normal,advanced,512,112,229376,3.2964799404144287,21.166563034057617,1.0,1.0,1.0,1.0,1.0,1.0,1.0,1.0,1.0,1.0,1.0,1.0,1.0,1.0,1.0,1.0,1,D3::D3-Q122,1.0
D3,D3-Q123,numerical,normal,advanced,512,112,229376,3.2964799404144287,20.559310913085938,0.0,0.0,0.0,1.0,1.0,1.0,1.0,1.0,1.0,1.0,1.0,1.0,0.3333333333333333,0.5,0.5,1.0,1,D3::D3-Q123,1.0
D3,D3-Q124,numerical,normal,advanced,512,112,229376,3.2964799404144287,24.90854263305664,0.0,0.0,0.0,1.0,1.0,1.0,1.0,1.0,1.0,1.0,1.0,1.0,0.3333333333333333,0.5,0.5,1.0,1,D3::D3-Q124,1.0
D3,D3-Q125,numerical,normal,advanced,512,112,229376,3.2964799404144287,25.975704193115234,0.0,0.0,0.0,0.0,0.0,0.0,1.0,1.0,1.0,1.0,1.0,1.0,0.25,0.43067655807339306,0.43067655807339306,1.0,1,D3::D3-Q125,1.0
D3,D3-Q126,numerical,normal,advanced,512,112,229376,3.2964799404144287,25.397062301635742,1.0,1.0,1.0,1.0,1.0,1.0,1.0,1.0,1.0,1.0,1.0,1.0,1.0,1.0,1.0,1.0,1,D3::D3-Q126,1.0
D3,D3-Q127,numerical,normal,advanced,512,112,229376,3.2964799404144287,24.046897888183594,1.0,1.0,1.0,1.0,1.0,1.0,1.0,1.0,1.0,1.0,1.0,1.0,1.0,1.0,1.0,1.0,1,D3::D3-Q127,1.0
D3,D3-Q128,exact_fact,normal,advanced,512,112,229376,3.2964799404144287,23.108482360839844,1.0,1.0,1.0,1.0,1.0,1.0,1.0,1.0,1.0,1.0,1.0,1.0,1.0,1.0,1.0,1.0,1,D3::D3-Q128,1.0
D3,D3-Q129,numerical,normal,advanced,512,112,229376,3.2964799404144287,20.442485809326172,0.0,0.0,0.0,0.0,0.0,0.0,0.0,0.0,0.0,1.0,1.0,1.0,0.16666666666666666,0.0,0.3562071871080222,1.0,1,D3::D3-Q129,1.0
D3,D3-Q130,numerical,normal,advanced,512,112,229376,3.2964799404144287,19.068241119384766,1.0,1.0,1.0,1.0,1.0,1.0,1.0,1.0,1.0,1.0,1.0,1.0,1.0,1.0,1.0,1.0,1,D3::D3-Q130,1.0
D3,D3-Q131,procedural,normal,advanced,512,112,229376,3.2964799404144287,21.715402603149414,1.0,1.0,1.0,1.0,1.0,1.0,1.0,1.0,1.0,1.0,1.0,1.0,1.0,1.0,1.0,1.0,1,D3::D3-Q131,1.0
D3,D3-Q132,conditional_exception,normal,advanced,512,112,229376,3.2964799404144287,22.274255752563477,0.0,0.0,0.0,1.0,1.0,1.0,1.0,1.0,1.0,1.0,1.0,1.0,0.5,0.7737056144690833,0.7737056144690833,1.0,2,D3::D3-Q132,1.0
D3,D3-Q133,conditional_exception,normal,advanced,512,112,229376,3.2964799404144287,26.311635971069336,0.0,0.0,0.0,1.0,1.0,1.0,1.0,1.0,1.0,1.0,1.0,1.0,0.5,0.7737056144690833,0.7737056144690833,1.0,2,D3::D3-Q133,1.0
D3,D3-Q134,negation,normal,advanced,512,112,229376,3.2964799404144287,24.914979934692383,0.0,0.0,0.0,0.0,0.0,0.0,0.0,0.0,0.0,0.0,0.0,0.0,0.0,0.0,0.0,0.0,0,D3::D3-Q134,0.0
D3,D3-Q135,numerical,normal,advanced,512,112,229376,3.2964799404144287,25.374889373779297,0.0,0.0,0.0,1.0,1.0,1.0,1.0,1.0,1.0,1.0,1.0,1.0,0.5,0.6309297535714575,0.6309297535714575,1.0,1,D3::D3-Q135,1.0
D3,D3-Q136,numerical,normal,advanced,512,112,229376,3.2964799404144287,25.893688201904297,1.0,1.0,1.0,1.0,1.0,1.0,1.0,1.0,1.0,1.0,1.0,1.0,1.0,1.0,1.0,1.0,1,D3::D3-Q136,1.0
D3,D3-Q137,exact_fact,normal,advanced,512,112,229376,3.2964799404144287,24.746179580688477,1.0,1.0,1.0,1.0,1.0,1.0,1.0,1.0,1.0,1.0,1.0,1.0,1.0,1.0,1.0,1.0,1,D3::D3-Q137,1.0
D3,D3-Q138,procedural,normal,advanced,512,112,229376,3.2964799404144287,26.19457244873047,0.0,0.0,0.0,0.0,0.0,0.0,0.0,0.0,0.0,0.0,0.0,0.0,0.0,0.0,0.0,0.0,0,D3::D3-Q138,0.0
D3,D3-Q139,list_membership,normal,advanced,512,112,229376,3.2964799404144287,26.305198669433594,1.0,1.0,1.0,1.0,1.0,1.0,1.0,1.0,1.0,1.0,1.0,1.0,1.0,1.5615201999684067,1.5615201999684067,1.0,4,D3::D3-Q139,1.0
D3,D3-Q140,negation,normal,advanced,512,112,229376,3.2964799404144287,25.31909942626953,1.0,1.0,1.0,1.0,1.0,1.0,1.0,1.0,1.0,1.0,1.0,1.0,1.0,1.0,1.0,1.0,1,D3::D3-Q140,1.0
D3,D3-Q141,exact_fact,normal,advanced,512,112,229376,3.2964799404144287,24.799108505249023,1.0,1.0,1.0,1.0,1.0,1.0,1.0,1.0,1.0,1.0,1.0,1.0,1.0,1.0,1.0,1.0,1,D3::D3-Q141,1.0
D3,D3-Q142,conditional_exception,normal,advanced,512,112,229376,3.2964799404144287,25.447607040405273,1.0,1.0,1.0,1.0,1.0,1.0,1.0,1.0,1.0,1.0,1.0,1.0,1.0,1.0,1.0,1.0,1,D3::D3-Q142,1.0
D3,D3-Q143,exact_fact,normal,advanced,512,112,229376,3.2964799404144287,24.60956573486328,1.0,1.0,1.0,1.0,1.0,1.0,1.0,1.0,1.0,1.0,1.0,1.0,1.0,1.0,1.0,1.0,1,D3::D3-Q143,1.0
D3,D3-Q144,negation,normal,advanced,512,112,229376,3.2964799404144287,23.450136184692383,0.5,1.0,0.0,1.0,1.0,1.0,1.0,1.0,1.0,1.0,1.0,1.0,1.0,1.0,1.0,1.0,2,D3::D3-Q144,1.0
D3,D3-Q145,conditional_exception,normal,advanced,512,112,229376,3.2964799404144287,23.039579391479492,0.0,0.0,0.0,1.0,1.0,1.0,1.0,1.0,1.0,1.0,1.0,1.0,0.5,0.6309297535714575,0.6309297535714575,1.0,1,D3::D3-Q145,1.0
D3,D3-Q146,conditional_exception,normal,advanced,512,112,229376,3.2964799404144287,24.554967880249023,1.0,1.0,1.0,1.0,1.0,1.0,1.0,1.0,1.0,1.0,1.0,1.0,1.0,1.0,1.0,1.0,1,D3::D3-Q146,1.0
D3,D3-Q147,conditional_exception,normal,advanced,512,112,229376,3.2964799404144287,24.06167984008789,0.0,0.0,0.0,1.0,1.0,1.0,1.0,1.0,1.0,1.0,1.0,1.0,0.5,0.6309297535714575,0.6309297535714575,1.0,1,D3::D3-Q147,1.0
D3,D3-Q148,exact_fact,normal,advanced,512,112,229376,3.2964799404144287,25.94280242919922,1.0,1.0,1.0,1.0,1.0,1.0,1.0,1.0,1.0,1.0,1.0,1.0,1.0,1.0,1.0,1.0,1,D3::D3-Q148,1.0
D3,D3-Q149,temporal,normal,advanced,512,112,229376,3.2964799404144287,26.004314422607422,1.0,1.0,1.0,1.0,1.0,1.0,1.0,1.0,1.0,1.0,1.0,1.0,1.0,1.0,1.0,1.0,1,D3::D3-Q149,1.0
D3,D3-Q150,exact_fact,normal,advanced,512,112,229376,3.2964799404144287,27.057170867919922,1.0,1.0,1.0,1.0,1.0,1.0,1.0,1.0,1.0,1.0,1.0,1.0,1.0,1.0,1.0,1.0,1,D3::D3-Q150,1.0
D3,D3-Q151,conditional_exception,normal,advanced,512,112,229376,3.2964799404144287,21.587848663330078,0.0,0.0,0.0,1.0,1.0,1.0,1.0,1.0,1.0,1.0,1.0,1.0,0.5,0.6309297535714575,0.6309297535714575,1.0,1,D3::D3-Q151,1.0
D3,D3-Q152,exact_fact,normal,advanced,512,112,229376,3.2964799404144287,14.544486999511719,1.0,1.0,1.0,1.0,1.0,1.0,1.0,1.0,1.0,1.0,1.0,1.0,1.0,1.0,1.0,1.0,1,D3::D3-Q152,1.0
D3,D3-Q153,exact_fact,normal,advanced,512,112,229376,3.2964799404144287,15.343427658081055,1.0,1.0,1.0,1.0,1.0,1.0,1.0,1.0,1.0,1.0,1.0,1.0,1.0,1.0,1.0,1.0,1,D3::D3-Q153,1.0
D3,D3-Q154,list_membership,normal,advanced,512,112,229376,3.2964799404144287,15.487432479858398,1.0,1.0,1.0,1.0,1.0,1.0,1.0,1.0,1.0,1.0,1.0,1.0,1.0,1.2262943855309167,1.2262943855309167,1.0,2,D3::D3-Q154,1.0
D3,D3-Q155,negation,normal,advanced,512,112,229376,3.2964799404144287,15.459299087524414,1.0,1.0,1.0,1.0,1.0,1.0,1.0,1.0,1.0,1.0,1.0,1.0,1.0,1.0,1.0,1.0,1,D3::D3-Q155,1.0
D3,D3-Q156,conditional_exception,normal,advanced,512,112,229376,3.2964799404144287,15.471220016479492,0.0,0.0,0.0,1.0,1.0,1.0,1.0,1.0,1.0,1.0,1.0,1.0,0.5,0.6309297535714575,0.6309297535714575,1.0,1,D3::D3-Q156,1.0
D3,D3-Q157,exact_fact,normal,advanced,512,112,229376,3.2964799404144287,14.293670654296875,1.0,1.0,1.0,1.0,1.0,1.0,1.0,1.0,1.0,1.0,1.0,1.0,1.0,1.0,1.0,1.0,1,D3::D3-Q157,1.0
D3,D3-Q158,exact_fact,normal,advanced,512,112,229376,3.2964799404144287,13.942241668701172,1.0,1.0,1.0,1.0,1.0,1.0,1.0,1.0,1.0,1.0,1.0,1.0,1.0,1.0,1.0,1.0,1,D3::D3-Q158,1.0
D3,D3-Q159,procedural,normal,advanced,512,112,229376,3.2964799404144287,14.652013778686523,0.0,0.0,0.0,1.0,1.0,1.0,1.0,1.0,1.0,1.0,1.0,1.0,0.3333333333333333,0.5,0.5,1.0,1,D3::D3-Q159,1.0
D3,D3-Q160,temporal,normal,advanced,512,112,229376,3.2964799404144287,14.909505844116211,1.0,1.0,1.0,1.0,1.0,1.0,1.0,1.0,1.0,1.0,1.0,1.0,1.0,1.0,1.0,1.0,1,D3::D3-Q160,1.0
D3,D3-Q161,exact_fact,normal,advanced,512,112,229376,3.2964799404144287,15.731573104858398,1.0,1.0,1.0,1.0,1.0,1.0,1.0,1.0,1.0,1.0,1.0,1.0,1.0,1.0,1.0,1.0,1,D3::D3-Q161,1.0
D3,D3-Q162,exact_fact,normal,advanced,512,112,229376,3.2964799404144287,15.78831672668457,0.0,0.0,0.0,1.0,1.0,1.0,1.0,1.0,1.0,1.0,1.0,1.0,0.3333333333333333,0.5,0.5,1.0,1,D3::D3-Q162,1.0
D3,D3-Q163,list_membership,normal,advanced,512,112,229376,3.2964799404144287,14.69111442565918,1.0,1.0,1.0,1.0,1.0,1.0,1.0,1.0,1.0,1.0,1.0,1.0,1.0,1.0,1.0,1.0,1,D3::D3-Q163,1.0
D3,D3-Q164,exact_fact,normal,advanced,512,112,229376,3.2964799404144287,14.268875122070312,1.0,1.0,1.0,1.0,1.0,1.0,1.0,1.0,1.0,1.0,1.0,1.0,1.0,1.0,1.0,1.0,1,D3::D3-Q164,1.0
D3,D3-Q165,negation,normal,advanced,512,112,229376,3.2964799404144287,15.117883682250977,0.0,0.0,0.0,0.0,0.0,0.0,0.0,0.0,0.0,0.0,0.0,0.0,0.0,0.0,0.0,0.0,0,D3::D3-Q165,0.0
D3,D3-Q166,list_membership,normal,advanced,512,112,229376,3.2964799404144287,15.774250030517578,0.0,0.0,0.0,0.0,0.0,0.0,1.0,1.0,1.0,1.0,1.0,1.0,0.2,0.38685280723454163,0.38685280723454163,1.0,1,D3::D3-Q166,1.0
D3,D3-Q167,exact_fact,normal,advanced,512,112,229376,3.2964799404144287,15.529632568359375,1.0,1.0,1.0,1.0,1.0,1.0,1.0,1.0,1.0,1.0,1.0,1.0,1.0,1.0,1.0,1.0,1,D3::D3-Q167,1.0
D3,D3-Q168,exact_fact,normal,advanced,512,112,229376,3.2964799404144287,14.681816101074219,1.0,1.0,1.0,1.0,1.0,1.0,1.0,1.0,1.0,1.0,1.0,1.0,1.0,1.0,1.0,1.0,1,D3::D3-Q168,1.0
D3,D3-Q169,conditional_exception,normal,advanced,512,112,229376,3.2964799404144287,14.756441116333008,1.0,1.0,1.0,1.0,1.0,1.0,1.0,1.0,1.0,1.0,1.0,1.0,1.0,1.0,1.0,1.0,1,D3::D3-Q169,1.0
D3,D3-Q170,conditional_exception,normal,advanced,512,112,229376,3.2964799404144287,15.877246856689453,0.0,0.0,0.0,1.0,1.0,1.0,1.0,1.0,1.0,1.0,1.0,1.0,0.5,0.6309297535714575,0.6309297535714575,1.0,1,D3::D3-Q170,1.0
D3,D3-Q171,conditional_exception,normal,advanced,512,112,229376,3.2964799404144287,15.964269638061523,1.0,1.0,1.0,1.0,1.0,1.0,1.0,1.0,1.0,1.0,1.0,1.0,1.0,1.0,1.0,1.0,1,D3::D3-Q171,1.0
D3,D3-Q172,conditional_exception,normal,advanced,512,112,229376,3.2964799404144287,14.327526092529297,0.0,0.0,0.0,1.0,1.0,1.0,1.0,1.0,1.0,1.0,1.0,1.0,0.5,0.6309297535714575,0.6309297535714575,1.0,1,D3::D3-Q172,1.0
D3,D3-Q173,procedural,normal,advanced,512,112,229376,3.2964799404144287,15.964031219482422,1.0,1.0,1.0,1.0,1.0,1.0,1.0,1.0,1.0,1.0,1.0,1.0,1.0,1.0,1.0,1.0,1,D3::D3-Q173,1.0
D3,D3-Q174,conditional_exception,normal,advanced,512,112,229376,3.2964799404144287,16.2045955657959,1.0,1.0,1.0,1.0,1.0,1.0,1.0,1.0,1.0,1.0,1.0,1.0,1.0,1.0,1.0,1.0,1,D3::D3-Q174,1.0
D3,D3-Q175,conditional_exception,normal,advanced,512,112,229376,3.2964799404144287,26.559829711914062,1.0,1.0,1.0,1.0,1.0,1.0,1.0,1.0,1.0,1.0,1.0,1.0,1.0,1.0,1.0,1.0,1,D3::D3-Q175,1.0
D3,D3-Q176,procedural,normal,advanced,512,112,229376,3.2964799404144287,14.70184326171875,0.0,0.0,0.0,1.0,1.0,1.0,1.0,1.0,1.0,1.0,1.0,1.0,0.5,0.6309297535714575,0.6309297535714575,1.0,1,D3::D3-Q176,1.0
D3,D3-Q177,exact_fact,normal,advanced,512,112,229376,3.2964799404144287,14.62554931640625,0.0,0.0,0.0,1.0,1.0,1.0,1.0,1.0,1.0,1.0,1.0,1.0,0.3333333333333333,0.5,0.5,1.0,1,D3::D3-Q177,1.0
D3,D3-Q178,procedural,normal,advanced,512,112,229376,3.2964799404144287,14.66512680053711,0.0,0.0,0.0,1.0,1.0,1.0,1.0,1.0,1.0,1.0,1.0,1.0,0.5,0.6309297535714575,0.6309297535714575,1.0,1,D3::D3-Q178,1.0
D3,D3-Q179,negation,normal,advanced,512,112,229376,3.2964799404144287,14.184713363647461,0.0,0.0,0.0,1.0,1.0,1.0,1.0,1.0,1.0,1.0,1.0,1.0,0.5,0.6309297535714575,0.6309297535714575,1.0,1,D3::D3-Q179,1.0
D3,D3-Q180,conditional_exception,normal,advanced,512,112,229376,3.2964799404144287,17.95339584350586,1.0,1.0,1.0,1.0,1.0,1.0,1.0,1.0,1.0,1.0,1.0,1.0,1.0,1.0,1.0,1.0,1,D3::D3-Q180,1.0
D3,D3-Q181,numerical,normal,advanced,512,112,229376,3.2964799404144287,15.621423721313477,0.0,0.0,0.0,0.0,0.0,0.0,0.0,0.0,0.0,0.0,0.0,0.0,0.0,0.0,0.0,0.0,0,D3::D3-Q181,0.0
D3,D3-Q182,temporal,normal,advanced,512,112,229376,3.2964799404144287,14.105081558227539,1.0,1.0,1.0,1.0,1.0,1.0,1.0,1.0,1.0,1.0,1.0,1.0,1.0,1.0,1.0,1.0,1,D3::D3-Q182,1.0
D3,D3-Q183,list_membership,normal,advanced,512,112,229376,3.2964799404144287,14.435291290283203,0.0,0.0,0.0,0.0,0.0,0.0,0.0,0.0,0.0,0.0,0.0,0.0,0.0,0.0,0.0,0.0,0,D3::D3-Q183,0.0
D3,D3-Q184,numerical,normal,advanced,512,112,229376,3.2964799404144287,14.715433120727539,0.0,0.0,0.0,1.0,1.0,1.0,1.0,1.0,1.0,1.0,1.0,1.0,0.5,0.6309297535714575,0.6309297535714575,1.0,1,D3::D3-Q184,1.0
D3,D3-Q185,numerical,normal,advanced,512,112,229376,3.2964799404144287,21.398544311523438,1.0,1.0,1.0,1.0,1.0,1.0,1.0,1.0,1.0,1.0,1.0,1.0,1.0,1.0,1.0,1.0,1,D3::D3-Q185,1.0
D3,D3-Q186,negation,normal,advanced,512,112,229376,3.2964799404144287,14.692544937133789,1.0,1.0,1.0,1.0,1.0,1.0,1.0,1.0,1.0,1.0,1.0,1.0,1.0,1.0,1.0,1.0,1,D3::D3-Q186,1.0
D3,D3-Q187,procedural,normal,advanced,512,112,229376,3.2964799404144287,14.377117156982422,1.0,1.0,1.0,1.0,1.0,1.0,1.0,1.0,1.0,1.0,1.0,1.0,1.0,1.0,1.0,1.0,1,D3::D3-Q187,1.0
D3,D3-Q188,conditional_exception,normal,advanced,512,112,229376,3.2964799404144287,14.052629470825195,0.0,0.0,0.0,0.0,0.0,0.0,0.0,0.0,0.0,0.0,0.0,0.0,0.0,0.0,0.0,0.0,0,D3::D3-Q188,0.0
D3,D3-Q189,exact_fact,normal,advanced,512,112,229376,3.2964799404144287,14.876842498779297,0.0,0.0,0.0,0.0,0.0,0.0,0.0,0.0,0.0,0.0,0.0,0.0,0.0,0.0,0.0,0.0,0,D3::D3-Q189,0.0
D3,D3-Q190,conditional_exception,normal,advanced,512,112,229376,3.2964799404144287,16.769886016845703,1.0,1.0,1.0,1.0,1.0,1.0,1.0,1.0,1.0,1.0,1.0,1.0,1.0,1.0,1.0,1.0,1,D3::D3-Q190,1.0
D3,D3-Q191,list_membership,normal,advanced,512,112,229376,3.2964799404144287,13.899087905883789,1.0,1.0,1.0,1.0,1.0,1.0,1.0,1.0,1.0,1.0,1.0,1.0,1.0,1.0,1.0,1.0,1,D3::D3-Q191,1.0
D3,D3-Q192,numerical,normal,advanced,512,112,229376,3.2964799404144287,15.567302703857422,1.0,1.0,1.0,1.0,1.0,1.0,1.0,1.0,1.0,1.0,1.0,1.0,1.0,1.0,1.0,1.0,1,D3::D3-Q192,1.0
D3,D3-Q193,conditional_exception,normal,advanced,512,112,229376,3.2964799404144287,14.995813369750977,1.0,1.0,1.0,1.0,1.0,1.0,1.0,1.0,1.0,1.0,1.0,1.0,1.0,1.0,1.0,1.0,1,D3::D3-Q193,1.0
D3,D3-Q194,numerical,normal,advanced,512,112,229376,3.2964799404144287,14.409542083740234,1.0,1.0,1.0,1.0,1.0,1.0,1.0,1.0,1.0,1.0,1.0,1.0,1.0,1.0,1.0,1.0,1,D3::D3-Q194,1.0
D3,D3-Q195,exact_fact,normal,advanced,512,112,229376,3.2964799404144287,14.395952224731445,0.0,0.0,0.0,0.0,0.0,0.0,0.0,0.0,0.0,1.0,1.0,1.0,0.1,0.0,0.2890648263178879,1.0,1,D3::D3-Q195,1.0
D3,D3-Q196,exact_fact,normal,advanced,512,112,229376,3.2964799404144287,16.045808792114258,0.0,0.0,0.0,1.0,1.0,1.0,1.0,1.0,1.0,1.0,1.0,1.0,0.3333333333333333,0.5,0.5,1.0,1,D3::D3-Q196,1.0
D3,D3-Q197,conditional_exception,normal,advanced,512,112,229376,3.2964799404144287,14.516353607177734,0.0,0.0,0.0,0.0,0.0,0.0,0.0,0.0,0.0,0.0,0.0,0.0,0.0,0.0,0.0,0.0,0,D3::D3-Q197,0.0
D3,D3-Q198,numerical,normal,advanced,512,112,229376,3.2964799404144287,14.69874382019043,1.0,1.0,1.0,1.0,1.0,1.0,1.0,1.0,1.0,1.0,1.0,1.0,1.0,1.0,1.0,1.0,1,D3::D3-Q198,1.0
D3,D3-Q199,numerical,normal,advanced,512,112,229376,3.2964799404144287,14.68038558959961,0.0,0.0,0.0,1.0,1.0,1.0,1.0,1.0,1.0,1.0,1.0,1.0,0.5,0.6309297535714575,0.6309297535714575,1.0,1,D3::D3-Q199,1.0
D3,D3-Q200,negation,normal,advanced,512,112,229376,3.2964799404144287,14.302253723144531,0.0,0.0,0.0,1.0,1.0,1.0,1.0,1.0,1.0,1.0,1.0,1.0,0.3333333333333333,0.5,0.5,1.0,1,D3::D3-Q200,1.0
D3,D3-Q001,exact_fact,normal,advanced,768,112,344064,3.2964799404144287,15.485048294067383,1.0,1.0,1.0,1.0,1.0,1.0,1.0,1.0,1.0,1.0,1.0,1.0,1.0,1.0,1.0,1.0,1,D3::D3-Q001,1.0
D3,D3-Q002,exact_fact,normal,advanced,768,112,344064,3.2964799404144287,14.049768447875977,1.0,1.0,1.0,1.0,1.0,1.0,1.0,1.0,1.0,1.0,1.0,1.0,1.0,1.0,1.0,1.0,1,D3::D3-Q002,1.0
D3,D3-Q003,negation,normal,advanced,768,112,344064,3.2964799404144287,14.973640441894531,1.0,1.0,1.0,1.0,1.0,1.0,1.0,1.0,1.0,1.0,1.0,1.0,1.0,1.0,1.0,1.0,1,D3::D3-Q003,1.0
D3,D3-Q004,conditional_exception,normal,advanced,768,112,344064,3.2964799404144287,15.592336654663086,1.0,1.0,1.0,1.0,1.0,1.0,1.0,1.0,1.0,1.0,1.0,1.0,1.0,1.2262943855309167,1.2262943855309167,1.0,2,D3::D3-Q004,1.0
D3,D3-Q005,negative_query,normal,advanced,768,112,344064,3.2964799404144287,15.079021453857422,1.0,1.0,1.0,1.0,1.0,1.0,1.0,1.0,1.0,1.0,1.0,1.0,1.0,1.0,1.0,1.0,1,D3::D3-Q005,1.0
D3,D3-Q006,exact_fact,normal,advanced,768,112,344064,3.2964799404144287,15.932798385620117,1.0,1.0,1.0,1.0,1.0,1.0,1.0,1.0,1.0,1.0,1.0,1.0,1.0,1.0,1.0,1.0,1,D3::D3-Q006,1.0
D3,D3-Q007,exact_fact,normal,advanced,768,112,344064,3.2964799404144287,15.03300666809082,0.0,0.0,0.0,1.0,1.0,1.0,1.0,1.0,1.0,1.0,1.0,1.0,0.5,0.6309297535714575,0.6309297535714575,1.0,1,D3::D3-Q007,1.0
D3,D3-Q008,exact_fact,normal,advanced,768,112,344064,3.2964799404144287,14.660120010375977,0.0,0.0,0.0,1.0,1.0,1.0,1.0,1.0,1.0,1.0,1.0,1.0,0.3333333333333333,0.5,0.5,1.0,1,D3::D3-Q008,1.0
D3,D3-Q009,exact_fact,normal,advanced,768,112,344064,3.2964799404144287,14.620304107666016,0.0,0.0,0.0,0.0,0.0,0.0,0.0,0.0,0.0,0.0,0.0,0.0,0.0,0.0,0.0,0.0,0,D3::D3-Q009,0.0
D3,D3-Q010,exact_fact,normal,advanced,768,112,344064,3.2964799404144287,14.835834503173828,0.0,0.0,0.0,1.0,1.0,1.0,1.0,1.0,1.0,1.0,1.0,1.0,0.5,0.6309297535714575,0.6309297535714575,1.0,1,D3::D3-Q010,1.0
D3,D3-Q011,exact_fact,normal,advanced,768,112,344064,3.2964799404144287,14.341115951538086,0.0,0.0,0.0,0.0,0.0,0.0,0.0,0.0,0.0,0.0,0.0,0.0,0.0,0.0,0.0,0.0,0,D3::D3-Q011,0.0
D3,D3-Q012,list_membership,normal,advanced,768,112,344064,3.2964799404144287,14.351367950439453,0.0,0.0,0.0,0.0,0.0,0.0,0.0,0.0,0.0,0.0,0.0,0.0,0.0,0.0,0.0,0.0,0,D3::D3-Q012,0.0
D3,D3-Q013,exact_fact,normal,advanced,768,112,344064,3.2964799404144287,14.472484588623047,0.0,0.0,0.0,0.0,0.0,0.0,0.0,0.0,0.0,0.0,0.0,0.0,0.0,0.0,0.0,0.0,0,D3::D3-Q013,0.0
D3,D3-Q014,exact_fact,normal,advanced,768,112,344064,3.2964799404144287,14.380455017089844,0.0,0.0,0.0,0.0,0.0,0.0,0.0,0.0,0.0,1.0,1.0,1.0,0.1,0.0,0.2890648263178879,1.0,1,D3::D3-Q014,1.0
D3,D3-Q015,exact_fact,normal,advanced,768,112,344064,3.2964799404144287,15.28167724609375,0.0,0.0,0.0,1.0,1.0,1.0,1.0,1.0,1.0,1.0,1.0,1.0,0.5,0.6309297535714575,0.6309297535714575,1.0,1,D3::D3-Q015,1.0
D3,D3-Q016,exact_fact,normal,advanced,768,112,344064,3.2964799404144287,15.223979949951172,0.0,0.0,0.0,0.0,0.0,0.0,0.0,0.0,0.0,0.0,0.0,0.0,0.0,0.0,0.0,0.0,0,D3::D3-Q016,0.0
D3,D3-Q017,exact_fact,normal,advanced,768,112,344064,3.2964799404144287,14.368772506713867,0.0,0.0,0.0,0.0,0.0,0.0,0.0,0.0,0.0,0.0,0.0,0.0,0.0,0.0,0.0,0.0,0,D3::D3-Q017,0.0
D3,D3-Q018,exact_fact,normal,advanced,768,112,344064,3.2964799404144287,14.306306838989258,0.0,0.0,0.0,0.0,0.0,0.0,0.0,0.0,0.0,1.0,1.0,1.0,0.14285714285714285,0.0,0.3333333333333333,1.0,1,D3::D3-Q018,1.0
D3,D3-Q019,exact_fact,normal,advanced,768,112,344064,3.2964799404144287,15.466928482055664,1.0,1.0,1.0,1.0,1.0,1.0,1.0,1.0,1.0,1.0,1.0,1.0,1.0,1.0,1.0,1.0,1,D3::D3-Q019,1.0
D3,D3-Q020,exact_fact,normal,advanced,768,112,344064,3.2964799404144287,15.364408493041992,1.0,1.0,1.0,1.0,1.0,1.0,1.0,1.0,1.0,1.0,1.0,1.0,1.0,1.0,1.0,1.0,1,D3::D3-Q020,1.0
D3,D3-Q021,exact_fact,normal,advanced,768,112,344064,3.2964799404144287,15.410423278808594,0.0,0.0,0.0,0.0,0.0,0.0,0.0,0.0,0.0,0.0,0.0,0.0,0.0,0.0,0.0,0.0,0,D3::D3-Q021,0.0
D3,D3-Q022,exact_fact,normal,advanced,768,112,344064,3.2964799404144287,14.45913314819336,1.0,1.0,1.0,1.0,1.0,1.0,1.0,1.0,1.0,1.0,1.0,1.0,1.0,1.0,1.0,1.0,1,D3::D3-Q022,1.0
D3,D3-Q023,exact_fact,normal,advanced,768,112,344064,3.2964799404144287,14.241933822631836,0.0,0.0,0.0,0.0,0.0,0.0,0.0,0.0,0.0,0.0,0.0,0.0,0.0,0.0,0.0,0.0,0,D3::D3-Q023,0.0
D3,D3-Q024,exact_fact,normal,advanced,768,112,344064,3.2964799404144287,14.397621154785156,0.0,0.0,0.0,0.0,0.0,0.0,0.0,0.0,0.0,0.0,0.0,0.0,0.0,0.0,0.0,0.0,0,D3::D3-Q024,0.0
D3,D3-Q025,exact_fact,normal,advanced,768,112,344064,3.2964799404144287,14.846324920654297,0.0,0.0,0.0,0.5,1.0,0.0,0.5,1.0,0.0,1.0,1.0,1.0,0.3333333333333333,0.3065735963827292,0.5249810332008933,1.0,2,D3::D3-Q025,1.0
D3,D3-Q026,exact_fact,normal,advanced,768,112,344064,3.2964799404144287,15.473604202270508,1.0,1.0,1.0,1.0,1.0,1.0,1.0,1.0,1.0,1.0,1.0,1.0,1.0,1.0,1.0,1.0,1,D3::D3-Q026,1.0
D3,D3-Q027,exact_fact,normal,advanced,768,112,344064,3.2964799404144287,14.8468017578125,1.0,1.0,1.0,1.0,1.0,1.0,1.0,1.0,1.0,1.0,1.0,1.0,1.0,1.4078361780682693,1.4078361780682693,1.0,3,D3::D3-Q027,1.0
D3,D3-Q028,exact_fact,normal,advanced,768,112,344064,3.2964799404144287,15.934944152832031,1.0,1.0,1.0,1.0,1.0,1.0,1.0,1.0,1.0,1.0,1.0,1.0,1.0,1.0,1.0,1.0,1,D3::D3-Q028,1.0
D3,D3-Q029,exact_fact,normal,advanced,768,112,344064,3.2964799404144287,14.495372772216797,0.0,0.0,0.0,1.0,1.0,1.0,1.0,1.0,1.0,1.0,1.0,1.0,0.5,0.8882457328975957,0.8882457328975957,1.0,3,D3::D3-Q029,1.0
D3,D3-Q030,exact_fact,normal,advanced,768,112,344064,3.2964799404144287,14.88494873046875,1.0,1.0,1.0,1.0,1.0,1.0,1.0,1.0,1.0,1.0,1.0,1.0,1.0,1.0,1.0,1.0,1,D3::D3-Q030,1.0
D3,D3-Q031,exact_fact,normal,advanced,768,112,344064,3.2964799404144287,16.01696014404297,1.0,1.0,1.0,1.0,1.0,1.0,1.0,1.0,1.0,1.0,1.0,1.0,1.0,1.0,1.0,1.0,1,D3::D3-Q031,1.0
D3,D3-Q032,exact_fact,normal,advanced,768,112,344064,3.2964799404144287,14.521360397338867,1.0,1.0,1.0,1.0,1.0,1.0,1.0,1.0,1.0,1.0,1.0,1.0,1.0,1.0,1.0,1.0,1,D3::D3-Q032,1.0
D3,D3-Q033,exact_fact,normal,advanced,768,112,344064,3.2964799404144287,15.657186508178711,1.0,1.0,1.0,1.0,1.0,1.0,1.0,1.0,1.0,1.0,1.0,1.0,1.0,1.0,1.0,1.0,1,D3::D3-Q033,1.0
D3,D3-Q034,exact_fact,normal,advanced,768,112,344064,3.2964799404144287,15.34724235534668,0.0,0.0,0.0,0.0,0.0,0.0,0.0,0.0,0.0,1.0,1.0,1.0,0.125,0.0,0.31546487678572877,1.0,1,D3::D3-Q034,1.0
D3,D3-Q035,exact_fact,normal,advanced,768,112,344064,3.2964799404144287,14.317512512207031,1.0,1.0,1.0,1.0,1.0,1.0,1.0,1.0,1.0,1.0,1.0,1.0,1.0,1.0,1.0,1.0,1,D3::D3-Q035,1.0
D3,D3-Q036,exact_fact,normal,advanced,768,112,344064,3.2964799404144287,25.368690490722656,0.0,0.0,0.0,1.0,1.0,1.0,1.0,1.0,1.0,1.0,1.0,1.0,0.5,0.6309297535714575,0.6309297535714575,1.0,1,D3::D3-Q036,1.0
D3,D3-Q037,exact_fact,normal,advanced,768,112,344064,3.2964799404144287,19.051074981689453,0.0,0.0,0.0,0.0,0.0,0.0,0.0,0.0,0.0,0.0,0.0,0.0,0.0,0.0,0.0,0.0,0,D3::D3-Q037,0.0
D3,D3-Q038,exact_fact,normal,advanced,768,112,344064,3.2964799404144287,14.821529388427734,1.0,1.0,1.0,1.0,1.0,1.0,1.0,1.0,1.0,1.0,1.0,1.0,1.0,1.0,1.0,1.0,1,D3::D3-Q038,1.0
D3,D3-Q039,list_membership,normal,advanced,768,112,344064,3.2964799404144287,15.52724838256836,1.0,1.0,1.0,1.0,1.0,1.0,1.0,1.0,1.0,1.0,1.0,1.0,1.0,1.6958010263680805,1.6958010263680805,1.0,5,D3::D3-Q039,1.0
D3,D3-Q040,negation,normal,advanced,768,112,344064,3.2964799404144287,14.71710205078125,1.0,1.0,1.0,1.0,1.0,1.0,1.0,1.0,1.0,1.0,1.0,1.0,1.0,1.0,1.0,1.0,1,D3::D3-Q040,1.0
D3,D3-Q041,exact_fact,normal,advanced,768,112,344064,3.2964799404144287,15.262365341186523,1.0,1.0,1.0,1.0,1.0,1.0,1.0,1.0,1.0,1.0,1.0,1.0,1.0,1.0,1.0,1.0,1,D3::D3-Q041,1.0
D3,D3-Q042,conditional_exception,normal,advanced,768,112,344064,3.2964799404144287,14.460325241088867,1.0,1.0,1.0,1.0,1.0,1.0,1.0,1.0,1.0,1.0,1.0,1.0,1.0,1.4078361780682693,1.4078361780682693,1.0,3,D3::D3-Q042,1.0
D3,D3-Q043,list_membership,normal,advanced,768,112,344064,3.2964799404144287,15.525102615356445,1.0,1.0,1.0,1.0,1.0,1.0,1.0,1.0,1.0,1.0,1.0,1.0,1.0,1.0,1.0,1.0,1,D3::D3-Q043,1.0
D3,D3-Q044,temporal,normal,advanced,768,112,344064,3.2964799404144287,19.097328186035156,0.0,0.0,0.0,0.0,0.0,0.0,0.0,0.0,0.0,0.0,0.0,0.0,0.0,0.0,0.0,0.0,0,D3::D3-Q044,0.0
D3,D3-Q045,negation,normal,advanced,768,112,344064,3.2964799404144287,15.329360961914062,0.0,0.0,0.0,1.0,1.0,1.0,1.0,1.0,1.0,1.0,1.0,1.0,0.3333333333333333,0.5,0.5,1.0,1,D3::D3-Q045,1.0
D3,D3-Q046,exact_fact,normal,advanced,768,112,344064,3.2964799404144287,14.303445816040039,1.0,1.0,1.0,1.0,1.0,1.0,1.0,1.0,1.0,1.0,1.0,1.0,1.0,1.0,1.0,1.0,1,D3::D3-Q046,1.0
D3,D3-Q047,numerical,normal,advanced,768,112,344064,3.2964799404144287,14.789104461669922,1.0,1.0,1.0,1.0,1.0,1.0,1.0,1.0,1.0,1.0,1.0,1.0,1.0,1.0,1.0,1.0,1,D3::D3-Q047,1.0
D3,D3-Q048,conditional_exception,normal,advanced,768,112,344064,3.2964799404144287,14.809608459472656,0.0,0.0,0.0,0.0,0.0,0.0,1.0,1.0,1.0,1.0,1.0,1.0,0.2,0.38685280723454163,0.38685280723454163,1.0,1,D3::D3-Q048,1.0
D3,D3-Q049,numerical,normal,advanced,768,112,344064,3.2964799404144287,16.692161560058594,0.0,0.0,0.0,0.0,0.0,0.0,0.0,0.0,0.0,1.0,1.0,1.0,0.14285714285714285,0.0,0.3333333333333333,1.0,1,D3::D3-Q049,1.0
D3,D3-Q050,procedural,normal,advanced,768,112,344064,3.2964799404144287,14.39046859741211,1.0,1.0,1.0,1.0,1.0,1.0,1.0,1.0,1.0,1.0,1.0,1.0,1.0,1.0,1.0,1.0,1,D3::D3-Q050,1.0
D3,D3-Q051,temporal,normal,advanced,768,112,344064,3.2964799404144287,14.260530471801758,1.0,1.0,1.0,1.0,1.0,1.0,1.0,1.0,1.0,1.0,1.0,1.0,1.0,1.0,1.0,1.0,1,D3::D3-Q051,1.0
D3,D3-Q052,conditional_exception,normal,advanced,768,112,344064,3.2964799404144287,15.125274658203125,1.0,1.0,1.0,1.0,1.0,1.0,1.0,1.0,1.0,1.0,1.0,1.0,1.0,1.0,1.0,1.0,1,D3::D3-Q052,1.0
D3,D3-Q053,procedural,normal,advanced,768,112,344064,3.2964799404144287,15.428781509399414,1.0,1.0,1.0,1.0,1.0,1.0,1.0,1.0,1.0,1.0,1.0,1.0,1.0,1.2262943855309167,1.2262943855309167,1.0,2,D3::D3-Q053,1.0
D3,D3-Q054,conditional_exception,normal,advanced,768,112,344064,3.2964799404144287,14.82391357421875,1.0,1.0,1.0,1.0,1.0,1.0,1.0,1.0,1.0,1.0,1.0,1.0,1.0,1.0,1.0,1.0,1,D3::D3-Q054,1.0
D3,D3-Q055,exact_fact,normal,advanced,768,112,344064,3.2964799404144287,15.145063400268555,0.0,0.0,0.0,1.0,1.0,1.0,1.0,1.0,1.0,1.0,1.0,1.0,0.5,0.6309297535714575,0.6309297535714575,1.0,1,D3::D3-Q055,1.0
D3,D3-Q056,exact_fact,normal,advanced,768,112,344064,3.2964799404144287,15.208244323730469,1.0,1.0,1.0,1.0,1.0,1.0,1.0,1.0,1.0,1.0,1.0,1.0,1.0,1.0,1.0,1.0,1,D3::D3-Q056,1.0
D3,D3-Q057,exact_fact,normal,advanced,768,112,344064,3.2964799404144287,13.98468017578125,1.0,1.0,1.0,1.0,1.0,1.0,1.0,1.0,1.0,1.0,1.0,1.0,1.0,1.2262943855309167,1.2262943855309167,1.0,2,D3::D3-Q057,1.0
D3,D3-Q058,conditional_exception,normal,advanced,768,112,344064,3.2964799404144287,14.072895050048828,1.0,1.0,1.0,1.0,1.0,1.0,1.0,1.0,1.0,1.0,1.0,1.0,1.0,1.0,1.0,1.0,1,D3::D3-Q058,1.0
D3,D3-Q059,exact_fact,normal,advanced,768,112,344064,3.2964799404144287,14.43028450012207,1.0,1.0,1.0,1.0,1.0,1.0,1.0,1.0,1.0,1.0,1.0,1.0,1.0,1.0,1.0,1.0,1,D3::D3-Q059,1.0
D3,D3-Q060,negation,normal,advanced,768,112,344064,3.2964799404144287,14.063119888305664,1.0,1.0,1.0,1.0,1.0,1.0,1.0,1.0,1.0,1.0,1.0,1.0,1.0,1.0,1.0,1.0,1,D3::D3-Q060,1.0
D3,D3-Q061,exact_fact,normal,advanced,768,112,344064,3.2964799404144287,14.50347900390625,1.0,1.0,1.0,1.0,1.0,1.0,1.0,1.0,1.0,1.0,1.0,1.0,1.0,1.0,1.0,1.0,1,D3::D3-Q061,1.0
D3,D3-Q062,exact_fact,normal,advanced,768,112,344064,3.2964799404144287,14.479637145996094,1.0,1.0,1.0,1.0,1.0,1.0,1.0,1.0,1.0,1.0,1.0,1.0,1.0,1.0,1.0,1.0,1,D3::D3-Q062,1.0
D3,D3-Q063,procedural,normal,advanced,768,112,344064,3.2964799404144287,13.94796371459961,0.0,0.0,0.0,0.0,0.0,0.0,1.0,1.0,1.0,1.0,1.0,1.0,0.25,0.43067655807339306,0.43067655807339306,1.0,1,D3::D3-Q063,1.0
D3,D3-Q064,conditional_exception,normal,advanced,768,112,344064,3.2964799404144287,14.757394790649414,0.0,0.0,0.0,0.0,0.0,0.0,0.0,0.0,0.0,0.0,0.0,0.0,0.0,0.0,0.0,0.0,0,D3::D3-Q064,0.0
D3,D3-Q065,procedural,normal,advanced,768,112,344064,3.2964799404144287,15.112876892089844,1.0,1.0,1.0,1.0,1.0,1.0,1.0,1.0,1.0,1.0,1.0,1.0,1.0,1.0,1.0,1.0,1,D3::D3-Q065,1.0
D3,D3-Q066,conditional_exception,normal,advanced,768,112,344064,3.2964799404144287,14.491558074951172,1.0,1.0,1.0,1.0,1.0,1.0,1.0,1.0,1.0,1.0,1.0,1.0,1.0,1.0,1.0,1.0,1,D3::D3-Q066,1.0
D3,D3-Q067,exact_fact,normal,advanced,768,112,344064,3.2964799404144287,14.235258102416992,1.0,1.0,1.0,1.0,1.0,1.0,1.0,1.0,1.0,1.0,1.0,1.0,1.0,1.0,1.0,1.0,1,D3::D3-Q067,1.0
D3,D3-Q068,conditional_exception,normal,advanced,768,112,344064,3.2964799404144287,15.574216842651367,1.0,1.0,1.0,1.0,1.0,1.0,1.0,1.0,1.0,1.0,1.0,1.0,1.0,1.0,1.0,1.0,1,D3::D3-Q068,1.0
D3,D3-Q069,negation,normal,advanced,768,112,344064,3.2964799404144287,14.872074127197266,1.0,1.0,1.0,1.0,1.0,1.0,1.0,1.0,1.0,1.0,1.0,1.0,1.0,1.0,1.0,1.0,1,D3::D3-Q069,1.0
D3,D3-Q070,procedural,normal,advanced,768,112,344064,3.2964799404144287,14.559030532836914,0.0,0.0,0.0,1.0,1.0,1.0,1.0,1.0,1.0,1.0,1.0,1.0,0.3333333333333333,0.5,0.5,1.0,1,D3::D3-Q070,1.0
D3,D3-Q071,exact_fact,normal,advanced,768,112,344064,3.2964799404144287,14.77813720703125,1.0,1.0,1.0,1.0,1.0,1.0,1.0,1.0,1.0,1.0,1.0,1.0,1.0,1.0,1.0,1.0,1,D3::D3-Q071,1.0
D3,D3-Q072,procedural,normal,advanced,768,112,344064,3.2964799404144287,14.661073684692383,1.0,1.0,1.0,1.0,1.0,1.0,1.0,1.0,1.0,1.0,1.0,1.0,1.0,1.0,1.0,1.0,1,D3::D3-Q072,1.0
D3,D3-Q073,list_membership,normal,advanced,768,112,344064,3.2964799404144287,15.383720397949219,0.0,0.0,0.0,0.0,0.0,0.0,0.0,0.0,0.0,0.0,0.0,0.0,0.0,0.0,0.0,0.0,0,D3::D3-Q073,0.0
D3,D3-Q074,exact_fact,normal,advanced,768,112,344064,3.2964799404144287,14.729022979736328,1.0,1.0,1.0,1.0,1.0,1.0,1.0,1.0,1.0,1.0,1.0,1.0,1.0,1.0,1.0,1.0,1,D3::D3-Q074,1.0
D3,D3-Q075,exact_fact,normal,advanced,768,112,344064,3.2964799404144287,14.430761337280273,0.0,0.0,0.0,0.0,0.0,0.0,1.0,1.0,1.0,1.0,1.0,1.0,0.25,0.43067655807339306,0.43067655807339306,1.0,1,D3::D3-Q075,1.0
D3,D3-Q076,list_membership,normal,advanced,768,112,344064,3.2964799404144287,14.459848403930664,0.0,0.0,0.0,0.0,0.0,0.0,1.0,1.0,1.0,1.0,1.0,1.0,0.2,0.38685280723454163,0.38685280723454163,1.0,1,D3::D3-Q076,1.0
D3,D3-Q077,procedural,normal,advanced,768,112,344064,3.2964799404144287,15.054464340209961,1.0,1.0,1.0,1.0,1.0,1.0,1.0,1.0,1.0,1.0,1.0,1.0,1.0,1.2262943855309167,1.2262943855309167,1.0,2,D3::D3-Q077,1.0
D3,D3-Q078,numerical,normal,advanced,768,112,344064,3.2964799404144287,15.6097412109375,0.0,0.0,0.0,0.0,0.0,0.0,1.0,1.0,1.0,1.0,1.0,1.0,0.2,0.38685280723454163,0.38685280723454163,1.0,1,D3::D3-Q078,1.0
D3,D3-Q079,procedural,normal,advanced,768,112,344064,3.2964799404144287,14.761924743652344,0.0,0.0,0.0,1.0,1.0,1.0,1.0,1.0,1.0,1.0,1.0,1.0,0.5,0.7737056144690833,0.7737056144690833,1.0,2,D3::D3-Q079,1.0
D3,D3-Q080,conditional_exception,normal,advanced,768,112,344064,3.2964799404144287,14.174222946166992,0.1111111111111111,1.0,0.0,0.5555555555555556,1.0,0.0,0.5555555555555556,1.0,0.0,0.5555555555555556,1.0,0.0,1.0,1.1951052642117264,0.8282344716950817,0.5555555555555556,5,D3::D3-Q080,0.5555555555555556
D3,D3-Q081,exact_fact,normal,advanced,768,112,344064,3.2964799404144287,15.665769577026367,1.0,1.0,1.0,1.0,1.0,1.0,1.0,1.0,1.0,1.0,1.0,1.0,1.0,1.0,1.0,1.0,1,D3::D3-Q081,1.0
D3,D3-Q082,negative_query,normal,advanced,768,112,344064,3.2964799404144287,14.292240142822266,0.0,0.0,0.0,0.0,0.0,0.0,0.0,0.0,0.0,0.0,0.0,0.0,0.0,0.0,0.0,0.0,0,D3::D3-Q082,0.0
D3,D3-Q083,exact_fact,normal,advanced,768,112,344064,3.2964799404144287,13.947486877441406,1.0,1.0,1.0,1.0,1.0,1.0,1.0,1.0,1.0,1.0,1.0,1.0,1.0,1.0,1.0,1.0,1,D3::D3-Q083,1.0
D3,D3-Q084,exact_fact,normal,advanced,768,112,344064,3.2964799404144287,14.280557632446289,1.0,1.0,1.0,1.0,1.0,1.0,1.0,1.0,1.0,1.0,1.0,1.0,1.0,1.0,1.0,1.0,1,D3::D3-Q084,1.0
D3,D3-Q085,list_membership,normal,advanced,768,112,344064,3.2964799404144287,15.099763870239258,0.0,0.0,0.0,0.2857142857142857,1.0,0.0,0.2857142857142857,1.0,0.0,0.2857142857142857,1.0,0.0,0.5,0.4279725294690551,0.3468553139764789,0.2857142857142857,2,D3::D3-Q085,0.2857142857142857
D3,D3-Q086,negation,normal,advanced,768,112,344064,3.2964799404144287,14.59360122680664,1.0,1.0,1.0,1.0,1.0,1.0,1.0,1.0,1.0,1.0,1.0,1.0,1.0,1.0,1.0,1.0,1,D3::D3-Q086,1.0
D3,D3-Q087,conditional_exception,normal,advanced,768,112,344064,3.2964799404144287,14.435768127441406,0.0,0.0,0.0,0.0,0.0,0.0,0.0,0.0,0.0,0.0,0.0,0.0,0.0,0.0,0.0,0.0,0,D3::D3-Q087,0.0
D3,D3-Q088,exact_fact,normal,advanced,768,112,344064,3.2964799404144287,14.774084091186523,1.0,1.0,1.0,1.0,1.0,1.0,1.0,1.0,1.0,1.0,1.0,1.0,1.0,1.0,1.0,1.0,1,D3::D3-Q088,1.0
D3,D3-Q089,exact_fact,normal,advanced,768,112,344064,3.2964799404144287,14.124631881713867,1.0,1.0,1.0,1.0,1.0,1.0,1.0,1.0,1.0,1.0,1.0,1.0,1.0,1.0,1.0,1.0,1,D3::D3-Q089,1.0
D3,D3-Q090,procedural,normal,advanced,768,112,344064,3.2964799404144287,14.633417129516602,0.0,0.0,0.0,1.0,1.0,1.0,1.0,1.0,1.0,1.0,1.0,1.0,0.5,0.6309297535714575,0.6309297535714575,1.0,1,D3::D3-Q090,1.0
D3,D3-Q091,list_membership,normal,advanced,768,112,344064,3.2964799404144287,14.548778533935547,0.0,0.0,0.0,0.5,1.0,0.0,0.5,1.0,0.0,0.5,1.0,0.0,0.3333333333333333,0.5087403079104241,0.4539036202482202,0.5,3,D3::D3-Q091,0.5
D3,D3-Q092,conditional_exception,normal,advanced,768,112,344064,3.2964799404144287,14.805793762207031,1.0,1.0,1.0,1.0,1.0,1.0,1.0,1.0,1.0,1.0,1.0,1.0,1.0,1.0,1.0,1.0,1,D3::D3-Q092,1.0
D3,D3-Q093,exact_fact,normal,advanced,768,112,344064,3.2964799404144287,14.512062072753906,0.0,0.0,0.0,1.0,1.0,1.0,1.0,1.0,1.0,1.0,1.0,1.0,0.5,0.6309297535714575,0.6309297535714575,1.0,1,D3::D3-Q093,1.0
D3,D3-Q094,procedural,normal,advanced,768,112,344064,3.2964799404144287,14.602899551391602,0.0,0.0,0.0,1.0,1.0,1.0,1.0,1.0,1.0,1.0,1.0,1.0,0.5,0.6309297535714575,0.6309297535714575,1.0,1,D3::D3-Q094,1.0
D3,D3-Q095,negation,normal,advanced,768,112,344064,3.2964799404144287,15.114307403564453,0.0,0.0,0.0,1.0,1.0,1.0,1.0,1.0,1.0,1.0,1.0,1.0,0.5,0.7737056144690833,0.7737056144690833,1.0,2,D3::D3-Q095,1.0
D3,D3-Q096,numerical,normal,advanced,768,112,344064,3.2964799404144287,21.231889724731445,1.0,1.0,1.0,1.0,1.0,1.0,1.0,1.0,1.0,1.0,1.0,1.0,1.0,1.0,1.0,1.0,1,D3::D3-Q096,1.0
D3,D3-Q097,numerical,normal,advanced,768,112,344064,3.2964799404144287,22.712230682373047,1.0,1.0,1.0,1.0,1.0,1.0,1.0,1.0,1.0,1.0,1.0,1.0,1.0,1.0,1.0,1.0,1,D3::D3-Q097,1.0
D3,D3-Q098,negation,normal,advanced,768,112,344064,3.2964799404144287,17.4102783203125,1.0,1.0,1.0,1.0,1.0,1.0,1.0,1.0,1.0,1.0,1.0,1.0,1.0,1.0,1.0,1.0,1,D3::D3-Q098,1.0
D3,D3-Q099,exact_fact,normal,advanced,768,112,344064,3.2964799404144287,14.285087585449219,1.0,1.0,1.0,1.0,1.0,1.0,1.0,1.0,1.0,1.0,1.0,1.0,1.0,1.0,1.0,1.0,1,D3::D3-Q099,1.0
D3,D3-Q100,exact_fact,normal,advanced,768,112,344064,3.2964799404144287,13.718366622924805,1.0,1.0,1.0,1.0,1.0,1.0,1.0,1.0,1.0,1.0,1.0,1.0,1.0,1.0,1.0,1.0,1,D3::D3-Q100,1.0
D3,D3-Q101,conditional_exception,normal,advanced,768,112,344064,3.2964799404144287,14.274835586547852,1.0,1.0,1.0,1.0,1.0,1.0,1.0,1.0,1.0,1.0,1.0,1.0,1.0,1.0,1.0,1.0,1,D3::D3-Q101,1.0
D3,D3-Q102,exact_fact,normal,advanced,768,112,344064,3.2964799404144287,14.271259307861328,1.0,1.0,1.0,1.0,1.0,1.0,1.0,1.0,1.0,1.0,1.0,1.0,1.0,1.0,1.0,1.0,1,D3::D3-Q102,1.0
D3,D3-Q103,exact_fact,normal,advanced,768,112,344064,3.2964799404144287,20.406723022460938,1.0,1.0,1.0,1.0,1.0,1.0,1.0,1.0,1.0,1.0,1.0,1.0,1.0,1.0,1.0,1.0,1,D3::D3-Q103,1.0
D3,D3-Q104,temporal,normal,advanced,768,112,344064,3.2964799404144287,14.24098014831543,0.0,0.0,0.0,1.0,1.0,1.0,1.0,1.0,1.0,1.0,1.0,1.0,0.3333333333333333,0.5,0.5,1.0,1,D3::D3-Q104,1.0
D3,D3-Q105,exact_fact,normal,advanced,768,112,344064,3.2964799404144287,14.706134796142578,0.0,0.0,0.0,0.0,0.0,0.0,1.0,1.0,1.0,1.0,1.0,1.0,0.25,0.43067655807339306,0.43067655807339306,1.0,1,D3::D3-Q105,1.0
D3,D3-Q106,numerical,normal,advanced,768,112,344064,3.2964799404144287,15.648603439331055,1.0,1.0,1.0,1.0,1.0,1.0,1.0,1.0,1.0,1.0,1.0,1.0,1.0,1.0,1.0,1.0,1,D3::D3-Q106,1.0
D3,D3-Q107,conditional_exception,normal,advanced,768,112,344064,3.2964799404144287,14.631986618041992,0.0,0.0,0.0,1.0,1.0,1.0,1.0,1.0,1.0,1.0,1.0,1.0,0.3333333333333333,0.5,0.5,1.0,1,D3::D3-Q107,1.0
D3,D3-Q108,conditional_exception,normal,advanced,768,112,344064,3.2964799404144287,16.490697860717773,1.0,1.0,1.0,1.0,1.0,1.0,1.0,1.0,1.0,1.0,1.0,1.0,1.0,1.0,1.0,1.0,1,D3::D3-Q108,1.0
D3,D3-Q109,conditional_exception,normal,advanced,768,112,344064,3.2964799404144287,14.589071273803711,0.0,0.0,0.0,1.0,1.0,1.0,1.0,1.0,1.0,1.0,1.0,1.0,0.5,0.6309297535714575,0.6309297535714575,1.0,1,D3::D3-Q109,1.0
D3,D3-Q110,exact_fact,normal,advanced,768,112,344064,3.2964799404144287,14.304161071777344,1.0,1.0,1.0,1.0,1.0,1.0,1.0,1.0,1.0,1.0,1.0,1.0,1.0,1.0,1.0,1.0,1,D3::D3-Q110,1.0
D3,D3-Q111,procedural,normal,advanced,768,112,344064,3.2964799404144287,13.750314712524414,0.0,0.0,0.0,1.0,1.0,1.0,1.0,1.0,1.0,1.0,1.0,1.0,0.3333333333333333,0.5,0.5,1.0,1,D3::D3-Q111,1.0
D3,D3-Q112,conditional_exception,normal,advanced,768,112,344064,3.2964799404144287,14.391899108886719,0.0,0.0,0.0,1.0,1.0,1.0,1.0,1.0,1.0,1.0,1.0,1.0,0.5,0.6309297535714575,0.6309297535714575,1.0,1,D3::D3-Q112,1.0
D3,D3-Q113,conditional_exception,normal,advanced,768,112,344064,3.2964799404144287,14.716148376464844,1.0,1.0,1.0,1.0,1.0,1.0,1.0,1.0,1.0,1.0,1.0,1.0,1.0,1.0,1.0,1.0,1,D3::D3-Q113,1.0
D3,D3-Q114,negation,normal,advanced,768,112,344064,3.2964799404144287,14.759063720703125,1.0,1.0,1.0,1.0,1.0,1.0,1.0,1.0,1.0,1.0,1.0,1.0,1.0,1.0,1.0,1.0,1,D3::D3-Q114,1.0
D3,D3-Q115,numerical,normal,advanced,768,112,344064,3.2964799404144287,13.831853866577148,1.0,1.0,1.0,1.0,1.0,1.0,1.0,1.0,1.0,1.0,1.0,1.0,1.0,1.0,1.0,1.0,1,D3::D3-Q115,1.0
D3,D3-Q116,exact_fact,normal,advanced,768,112,344064,3.2964799404144287,14.34779167175293,1.0,1.0,1.0,1.0,1.0,1.0,1.0,1.0,1.0,1.0,1.0,1.0,1.0,1.0,1.0,1.0,1,D3::D3-Q116,1.0
D3,D3-Q117,numerical,normal,advanced,768,112,344064,3.2964799404144287,14.093637466430664,0.5,1.0,0.0,0.5,1.0,0.0,1.0,1.0,1.0,1.0,1.0,1.0,1.0,1.0827993364398139,1.0827993364398139,1.0,4,D3::D3-Q117,1.0
D3,D3-Q118,numerical,normal,advanced,768,112,344064,3.2964799404144287,14.818668365478516,1.0,1.0,1.0,1.0,1.0,1.0,1.0,1.0,1.0,1.0,1.0,1.0,1.0,1.0,1.0,1.0,1,D3::D3-Q118,1.0
D3,D3-Q119,negation,normal,advanced,768,112,344064,3.2964799404144287,15.450477600097656,0.0,0.0,0.0,1.0,1.0,1.0,1.0,1.0,1.0,1.0,1.0,1.0,0.3333333333333333,0.5,0.5,1.0,1,D3::D3-Q119,1.0
D3,D3-Q120,numerical,normal,advanced,768,112,344064,3.2964799404144287,14.159202575683594,1.0,1.0,1.0,1.0,1.0,1.0,1.0,1.0,1.0,1.0,1.0,1.0,1.0,1.0,1.0,1.0,1,D3::D3-Q120,1.0
D3,D3-Q121,numerical,normal,advanced,768,112,344064,3.2964799404144287,14.386653900146484,1.0,1.0,1.0,1.0,1.0,1.0,1.0,1.0,1.0,1.0,1.0,1.0,1.0,1.0,1.0,1.0,1,D3::D3-Q121,1.0
D3,D3-Q122,numerical,normal,advanced,768,112,344064,3.2964799404144287,14.048337936401367,1.0,1.0,1.0,1.0,1.0,1.0,1.0,1.0,1.0,1.0,1.0,1.0,1.0,1.0,1.0,1.0,1,D3::D3-Q122,1.0
D3,D3-Q123,numerical,normal,advanced,768,112,344064,3.2964799404144287,14.837980270385742,0.0,0.0,0.0,1.0,1.0,1.0,1.0,1.0,1.0,1.0,1.0,1.0,0.3333333333333333,0.5,0.5,1.0,1,D3::D3-Q123,1.0
D3,D3-Q124,numerical,normal,advanced,768,112,344064,3.2964799404144287,14.025449752807617,0.0,0.0,0.0,1.0,1.0,1.0,1.0,1.0,1.0,1.0,1.0,1.0,0.3333333333333333,0.5,0.5,1.0,1,D3::D3-Q124,1.0
D3,D3-Q125,numerical,normal,advanced,768,112,344064,3.2964799404144287,15.037059783935547,0.0,0.0,0.0,0.0,0.0,0.0,1.0,1.0,1.0,1.0,1.0,1.0,0.2,0.38685280723454163,0.38685280723454163,1.0,1,D3::D3-Q125,1.0
D3,D3-Q126,numerical,normal,advanced,768,112,344064,3.2964799404144287,14.597415924072266,1.0,1.0,1.0,1.0,1.0,1.0,1.0,1.0,1.0,1.0,1.0,1.0,1.0,1.0,1.0,1.0,1,D3::D3-Q126,1.0
D3,D3-Q127,numerical,normal,advanced,768,112,344064,3.2964799404144287,14.815807342529297,1.0,1.0,1.0,1.0,1.0,1.0,1.0,1.0,1.0,1.0,1.0,1.0,1.0,1.0,1.0,1.0,1,D3::D3-Q127,1.0
D3,D3-Q128,exact_fact,normal,advanced,768,112,344064,3.2964799404144287,14.416217803955078,1.0,1.0,1.0,1.0,1.0,1.0,1.0,1.0,1.0,1.0,1.0,1.0,1.0,1.0,1.0,1.0,1,D3::D3-Q128,1.0
D3,D3-Q129,numerical,normal,advanced,768,112,344064,3.2964799404144287,13.92674446105957,0.0,0.0,0.0,0.0,0.0,0.0,1.0,1.0,1.0,1.0,1.0,1.0,0.2,0.38685280723454163,0.38685280723454163,1.0,1,D3::D3-Q129,1.0
D3,D3-Q130,numerical,normal,advanced,768,112,344064,3.2964799404144287,13.985872268676758,1.0,1.0,1.0,1.0,1.0,1.0,1.0,1.0,1.0,1.0,1.0,1.0,1.0,1.0,1.0,1.0,1,D3::D3-Q130,1.0
D3,D3-Q131,procedural,normal,advanced,768,112,344064,3.2964799404144287,14.002323150634766,1.0,1.0,1.0,1.0,1.0,1.0,1.0,1.0,1.0,1.0,1.0,1.0,1.0,1.0,1.0,1.0,1,D3::D3-Q131,1.0
D3,D3-Q132,conditional_exception,normal,advanced,768,112,344064,3.2964799404144287,14.631509780883789,0.0,0.0,0.0,1.0,1.0,1.0,1.0,1.0,1.0,1.0,1.0,1.0,0.5,0.7737056144690833,0.7737056144690833,1.0,2,D3::D3-Q132,1.0
D3,D3-Q133,conditional_exception,normal,advanced,768,112,344064,3.2964799404144287,14.16778564453125,0.0,0.0,0.0,1.0,1.0,1.0,1.0,1.0,1.0,1.0,1.0,1.0,0.5,0.7737056144690833,0.7737056144690833,1.0,2,D3::D3-Q133,1.0
D3,D3-Q134,negation,normal,advanced,768,112,344064,3.2964799404144287,14.03045654296875,0.0,0.0,0.0,0.0,0.0,0.0,0.0,0.0,0.0,0.0,0.0,0.0,0.0,0.0,0.0,0.0,0,D3::D3-Q134,0.0
D3,D3-Q135,numerical,normal,advanced,768,112,344064,3.2964799404144287,14.48369026184082,1.0,1.0,1.0,1.0,1.0,1.0,1.0,1.0,1.0,1.0,1.0,1.0,1.0,1.0,1.0,1.0,1,D3::D3-Q135,1.0
D3,D3-Q136,numerical,normal,advanced,768,112,344064,3.2964799404144287,14.145135879516602,1.0,1.0,1.0,1.0,1.0,1.0,1.0,1.0,1.0,1.0,1.0,1.0,1.0,1.0,1.0,1.0,1,D3::D3-Q136,1.0
D3,D3-Q137,exact_fact,normal,advanced,768,112,344064,3.2964799404144287,14.081954956054688,1.0,1.0,1.0,1.0,1.0,1.0,1.0,1.0,1.0,1.0,1.0,1.0,1.0,1.0,1.0,1.0,1,D3::D3-Q137,1.0
D3,D3-Q138,procedural,normal,advanced,768,112,344064,3.2964799404144287,14.924287796020508,0.0,0.0,0.0,0.0,0.0,0.0,0.0,0.0,0.0,0.0,0.0,0.0,0.0,0.0,0.0,0.0,0,D3::D3-Q138,0.0
D3,D3-Q139,list_membership,normal,advanced,768,112,344064,3.2964799404144287,14.048576354980469,1.0,1.0,1.0,1.0,1.0,1.0,1.0,1.0,1.0,1.0,1.0,1.0,1.0,1.5615201999684067,1.5615201999684067,1.0,4,D3::D3-Q139,1.0
D3,D3-Q140,negation,normal,advanced,768,112,344064,3.2964799404144287,14.145612716674805,1.0,1.0,1.0,1.0,1.0,1.0,1.0,1.0,1.0,1.0,1.0,1.0,1.0,1.0,1.0,1.0,1,D3::D3-Q140,1.0
D3,D3-Q141,exact_fact,normal,advanced,768,112,344064,3.2964799404144287,15.402078628540039,1.0,1.0,1.0,1.0,1.0,1.0,1.0,1.0,1.0,1.0,1.0,1.0,1.0,1.0,1.0,1.0,1,D3::D3-Q141,1.0
D3,D3-Q142,conditional_exception,normal,advanced,768,112,344064,3.2964799404144287,14.617919921875,1.0,1.0,1.0,1.0,1.0,1.0,1.0,1.0,1.0,1.0,1.0,1.0,1.0,1.0,1.0,1.0,1,D3::D3-Q142,1.0
D3,D3-Q143,exact_fact,normal,advanced,768,112,344064,3.2964799404144287,14.810800552368164,1.0,1.0,1.0,1.0,1.0,1.0,1.0,1.0,1.0,1.0,1.0,1.0,1.0,1.0,1.0,1.0,1,D3::D3-Q143,1.0
D3,D3-Q144,negation,normal,advanced,768,112,344064,3.2964799404144287,14.515399932861328,1.0,1.0,1.0,1.0,1.0,1.0,1.0,1.0,1.0,1.0,1.0,1.0,1.0,1.2262943855309167,1.2262943855309167,1.0,2,D3::D3-Q144,1.0
D3,D3-Q145,conditional_exception,normal,advanced,768,112,344064,3.2964799404144287,14.614105224609375,0.0,0.0,0.0,1.0,1.0,1.0,1.0,1.0,1.0,1.0,1.0,1.0,0.5,0.6309297535714575,0.6309297535714575,1.0,1,D3::D3-Q145,1.0
D3,D3-Q146,conditional_exception,normal,advanced,768,112,344064,3.2964799404144287,15.212297439575195,1.0,1.0,1.0,1.0,1.0,1.0,1.0,1.0,1.0,1.0,1.0,1.0,1.0,1.0,1.0,1.0,1,D3::D3-Q146,1.0
D3,D3-Q147,conditional_exception,normal,advanced,768,112,344064,3.2964799404144287,14.358043670654297,1.0,1.0,1.0,1.0,1.0,1.0,1.0,1.0,1.0,1.0,1.0,1.0,1.0,1.0,1.0,1.0,1,D3::D3-Q147,1.0
D3,D3-Q148,exact_fact,normal,advanced,768,112,344064,3.2964799404144287,14.459848403930664,1.0,1.0,1.0,1.0,1.0,1.0,1.0,1.0,1.0,1.0,1.0,1.0,1.0,1.0,1.0,1.0,1,D3::D3-Q148,1.0
D3,D3-Q149,temporal,normal,advanced,768,112,344064,3.2964799404144287,14.300823211669922,1.0,1.0,1.0,1.0,1.0,1.0,1.0,1.0,1.0,1.0,1.0,1.0,1.0,1.0,1.0,1.0,1,D3::D3-Q149,1.0
D3,D3-Q150,exact_fact,normal,advanced,768,112,344064,3.2964799404144287,15.972375869750977,1.0,1.0,1.0,1.0,1.0,1.0,1.0,1.0,1.0,1.0,1.0,1.0,1.0,1.0,1.0,1.0,1,D3::D3-Q150,1.0
D3,D3-Q151,conditional_exception,normal,advanced,768,112,344064,3.2964799404144287,15.718221664428711,0.0,0.0,0.0,1.0,1.0,1.0,1.0,1.0,1.0,1.0,1.0,1.0,0.5,0.6309297535714575,0.6309297535714575,1.0,1,D3::D3-Q151,1.0
D3,D3-Q152,exact_fact,normal,advanced,768,112,344064,3.2964799404144287,14.642477035522461,1.0,1.0,1.0,1.0,1.0,1.0,1.0,1.0,1.0,1.0,1.0,1.0,1.0,1.0,1.0,1.0,1,D3::D3-Q152,1.0
D3,D3-Q153,exact_fact,normal,advanced,768,112,344064,3.2964799404144287,14.387845993041992,1.0,1.0,1.0,1.0,1.0,1.0,1.0,1.0,1.0,1.0,1.0,1.0,1.0,1.0,1.0,1.0,1,D3::D3-Q153,1.0
D3,D3-Q154,list_membership,normal,advanced,768,112,344064,3.2964799404144287,14.992475509643555,1.0,1.0,1.0,1.0,1.0,1.0,1.0,1.0,1.0,1.0,1.0,1.0,1.0,1.2262943855309167,1.2262943855309167,1.0,2,D3::D3-Q154,1.0
D3,D3-Q155,negation,normal,advanced,768,112,344064,3.2964799404144287,14.599800109863281,1.0,1.0,1.0,1.0,1.0,1.0,1.0,1.0,1.0,1.0,1.0,1.0,1.0,1.0,1.0,1.0,1,D3::D3-Q155,1.0
D3,D3-Q156,conditional_exception,normal,advanced,768,112,344064,3.2964799404144287,14.969587326049805,1.0,1.0,1.0,1.0,1.0,1.0,1.0,1.0,1.0,1.0,1.0,1.0,1.0,1.0,1.0,1.0,1,D3::D3-Q156,1.0
D3,D3-Q157,exact_fact,normal,advanced,768,112,344064,3.2964799404144287,14.953136444091797,1.0,1.0,1.0,1.0,1.0,1.0,1.0,1.0,1.0,1.0,1.0,1.0,1.0,1.0,1.0,1.0,1,D3::D3-Q157,1.0
D3,D3-Q158,exact_fact,normal,advanced,768,112,344064,3.2964799404144287,16.34669303894043,1.0,1.0,1.0,1.0,1.0,1.0,1.0,1.0,1.0,1.0,1.0,1.0,1.0,1.0,1.0,1.0,1,D3::D3-Q158,1.0
D3,D3-Q159,procedural,normal,advanced,768,112,344064,3.2964799404144287,27.209758758544922,0.0,0.0,0.0,0.0,0.0,0.0,1.0,1.0,1.0,1.0,1.0,1.0,0.25,0.43067655807339306,0.43067655807339306,1.0,1,D3::D3-Q159,1.0
D3,D3-Q160,temporal,normal,advanced,768,112,344064,3.2964799404144287,17.51112937927246,1.0,1.0,1.0,1.0,1.0,1.0,1.0,1.0,1.0,1.0,1.0,1.0,1.0,1.0,1.0,1.0,1,D3::D3-Q160,1.0
D3,D3-Q161,exact_fact,normal,advanced,768,112,344064,3.2964799404144287,14.695882797241211,1.0,1.0,1.0,1.0,1.0,1.0,1.0,1.0,1.0,1.0,1.0,1.0,1.0,1.0,1.0,1.0,1,D3::D3-Q161,1.0
D3,D3-Q162,exact_fact,normal,advanced,768,112,344064,3.2964799404144287,15.045642852783203,1.0,1.0,1.0,1.0,1.0,1.0,1.0,1.0,1.0,1.0,1.0,1.0,1.0,1.0,1.0,1.0,1,D3::D3-Q162,1.0
D3,D3-Q163,list_membership,normal,advanced,768,112,344064,3.2964799404144287,20.752906799316406,1.0,1.0,1.0,1.0,1.0,1.0,1.0,1.0,1.0,1.0,1.0,1.0,1.0,1.0,1.0,1.0,1,D3::D3-Q163,1.0
D3,D3-Q164,exact_fact,normal,advanced,768,112,344064,3.2964799404144287,16.155481338500977,1.0,1.0,1.0,1.0,1.0,1.0,1.0,1.0,1.0,1.0,1.0,1.0,1.0,1.0,1.0,1.0,1,D3::D3-Q164,1.0
D3,D3-Q165,negation,normal,advanced,768,112,344064,3.2964799404144287,14.301776885986328,0.0,0.0,0.0,0.0,0.0,0.0,0.0,0.0,0.0,0.0,0.0,0.0,0.0,0.0,0.0,0.0,0,D3::D3-Q165,0.0
D3,D3-Q166,list_membership,normal,advanced,768,112,344064,3.2964799404144287,14.56308364868164,0.0,0.0,0.0,1.0,1.0,1.0,1.0,1.0,1.0,1.0,1.0,1.0,0.3333333333333333,0.5,0.5,1.0,1,D3::D3-Q166,1.0
D3,D3-Q167,exact_fact,normal,advanced,768,112,344064,3.2964799404144287,15.455245971679688,1.0,1.0,1.0,1.0,1.0,1.0,1.0,1.0,1.0,1.0,1.0,1.0,1.0,1.0,1.0,1.0,1,D3::D3-Q167,1.0
D3,D3-Q168,exact_fact,normal,advanced,768,112,344064,3.2964799404144287,15.923023223876953,1.0,1.0,1.0,1.0,1.0,1.0,1.0,1.0,1.0,1.0,1.0,1.0,1.0,1.0,1.0,1.0,1,D3::D3-Q168,1.0
D3,D3-Q169,conditional_exception,normal,advanced,768,112,344064,3.2964799404144287,14.36161994934082,1.0,1.0,1.0,1.0,1.0,1.0,1.0,1.0,1.0,1.0,1.0,1.0,1.0,1.0,1.0,1.0,1,D3::D3-Q169,1.0
D3,D3-Q170,conditional_exception,normal,advanced,768,112,344064,3.2964799404144287,14.257192611694336,0.0,0.0,0.0,0.0,0.0,0.0,1.0,1.0,1.0,1.0,1.0,1.0,0.25,0.43067655807339306,0.43067655807339306,1.0,1,D3::D3-Q170,1.0
D3,D3-Q171,conditional_exception,normal,advanced,768,112,344064,3.2964799404144287,14.413595199584961,1.0,1.0,1.0,1.0,1.0,1.0,1.0,1.0,1.0,1.0,1.0,1.0,1.0,1.0,1.0,1.0,1,D3::D3-Q171,1.0
D3,D3-Q172,conditional_exception,normal,advanced,768,112,344064,3.2964799404144287,14.59813117980957,1.0,1.0,1.0,1.0,1.0,1.0,1.0,1.0,1.0,1.0,1.0,1.0,1.0,1.0,1.0,1.0,1,D3::D3-Q172,1.0
D3,D3-Q173,procedural,normal,advanced,768,112,344064,3.2964799404144287,15.534639358520508,1.0,1.0,1.0,1.0,1.0,1.0,1.0,1.0,1.0,1.0,1.0,1.0,1.0,1.0,1.0,1.0,1,D3::D3-Q173,1.0
D3,D3-Q174,conditional_exception,normal,advanced,768,112,344064,3.2964799404144287,15.482902526855469,1.0,1.0,1.0,1.0,1.0,1.0,1.0,1.0,1.0,1.0,1.0,1.0,1.0,1.0,1.0,1.0,1,D3::D3-Q174,1.0
D3,D3-Q175,conditional_exception,normal,advanced,768,112,344064,3.2964799404144287,14.368772506713867,1.0,1.0,1.0,1.0,1.0,1.0,1.0,1.0,1.0,1.0,1.0,1.0,1.0,1.0,1.0,1.0,1,D3::D3-Q175,1.0
D3,D3-Q176,procedural,normal,advanced,768,112,344064,3.2964799404144287,14.52016830444336,0.0,0.0,0.0,1.0,1.0,1.0,1.0,1.0,1.0,1.0,1.0,1.0,0.5,0.6309297535714575,0.6309297535714575,1.0,1,D3::D3-Q176,1.0
D3,D3-Q177,exact_fact,normal,advanced,768,112,344064,3.2964799404144287,14.420509338378906,0.0,0.0,0.0,1.0,1.0,1.0,1.0,1.0,1.0,1.0,1.0,1.0,0.3333333333333333,0.5,0.5,1.0,1,D3::D3-Q177,1.0
D3,D3-Q178,procedural,normal,advanced,768,112,344064,3.2964799404144287,14.404535293579102,0.0,0.0,0.0,1.0,1.0,1.0,1.0,1.0,1.0,1.0,1.0,1.0,0.5,0.6309297535714575,0.6309297535714575,1.0,1,D3::D3-Q178,1.0
D3,D3-Q179,negation,normal,advanced,768,112,344064,3.2964799404144287,14.737844467163086,0.0,0.0,0.0,1.0,1.0,1.0,1.0,1.0,1.0,1.0,1.0,1.0,0.5,0.6309297535714575,0.6309297535714575,1.0,1,D3::D3-Q179,1.0
D3,D3-Q180,conditional_exception,normal,advanced,768,112,344064,3.2964799404144287,14.327764511108398,1.0,1.0,1.0,1.0,1.0,1.0,1.0,1.0,1.0,1.0,1.0,1.0,1.0,1.0,1.0,1.0,1,D3::D3-Q180,1.0
D3,D3-Q181,numerical,normal,advanced,768,112,344064,3.2964799404144287,14.145374298095703,0.0,0.0,0.0,0.0,0.0,0.0,0.0,0.0,0.0,0.0,0.0,0.0,0.0,0.0,0.0,0.0,0,D3::D3-Q181,0.0
D3,D3-Q182,temporal,normal,advanced,768,112,344064,3.2964799404144287,14.24717903137207,1.0,1.0,1.0,1.0,1.0,1.0,1.0,1.0,1.0,1.0,1.0,1.0,1.0,1.0,1.0,1.0,1,D3::D3-Q182,1.0
D3,D3-Q183,list_membership,normal,advanced,768,112,344064,3.2964799404144287,14.193296432495117,0.0,0.0,0.0,0.0,0.0,0.0,0.0,0.0,0.0,0.0,0.0,0.0,0.0,0.0,0.0,0.0,0,D3::D3-Q183,0.0
D3,D3-Q184,numerical,normal,advanced,768,112,344064,3.2964799404144287,14.323711395263672,1.0,1.0,1.0,1.0,1.0,1.0,1.0,1.0,1.0,1.0,1.0,1.0,1.0,1.0,1.0,1.0,1,D3::D3-Q184,1.0
D3,D3-Q185,numerical,normal,advanced,768,112,344064,3.2964799404144287,14.388561248779297,1.0,1.0,1.0,1.0,1.0,1.0,1.0,1.0,1.0,1.0,1.0,1.0,1.0,1.0,1.0,1.0,1,D3::D3-Q185,1.0
D3,D3-Q186,negation,normal,advanced,768,112,344064,3.2964799404144287,14.399528503417969,1.0,1.0,1.0,1.0,1.0,1.0,1.0,1.0,1.0,1.0,1.0,1.0,1.0,1.0,1.0,1.0,1,D3::D3-Q186,1.0
D3,D3-Q187,procedural,normal,advanced,768,112,344064,3.2964799404144287,14.287471771240234,1.0,1.0,1.0,1.0,1.0,1.0,1.0,1.0,1.0,1.0,1.0,1.0,1.0,1.0,1.0,1.0,1,D3::D3-Q187,1.0
D3,D3-Q188,conditional_exception,normal,advanced,768,112,344064,3.2964799404144287,14.744758605957031,0.0,0.0,0.0,0.0,0.0,0.0,0.0,0.0,0.0,0.0,0.0,0.0,0.0,0.0,0.0,0.0,0,D3::D3-Q188,0.0
D3,D3-Q189,exact_fact,normal,advanced,768,112,344064,3.2964799404144287,14.312267303466797,0.0,0.0,0.0,0.0,0.0,0.0,0.0,0.0,0.0,0.0,0.0,0.0,0.0,0.0,0.0,0.0,0,D3::D3-Q189,0.0
D3,D3-Q190,conditional_exception,normal,advanced,768,112,344064,3.2964799404144287,15.246391296386719,1.0,1.0,1.0,1.0,1.0,1.0,1.0,1.0,1.0,1.0,1.0,1.0,1.0,1.0,1.0,1.0,1,D3::D3-Q190,1.0
D3,D3-Q191,list_membership,normal,advanced,768,112,344064,3.2964799404144287,14.832258224487305,1.0,1.0,1.0,1.0,1.0,1.0,1.0,1.0,1.0,1.0,1.0,1.0,1.0,1.0,1.0,1.0,1,D3::D3-Q191,1.0
D3,D3-Q192,numerical,normal,advanced,768,112,344064,3.2964799404144287,14.218807220458984,1.0,1.0,1.0,1.0,1.0,1.0,1.0,1.0,1.0,1.0,1.0,1.0,1.0,1.0,1.0,1.0,1,D3::D3-Q192,1.0
D3,D3-Q193,conditional_exception,normal,advanced,768,112,344064,3.2964799404144287,14.918088912963867,1.0,1.0,1.0,1.0,1.0,1.0,1.0,1.0,1.0,1.0,1.0,1.0,1.0,1.0,1.0,1.0,1,D3::D3-Q193,1.0
D3,D3-Q194,numerical,normal,advanced,768,112,344064,3.2964799404144287,14.604806900024414,1.0,1.0,1.0,1.0,1.0,1.0,1.0,1.0,1.0,1.0,1.0,1.0,1.0,1.0,1.0,1.0,1,D3::D3-Q194,1.0
D3,D3-Q195,exact_fact,normal,advanced,768,112,344064,3.2964799404144287,15.123367309570312,0.0,0.0,0.0,0.0,0.0,0.0,0.0,0.0,0.0,1.0,1.0,1.0,0.125,0.0,0.31546487678572877,1.0,1,D3::D3-Q195,1.0
D3,D3-Q196,exact_fact,normal,advanced,768,112,344064,3.2964799404144287,14.672517776489258,0.0,0.0,0.0,1.0,1.0,1.0,1.0,1.0,1.0,1.0,1.0,1.0,0.5,0.6309297535714575,0.6309297535714575,1.0,1,D3::D3-Q196,1.0
D3,D3-Q197,conditional_exception,normal,advanced,768,112,344064,3.2964799404144287,15.432596206665039,0.0,0.0,0.0,0.0,0.0,0.0,0.0,0.0,0.0,1.0,1.0,1.0,0.1,0.0,0.2890648263178879,1.0,1,D3::D3-Q197,1.0
D3,D3-Q198,numerical,normal,advanced,768,112,344064,3.2964799404144287,14.576435089111328,1.0,1.0,1.0,1.0,1.0,1.0,1.0,1.0,1.0,1.0,1.0,1.0,1.0,1.0,1.0,1.0,1,D3::D3-Q198,1.0
D3,D3-Q199,numerical,normal,advanced,768,112,344064,3.2964799404144287,15.78974723815918,0.0,0.0,0.0,1.0,1.0,1.0,1.0,1.0,1.0,1.0,1.0,1.0,0.5,0.6309297535714575,0.6309297535714575,1.0,1,D3::D3-Q199,1.0
D3,D3-Q200,negation,normal,advanced,768,112,344064,3.2964799404144287,13.82136344909668,0.0,0.0,0.0,0.0,0.0,0.0,1.0,1.0,1.0,1.0,1.0,1.0,0.25,0.43067655807339306,0.43067655807339306,1.0,1,D3::D3-Q200,1.0
D4,D4-Q001,exact_fact,normal,advanced,64,175,44800,4.160682439804077,15.971899032592773,1.0,1.0,1.0,1.0,1.0,1.0,1.0,1.0,1.0,1.0,1.0,1.0,1.0,1.0,1.0,1.0,1,D4::D4-Q001,1.0
D4,D4-Q002,exact_fact,normal,advanced,64,175,44800,4.160682439804077,15.125036239624023,0.0,0.0,0.0,0.0,0.0,0.0,1.0,1.0,1.0,1.0,1.0,1.0,0.25,0.43067655807339306,0.43067655807339306,1.0,1,D4::D4-Q002,1.0
D4,D4-Q003,temporal,normal,advanced,64,175,44800,4.160682439804077,14.54615592956543,0.0,0.0,0.0,0.0,0.0,0.0,0.0,0.0,0.0,1.0,1.0,1.0,0.1111111111111111,0.0,0.3010299956639812,1.0,1,D4::D4-Q003,1.0
D4,D4-Q004,list_membership,normal,advanced,64,175,44800,4.160682439804077,14.630794525146484,0.0,0.0,0.0,0.0,0.0,0.0,0.0,0.0,0.0,0.0,0.0,0.0,0.0,0.0,0.0,0.0,0,D4::D4-Q004,0.0
D4,D4-Q005,exact_fact,normal,advanced,64,175,44800,4.160682439804077,14.702796936035156,1.0,1.0,1.0,1.0,1.0,1.0,1.0,1.0,1.0,1.0,1.0,1.0,1.0,1.0,1.0,1.0,1,D4::D4-Q005,1.0
D4,D4-Q006,exact_fact,normal,advanced,64,175,44800,4.160682439804077,14.01662826538086,0.0,0.0,0.0,0.0,0.0,0.0,0.0,0.0,0.0,1.0,1.0,1.0,0.14285714285714285,0.0,0.3333333333333333,1.0,1,D4::D4-Q006,1.0
D4,D4-Q007,exact_fact,normal,advanced,64,175,44800,4.160682439804077,14.989852905273438,1.0,1.0,1.0,1.0,1.0,1.0,1.0,1.0,1.0,1.0,1.0,1.0,1.0,1.0,1.0,1.0,1,D4::D4-Q007,1.0
D4,D4-Q008,exact_fact,normal,advanced,64,175,44800,4.160682439804077,15.741825103759766,1.0,1.0,1.0,1.0,1.0,1.0,1.0,1.0,1.0,1.0,1.0,1.0,1.0,1.0,1.0,1.0,1,D4::D4-Q008,1.0
D4,D4-Q009,exact_fact,normal,advanced,64,175,44800,4.160682439804077,17.812728881835938,0.0,0.0,0.0,0.0,0.0,0.0,0.0,0.0,0.0,1.0,1.0,1.0,0.14285714285714285,0.0,0.3333333333333333,1.0,1,D4::D4-Q009,1.0
D4,D4-Q010,exact_fact,normal,advanced,64,175,44800,4.160682439804077,14.181137084960938,1.0,1.0,1.0,1.0,1.0,1.0,1.0,1.0,1.0,1.0,1.0,1.0,1.0,1.0,1.0,1.0,1,D4::D4-Q010,1.0
D4,D4-Q011,exact_fact,normal,advanced,64,175,44800,4.160682439804077,14.133214950561523,1.0,1.0,1.0,1.0,1.0,1.0,1.0,1.0,1.0,1.0,1.0,1.0,1.0,1.0,1.0,1.0,1,D4::D4-Q011,1.0
D4,D4-Q012,exact_fact,normal,advanced,64,175,44800,4.160682439804077,15.300750732421875,0.0,0.0,0.0,0.0,0.0,0.0,0.0,0.0,0.0,0.0,0.0,0.0,0.0,0.0,0.0,0.0,0,D4::D4-Q012,0.0
D4,D4-Q013,exact_fact,normal,advanced,64,175,44800,4.160682439804077,14.24264907836914,1.0,1.0,1.0,1.0,1.0,1.0,1.0,1.0,1.0,1.0,1.0,1.0,1.0,1.0,1.0,1.0,1,D4::D4-Q013,1.0
D4,D4-Q014,exact_fact,normal,advanced,64,175,44800,4.160682439804077,14.287233352661133,1.0,1.0,1.0,1.0,1.0,1.0,1.0,1.0,1.0,1.0,1.0,1.0,1.0,1.0,1.0,1.0,1,D4::D4-Q014,1.0
D4,D4-Q015,exact_fact,normal,advanced,64,175,44800,4.160682439804077,14.254093170166016,0.0,0.0,0.0,0.0,0.0,0.0,0.0,0.0,0.0,1.0,1.0,1.0,0.16666666666666666,0.0,0.3562071871080222,1.0,1,D4::D4-Q015,1.0
D4,D4-Q016,exact_fact,normal,advanced,64,175,44800,4.160682439804077,13.996362686157227,0.0,0.0,0.0,0.0,0.0,0.0,0.0,0.0,0.0,1.0,1.0,1.0,0.14285714285714285,0.0,0.3333333333333333,1.0,1,D4::D4-Q016,1.0
D4,D4-Q017,exact_fact,normal,advanced,64,175,44800,4.160682439804077,24.168968200683594,0.0,0.0,0.0,0.0,0.0,0.0,0.0,0.0,0.0,1.0,1.0,1.0,0.14285714285714285,0.0,0.3333333333333333,1.0,1,D4::D4-Q017,1.0
D4,D4-Q018,exact_fact,normal,advanced,64,175,44800,4.160682439804077,18.04184913635254,1.0,1.0,1.0,1.0,1.0,1.0,1.0,1.0,1.0,1.0,1.0,1.0,1.0,1.0,1.0,1.0,1,D4::D4-Q018,1.0
D4,D4-Q019,exact_fact,normal,advanced,64,175,44800,4.160682439804077,13.93437385559082,1.0,1.0,1.0,1.0,1.0,1.0,1.0,1.0,1.0,1.0,1.0,1.0,1.0,1.0,1.0,1.0,1,D4::D4-Q019,1.0
D4,D4-Q020,exact_fact,normal,advanced,64,175,44800,4.160682439804077,14.742851257324219,0.0,0.0,0.0,1.0,1.0,1.0,1.0,1.0,1.0,1.0,1.0,1.0,0.5,0.6309297535714575,0.6309297535714575,1.0,1,D4::D4-Q020,1.0
D4,D4-Q021,exact_fact,normal,advanced,64,175,44800,4.160682439804077,13.256549835205078,1.0,1.0,1.0,1.0,1.0,1.0,1.0,1.0,1.0,1.0,1.0,1.0,1.0,1.0,1.0,1.0,1,D4::D4-Q021,1.0
D4,D4-Q022,procedural,normal,advanced,64,175,44800,4.160682439804077,14.697074890136719,1.0,1.0,1.0,1.0,1.0,1.0,1.0,1.0,1.0,1.0,1.0,1.0,1.0,1.0,1.0,1.0,1,D4::D4-Q022,1.0
D4,D4-Q023,numerical,normal,advanced,64,175,44800,4.160682439804077,14.601945877075195,0.0,0.0,0.0,0.0,0.0,0.0,0.0,0.0,0.0,0.0,0.0,0.0,0.0,0.0,0.0,0.0,0,D4::D4-Q023,0.0
D4,D4-Q024,exact_fact,normal,advanced,64,175,44800,4.160682439804077,14.60409164428711,0.0,0.0,0.0,0.0,0.0,0.0,1.0,1.0,1.0,1.0,1.0,1.0,0.25,0.43067655807339306,0.43067655807339306,1.0,1,D4::D4-Q024,1.0
D4,D4-Q025,exact_fact,normal,advanced,64,175,44800,4.160682439804077,14.21666145324707,0.0,0.0,0.0,1.0,1.0,1.0,1.0,1.0,1.0,1.0,1.0,1.0,0.5,0.6309297535714575,0.6309297535714575,1.0,1,D4::D4-Q025,1.0
D4,D4-Q026,exact_fact,normal,advanced,64,175,44800,4.160682439804077,13.900041580200195,0.0,0.0,0.0,0.0,0.0,0.0,0.0,0.0,0.0,1.0,1.0,1.0,0.14285714285714285,0.0,0.3333333333333333,1.0,1,D4::D4-Q026,1.0
D4,D4-Q027,exact_fact,normal,advanced,64,175,44800,4.160682439804077,13.804912567138672,0.0,0.0,0.0,0.0,0.0,0.0,0.0,0.0,0.0,1.0,1.0,1.0,0.14285714285714285,0.0,0.3333333333333333,1.0,1,D4::D4-Q027,1.0
D4,D4-Q028,exact_fact,normal,advanced,64,175,44800,4.160682439804077,14.146804809570312,1.0,1.0,1.0,1.0,1.0,1.0,1.0,1.0,1.0,1.0,1.0,1.0,1.0,1.0,1.0,1.0,1,D4::D4-Q028,1.0
D4,D4-Q029,exact_fact,normal,advanced,64,175,44800,4.160682439804077,13.433456420898438,0.0,0.0,0.0,0.0,0.0,0.0,0.0,0.0,0.0,1.0,1.0,1.0,0.125,0.0,0.31546487678572877,1.0,1,D4::D4-Q029,1.0
D4,D4-Q030,exact_fact,normal,advanced,64,175,44800,4.160682439804077,13.907432556152344,0.0,0.0,0.0,0.0,0.0,0.0,0.0,0.0,0.0,0.0,0.0,0.0,0.0,0.0,0.0,0.0,0,D4::D4-Q030,0.0
D4,D4-Q031,exact_fact,normal,advanced,64,175,44800,4.160682439804077,14.067888259887695,0.0,0.0,0.0,0.0,0.0,0.0,0.0,0.0,0.0,0.0,0.0,0.0,0.0,0.0,0.0,0.0,0,D4::D4-Q031,0.0
D4,D4-Q032,exact_fact,normal,advanced,64,175,44800,4.160682439804077,15.022516250610352,0.0,0.0,0.0,0.0,0.0,0.0,0.0,0.0,0.0,0.0,0.0,0.0,0.0,0.0,0.0,0.0,0,D4::D4-Q032,0.0
D4,D4-Q033,exact_fact,normal,advanced,64,175,44800,4.160682439804077,13.92674446105957,1.0,1.0,1.0,1.0,1.0,1.0,1.0,1.0,1.0,1.0,1.0,1.0,1.0,1.0,1.0,1.0,1,D4::D4-Q033,1.0
D4,D4-Q034,exact_fact,normal,advanced,64,175,44800,4.160682439804077,13.886690139770508,0.0,0.0,0.0,1.0,1.0,1.0,1.0,1.0,1.0,1.0,1.0,1.0,0.5,0.6309297535714575,0.6309297535714575,1.0,1,D4::D4-Q034,1.0
D4,D4-Q035,exact_fact,normal,advanced,64,175,44800,4.160682439804077,15.5792236328125,0.0,0.0,0.0,1.0,1.0,1.0,1.0,1.0,1.0,1.0,1.0,1.0,0.5,0.6309297535714575,0.6309297535714575,1.0,1,D4::D4-Q035,1.0
D4,D4-Q036,exact_fact,normal,advanced,64,175,44800,4.160682439804077,13.921260833740234,1.0,1.0,1.0,1.0,1.0,1.0,1.0,1.0,1.0,1.0,1.0,1.0,1.0,1.0,1.0,1.0,1,D4::D4-Q036,1.0
D4,D4-Q037,exact_fact,normal,advanced,64,175,44800,4.160682439804077,13.84425163269043,0.0,0.0,0.0,0.0,0.0,0.0,0.0,0.0,0.0,1.0,1.0,1.0,0.14285714285714285,0.0,0.3333333333333333,1.0,1,D4::D4-Q037,1.0
D4,D4-Q038,exact_fact,normal,advanced,64,175,44800,4.160682439804077,14.650344848632812,0.0,0.0,0.0,0.0,0.0,0.0,0.0,0.0,0.0,1.0,1.0,1.0,0.125,0.0,0.31546487678572877,1.0,1,D4::D4-Q038,1.0
D4,D4-Q039,exact_fact,normal,advanced,64,175,44800,4.160682439804077,13.965368270874023,0.0,0.0,0.0,0.0,0.0,0.0,0.0,0.0,0.0,0.0,0.0,0.0,0.0,0.0,0.0,0.0,0,D4::D4-Q039,0.0
D4,D4-Q040,temporal,normal,advanced,64,175,44800,4.160682439804077,14.058351516723633,0.0,0.0,0.0,0.0,0.0,0.0,0.0,0.0,0.0,0.0,0.0,0.0,0.0,0.0,0.0,0.0,0,D4::D4-Q040,0.0
D4,D4-Q041,exact_fact,normal,advanced,64,175,44800,4.160682439804077,13.650894165039062,0.0,0.0,0.0,0.0,0.0,0.0,0.0,0.0,0.0,1.0,1.0,1.0,0.125,0.0,0.31546487678572877,1.0,1,D4::D4-Q041,1.0
D4,D4-Q042,exact_fact,normal,advanced,64,175,44800,4.160682439804077,13.127565383911133,0.0,0.0,0.0,0.0,0.0,0.0,0.0,0.0,0.0,0.0,0.0,0.0,0.0,0.0,0.0,0.0,0,D4::D4-Q042,0.0
D4,D4-Q043,paraphrase,normal,advanced,64,175,44800,4.160682439804077,13.95726203918457,1.0,1.0,1.0,1.0,1.0,1.0,1.0,1.0,1.0,1.0,1.0,1.0,1.0,1.0,1.0,1.0,1,D4::D4-Q043,1.0
D4,D4-Q044,exact_fact,normal,advanced,64,175,44800,4.160682439804077,13.580799102783203,1.0,1.0,1.0,1.0,1.0,1.0,1.0,1.0,1.0,1.0,1.0,1.0,1.0,1.0,1.0,1.0,1,D4::D4-Q044,1.0
D4,D4-Q045,numerical,normal,advanced,64,175,44800,4.160682439804077,13.846874237060547,0.0,0.0,0.0,1.0,1.0,1.0,1.0,1.0,1.0,1.0,1.0,1.0,0.5,0.6309297535714575,0.6309297535714575,1.0,1,D4::D4-Q045,1.0
D4,D4-Q046,procedural,normal,advanced,64,175,44800,4.160682439804077,13.680458068847656,0.0,0.0,0.0,0.0,0.0,0.0,0.0,0.0,0.0,1.0,1.0,1.0,0.16666666666666666,0.0,0.3562071871080222,1.0,1,D4::D4-Q046,1.0
D4,D4-Q047,numerical,normal,advanced,64,175,44800,4.160682439804077,13.170957565307617,1.0,1.0,1.0,1.0,1.0,1.0,1.0,1.0,1.0,1.0,1.0,1.0,1.0,1.0,1.0,1.0,1,D4::D4-Q047,1.0
D4,D4-Q048,procedural,normal,advanced,64,175,44800,4.160682439804077,14.225959777832031,0.0,0.0,0.0,0.0,0.0,0.0,0.0,0.0,0.0,1.0,1.0,1.0,0.16666666666666666,0.0,0.3562071871080222,1.0,1,D4::D4-Q048,1.0
D4,D4-Q049,exact_fact,normal,advanced,64,175,44800,4.160682439804077,15.143394470214844,1.0,1.0,1.0,1.0,1.0,1.0,1.0,1.0,1.0,1.0,1.0,1.0,1.0,1.0,1.0,1.0,1,D4::D4-Q049,1.0
D4,D4-Q050,conditional_exception,normal,advanced,64,175,44800,4.160682439804077,15.469789505004883,0.0,0.0,0.0,0.0,0.0,0.0,0.0,0.0,0.0,1.0,1.0,1.0,0.16666666666666666,0.0,0.3562071871080222,1.0,1,D4::D4-Q050,1.0
D4,D4-Q051,exact_fact,normal,advanced,64,175,44800,4.160682439804077,15.249013900756836,1.0,1.0,1.0,1.0,1.0,1.0,1.0,1.0,1.0,1.0,1.0,1.0,1.0,1.0,1.0,1.0,1,D4::D4-Q051,1.0
D4,D4-Q052,negation,normal,advanced,64,175,44800,4.160682439804077,15.307426452636719,0.0,0.0,0.0,0.0,0.0,0.0,0.0,0.0,0.0,0.0,0.0,0.0,0.0,0.0,0.0,0.0,0,D4::D4-Q052,0.0
D4,D4-Q053,procedural,normal,advanced,64,175,44800,4.160682439804077,14.33563232421875,0.0,0.0,0.0,0.0,0.0,0.0,1.0,1.0,1.0,1.0,1.0,1.0,0.25,0.43067655807339306,0.43067655807339306,1.0,1,D4::D4-Q053,1.0
D4,D4-Q054,numerical,normal,advanced,64,175,44800,4.160682439804077,15.58375358581543,0.0,0.0,0.0,1.0,1.0,1.0,1.0,1.0,1.0,1.0,1.0,1.0,0.3333333333333333,0.5,0.5,1.0,1,D4::D4-Q054,1.0
D4,D4-Q055,numerical,normal,advanced,64,175,44800,4.160682439804077,16.383647918701172,0.0,0.0,0.0,0.0,0.0,0.0,1.0,1.0,1.0,1.0,1.0,1.0,0.2,0.38685280723454163,0.38685280723454163,1.0,1,D4::D4-Q055,1.0
D4,D4-Q056,numerical,normal,advanced,64,175,44800,4.160682439804077,15.195608139038086,0.0,0.0,0.0,1.0,1.0,1.0,1.0,1.0,1.0,1.0,1.0,1.0,0.5,0.6309297535714575,0.6309297535714575,1.0,1,D4::D4-Q056,1.0
D4,D4-Q057,conditional_exception,normal,advanced,64,175,44800,4.160682439804077,15.68150520324707,0.0,0.0,0.0,0.0,0.0,0.0,0.0,0.0,0.0,1.0,1.0,1.0,0.125,0.0,0.31546487678572877,1.0,1,D4::D4-Q057,1.0
D4,D4-Q058,procedural,normal,advanced,64,175,44800,4.160682439804077,15.217781066894531,0.0,0.0,0.0,1.0,1.0,1.0,1.0,1.0,1.0,1.0,1.0,1.0,0.5,0.6309297535714575,0.6309297535714575,1.0,1,D4::D4-Q058,1.0
D4,D4-Q059,exact_fact,normal,advanced,64,175,44800,4.160682439804077,14.672994613647461,0.0,0.0,0.0,1.0,1.0,1.0,1.0,1.0,1.0,1.0,1.0,1.0,0.5,0.6309297535714575,0.6309297535714575,1.0,1,D4::D4-Q059,1.0
D4,D4-Q060,procedural,normal,advanced,64,175,44800,4.160682439804077,16.2656307220459,0.0,0.0,0.0,0.0,0.0,0.0,0.0,0.0,0.0,1.0,1.0,1.0,0.14285714285714285,0.0,0.3333333333333333,1.0,1,D4::D4-Q060,1.0
D4,D4-Q061,negative_query,normal,advanced,64,175,44800,4.160682439804077,14.237403869628906,0.0,0.0,0.0,1.0,1.0,1.0,1.0,1.0,1.0,1.0,1.0,1.0,0.5,0.6309297535714575,0.6309297535714575,1.0,1,D4::D4-Q061,1.0
D4,D4-Q062,conditional_exception,normal,advanced,64,175,44800,4.160682439804077,15.489816665649414,0.0,0.0,0.0,0.0,0.0,0.0,0.0,0.0,0.0,0.0,0.0,0.0,0.0,0.0,0.0,0.0,0,D4::D4-Q062,0.0
D4,D4-Q063,procedural,normal,advanced,64,175,44800,4.160682439804077,15.137910842895508,0.0,0.0,0.0,0.0,0.0,0.0,0.0,0.0,0.0,0.0,0.0,0.0,0.0,0.0,0.0,0.0,0,D4::D4-Q063,0.0
D4,D4-Q064,conditional_exception,normal,advanced,64,175,44800,4.160682439804077,15.318155288696289,0.0,0.0,0.0,0.0,0.0,0.0,0.0,0.0,0.0,0.0,0.0,0.0,0.0,0.0,0.0,0.0,0,D4::D4-Q064,0.0
D4,D4-Q065,negative_query,normal,advanced,64,175,44800,4.160682439804077,14.311552047729492,0.0,0.0,0.0,0.0,0.0,0.0,0.0,0.0,0.0,1.0,1.0,1.0,0.125,0.0,0.31546487678572877,1.0,1,D4::D4-Q065,1.0
D4,D4-Q066,negative_query,normal,advanced,64,175,44800,4.160682439804077,15.562772750854492,0.0,0.0,0.0,0.0,0.0,0.0,0.0,0.0,0.0,1.0,1.0,1.0,0.14285714285714285,0.0,0.3333333333333333,1.0,1,D4::D4-Q066,1.0
D4,D4-Q067,negative_query,normal,advanced,64,175,44800,4.160682439804077,14.585256576538086,0.0,0.0,0.0,0.0,0.0,0.0,0.0,0.0,0.0,0.0,0.0,0.0,0.0,0.0,0.0,0.0,0,D4::D4-Q067,0.0
D4,D4-Q068,conditional_exception,normal,advanced,64,175,44800,4.160682439804077,15.580415725708008,0.0,0.0,0.0,0.0,0.0,0.0,0.0,0.0,0.0,1.0,1.0,1.0,0.1,0.0,0.2890648263178879,1.0,1,D4::D4-Q068,1.0
D4,D4-Q069,negative_query,normal,advanced,64,175,44800,4.160682439804077,14.750242233276367,0.0,0.0,0.0,0.0,0.0,0.0,0.0,0.0,0.0,0.0,0.0,0.0,0.0,0.0,0.0,0.0,0,D4::D4-Q069,0.0
D4,D4-Q070,negative_query,normal,advanced,64,175,44800,4.160682439804077,14.48369026184082,0.0,0.0,0.0,0.0,0.0,0.0,0.0,0.0,0.0,0.0,0.0,0.0,0.0,0.0,0.0,0.0,0,D4::D4-Q070,0.0
D4,D4-Q071,negative_query,normal,advanced,64,175,44800,4.160682439804077,15.058040618896484,0.0,0.0,0.0,0.0,0.0,0.0,0.0,0.0,0.0,0.0,0.0,0.0,0.0,0.0,0.0,0.0,0,D4::D4-Q071,0.0
D4,D4-Q072,negative_query,normal,advanced,64,175,44800,4.160682439804077,15.121936798095703,0.0,0.0,0.0,0.0,0.0,0.0,0.0,0.0,0.0,0.0,0.0,0.0,0.0,0.0,0.0,0.0,0,D4::D4-Q072,0.0
D4,D4-Q073,negative_query,normal,advanced,64,175,44800,4.160682439804077,15.250921249389648,0.0,0.0,0.0,1.0,1.0,1.0,1.0,1.0,1.0,1.0,1.0,1.0,0.3333333333333333,0.5,0.5,1.0,1,D4::D4-Q073,1.0
D4,D4-Q074,temporal,normal,advanced,64,175,44800,4.160682439804077,21.19135856628418,0.0,0.0,0.0,0.0,0.0,0.0,0.0,0.0,0.0,0.0,0.0,0.0,0.0,0.0,0.0,0.0,0,D4::D4-Q074,0.0
D4,D4-Q075,negative_query,normal,advanced,64,175,44800,4.160682439804077,15.310525894165039,0.0,0.0,0.0,1.0,1.0,1.0,1.0,1.0,1.0,1.0,1.0,1.0,0.3333333333333333,0.5,0.5,1.0,1,D4::D4-Q075,1.0
D4,D4-Q076,negation,normal,advanced,64,175,44800,4.160682439804077,14.812469482421875,0.0,0.0,0.0,0.0,0.0,0.0,0.0,0.0,0.0,1.0,1.0,1.0,0.16666666666666666,0.0,0.3562071871080222,1.0,1,D4::D4-Q076,1.0
D4,D4-Q077,conditional_exception,normal,advanced,64,175,44800,4.160682439804077,13.979911804199219,1.0,1.0,1.0,1.0,1.0,1.0,1.0,1.0,1.0,1.0,1.0,1.0,1.0,1.0,1.0,1.0,1,D4::D4-Q077,1.0
D4,D4-Q078,temporal,normal,advanced,64,175,44800,4.160682439804077,15.352249145507812,0.0,0.0,0.0,0.0,0.0,0.0,0.0,0.0,0.0,0.0,0.0,0.0,0.0,0.0,0.0,0.0,0,D4::D4-Q078,0.0
D4,D4-Q079,conditional_exception,normal,advanced,64,175,44800,4.160682439804077,14.172554016113281,0.0,0.0,0.0,0.0,0.0,0.0,1.0,1.0,1.0,1.0,1.0,1.0,0.2,0.38685280723454163,0.38685280723454163,1.0,1,D4::D4-Q079,1.0
D4,D4-Q080,conditional_exception,normal,advanced,64,175,44800,4.160682439804077,22.982120513916016,0.0,0.0,0.0,0.0,0.0,0.0,0.0,0.0,0.0,1.0,1.0,1.0,0.14285714285714285,0.0,0.3333333333333333,1.0,1,D4::D4-Q080,1.0
D4,D4-Q081,procedural,normal,advanced,64,175,44800,4.160682439804077,23.747920989990234,1.0,1.0,1.0,1.0,1.0,1.0,1.0,1.0,1.0,1.0,1.0,1.0,1.0,1.0,1.0,1.0,1,D4::D4-Q081,1.0
D4,D4-Q082,procedural,normal,advanced,64,175,44800,4.160682439804077,15.124797821044922,1.0,1.0,1.0,1.0,1.0,1.0,1.0,1.0,1.0,1.0,1.0,1.0,1.0,1.0,1.0,1.0,1,D4::D4-Q082,1.0
D4,D4-Q083,numerical,normal,advanced,64,175,44800,4.160682439804077,14.47439193725586,0.0,0.0,0.0,1.0,1.0,1.0,1.0,1.0,1.0,1.0,1.0,1.0,0.3333333333333333,0.5,0.5,1.0,1,D4::D4-Q083,1.0
D4,D4-Q084,numerical,normal,advanced,64,175,44800,4.160682439804077,15.538215637207031,0.0,0.0,0.0,0.0,0.0,0.0,1.0,1.0,1.0,1.0,1.0,1.0,0.2,0.38685280723454163,0.38685280723454163,1.0,1,D4::D4-Q084,1.0
D4,D4-Q085,numerical,normal,advanced,64,175,44800,4.160682439804077,14.873027801513672,0.0,0.0,0.0,0.0,0.0,0.0,0.0,0.0,0.0,1.0,1.0,1.0,0.1,0.0,0.2890648263178879,1.0,1,D4::D4-Q085,1.0
D4,D4-Q086,procedural,normal,advanced,64,175,44800,4.160682439804077,14.645099639892578,0.0,0.0,0.0,1.0,1.0,1.0,1.0,1.0,1.0,1.0,1.0,1.0,0.5,0.6309297535714575,0.6309297535714575,1.0,1,D4::D4-Q086,1.0
D4,D4-Q087,procedural,normal,advanced,64,175,44800,4.160682439804077,14.658451080322266,1.0,1.0,1.0,1.0,1.0,1.0,1.0,1.0,1.0,1.0,1.0,1.0,1.0,1.0,1.0,1.0,1,D4::D4-Q087,1.0
D4,D4-Q088,exact_fact,normal,advanced,64,175,44800,4.160682439804077,13.470888137817383,1.0,1.0,1.0,1.0,1.0,1.0,1.0,1.0,1.0,1.0,1.0,1.0,1.0,1.0,1.0,1.0,1,D4::D4-Q088,1.0
D4,D4-Q089,exact_fact,normal,advanced,64,175,44800,4.160682439804077,15.341997146606445,0.0,0.0,0.0,1.0,1.0,1.0,1.0,1.0,1.0,1.0,1.0,1.0,0.5,0.6309297535714575,0.6309297535714575,1.0,1,D4::D4-Q089,1.0
D4,D4-Q090,list_membership,normal,advanced,64,175,44800,4.160682439804077,13.840436935424805,1.0,1.0,1.0,1.0,1.0,1.0,1.0,1.0,1.0,1.0,1.0,1.0,1.0,1.0,1.0,1.0,1,D4::D4-Q090,1.0
D4,D4-Q091,conditional_exception,normal,advanced,64,175,44800,4.160682439804077,14.136075973510742,1.0,1.0,1.0,1.0,1.0,1.0,1.0,1.0,1.0,1.0,1.0,1.0,1.0,1.0,1.0,1.0,1,D4::D4-Q091,1.0
D4,D4-Q092,exact_fact,normal,advanced,64,175,44800,4.160682439804077,13.931989669799805,1.0,1.0,1.0,1.0,1.0,1.0,1.0,1.0,1.0,1.0,1.0,1.0,1.0,1.0,1.0,1.0,1,D4::D4-Q092,1.0
D4,D4-Q093,negative_query,normal,advanced,64,175,44800,4.160682439804077,13.740777969360352,0.0,0.0,0.0,0.0,0.0,0.0,1.0,1.0,1.0,1.0,1.0,1.0,0.25,0.43067655807339306,0.43067655807339306,1.0,1,D4::D4-Q093,1.0
D4,D4-Q094,exact_fact,normal,advanced,64,175,44800,4.160682439804077,13.417959213256836,1.0,1.0,1.0,1.0,1.0,1.0,1.0,1.0,1.0,1.0,1.0,1.0,1.0,1.0,1.0,1.0,1,D4::D4-Q094,1.0
D4,D4-Q095,temporal,normal,advanced,64,175,44800,4.160682439804077,14.806032180786133,1.0,1.0,1.0,1.0,1.0,1.0,1.0,1.0,1.0,1.0,1.0,1.0,1.0,1.0,1.0,1.0,1,D4::D4-Q095,1.0
D4,D4-Q096,numerical,normal,advanced,64,175,44800,4.160682439804077,14.5721435546875,1.0,1.0,1.0,1.0,1.0,1.0,1.0,1.0,1.0,1.0,1.0,1.0,1.0,1.0,1.0,1.0,1,D4::D4-Q096,1.0
D4,D4-Q097,temporal,normal,advanced,64,175,44800,4.160682439804077,14.957427978515625,1.0,1.0,1.0,1.0,1.0,1.0,1.0,1.0,1.0,1.0,1.0,1.0,1.0,1.0,1.0,1.0,1,D4::D4-Q097,1.0
D4,D4-Q098,negation,normal,advanced,64,175,44800,4.160682439804077,15.761613845825195,0.0,0.0,0.0,1.0,1.0,1.0,1.0,1.0,1.0,1.0,1.0,1.0,0.3333333333333333,0.5,0.5,1.0,1,D4::D4-Q098,1.0
D4,D4-Q099,numerical,normal,advanced,64,175,44800,4.160682439804077,22.899389266967773,1.0,1.0,1.0,1.0,1.0,1.0,1.0,1.0,1.0,1.0,1.0,1.0,1.0,1.0,1.0,1.0,1,D4::D4-Q099,1.0
D4,D4-Q100,procedural,normal,advanced,64,175,44800,4.160682439804077,24.80340003967285,0.0,0.0,0.0,1.0,1.0,1.0,1.0,1.0,1.0,1.0,1.0,1.0,0.5,0.6309297535714575,0.6309297535714575,1.0,1,D4::D4-Q100,1.0
D4,D4-Q101,exact_fact,normal,advanced,64,175,44800,4.160682439804077,23.477792739868164,1.0,1.0,1.0,1.0,1.0,1.0,1.0,1.0,1.0,1.0,1.0,1.0,1.0,1.0,1.0,1.0,1,D4::D4-Q101,1.0
D4,D4-Q102,comparison,normal,advanced,64,175,44800,4.160682439804077,25.83146095275879,0.0,0.0,0.0,1.0,1.0,1.0,1.0,1.0,1.0,1.0,1.0,1.0,0.5,0.6309297535714575,0.6309297535714575,1.0,1,D4::D4-Q102,1.0
D4,D4-Q103,comparison,normal,advanced,64,175,44800,4.160682439804077,25.208711624145508,1.0,1.0,1.0,1.0,1.0,1.0,1.0,1.0,1.0,1.0,1.0,1.0,1.0,1.0,1.0,1.0,1,D4::D4-Q103,1.0
D4,D4-Q104,negation,normal,advanced,64,175,44800,4.160682439804077,24.430513381958008,1.0,1.0,1.0,1.0,1.0,1.0,1.0,1.0,1.0,1.0,1.0,1.0,1.0,1.0,1.0,1.0,1,D4::D4-Q104,1.0
D4,D4-Q105,procedural,normal,advanced,64,175,44800,4.160682439804077,20.801305770874023,0.0,0.0,0.0,1.0,1.0,1.0,1.0,1.0,1.0,1.0,1.0,1.0,0.5,0.6309297535714575,0.6309297535714575,1.0,1,D4::D4-Q105,1.0
D4,D4-Q106,procedural,normal,advanced,64,175,44800,4.160682439804077,24.114370346069336,0.0,0.0,0.0,1.0,1.0,1.0,1.0,1.0,1.0,1.0,1.0,1.0,0.5,0.6309297535714575,0.6309297535714575,1.0,1,D4::D4-Q106,1.0
D4,D4-Q107,conditional_exception,normal,advanced,64,175,44800,4.160682439804077,20.645618438720703,0.0,0.0,0.0,1.0,1.0,1.0,1.0,1.0,1.0,1.0,1.0,1.0,0.5,0.6309297535714575,0.6309297535714575,1.0,1,D4::D4-Q107,1.0
D4,D4-Q108,conditional_exception,normal,advanced,64,175,44800,4.160682439804077,19.887208938598633,0.0,0.0,0.0,1.0,1.0,1.0,1.0,1.0,1.0,1.0,1.0,1.0,0.5,0.6309297535714575,0.6309297535714575,1.0,1,D4::D4-Q108,1.0
D4,D4-Q109,procedural,normal,advanced,64,175,44800,4.160682439804077,21.918773651123047,1.0,1.0,1.0,1.0,1.0,1.0,1.0,1.0,1.0,1.0,1.0,1.0,1.0,1.0,1.0,1.0,1,D4::D4-Q109,1.0
D4,D4-Q110,exact_fact,normal,advanced,64,175,44800,4.160682439804077,20.635366439819336,1.0,1.0,1.0,1.0,1.0,1.0,1.0,1.0,1.0,1.0,1.0,1.0,1.0,1.0,1.0,1.0,1,D4::D4-Q110,1.0
D4,D4-Q111,exact_fact,normal,advanced,64,175,44800,4.160682439804077,20.065784454345703,1.0,1.0,1.0,1.0,1.0,1.0,1.0,1.0,1.0,1.0,1.0,1.0,1.0,1.0,1.0,1.0,1,D4::D4-Q111,1.0
D4,D4-Q112,list_membership,normal,advanced,64,175,44800,4.160682439804077,21.942138671875,1.0,1.0,1.0,1.0,1.0,1.0,1.0,1.0,1.0,1.0,1.0,1.0,1.0,1.0,1.0,1.0,1,D4::D4-Q112,1.0
D4,D4-Q113,conditional_exception,normal,advanced,64,175,44800,4.160682439804077,21.818161010742188,1.0,1.0,1.0,1.0,1.0,1.0,1.0,1.0,1.0,1.0,1.0,1.0,1.0,1.0,1.0,1.0,1,D4::D4-Q113,1.0
D4,D4-Q114,exact_fact,normal,advanced,64,175,44800,4.160682439804077,18.954038619995117,0.0,0.0,0.0,0.0,0.0,0.0,1.0,1.0,1.0,1.0,1.0,1.0,0.25,0.43067655807339306,0.43067655807339306,1.0,1,D4::D4-Q114,1.0
D4,D4-Q115,temporal,normal,advanced,64,175,44800,4.160682439804077,19.395112991333008,1.0,1.0,1.0,1.0,1.0,1.0,1.0,1.0,1.0,1.0,1.0,1.0,1.0,1.0,1.0,1.0,1,D4::D4-Q115,1.0
D4,D4-Q116,comparison,normal,advanced,64,175,44800,4.160682439804077,18.91922950744629,0.0,0.0,0.0,1.0,1.0,1.0,1.0,1.0,1.0,1.0,1.0,1.0,0.5,0.6309297535714575,0.6309297535714575,1.0,1,D4::D4-Q116,1.0
D4,D4-Q117,comparison,normal,advanced,64,175,44800,4.160682439804077,21.019935607910156,1.0,1.0,1.0,1.0,1.0,1.0,1.0,1.0,1.0,1.0,1.0,1.0,1.0,1.0,1.0,1.0,1,D4::D4-Q117,1.0
D4,D4-Q118,procedural,normal,advanced,64,175,44800,4.160682439804077,22.05944061279297,0.5,1.0,0.0,1.0,1.0,1.0,1.0,1.0,1.0,1.0,1.0,1.0,1.0,1.0,1.0,1.0,2,D4::D4-Q118,1.0
D4,D4-Q119,procedural,normal,advanced,64,175,44800,4.160682439804077,20.273923873901367,1.0,1.0,1.0,1.0,1.0,1.0,1.0,1.0,1.0,1.0,1.0,1.0,1.0,1.0,1.0,1.0,1,D4::D4-Q119,1.0
D4,D4-Q120,procedural,normal,advanced,64,175,44800,4.160682439804077,20.801305770874023,0.0,0.0,0.0,0.0,0.0,0.0,0.0,0.0,0.0,0.0,0.0,0.0,0.0,0.0,0.0,0.0,0,D4::D4-Q120,0.0
D4,D4-Q121,negation,normal,advanced,64,175,44800,4.160682439804077,22.310972213745117,0.0,0.0,0.0,1.0,1.0,1.0,1.0,1.0,1.0,1.0,1.0,1.0,0.5,0.6309297535714575,0.6309297535714575,1.0,1,D4::D4-Q121,1.0
D4,D4-Q122,numerical,normal,advanced,64,175,44800,4.160682439804077,21.080732345581055,0.0,0.0,0.0,1.0,1.0,1.0,1.0,1.0,1.0,1.0,1.0,1.0,0.3333333333333333,0.5,0.5,1.0,1,D4::D4-Q122,1.0
D4,D4-Q123,conditional_exception,normal,advanced,64,175,44800,4.160682439804077,23.850440979003906,0.0,0.0,0.0,1.0,1.0,1.0,1.0,1.0,1.0,1.0,1.0,1.0,0.3333333333333333,0.5,0.5,1.0,1,D4::D4-Q123,1.0
D4,D4-Q124,numerical,normal,advanced,64,175,44800,4.160682439804077,19.974946975708008,1.0,1.0,1.0,1.0,1.0,1.0,1.0,1.0,1.0,1.0,1.0,1.0,1.0,1.0,1.0,1.0,1,D4::D4-Q124,1.0
D4,D4-Q125,procedural,normal,advanced,64,175,44800,4.160682439804077,19.608020782470703,1.0,1.0,1.0,1.0,1.0,1.0,1.0,1.0,1.0,1.0,1.0,1.0,1.0,1.0,1.0,1.0,1,D4::D4-Q125,1.0
D4,D4-Q126,numerical,normal,advanced,64,175,44800,4.160682439804077,20.468950271606445,0.0,0.0,0.0,1.0,1.0,1.0,1.0,1.0,1.0,1.0,1.0,1.0,0.5,0.6309297535714575,0.6309297535714575,1.0,1,D4::D4-Q126,1.0
D4,D4-Q127,exact_fact,normal,advanced,64,175,44800,4.160682439804077,23.972034454345703,1.0,1.0,1.0,1.0,1.0,1.0,1.0,1.0,1.0,1.0,1.0,1.0,1.0,1.0,1.0,1.0,1,D4::D4-Q127,1.0
D4,D4-Q128,list_membership,normal,advanced,64,175,44800,4.160682439804077,24.463415145874023,1.0,1.0,1.0,1.0,1.0,1.0,1.0,1.0,1.0,1.0,1.0,1.0,1.0,1.5615201999684067,1.5615201999684067,1.0,4,D4::D4-Q128,1.0
D4,D4-Q129,numerical,normal,advanced,64,175,44800,4.160682439804077,33.50520133972168,0.0,0.0,0.0,0.0,0.0,0.0,0.0,0.0,0.0,1.0,1.0,1.0,0.125,0.0,0.31546487678572877,1.0,1,D4::D4-Q129,1.0
D4,D4-Q130,numerical,normal,advanced,64,175,44800,4.160682439804077,28.863191604614258,1.0,1.0,1.0,1.0,1.0,1.0,1.0,1.0,1.0,1.0,1.0,1.0,1.0,1.0,1.0,1.0,1,D4::D4-Q130,1.0
D4,D4-Q131,procedural,normal,advanced,64,175,44800,4.160682439804077,20.3702449798584,1.0,1.0,1.0,1.0,1.0,1.0,1.0,1.0,1.0,1.0,1.0,1.0,1.0,1.0,1.0,1.0,1,D4::D4-Q131,1.0
D4,D4-Q132,procedural,normal,advanced,64,175,44800,4.160682439804077,20.77198028564453,1.0,1.0,1.0,1.0,1.0,1.0,1.0,1.0,1.0,1.0,1.0,1.0,1.0,1.0,1.0,1.0,1,D4::D4-Q132,1.0
D4,D4-Q133,conditional_exception,normal,advanced,64,175,44800,4.160682439804077,20.40719985961914,0.0,0.0,0.0,0.6666666666666666,1.0,0.0,0.6666666666666666,1.0,0.0,1.0,1.0,1.0,0.5,0.5921638219317304,0.7402047774146632,1.0,3,D4::D4-Q133,1.0
D4,D4-Q134,exact_fact,normal,advanced,64,175,44800,4.160682439804077,20.42078971862793,1.0,1.0,1.0,1.0,1.0,1.0,1.0,1.0,1.0,1.0,1.0,1.0,1.0,1.0,1.0,1.0,1,D4::D4-Q134,1.0
D4,D4-Q135,exact_fact,normal,advanced,64,175,44800,4.160682439804077,19.634008407592773,0.0,0.0,0.0,0.0,0.0,0.0,0.0,0.0,0.0,1.0,1.0,1.0,0.16666666666666666,0.0,0.3562071871080222,1.0,1,D4::D4-Q135,1.0
D4,D4-Q136,negation,normal,advanced,64,175,44800,4.160682439804077,20.167827606201172,0.0,0.0,0.0,0.0,0.0,0.0,0.0,0.0,0.0,0.0,0.0,0.0,0.0,0.0,0.0,0.0,0,D4::D4-Q136,0.0
D4,D4-Q137,negative_query,normal,advanced,64,175,44800,4.160682439804077,22.343158721923828,0.0,0.0,0.0,0.0,0.0,0.0,0.0,0.0,0.0,0.0,0.0,0.0,0.0,0.0,0.0,0.0,0,D4::D4-Q137,0.0
D4,D4-Q138,negative_query,normal,advanced,64,175,44800,4.160682439804077,22.091388702392578,0.0,0.0,0.0,0.0,0.0,0.0,0.0,0.0,0.0,1.0,1.0,1.0,0.14285714285714285,0.0,0.3333333333333333,1.0,1,D4::D4-Q138,1.0
D4,D4-Q139,numerical,normal,advanced,64,175,44800,4.160682439804077,20.049095153808594,1.0,1.0,1.0,1.0,1.0,1.0,1.0,1.0,1.0,1.0,1.0,1.0,1.0,1.0,1.0,1.0,1,D4::D4-Q139,1.0
D4,D4-Q140,procedural,normal,advanced,64,175,44800,4.160682439804077,18.49818229675293,1.0,1.0,1.0,1.0,1.0,1.0,1.0,1.0,1.0,1.0,1.0,1.0,1.0,1.0,1.0,1.0,1,D4::D4-Q140,1.0
D4,D4-Q141,procedural,normal,advanced,64,175,44800,4.160682439804077,19.135713577270508,0.0,0.0,0.0,0.0,0.0,0.0,0.0,0.0,0.0,0.0,0.0,0.0,0.0,0.0,0.0,0.0,0,D4::D4-Q141,0.0
D4,D4-Q142,exact_fact,normal,advanced,64,175,44800,4.160682439804077,19.099950790405273,1.0,1.0,1.0,1.0,1.0,1.0,1.0,1.0,1.0,1.0,1.0,1.0,1.0,1.0,1.0,1.0,1,D4::D4-Q142,1.0
D4,D4-Q143,exact_fact,normal,advanced,64,175,44800,4.160682439804077,18.84603500366211,1.0,1.0,1.0,1.0,1.0,1.0,1.0,1.0,1.0,1.0,1.0,1.0,1.0,1.0,1.0,1.0,1,D4::D4-Q143,1.0
D4,D4-Q144,exact_fact,normal,advanced,64,175,44800,4.160682439804077,18.667221069335938,0.0,0.0,0.0,1.0,1.0,1.0,1.0,1.0,1.0,1.0,1.0,1.0,0.3333333333333333,0.5,0.5,1.0,1,D4::D4-Q144,1.0
D4,D4-Q145,procedural,normal,advanced,64,175,44800,4.160682439804077,18.63408088684082,1.0,1.0,1.0,1.0,1.0,1.0,1.0,1.0,1.0,1.0,1.0,1.0,1.0,1.0,1.0,1.0,1,D4::D4-Q145,1.0
D4,D4-Q146,numerical,normal,advanced,64,175,44800,4.160682439804077,18.670082092285156,0.0,0.0,0.0,1.0,1.0,1.0,1.0,1.0,1.0,1.0,1.0,1.0,0.5,0.6309297535714575,0.6309297535714575,1.0,1,D4::D4-Q146,1.0
D4,D4-Q147,exact_fact,normal,advanced,64,175,44800,4.160682439804077,18.62192153930664,0.0,0.0,0.0,0.0,0.0,0.0,0.0,0.0,0.0,1.0,1.0,1.0,0.16666666666666666,0.0,0.3562071871080222,1.0,1,D4::D4-Q147,1.0
D4,D4-Q148,exact_fact,normal,advanced,64,175,44800,4.160682439804077,18.69940757751465,0.0,0.0,0.0,1.0,1.0,1.0,1.0,1.0,1.0,1.0,1.0,1.0,0.5,0.6309297535714575,0.6309297535714575,1.0,1,D4::D4-Q148,1.0
D4,D4-Q149,exact_fact,normal,advanced,64,175,44800,4.160682439804077,18.393754959106445,0.0,0.0,0.0,1.0,1.0,1.0,1.0,1.0,1.0,1.0,1.0,1.0,0.5,0.6309297535714575,0.6309297535714575,1.0,1,D4::D4-Q149,1.0
D4,D4-Q150,procedural,normal,advanced,64,175,44800,4.160682439804077,18.453121185302734,0.0,0.0,0.0,0.0,0.0,0.0,0.0,0.0,0.0,0.0,0.0,0.0,0.0,0.0,0.0,0.0,0,D4::D4-Q150,0.0
D4,D4-Q151,exact_fact,normal,advanced,64,175,44800,4.160682439804077,18.940448760986328,0.0,0.0,0.0,0.0,0.0,0.0,0.0,0.0,0.0,1.0,1.0,1.0,0.14285714285714285,0.0,0.3333333333333333,1.0,1,D4::D4-Q151,1.0
D4,D4-Q152,procedural,normal,advanced,64,175,44800,4.160682439804077,19.07944679260254,0.0,0.0,0.0,1.0,1.0,1.0,1.0,1.0,1.0,1.0,1.0,1.0,0.3333333333333333,0.5,0.5,1.0,1,D4::D4-Q152,1.0
D4,D4-Q153,procedural,normal,advanced,64,175,44800,4.160682439804077,19.036054611206055,1.0,1.0,1.0,1.0,1.0,1.0,1.0,1.0,1.0,1.0,1.0,1.0,1.0,1.0,1.0,1.0,1,D4::D4-Q153,1.0
D4,D4-Q154,temporal,normal,advanced,64,175,44800,4.160682439804077,19.79660987854004,0.0,0.0,0.0,0.0,0.0,0.0,1.0,1.0,1.0,1.0,1.0,1.0,0.2,0.38685280723454163,0.38685280723454163,1.0,1,D4::D4-Q154,1.0
D4,D4-Q155,exact_fact,normal,advanced,64,175,44800,4.160682439804077,18.561124801635742,0.0,0.0,0.0,0.0,0.0,0.0,0.0,0.0,0.0,1.0,1.0,1.0,0.1111111111111111,0.0,0.3010299956639812,1.0,1,D4::D4-Q155,1.0
D4,D4-Q156,exact_fact,normal,advanced,64,175,44800,4.160682439804077,18.84174346923828,1.0,1.0,1.0,1.0,1.0,1.0,1.0,1.0,1.0,1.0,1.0,1.0,1.0,1.5615201999684067,1.5615201999684067,1.0,4,D4::D4-Q156,1.0
D4,D4-Q157,list_membership,normal,advanced,64,175,44800,4.160682439804077,18.66316795349121,0.0,0.0,0.0,0.0,0.0,0.0,0.0,0.0,0.0,0.0,0.0,0.0,0.0,0.0,0.0,0.0,0,D4::D4-Q157,0.0
D4,D4-Q158,list_membership,normal,advanced,64,175,44800,4.160682439804077,18.887996673583984,0.0,0.0,0.0,0.0,0.0,0.0,0.0,0.0,0.0,0.0,0.0,0.0,0.0,0.0,0.0,0.0,0,D4::D4-Q158,0.0
D4,D4-Q159,list_membership,normal,advanced,64,175,44800,4.160682439804077,18.79715919494629,0.0,0.0,0.0,0.0,0.0,0.0,0.0,0.0,0.0,1.0,1.0,1.0,0.14285714285714285,0.0,0.3333333333333333,1.0,1,D4::D4-Q159,1.0
D4,D4-Q160,list_membership,normal,advanced,64,175,44800,4.160682439804077,20.93791961669922,0.0,0.0,0.0,0.0,0.0,0.0,0.0,0.0,0.0,1.0,1.0,1.0,0.16666666666666666,0.0,0.3562071871080222,1.0,1,D4::D4-Q160,1.0
D4,D4-Q161,paraphrase,normal,advanced,64,175,44800,4.160682439804077,19.11473274230957,1.0,1.0,1.0,1.0,1.0,1.0,1.0,1.0,1.0,1.0,1.0,1.0,1.0,1.0,1.0,1.0,1,D4::D4-Q161,1.0
D4,D4-Q162,numerical,normal,advanced,64,175,44800,4.160682439804077,19.862890243530273,1.0,1.0,1.0,1.0,1.0,1.0,1.0,1.0,1.0,1.0,1.0,1.0,1.0,1.0,1.0,1.0,1,D4::D4-Q162,1.0
D4,D4-Q163,numerical,normal,advanced,64,175,44800,4.160682439804077,19.147634506225586,1.0,1.0,1.0,1.0,1.0,1.0,1.0,1.0,1.0,1.0,1.0,1.0,1.0,1.0,1.0,1.0,1,D4::D4-Q163,1.0
D4,D4-Q164,numerical,normal,advanced,64,175,44800,4.160682439804077,19.757509231567383,0.0,0.0,0.0,0.0,0.0,0.0,1.0,1.0,1.0,1.0,1.0,1.0,0.2,0.38685280723454163,0.38685280723454163,1.0,1,D4::D4-Q164,1.0
D4,D4-Q165,numerical,normal,advanced,64,175,44800,4.160682439804077,19.996166229248047,0.0,0.0,0.0,0.0,0.0,0.0,0.0,0.0,0.0,0.0,0.0,0.0,0.0,0.0,0.0,0.0,0,D4::D4-Q165,0.0
D4,D4-Q166,numerical,normal,advanced,64,175,44800,4.160682439804077,27.889728546142578,0.0,0.0,0.0,0.0,0.0,0.0,0.0,0.0,0.0,0.0,0.0,0.0,0.0,0.0,0.0,0.0,0,D4::D4-Q166,0.0
D4,D4-Q167,negative_query,normal,advanced,64,175,44800,4.160682439804077,22.52793312072754,0.0,0.0,0.0,0.0,0.0,0.0,0.0,0.0,0.0,0.0,0.0,0.0,0.0,0.0,0.0,0.0,0,D4::D4-Q167,0.0
D4,D4-Q168,negation,normal,advanced,64,175,44800,4.160682439804077,28.835535049438477,0.0,0.0,0.0,1.0,1.0,1.0,1.0,1.0,1.0,1.0,1.0,1.0,0.5,0.6309297535714575,0.6309297535714575,1.0,1,D4::D4-Q168,1.0
D4,D4-Q169,negation,normal,advanced,64,175,44800,4.160682439804077,24.324417114257812,0.0,0.0,0.0,1.0,1.0,1.0,1.0,1.0,1.0,1.0,1.0,1.0,0.5,0.6309297535714575,0.6309297535714575,1.0,1,D4::D4-Q169,1.0
D4,D4-Q170,numerical,normal,advanced,64,175,44800,4.160682439804077,23.79131317138672,1.0,1.0,1.0,1.0,1.0,1.0,1.0,1.0,1.0,1.0,1.0,1.0,1.0,1.0,1.0,1.0,1,D4::D4-Q170,1.0
D4,D4-Q171,numerical,normal,advanced,64,175,44800,4.160682439804077,23.168325424194336,1.0,1.0,1.0,1.0,1.0,1.0,1.0,1.0,1.0,1.0,1.0,1.0,1.0,1.0,1.0,1.0,1,D4::D4-Q171,1.0
D4,D4-Q172,exact_fact,normal,advanced,64,175,44800,4.160682439804077,27.262449264526367,0.0,0.0,0.0,0.0,0.0,0.0,0.0,0.0,0.0,0.0,0.0,0.0,0.0,0.0,0.0,0.0,0,D4::D4-Q172,0.0
D4,D4-Q173,numerical,normal,advanced,64,175,44800,4.160682439804077,23.790359497070312,0.0,0.0,0.0,0.0,0.0,0.0,0.0,0.0,0.0,0.0,0.0,0.0,0.0,0.0,0.0,0.0,0,D4::D4-Q173,0.0
D4,D4-Q174,numerical,normal,advanced,64,175,44800,4.160682439804077,23.439645767211914,0.0,0.0,0.0,1.0,1.0,1.0,1.0,1.0,1.0,1.0,1.0,1.0,0.3333333333333333,0.5,0.5,1.0,1,D4::D4-Q174,1.0
D4,D4-Q175,numerical,normal,advanced,64,175,44800,4.160682439804077,23.978233337402344,1.0,1.0,1.0,1.0,1.0,1.0,1.0,1.0,1.0,1.0,1.0,1.0,1.0,1.0,1.0,1.0,1,D4::D4-Q175,1.0
D4,D4-Q176,table_lookup,normal,advanced,64,175,44800,4.160682439804077,23.938655853271484,0.0,0.0,0.0,0.0,0.0,0.0,1.0,1.0,1.0,1.0,1.0,1.0,0.25,0.43067655807339306,0.43067655807339306,1.0,1,D4::D4-Q176,1.0
D4,D4-Q177,numerical,normal,advanced,64,175,44800,4.160682439804077,20.509958267211914,0.0,0.0,0.0,0.0,0.0,0.0,0.0,0.0,0.0,1.0,1.0,1.0,0.14285714285714285,0.0,0.3333333333333333,1.0,1,D4::D4-Q177,1.0
D4,D4-Q178,numerical,normal,advanced,64,175,44800,4.160682439804077,19.55437660217285,0.0,0.0,0.0,0.0,0.0,0.0,0.0,0.0,0.0,1.0,1.0,1.0,0.14285714285714285,0.0,0.3333333333333333,1.0,1,D4::D4-Q178,1.0
D4,D4-Q179,exact_fact,normal,advanced,64,175,44800,4.160682439804077,23.731231689453125,1.0,1.0,1.0,1.0,1.0,1.0,1.0,1.0,1.0,1.0,1.0,1.0,1.0,1.0,1.0,1.0,1,D4::D4-Q179,1.0
D4,D4-Q180,exact_fact,normal,advanced,64,175,44800,4.160682439804077,21.132469177246094,1.0,1.0,1.0,1.0,1.0,1.0,1.0,1.0,1.0,1.0,1.0,1.0,1.0,1.0,1.0,1.0,1,D4::D4-Q180,1.0
D4,D4-Q181,procedural,normal,advanced,64,175,44800,4.160682439804077,18.940448760986328,1.0,1.0,1.0,1.0,1.0,1.0,1.0,1.0,1.0,1.0,1.0,1.0,1.0,1.0,1.0,1.0,1,D4::D4-Q181,1.0
D4,D4-Q182,procedural,normal,advanced,64,175,44800,4.160682439804077,19.188880920410156,1.0,1.0,1.0,1.0,1.0,1.0,1.0,1.0,1.0,1.0,1.0,1.0,1.0,1.0,1.0,1.0,1,D4::D4-Q182,1.0
D4,D4-Q183,conditional_exception,normal,advanced,64,175,44800,4.160682439804077,18.85819435119629,1.0,1.0,1.0,1.0,1.0,1.0,1.0,1.0,1.0,1.0,1.0,1.0,1.0,1.0,1.0,1.0,1,D4::D4-Q183,1.0
D4,D4-Q184,conditional_exception,normal,advanced,64,175,44800,4.160682439804077,19.089460372924805,1.0,1.0,1.0,1.0,1.0,1.0,1.0,1.0,1.0,1.0,1.0,1.0,1.0,1.0,1.0,1.0,1,D4::D4-Q184,1.0
D4,D4-Q185,procedural,normal,advanced,64,175,44800,4.160682439804077,19.12689208984375,1.0,1.0,1.0,1.0,1.0,1.0,1.0,1.0,1.0,1.0,1.0,1.0,1.0,1.0,1.0,1.0,1,D4::D4-Q185,1.0
D4,D4-Q186,procedural,normal,advanced,64,175,44800,4.160682439804077,19.140005111694336,1.0,1.0,1.0,1.0,1.0,1.0,1.0,1.0,1.0,1.0,1.0,1.0,1.0,1.0,1.0,1.0,1,D4::D4-Q186,1.0
D4,D4-Q187,procedural,normal,advanced,64,175,44800,4.160682439804077,23.697376251220703,0.0,0.0,0.0,1.0,1.0,1.0,1.0,1.0,1.0,1.0,1.0,1.0,0.5,0.6309297535714575,0.6309297535714575,1.0,1,D4::D4-Q187,1.0
D4,D4-Q188,procedural,normal,advanced,64,175,44800,4.160682439804077,24.010419845581055,1.0,1.0,1.0,1.0,1.0,1.0,1.0,1.0,1.0,1.0,1.0,1.0,1.0,1.0,1.0,1.0,1,D4::D4-Q188,1.0
D4,D4-Q189,procedural,normal,advanced,64,175,44800,4.160682439804077,26.040077209472656,1.0,1.0,1.0,1.0,1.0,1.0,1.0,1.0,1.0,1.0,1.0,1.0,1.0,1.0,1.0,1.0,1,D4::D4-Q189,1.0
D4,D4-Q190,procedural,normal,advanced,64,175,44800,4.160682439804077,26.824235916137695,1.0,1.0,1.0,1.0,1.0,1.0,1.0,1.0,1.0,1.0,1.0,1.0,1.0,1.0,1.0,1.0,1,D4::D4-Q190,1.0
D4,D4-Q191,procedural,normal,advanced,64,175,44800,4.160682439804077,24.744033813476562,0.0,0.0,0.0,0.0,0.0,0.0,0.0,0.0,0.0,0.0,0.0,0.0,0.0,0.0,0.0,0.0,0,D4::D4-Q191,0.0
D4,D4-Q192,procedural,normal,advanced,64,175,44800,4.160682439804077,22.747516632080078,1.0,1.0,1.0,1.0,1.0,1.0,1.0,1.0,1.0,1.0,1.0,1.0,1.0,1.0,1.0,1.0,1,D4::D4-Q192,1.0
D4,D4-Q193,procedural,normal,advanced,64,175,44800,4.160682439804077,27.24909782409668,1.0,1.0,1.0,1.0,1.0,1.0,1.0,1.0,1.0,1.0,1.0,1.0,1.0,1.0,1.0,1.0,1,D4::D4-Q193,1.0
D4,D4-Q194,procedural,normal,advanced,64,175,44800,4.160682439804077,26.793718338012695,0.0,0.0,0.0,0.0,0.0,0.0,0.0,0.0,0.0,0.0,0.0,0.0,0.0,0.0,0.0,0.0,0,D4::D4-Q194,0.0
D4,D4-Q195,procedural,normal,advanced,64,175,44800,4.160682439804077,26.55625343322754,0.0,0.0,0.0,0.0,0.0,0.0,0.0,0.0,0.0,0.0,0.0,0.0,0.0,0.0,0.0,0.0,0,D4::D4-Q195,0.0
D4,D4-Q196,procedural,normal,advanced,64,175,44800,4.160682439804077,26.371002197265625,0.0,0.0,0.0,0.0,0.0,0.0,0.0,0.0,0.0,1.0,1.0,1.0,0.1,0.0,0.2890648263178879,1.0,1,D4::D4-Q196,1.0
D4,D4-Q197,exact_fact,normal,advanced,64,175,44800,4.160682439804077,26.732206344604492,1.0,1.0,1.0,1.0,1.0,1.0,1.0,1.0,1.0,1.0,1.0,1.0,1.0,1.0,1.0,1.0,1,D4::D4-Q197,1.0
D4,D4-Q198,conditional_exception,normal,advanced,64,175,44800,4.160682439804077,25.63190460205078,0.0,0.0,0.0,0.0,0.0,0.0,0.0,0.0,0.0,0.0,0.0,0.0,0.0,0.0,0.0,0.0,0,D4::D4-Q198,0.0
D4,D4-Q199,table_lookup,normal,advanced,64,175,44800,4.160682439804077,26.11684799194336,1.0,1.0,1.0,1.0,1.0,1.0,1.0,1.0,1.0,1.0,1.0,1.0,1.0,1.0,1.0,1.0,1,D4::D4-Q199,1.0
D4,D4-Q200,table_lookup,normal,advanced,64,175,44800,4.160682439804077,25.556087493896484,1.0,1.0,1.0,1.0,1.0,1.0,1.0,1.0,1.0,1.0,1.0,1.0,1.0,1.0,1.0,1.0,1,D4::D4-Q200,1.0
D4,D4-Q001,exact_fact,normal,advanced,128,175,89600,4.160682439804077,24.494647979736328,0.0,0.0,0.0,1.0,1.0,1.0,1.0,1.0,1.0,1.0,1.0,1.0,0.5,0.6309297535714575,0.6309297535714575,1.0,1,D4::D4-Q001,1.0
D4,D4-Q002,exact_fact,normal,advanced,128,175,89600,4.160682439804077,24.44005012512207,0.0,0.0,0.0,1.0,1.0,1.0,1.0,1.0,1.0,1.0,1.0,1.0,0.3333333333333333,0.5,0.5,1.0,1,D4::D4-Q002,1.0
D4,D4-Q003,temporal,normal,advanced,128,175,89600,4.160682439804077,27.66871452331543,0.0,0.0,0.0,0.0,0.0,0.0,0.0,0.0,0.0,1.0,1.0,1.0,0.14285714285714285,0.0,0.3333333333333333,1.0,1,D4::D4-Q003,1.0
D4,D4-Q004,list_membership,normal,advanced,128,175,89600,4.160682439804077,28.264522552490234,0.0,0.0,0.0,0.0,0.0,0.0,0.0,0.0,0.0,0.0,0.0,0.0,0.0,0.0,0.0,0.0,0,D4::D4-Q004,0.0
D4,D4-Q005,exact_fact,normal,advanced,128,175,89600,4.160682439804077,27.83036231994629,1.0,1.0,1.0,1.0,1.0,1.0,1.0,1.0,1.0,1.0,1.0,1.0,1.0,1.0,1.0,1.0,1,D4::D4-Q005,1.0
D4,D4-Q006,exact_fact,normal,advanced,128,175,89600,4.160682439804077,24.02043342590332,0.0,0.0,0.0,0.0,0.0,0.0,0.0,0.0,0.0,1.0,1.0,1.0,0.1111111111111111,0.0,0.3010299956639812,1.0,1,D4::D4-Q006,1.0
D4,D4-Q007,exact_fact,normal,advanced,128,175,89600,4.160682439804077,16.91436767578125,1.0,1.0,1.0,1.0,1.0,1.0,1.0,1.0,1.0,1.0,1.0,1.0,1.0,1.0,1.0,1.0,1,D4::D4-Q007,1.0
D4,D4-Q008,exact_fact,normal,advanced,128,175,89600,4.160682439804077,15.797615051269531,1.0,1.0,1.0,1.0,1.0,1.0,1.0,1.0,1.0,1.0,1.0,1.0,1.0,1.0,1.0,1.0,1,D4::D4-Q008,1.0
D4,D4-Q009,exact_fact,normal,advanced,128,175,89600,4.160682439804077,15.886306762695312,1.0,1.0,1.0,1.0,1.0,1.0,1.0,1.0,1.0,1.0,1.0,1.0,1.0,1.0,1.0,1.0,1,D4::D4-Q009,1.0
D4,D4-Q010,exact_fact,normal,advanced,128,175,89600,4.160682439804077,14.731407165527344,1.0,1.0,1.0,1.0,1.0,1.0,1.0,1.0,1.0,1.0,1.0,1.0,1.0,1.0,1.0,1.0,1,D4::D4-Q010,1.0
D4,D4-Q011,exact_fact,normal,advanced,128,175,89600,4.160682439804077,14.683008193969727,1.0,1.0,1.0,1.0,1.0,1.0,1.0,1.0,1.0,1.0,1.0,1.0,1.0,1.0,1.0,1.0,1,D4::D4-Q011,1.0
D4,D4-Q012,exact_fact,normal,advanced,128,175,89600,4.160682439804077,16.850948333740234,0.0,0.0,0.0,0.0,0.0,0.0,0.0,0.0,0.0,0.0,0.0,0.0,0.0,0.0,0.0,0.0,0,D4::D4-Q012,0.0
D4,D4-Q013,exact_fact,normal,advanced,128,175,89600,4.160682439804077,14.457225799560547,1.0,1.0,1.0,1.0,1.0,1.0,1.0,1.0,1.0,1.0,1.0,1.0,1.0,1.0,1.0,1.0,1,D4::D4-Q013,1.0
D4,D4-Q014,exact_fact,normal,advanced,128,175,89600,4.160682439804077,14.703750610351562,1.0,1.0,1.0,1.0,1.0,1.0,1.0,1.0,1.0,1.0,1.0,1.0,1.0,1.0,1.0,1.0,1,D4::D4-Q014,1.0
D4,D4-Q015,exact_fact,normal,advanced,128,175,89600,4.160682439804077,15.633106231689453,0.0,0.0,0.0,1.0,1.0,1.0,1.0,1.0,1.0,1.0,1.0,1.0,0.5,0.6309297535714575,0.6309297535714575,1.0,1,D4::D4-Q015,1.0
D4,D4-Q016,exact_fact,normal,advanced,128,175,89600,4.160682439804077,15.447616577148438,0.0,0.0,0.0,0.0,0.0,0.0,0.0,0.0,0.0,1.0,1.0,1.0,0.1,0.0,0.2890648263178879,1.0,1,D4::D4-Q016,1.0
D4,D4-Q017,exact_fact,normal,advanced,128,175,89600,4.160682439804077,13.771533966064453,0.0,0.0,0.0,0.0,0.0,0.0,0.0,0.0,0.0,1.0,1.0,1.0,0.14285714285714285,0.0,0.3333333333333333,1.0,1,D4::D4-Q017,1.0
D4,D4-Q018,exact_fact,normal,advanced,128,175,89600,4.160682439804077,15.498161315917969,1.0,1.0,1.0,1.0,1.0,1.0,1.0,1.0,1.0,1.0,1.0,1.0,1.0,1.0,1.0,1.0,1,D4::D4-Q018,1.0
D4,D4-Q019,exact_fact,normal,advanced,128,175,89600,4.160682439804077,14.219999313354492,1.0,1.0,1.0,1.0,1.0,1.0,1.0,1.0,1.0,1.0,1.0,1.0,1.0,1.0,1.0,1.0,1,D4::D4-Q019,1.0
D4,D4-Q020,exact_fact,normal,advanced,128,175,89600,4.160682439804077,24.671316146850586,1.0,1.0,1.0,1.0,1.0,1.0,1.0,1.0,1.0,1.0,1.0,1.0,1.0,1.0,1.0,1.0,1,D4::D4-Q020,1.0
D4,D4-Q021,exact_fact,normal,advanced,128,175,89600,4.160682439804077,18.685102462768555,0.0,0.0,0.0,1.0,1.0,1.0,1.0,1.0,1.0,1.0,1.0,1.0,0.5,0.6309297535714575,0.6309297535714575,1.0,1,D4::D4-Q021,1.0
D4,D4-Q022,procedural,normal,advanced,128,175,89600,4.160682439804077,14.578104019165039,1.0,1.0,1.0,1.0,1.0,1.0,1.0,1.0,1.0,1.0,1.0,1.0,1.0,1.0,1.0,1.0,1,D4::D4-Q022,1.0
D4,D4-Q023,numerical,normal,advanced,128,175,89600,4.160682439804077,14.691591262817383,0.0,0.0,0.0,0.0,0.0,0.0,0.0,0.0,0.0,0.0,0.0,0.0,0.0,0.0,0.0,0.0,0,D4::D4-Q023,0.0
D4,D4-Q024,exact_fact,normal,advanced,128,175,89600,4.160682439804077,14.573335647583008,0.0,0.0,0.0,1.0,1.0,1.0,1.0,1.0,1.0,1.0,1.0,1.0,0.3333333333333333,0.5,0.5,1.0,1,D4::D4-Q024,1.0
D4,D4-Q025,exact_fact,normal,advanced,128,175,89600,4.160682439804077,14.307022094726562,0.0,0.0,0.0,1.0,1.0,1.0,1.0,1.0,1.0,1.0,1.0,1.0,0.3333333333333333,0.5,0.5,1.0,1,D4::D4-Q025,1.0
D4,D4-Q026,exact_fact,normal,advanced,128,175,89600,4.160682439804077,14.222145080566406,0.0,0.0,0.0,0.0,0.0,0.0,0.0,0.0,0.0,1.0,1.0,1.0,0.14285714285714285,0.0,0.3333333333333333,1.0,1,D4::D4-Q026,1.0
D4,D4-Q027,exact_fact,normal,advanced,128,175,89600,4.160682439804077,14.25933837890625,0.0,0.0,0.0,0.0,0.0,0.0,1.0,1.0,1.0,1.0,1.0,1.0,0.25,0.43067655807339306,0.43067655807339306,1.0,1,D4::D4-Q027,1.0
D4,D4-Q028,exact_fact,normal,advanced,128,175,89600,4.160682439804077,14.209508895874023,1.0,1.0,1.0,1.0,1.0,1.0,1.0,1.0,1.0,1.0,1.0,1.0,1.0,1.0,1.0,1.0,1,D4::D4-Q028,1.0
D4,D4-Q029,exact_fact,normal,advanced,128,175,89600,4.160682439804077,14.24860954284668,0.0,0.0,0.0,1.0,1.0,1.0,1.0,1.0,1.0,1.0,1.0,1.0,0.3333333333333333,0.5,0.5,1.0,1,D4::D4-Q029,1.0
D4,D4-Q030,exact_fact,normal,advanced,128,175,89600,4.160682439804077,14.467477798461914,0.0,0.0,0.0,0.0,0.0,0.0,0.0,0.0,0.0,0.0,0.0,0.0,0.0,0.0,0.0,0.0,0,D4::D4-Q030,0.0
D4,D4-Q031,exact_fact,normal,advanced,128,175,89600,4.160682439804077,14.994144439697266,1.0,1.0,1.0,1.0,1.0,1.0,1.0,1.0,1.0,1.0,1.0,1.0,1.0,1.0,1.0,1.0,1,D4::D4-Q031,1.0
D4,D4-Q032,exact_fact,normal,advanced,128,175,89600,4.160682439804077,14.63007926940918,0.0,0.0,0.0,0.0,0.0,0.0,0.0,0.0,0.0,0.0,0.0,0.0,0.0,0.0,0.0,0.0,0,D4::D4-Q032,0.0
D4,D4-Q033,exact_fact,normal,advanced,128,175,89600,4.160682439804077,14.233589172363281,1.0,1.0,1.0,1.0,1.0,1.0,1.0,1.0,1.0,1.0,1.0,1.0,1.0,1.0,1.0,1.0,1,D4::D4-Q033,1.0
D4,D4-Q034,exact_fact,normal,advanced,128,175,89600,4.160682439804077,14.071464538574219,0.0,0.0,0.0,0.0,0.0,0.0,1.0,1.0,1.0,1.0,1.0,1.0,0.25,0.43067655807339306,0.43067655807339306,1.0,1,D4::D4-Q034,1.0
D4,D4-Q035,exact_fact,normal,advanced,128,175,89600,4.160682439804077,14.79649543762207,1.0,1.0,1.0,1.0,1.0,1.0,1.0,1.0,1.0,1.0,1.0,1.0,1.0,1.0,1.0,1.0,1,D4::D4-Q035,1.0
D4,D4-Q036,exact_fact,normal,advanced,128,175,89600,4.160682439804077,15.672922134399414,1.0,1.0,1.0,1.0,1.0,1.0,1.0,1.0,1.0,1.0,1.0,1.0,1.0,1.0,1.0,1.0,1,D4::D4-Q036,1.0
D4,D4-Q037,exact_fact,normal,advanced,128,175,89600,4.160682439804077,15.261411666870117,0.0,0.0,0.0,0.0,0.0,0.0,0.0,0.0,0.0,1.0,1.0,1.0,0.125,0.0,0.31546487678572877,1.0,1,D4::D4-Q037,1.0
D4,D4-Q038,exact_fact,normal,advanced,128,175,89600,4.160682439804077,14.9993896484375,0.0,0.0,0.0,0.0,0.0,0.0,1.0,1.0,1.0,1.0,1.0,1.0,0.2,0.38685280723454163,0.38685280723454163,1.0,1,D4::D4-Q038,1.0
D4,D4-Q039,exact_fact,normal,advanced,128,175,89600,4.160682439804077,14.509201049804688,0.0,0.0,0.0,0.0,0.0,0.0,0.0,0.0,0.0,0.0,0.0,0.0,0.0,0.0,0.0,0.0,0,D4::D4-Q039,0.0
D4,D4-Q040,temporal,normal,advanced,128,175,89600,4.160682439804077,14.775514602661133,0.0,0.0,0.0,0.0,0.0,0.0,0.0,0.0,0.0,0.0,0.0,0.0,0.0,0.0,0.0,0.0,0,D4::D4-Q040,0.0
D4,D4-Q041,exact_fact,normal,advanced,128,175,89600,4.160682439804077,13.953685760498047,0.0,0.0,0.0,0.0,0.0,0.0,0.0,0.0,0.0,0.0,0.0,0.0,0.0,0.0,0.0,0.0,0,D4::D4-Q041,0.0
D4,D4-Q042,exact_fact,normal,advanced,128,175,89600,4.160682439804077,15.189647674560547,0.0,0.0,0.0,0.0,0.0,0.0,0.0,0.0,0.0,0.0,0.0,0.0,0.0,0.0,0.0,0.0,0,D4::D4-Q042,0.0
D4,D4-Q043,paraphrase,normal,advanced,128,175,89600,4.160682439804077,15.82193374633789,1.0,1.0,1.0,1.0,1.0,1.0,1.0,1.0,1.0,1.0,1.0,1.0,1.0,1.0,1.0,1.0,1,D4::D4-Q043,1.0
D4,D4-Q044,exact_fact,normal,advanced,128,175,89600,4.160682439804077,14.122724533081055,1.0,1.0,1.0,1.0,1.0,1.0,1.0,1.0,1.0,1.0,1.0,1.0,1.0,1.0,1.0,1.0,1,D4::D4-Q044,1.0
D4,D4-Q045,numerical,normal,advanced,128,175,89600,4.160682439804077,14.308691024780273,1.0,1.0,1.0,1.0,1.0,1.0,1.0,1.0,1.0,1.0,1.0,1.0,1.0,1.0,1.0,1.0,1,D4::D4-Q045,1.0
D4,D4-Q046,procedural,normal,advanced,128,175,89600,4.160682439804077,14.944314956665039,0.0,0.0,0.0,0.0,0.0,0.0,1.0,1.0,1.0,1.0,1.0,1.0,0.25,0.43067655807339306,0.43067655807339306,1.0,1,D4::D4-Q046,1.0
D4,D4-Q047,numerical,normal,advanced,128,175,89600,4.160682439804077,14.724493026733398,1.0,1.0,1.0,1.0,1.0,1.0,1.0,1.0,1.0,1.0,1.0,1.0,1.0,1.0,1.0,1.0,1,D4::D4-Q047,1.0
D4,D4-Q048,procedural,normal,advanced,128,175,89600,4.160682439804077,15.25259017944336,0.0,0.0,0.0,0.0,0.0,0.0,0.0,0.0,0.0,1.0,1.0,1.0,0.16666666666666666,0.0,0.3562071871080222,1.0,1,D4::D4-Q048,1.0
D4,D4-Q049,exact_fact,normal,advanced,128,175,89600,4.160682439804077,14.44101333618164,1.0,1.0,1.0,1.0,1.0,1.0,1.0,1.0,1.0,1.0,1.0,1.0,1.0,1.0,1.0,1.0,1,D4::D4-Q049,1.0
D4,D4-Q050,conditional_exception,normal,advanced,128,175,89600,4.160682439804077,15.535593032836914,0.0,0.0,0.0,0.0,0.0,0.0,1.0,1.0,1.0,1.0,1.0,1.0,0.25,0.43067655807339306,0.43067655807339306,1.0,1,D4::D4-Q050,1.0
D4,D4-Q051,exact_fact,normal,advanced,128,175,89600,4.160682439804077,14.932632446289062,1.0,1.0,1.0,1.0,1.0,1.0,1.0,1.0,1.0,1.0,1.0,1.0,1.0,1.0,1.0,1.0,1,D4::D4-Q051,1.0
D4,D4-Q052,negation,normal,advanced,128,175,89600,4.160682439804077,15.061616897583008,0.0,0.0,0.0,0.0,0.0,0.0,0.0,0.0,0.0,0.0,0.0,0.0,0.0,0.0,0.0,0.0,0,D4::D4-Q052,0.0
D4,D4-Q053,procedural,normal,advanced,128,175,89600,4.160682439804077,14.894962310791016,0.0,0.0,0.0,1.0,1.0,1.0,1.0,1.0,1.0,1.0,1.0,1.0,0.5,0.6309297535714575,0.6309297535714575,1.0,1,D4::D4-Q053,1.0
D4,D4-Q054,numerical,normal,advanced,128,175,89600,4.160682439804077,16.27945899963379,0.0,0.0,0.0,0.0,0.0,0.0,1.0,1.0,1.0,1.0,1.0,1.0,0.25,0.43067655807339306,0.43067655807339306,1.0,1,D4::D4-Q054,1.0
D4,D4-Q055,numerical,normal,advanced,128,175,89600,4.160682439804077,15.210151672363281,0.0,0.0,0.0,0.0,0.0,0.0,0.0,0.0,0.0,1.0,1.0,1.0,0.16666666666666666,0.0,0.3562071871080222,1.0,1,D4::D4-Q055,1.0
D4,D4-Q056,numerical,normal,advanced,128,175,89600,4.160682439804077,15.685796737670898,1.0,1.0,1.0,1.0,1.0,1.0,1.0,1.0,1.0,1.0,1.0,1.0,1.0,1.0,1.0,1.0,1,D4::D4-Q056,1.0
D4,D4-Q057,conditional_exception,normal,advanced,128,175,89600,4.160682439804077,14.604806900024414,0.0,0.0,0.0,0.0,0.0,0.0,0.0,0.0,0.0,1.0,1.0,1.0,0.125,0.0,0.31546487678572877,1.0,1,D4::D4-Q057,1.0
D4,D4-Q058,procedural,normal,advanced,128,175,89600,4.160682439804077,14.232397079467773,0.0,0.0,0.0,1.0,1.0,1.0,1.0,1.0,1.0,1.0,1.0,1.0,0.5,0.6309297535714575,0.6309297535714575,1.0,1,D4::D4-Q058,1.0
D4,D4-Q059,exact_fact,normal,advanced,128,175,89600,4.160682439804077,15.082836151123047,0.0,0.0,0.0,1.0,1.0,1.0,1.0,1.0,1.0,1.0,1.0,1.0,0.5,0.6309297535714575,0.6309297535714575,1.0,1,D4::D4-Q059,1.0
D4,D4-Q060,procedural,normal,advanced,128,175,89600,4.160682439804077,14.181375503540039,0.0,0.0,0.0,1.0,1.0,1.0,1.0,1.0,1.0,1.0,1.0,1.0,0.3333333333333333,0.5,0.5,1.0,1,D4::D4-Q060,1.0
D4,D4-Q061,negative_query,normal,advanced,128,175,89600,4.160682439804077,13.842344284057617,1.0,1.0,1.0,1.0,1.0,1.0,1.0,1.0,1.0,1.0,1.0,1.0,1.0,1.0,1.0,1.0,1,D4::D4-Q061,1.0
D4,D4-Q062,conditional_exception,normal,advanced,128,175,89600,4.160682439804077,21.481037139892578,0.0,0.0,0.0,0.0,0.0,0.0,1.0,1.0,1.0,1.0,1.0,1.0,0.2,0.38685280723454163,0.38685280723454163,1.0,1,D4::D4-Q062,1.0
D4,D4-Q063,procedural,normal,advanced,128,175,89600,4.160682439804077,16.113996505737305,0.0,0.0,0.0,0.0,0.0,0.0,0.0,0.0,0.0,0.0,0.0,0.0,0.0,0.0,0.0,0.0,0,D4::D4-Q063,0.0
D4,D4-Q064,conditional_exception,normal,advanced,128,175,89600,4.160682439804077,15.645742416381836,0.0,0.0,0.0,1.0,1.0,1.0,1.0,1.0,1.0,1.0,1.0,1.0,0.5,0.6309297535714575,0.6309297535714575,1.0,1,D4::D4-Q064,1.0
D4,D4-Q065,negative_query,normal,advanced,128,175,89600,4.160682439804077,16.04485511779785,0.0,0.0,0.0,1.0,1.0,1.0,1.0,1.0,1.0,1.0,1.0,1.0,0.5,0.6309297535714575,0.6309297535714575,1.0,1,D4::D4-Q065,1.0
D4,D4-Q066,negative_query,normal,advanced,128,175,89600,4.160682439804077,17.951011657714844,0.0,0.0,0.0,0.0,0.0,0.0,1.0,1.0,1.0,1.0,1.0,1.0,0.25,0.43067655807339306,0.43067655807339306,1.0,1,D4::D4-Q066,1.0
D4,D4-Q067,negative_query,normal,advanced,128,175,89600,4.160682439804077,17.99488067626953,0.0,0.0,0.0,0.0,0.0,0.0,0.0,0.0,0.0,1.0,1.0,1.0,0.14285714285714285,0.0,0.3333333333333333,1.0,1,D4::D4-Q067,1.0
D4,D4-Q068,conditional_exception,normal,advanced,128,175,89600,4.160682439804077,18.181800842285156,0.0,0.0,0.0,0.0,0.0,0.0,0.0,0.0,0.0,1.0,1.0,1.0,0.14285714285714285,0.0,0.3333333333333333,1.0,1,D4::D4-Q068,1.0
D4,D4-Q069,negative_query,normal,advanced,128,175,89600,4.160682439804077,18.239498138427734,0.0,0.0,0.0,0.0,0.0,0.0,0.0,0.0,0.0,1.0,1.0,1.0,0.125,0.0,0.31546487678572877,1.0,1,D4::D4-Q069,1.0
D4,D4-Q070,negative_query,normal,advanced,128,175,89600,4.160682439804077,15.482664108276367,0.0,0.0,0.0,0.0,0.0,0.0,0.0,0.0,0.0,0.0,0.0,0.0,0.0,0.0,0.0,0.0,0,D4::D4-Q070,0.0
D4,D4-Q071,negative_query,normal,advanced,128,175,89600,4.160682439804077,18.185853958129883,0.0,0.0,0.0,0.0,0.0,0.0,0.0,0.0,0.0,0.0,0.0,0.0,0.0,0.0,0.0,0.0,0,D4::D4-Q071,0.0
D4,D4-Q072,negative_query,normal,advanced,128,175,89600,4.160682439804077,16.038179397583008,0.0,0.0,0.0,0.0,0.0,0.0,0.0,0.0,0.0,0.0,0.0,0.0,0.0,0.0,0.0,0.0,0,D4::D4-Q072,0.0
D4,D4-Q073,negative_query,normal,advanced,128,175,89600,4.160682439804077,15.995025634765625,0.0,0.0,0.0,0.0,0.0,0.0,0.0,0.0,0.0,1.0,1.0,1.0,0.125,0.0,0.31546487678572877,1.0,1,D4::D4-Q073,1.0
D4,D4-Q074,temporal,normal,advanced,128,175,89600,4.160682439804077,16.844511032104492,0.0,0.0,0.0,0.0,0.0,0.0,0.0,0.0,0.0,1.0,1.0,1.0,0.14285714285714285,0.0,0.3333333333333333,1.0,1,D4::D4-Q074,1.0
D4,D4-Q075,negative_query,normal,advanced,128,175,89600,4.160682439804077,15.191078186035156,0.0,0.0,0.0,0.0,0.0,0.0,0.0,0.0,0.0,1.0,1.0,1.0,0.14285714285714285,0.0,0.3333333333333333,1.0,1,D4::D4-Q075,1.0
D4,D4-Q076,negation,normal,advanced,128,175,89600,4.160682439804077,15.36870002746582,0.0,0.0,0.0,1.0,1.0,1.0,1.0,1.0,1.0,1.0,1.0,1.0,0.3333333333333333,0.5,0.5,1.0,1,D4::D4-Q076,1.0
D4,D4-Q077,conditional_exception,normal,advanced,128,175,89600,4.160682439804077,15.566110610961914,1.0,1.0,1.0,1.0,1.0,1.0,1.0,1.0,1.0,1.0,1.0,1.0,1.0,1.0,1.0,1.0,1,D4::D4-Q077,1.0
D4,D4-Q078,temporal,normal,advanced,128,175,89600,4.160682439804077,15.35940170288086,0.0,0.0,0.0,0.0,0.0,0.0,0.0,0.0,0.0,0.0,0.0,0.0,0.0,0.0,0.0,0.0,0,D4::D4-Q078,0.0
D4,D4-Q079,conditional_exception,normal,advanced,128,175,89600,4.160682439804077,14.920711517333984,0.0,0.0,0.0,1.0,1.0,1.0,1.0,1.0,1.0,1.0,1.0,1.0,0.5,0.6309297535714575,0.6309297535714575,1.0,1,D4::D4-Q079,1.0
D4,D4-Q080,conditional_exception,normal,advanced,128,175,89600,4.160682439804077,15.262365341186523,0.0,0.0,0.0,1.0,1.0,1.0,1.0,1.0,1.0,1.0,1.0,1.0,0.3333333333333333,0.5,0.5,1.0,1,D4::D4-Q080,1.0
D4,D4-Q081,procedural,normal,advanced,128,175,89600,4.160682439804077,27.36806869506836,1.0,1.0,1.0,1.0,1.0,1.0,1.0,1.0,1.0,1.0,1.0,1.0,1.0,1.0,1.0,1.0,1,D4::D4-Q081,1.0
D4,D4-Q082,procedural,normal,advanced,128,175,89600,4.160682439804077,20.01357078552246,1.0,1.0,1.0,1.0,1.0,1.0,1.0,1.0,1.0,1.0,1.0,1.0,1.0,1.0,1.0,1.0,1,D4::D4-Q082,1.0
D4,D4-Q083,numerical,normal,advanced,128,175,89600,4.160682439804077,15.584468841552734,0.0,0.0,0.0,1.0,1.0,1.0,1.0,1.0,1.0,1.0,1.0,1.0,0.5,0.6309297535714575,0.6309297535714575,1.0,1,D4::D4-Q083,1.0
D4,D4-Q084,numerical,normal,advanced,128,175,89600,4.160682439804077,16.183137893676758,0.0,0.0,0.0,1.0,1.0,1.0,1.0,1.0,1.0,1.0,1.0,1.0,0.5,0.6309297535714575,0.6309297535714575,1.0,1,D4::D4-Q084,1.0
D4,D4-Q085,numerical,normal,advanced,128,175,89600,4.160682439804077,15.988588333129883,0.0,0.0,0.0,0.0,0.0,0.0,0.0,0.0,0.0,0.0,0.0,0.0,0.0,0.0,0.0,0.0,0,D4::D4-Q085,0.0
D4,D4-Q086,procedural,normal,advanced,128,175,89600,4.160682439804077,16.99542999267578,1.0,1.0,1.0,1.0,1.0,1.0,1.0,1.0,1.0,1.0,1.0,1.0,1.0,1.0,1.0,1.0,1,D4::D4-Q086,1.0
D4,D4-Q087,procedural,normal,advanced,128,175,89600,4.160682439804077,15.725851058959961,1.0,1.0,1.0,1.0,1.0,1.0,1.0,1.0,1.0,1.0,1.0,1.0,1.0,1.0,1.0,1.0,1,D4::D4-Q087,1.0
D4,D4-Q088,exact_fact,normal,advanced,128,175,89600,4.160682439804077,14.271736145019531,1.0,1.0,1.0,1.0,1.0,1.0,1.0,1.0,1.0,1.0,1.0,1.0,1.0,1.0,1.0,1.0,1,D4::D4-Q088,1.0
D4,D4-Q089,exact_fact,normal,advanced,128,175,89600,4.160682439804077,15.064001083374023,0.0,0.0,0.0,1.0,1.0,1.0,1.0,1.0,1.0,1.0,1.0,1.0,0.5,0.6309297535714575,0.6309297535714575,1.0,1,D4::D4-Q089,1.0
D4,D4-Q090,list_membership,normal,advanced,128,175,89600,4.160682439804077,14.870643615722656,1.0,1.0,1.0,1.0,1.0,1.0,1.0,1.0,1.0,1.0,1.0,1.0,1.0,1.0,1.0,1.0,1,D4::D4-Q090,1.0
D4,D4-Q091,conditional_exception,normal,advanced,128,175,89600,4.160682439804077,15.762090682983398,1.0,1.0,1.0,1.0,1.0,1.0,1.0,1.0,1.0,1.0,1.0,1.0,1.0,1.0,1.0,1.0,1,D4::D4-Q091,1.0
D4,D4-Q092,exact_fact,normal,advanced,128,175,89600,4.160682439804077,14.70184326171875,1.0,1.0,1.0,1.0,1.0,1.0,1.0,1.0,1.0,1.0,1.0,1.0,1.0,1.0,1.0,1.0,1,D4::D4-Q092,1.0
D4,D4-Q093,negative_query,normal,advanced,128,175,89600,4.160682439804077,14.846086502075195,0.0,0.0,0.0,1.0,1.0,1.0,1.0,1.0,1.0,1.0,1.0,1.0,0.3333333333333333,0.5,0.5,1.0,1,D4::D4-Q093,1.0
D4,D4-Q094,exact_fact,normal,advanced,128,175,89600,4.160682439804077,14.866828918457031,1.0,1.0,1.0,1.0,1.0,1.0,1.0,1.0,1.0,1.0,1.0,1.0,1.0,1.0,1.0,1.0,1,D4::D4-Q094,1.0
D4,D4-Q095,temporal,normal,advanced,128,175,89600,4.160682439804077,14.590740203857422,1.0,1.0,1.0,1.0,1.0,1.0,1.0,1.0,1.0,1.0,1.0,1.0,1.0,1.0,1.0,1.0,1,D4::D4-Q095,1.0
D4,D4-Q096,numerical,normal,advanced,128,175,89600,4.160682439804077,15.535116195678711,1.0,1.0,1.0,1.0,1.0,1.0,1.0,1.0,1.0,1.0,1.0,1.0,1.0,1.0,1.0,1.0,1,D4::D4-Q096,1.0
D4,D4-Q097,temporal,normal,advanced,128,175,89600,4.160682439804077,13.918399810791016,1.0,1.0,1.0,1.0,1.0,1.0,1.0,1.0,1.0,1.0,1.0,1.0,1.0,1.0,1.0,1.0,1,D4::D4-Q097,1.0
D4,D4-Q098,negation,normal,advanced,128,175,89600,4.160682439804077,14.426231384277344,1.0,1.0,1.0,1.0,1.0,1.0,1.0,1.0,1.0,1.0,1.0,1.0,1.0,1.0,1.0,1.0,1,D4::D4-Q098,1.0
D4,D4-Q099,numerical,normal,advanced,128,175,89600,4.160682439804077,14.391422271728516,1.0,1.0,1.0,1.0,1.0,1.0,1.0,1.0,1.0,1.0,1.0,1.0,1.0,1.0,1.0,1.0,1,D4::D4-Q099,1.0
D4,D4-Q100,procedural,normal,advanced,128,175,89600,4.160682439804077,16.167163848876953,0.0,0.0,0.0,1.0,1.0,1.0,1.0,1.0,1.0,1.0,1.0,1.0,0.5,0.6309297535714575,0.6309297535714575,1.0,1,D4::D4-Q100,1.0
D4,D4-Q101,exact_fact,normal,advanced,128,175,89600,4.160682439804077,14.768600463867188,1.0,1.0,1.0,1.0,1.0,1.0,1.0,1.0,1.0,1.0,1.0,1.0,1.0,1.0,1.0,1.0,1,D4::D4-Q101,1.0
D4,D4-Q102,comparison,normal,advanced,128,175,89600,4.160682439804077,15.01011848449707,0.0,0.0,0.0,1.0,1.0,1.0,1.0,1.0,1.0,1.0,1.0,1.0,0.5,0.6309297535714575,0.6309297535714575,1.0,1,D4::D4-Q102,1.0
D4,D4-Q103,comparison,normal,advanced,128,175,89600,4.160682439804077,14.877557754516602,1.0,1.0,1.0,1.0,1.0,1.0,1.0,1.0,1.0,1.0,1.0,1.0,1.0,1.0,1.0,1.0,1,D4::D4-Q103,1.0
D4,D4-Q104,negation,normal,advanced,128,175,89600,4.160682439804077,14.23501968383789,1.0,1.0,1.0,1.0,1.0,1.0,1.0,1.0,1.0,1.0,1.0,1.0,1.0,1.0,1.0,1.0,1,D4::D4-Q104,1.0
D4,D4-Q105,procedural,normal,advanced,128,175,89600,4.160682439804077,15.264034271240234,0.0,0.0,0.0,1.0,1.0,1.0,1.0,1.0,1.0,1.0,1.0,1.0,0.5,0.6309297535714575,0.6309297535714575,1.0,1,D4::D4-Q105,1.0
D4,D4-Q106,procedural,normal,advanced,128,175,89600,4.160682439804077,14.375686645507812,1.0,1.0,1.0,1.0,1.0,1.0,1.0,1.0,1.0,1.0,1.0,1.0,1.0,1.0,1.0,1.0,1,D4::D4-Q106,1.0
D4,D4-Q107,conditional_exception,normal,advanced,128,175,89600,4.160682439804077,15.3961181640625,0.0,0.0,0.0,1.0,1.0,1.0,1.0,1.0,1.0,1.0,1.0,1.0,0.5,0.6309297535714575,0.6309297535714575,1.0,1,D4::D4-Q107,1.0
D4,D4-Q108,conditional_exception,normal,advanced,128,175,89600,4.160682439804077,14.271259307861328,1.0,1.0,1.0,1.0,1.0,1.0,1.0,1.0,1.0,1.0,1.0,1.0,1.0,1.0,1.0,1.0,1,D4::D4-Q108,1.0
D4,D4-Q109,procedural,normal,advanced,128,175,89600,4.160682439804077,15.845060348510742,1.0,1.0,1.0,1.0,1.0,1.0,1.0,1.0,1.0,1.0,1.0,1.0,1.0,1.0,1.0,1.0,1,D4::D4-Q109,1.0
D4,D4-Q110,exact_fact,normal,advanced,128,175,89600,4.160682439804077,13.481616973876953,1.0,1.0,1.0,1.0,1.0,1.0,1.0,1.0,1.0,1.0,1.0,1.0,1.0,1.0,1.0,1.0,1,D4::D4-Q110,1.0
D4,D4-Q111,exact_fact,normal,advanced,128,175,89600,4.160682439804077,14.411449432373047,1.0,1.0,1.0,1.0,1.0,1.0,1.0,1.0,1.0,1.0,1.0,1.0,1.0,1.0,1.0,1.0,1,D4::D4-Q111,1.0
D4,D4-Q112,list_membership,normal,advanced,128,175,89600,4.160682439804077,15.060901641845703,1.0,1.0,1.0,1.0,1.0,1.0,1.0,1.0,1.0,1.0,1.0,1.0,1.0,1.0,1.0,1.0,1,D4::D4-Q112,1.0
D4,D4-Q113,conditional_exception,normal,advanced,128,175,89600,4.160682439804077,14.520645141601562,1.0,1.0,1.0,1.0,1.0,1.0,1.0,1.0,1.0,1.0,1.0,1.0,1.0,1.0,1.0,1.0,1,D4::D4-Q113,1.0
D4,D4-Q114,exact_fact,normal,advanced,128,175,89600,4.160682439804077,14.754056930541992,0.0,0.0,0.0,0.0,0.0,0.0,0.0,0.0,0.0,1.0,1.0,1.0,0.14285714285714285,0.0,0.3333333333333333,1.0,1,D4::D4-Q114,1.0
D4,D4-Q115,temporal,normal,advanced,128,175,89600,4.160682439804077,15.487909317016602,1.0,1.0,1.0,1.0,1.0,1.0,1.0,1.0,1.0,1.0,1.0,1.0,1.0,1.0,1.0,1.0,1,D4::D4-Q115,1.0
D4,D4-Q116,comparison,normal,advanced,128,175,89600,4.160682439804077,15.57612419128418,0.0,0.0,0.0,1.0,1.0,1.0,1.0,1.0,1.0,1.0,1.0,1.0,0.5,0.6309297535714575,0.6309297535714575,1.0,1,D4::D4-Q116,1.0
D4,D4-Q117,comparison,normal,advanced,128,175,89600,4.160682439804077,15.503883361816406,1.0,1.0,1.0,1.0,1.0,1.0,1.0,1.0,1.0,1.0,1.0,1.0,1.0,1.0,1.0,1.0,1,D4::D4-Q117,1.0
D4,D4-Q118,procedural,normal,advanced,128,175,89600,4.160682439804077,14.365673065185547,0.5,1.0,0.0,1.0,1.0,1.0,1.0,1.0,1.0,1.0,1.0,1.0,1.0,0.9197207891481876,0.9197207891481876,1.0,2,D4::D4-Q118,1.0
D4,D4-Q119,procedural,normal,advanced,128,175,89600,4.160682439804077,18.301963806152344,0.0,0.0,0.0,1.0,1.0,1.0,1.0,1.0,1.0,1.0,1.0,1.0,0.5,0.6309297535714575,0.6309297535714575,1.0,1,D4::D4-Q119,1.0
D4,D4-Q120,procedural,normal,advanced,128,175,89600,4.160682439804077,17.94886589050293,0.0,0.0,0.0,1.0,1.0,1.0,1.0,1.0,1.0,1.0,1.0,1.0,0.3333333333333333,0.5,0.5,1.0,1,D4::D4-Q120,1.0
D4,D4-Q121,negation,normal,advanced,128,175,89600,4.160682439804077,19.64569091796875,0.0,0.0,0.0,1.0,1.0,1.0,1.0,1.0,1.0,1.0,1.0,1.0,0.3333333333333333,0.5,0.5,1.0,1,D4::D4-Q121,1.0
D4,D4-Q122,numerical,normal,advanced,128,175,89600,4.160682439804077,14.546632766723633,0.0,0.0,0.0,1.0,1.0,1.0,1.0,1.0,1.0,1.0,1.0,1.0,0.3333333333333333,0.5,0.5,1.0,1,D4::D4-Q122,1.0
D4,D4-Q123,conditional_exception,normal,advanced,128,175,89600,4.160682439804077,15.411376953125,1.0,1.0,1.0,1.0,1.0,1.0,1.0,1.0,1.0,1.0,1.0,1.0,1.0,1.0,1.0,1.0,1,D4::D4-Q123,1.0
D4,D4-Q124,numerical,normal,advanced,128,175,89600,4.160682439804077,13.906240463256836,1.0,1.0,1.0,1.0,1.0,1.0,1.0,1.0,1.0,1.0,1.0,1.0,1.0,1.0,1.0,1.0,1,D4::D4-Q124,1.0
D4,D4-Q125,procedural,normal,advanced,128,175,89600,4.160682439804077,13.494491577148438,1.0,1.0,1.0,1.0,1.0,1.0,1.0,1.0,1.0,1.0,1.0,1.0,1.0,1.0,1.0,1.0,1,D4::D4-Q125,1.0
D4,D4-Q126,numerical,normal,advanced,128,175,89600,4.160682439804077,13.935565948486328,0.0,0.0,0.0,1.0,1.0,1.0,1.0,1.0,1.0,1.0,1.0,1.0,0.3333333333333333,0.5,0.5,1.0,1,D4::D4-Q126,1.0
D4,D4-Q127,exact_fact,normal,advanced,128,175,89600,4.160682439804077,15.586614608764648,1.0,1.0,1.0,1.0,1.0,1.0,1.0,1.0,1.0,1.0,1.0,1.0,1.0,1.0,1.0,1.0,1,D4::D4-Q127,1.0
D4,D4-Q128,list_membership,normal,advanced,128,175,89600,4.160682439804077,14.009952545166016,1.0,1.0,1.0,1.0,1.0,1.0,1.0,1.0,1.0,1.0,1.0,1.0,1.0,1.5615201999684067,1.5615201999684067,1.0,4,D4::D4-Q128,1.0
D4,D4-Q129,numerical,normal,advanced,128,175,89600,4.160682439804077,14.067649841308594,1.0,1.0,1.0,1.0,1.0,1.0,1.0,1.0,1.0,1.0,1.0,1.0,1.0,1.0,1.0,1.0,1,D4::D4-Q129,1.0
D4,D4-Q130,numerical,normal,advanced,128,175,89600,4.160682439804077,14.715194702148438,1.0,1.0,1.0,1.0,1.0,1.0,1.0,1.0,1.0,1.0,1.0,1.0,1.0,1.0,1.0,1.0,1,D4::D4-Q130,1.0
D4,D4-Q131,procedural,normal,advanced,128,175,89600,4.160682439804077,14.106512069702148,1.0,1.0,1.0,1.0,1.0,1.0,1.0,1.0,1.0,1.0,1.0,1.0,1.0,1.0,1.0,1.0,1,D4::D4-Q131,1.0
D4,D4-Q132,procedural,normal,advanced,128,175,89600,4.160682439804077,15.497446060180664,1.0,1.0,1.0,1.0,1.0,1.0,1.0,1.0,1.0,1.0,1.0,1.0,1.0,1.0,1.0,1.0,1,D4::D4-Q132,1.0
D4,D4-Q133,conditional_exception,normal,advanced,128,175,89600,4.160682439804077,14.081239700317383,0.0,0.0,0.0,0.6666666666666666,1.0,0.0,0.6666666666666666,1.0,0.0,1.0,1.0,1.0,0.3333333333333333,0.46927872602275644,0.6364391809889587,1.0,3,D4::D4-Q133,1.0
D4,D4-Q134,exact_fact,normal,advanced,128,175,89600,4.160682439804077,15.462398529052734,1.0,1.0,1.0,1.0,1.0,1.0,1.0,1.0,1.0,1.0,1.0,1.0,1.0,1.0,1.0,1.0,1,D4::D4-Q134,1.0
D4,D4-Q135,exact_fact,normal,advanced,128,175,89600,4.160682439804077,13.930797576904297,1.0,1.0,1.0,1.0,1.0,1.0,1.0,1.0,1.0,1.0,1.0,1.0,1.0,1.0,1.0,1.0,1,D4::D4-Q135,1.0
D4,D4-Q136,negation,normal,advanced,128,175,89600,4.160682439804077,14.030694961547852,0.0,0.0,0.0,0.0,0.0,0.0,0.0,0.0,0.0,1.0,1.0,1.0,0.125,0.0,0.31546487678572877,1.0,1,D4::D4-Q136,1.0
D4,D4-Q137,negative_query,normal,advanced,128,175,89600,4.160682439804077,13.946294784545898,0.0,0.0,0.0,0.0,0.0,0.0,0.0,0.0,0.0,0.0,0.0,0.0,0.0,0.0,0.0,0.0,0,D4::D4-Q137,0.0
D4,D4-Q138,negative_query,normal,advanced,128,175,89600,4.160682439804077,15.139341354370117,0.0,0.0,0.0,1.0,1.0,1.0,1.0,1.0,1.0,1.0,1.0,1.0,0.5,0.6309297535714575,0.6309297535714575,1.0,1,D4::D4-Q138,1.0
D4,D4-Q139,numerical,normal,advanced,128,175,89600,4.160682439804077,14.804363250732422,1.0,1.0,1.0,1.0,1.0,1.0,1.0,1.0,1.0,1.0,1.0,1.0,1.0,1.0,1.0,1.0,1,D4::D4-Q139,1.0
D4,D4-Q140,procedural,normal,advanced,128,175,89600,4.160682439804077,14.968633651733398,1.0,1.0,1.0,1.0,1.0,1.0,1.0,1.0,1.0,1.0,1.0,1.0,1.0,1.0,1.0,1.0,1,D4::D4-Q140,1.0
D4,D4-Q141,procedural,normal,advanced,128,175,89600,4.160682439804077,14.787673950195312,0.0,0.0,0.0,0.0,0.0,0.0,0.0,0.0,0.0,0.0,0.0,0.0,0.0,0.0,0.0,0.0,0,D4::D4-Q141,0.0
D4,D4-Q142,exact_fact,normal,advanced,128,175,89600,4.160682439804077,22.630691528320312,1.0,1.0,1.0,1.0,1.0,1.0,1.0,1.0,1.0,1.0,1.0,1.0,1.0,1.0,1.0,1.0,1,D4::D4-Q142,1.0
D4,D4-Q143,exact_fact,normal,advanced,128,175,89600,4.160682439804077,19.84262466430664,1.0,1.0,1.0,1.0,1.0,1.0,1.0,1.0,1.0,1.0,1.0,1.0,1.0,1.0,1.0,1.0,1,D4::D4-Q143,1.0
D4,D4-Q144,exact_fact,normal,advanced,128,175,89600,4.160682439804077,15.461921691894531,1.0,1.0,1.0,1.0,1.0,1.0,1.0,1.0,1.0,1.0,1.0,1.0,1.0,1.0,1.0,1.0,1,D4::D4-Q144,1.0
D4,D4-Q145,procedural,normal,advanced,128,175,89600,4.160682439804077,14.346122741699219,1.0,1.0,1.0,1.0,1.0,1.0,1.0,1.0,1.0,1.0,1.0,1.0,1.0,1.0,1.0,1.0,1,D4::D4-Q145,1.0
D4,D4-Q146,numerical,normal,advanced,128,175,89600,4.160682439804077,14.145135879516602,1.0,1.0,1.0,1.0,1.0,1.0,1.0,1.0,1.0,1.0,1.0,1.0,1.0,1.0,1.0,1.0,1,D4::D4-Q146,1.0
D4,D4-Q147,exact_fact,normal,advanced,128,175,89600,4.160682439804077,14.792919158935547,1.0,1.0,1.0,1.0,1.0,1.0,1.0,1.0,1.0,1.0,1.0,1.0,1.0,1.0,1.0,1.0,1,D4::D4-Q147,1.0
D4,D4-Q148,exact_fact,normal,advanced,128,175,89600,4.160682439804077,14.339923858642578,1.0,1.0,1.0,1.0,1.0,1.0,1.0,1.0,1.0,1.0,1.0,1.0,1.0,1.0,1.0,1.0,1,D4::D4-Q148,1.0
D4,D4-Q149,exact_fact,normal,advanced,128,175,89600,4.160682439804077,14.883279800415039,1.0,1.0,1.0,1.0,1.0,1.0,1.0,1.0,1.0,1.0,1.0,1.0,1.0,1.0,1.0,1.0,1,D4::D4-Q149,1.0
D4,D4-Q150,procedural,normal,advanced,128,175,89600,4.160682439804077,14.314413070678711,0.0,0.0,0.0,0.0,0.0,0.0,0.0,0.0,0.0,1.0,1.0,1.0,0.1111111111111111,0.0,0.3010299956639812,1.0,1,D4::D4-Q150,1.0
D4,D4-Q151,exact_fact,normal,advanced,128,175,89600,4.160682439804077,14.261484146118164,0.0,0.0,0.0,0.0,0.0,0.0,0.0,0.0,0.0,1.0,1.0,1.0,0.14285714285714285,0.0,0.3333333333333333,1.0,1,D4::D4-Q151,1.0
D4,D4-Q152,procedural,normal,advanced,128,175,89600,4.160682439804077,14.336347579956055,0.0,0.0,0.0,1.0,1.0,1.0,1.0,1.0,1.0,1.0,1.0,1.0,0.3333333333333333,0.5,0.5,1.0,1,D4::D4-Q152,1.0
D4,D4-Q153,procedural,normal,advanced,128,175,89600,4.160682439804077,14.597654342651367,1.0,1.0,1.0,1.0,1.0,1.0,1.0,1.0,1.0,1.0,1.0,1.0,1.0,1.0,1.0,1.0,1,D4::D4-Q153,1.0
D4,D4-Q154,temporal,normal,advanced,128,175,89600,4.160682439804077,13.933420181274414,0.0,0.0,0.0,0.0,0.0,0.0,0.0,0.0,0.0,0.0,0.0,0.0,0.0,0.0,0.0,0.0,0,D4::D4-Q154,0.0
D4,D4-Q155,exact_fact,normal,advanced,128,175,89600,4.160682439804077,14.489412307739258,0.0,0.0,0.0,0.0,0.0,0.0,0.0,0.0,0.0,1.0,1.0,1.0,0.16666666666666666,0.0,0.3562071871080222,1.0,1,D4::D4-Q155,1.0
D4,D4-Q156,exact_fact,normal,advanced,128,175,89600,4.160682439804077,14.193058013916016,1.0,1.0,1.0,1.0,1.0,1.0,1.0,1.0,1.0,1.0,1.0,1.0,1.0,1.5615201999684067,1.5615201999684067,1.0,4,D4::D4-Q156,1.0
D4,D4-Q157,list_membership,normal,advanced,128,175,89600,4.160682439804077,13.979196548461914,0.0,0.0,0.0,1.0,1.0,1.0,1.0,1.0,1.0,1.0,1.0,1.0,0.5,0.6309297535714575,0.6309297535714575,1.0,1,D4::D4-Q157,1.0
D4,D4-Q158,list_membership,normal,advanced,128,175,89600,4.160682439804077,13.836860656738281,0.0,0.0,0.0,0.0,0.0,0.0,0.0,0.0,0.0,1.0,1.0,1.0,0.125,0.0,0.31546487678572877,1.0,1,D4::D4-Q158,1.0
D4,D4-Q159,list_membership,normal,advanced,128,175,89600,4.160682439804077,13.834953308105469,0.0,0.0,0.0,1.0,1.0,1.0,1.0,1.0,1.0,1.0,1.0,1.0,0.3333333333333333,0.5,0.5,1.0,1,D4::D4-Q159,1.0
D4,D4-Q160,list_membership,normal,advanced,128,175,89600,4.160682439804077,14.26839828491211,0.0,0.0,0.0,1.0,1.0,1.0,1.0,1.0,1.0,1.0,1.0,1.0,0.3333333333333333,0.5,0.5,1.0,1,D4::D4-Q160,1.0
D4,D4-Q161,paraphrase,normal,advanced,128,175,89600,4.160682439804077,14.314413070678711,1.0,1.0,1.0,1.0,1.0,1.0,1.0,1.0,1.0,1.0,1.0,1.0,1.0,1.0,1.0,1.0,1,D4::D4-Q161,1.0
D4,D4-Q162,numerical,normal,advanced,128,175,89600,4.160682439804077,14.7705078125,1.0,1.0,1.0,1.0,1.0,1.0,1.0,1.0,1.0,1.0,1.0,1.0,1.0,1.0,1.0,1.0,1,D4::D4-Q162,1.0
D4,D4-Q163,numerical,normal,advanced,128,175,89600,4.160682439804077,14.22882080078125,1.0,1.0,1.0,1.0,1.0,1.0,1.0,1.0,1.0,1.0,1.0,1.0,1.0,1.0,1.0,1.0,1,D4::D4-Q163,1.0
D4,D4-Q164,numerical,normal,advanced,128,175,89600,4.160682439804077,14.687299728393555,0.0,0.0,0.0,1.0,1.0,1.0,1.0,1.0,1.0,1.0,1.0,1.0,0.3333333333333333,0.5,0.5,1.0,1,D4::D4-Q164,1.0
D4,D4-Q165,numerical,normal,advanced,128,175,89600,4.160682439804077,14.16468620300293,0.0,0.0,0.0,0.0,0.0,0.0,1.0,1.0,1.0,1.0,1.0,1.0,0.25,0.43067655807339306,0.43067655807339306,1.0,1,D4::D4-Q165,1.0
D4,D4-Q166,numerical,normal,advanced,128,175,89600,4.160682439804077,13.896465301513672,0.0,0.0,0.0,0.0,0.0,0.0,1.0,1.0,1.0,1.0,1.0,1.0,0.25,0.43067655807339306,0.43067655807339306,1.0,1,D4::D4-Q166,1.0
D4,D4-Q167,negative_query,normal,advanced,128,175,89600,4.160682439804077,14.474630355834961,0.0,0.0,0.0,0.0,0.0,0.0,1.0,1.0,1.0,1.0,1.0,1.0,0.25,0.43067655807339306,0.43067655807339306,1.0,1,D4::D4-Q167,1.0
D4,D4-Q168,negation,normal,advanced,128,175,89600,4.160682439804077,15.22064208984375,0.0,0.0,0.0,1.0,1.0,1.0,1.0,1.0,1.0,1.0,1.0,1.0,0.5,0.6309297535714575,0.6309297535714575,1.0,1,D4::D4-Q168,1.0
D4,D4-Q169,negation,normal,advanced,128,175,89600,4.160682439804077,13.968706130981445,1.0,1.0,1.0,1.0,1.0,1.0,1.0,1.0,1.0,1.0,1.0,1.0,1.0,1.0,1.0,1.0,1,D4::D4-Q169,1.0
D4,D4-Q170,numerical,normal,advanced,128,175,89600,4.160682439804077,14.194965362548828,1.0,1.0,1.0,1.0,1.0,1.0,1.0,1.0,1.0,1.0,1.0,1.0,1.0,1.0,1.0,1.0,1,D4::D4-Q170,1.0
D4,D4-Q171,numerical,normal,advanced,128,175,89600,4.160682439804077,14.593839645385742,1.0,1.0,1.0,1.0,1.0,1.0,1.0,1.0,1.0,1.0,1.0,1.0,1.0,1.0,1.0,1.0,1,D4::D4-Q171,1.0
D4,D4-Q172,exact_fact,normal,advanced,128,175,89600,4.160682439804077,13.849973678588867,0.0,0.0,0.0,0.0,0.0,0.0,0.0,0.0,0.0,1.0,1.0,1.0,0.1,0.0,0.2890648263178879,1.0,1,D4::D4-Q172,1.0
D4,D4-Q173,numerical,normal,advanced,128,175,89600,4.160682439804077,15.442848205566406,0.0,0.0,0.0,0.0,0.0,0.0,1.0,1.0,1.0,1.0,1.0,1.0,0.2,0.38685280723454163,0.38685280723454163,1.0,1,D4::D4-Q173,1.0
D4,D4-Q174,numerical,normal,advanced,128,175,89600,4.160682439804077,13.847112655639648,0.0,0.0,0.0,1.0,1.0,1.0,1.0,1.0,1.0,1.0,1.0,1.0,0.5,0.6309297535714575,0.6309297535714575,1.0,1,D4::D4-Q174,1.0
D4,D4-Q175,numerical,normal,advanced,128,175,89600,4.160682439804077,14.140844345092773,1.0,1.0,1.0,1.0,1.0,1.0,1.0,1.0,1.0,1.0,1.0,1.0,1.0,1.0,1.0,1.0,1,D4::D4-Q175,1.0
D4,D4-Q176,table_lookup,normal,advanced,128,175,89600,4.160682439804077,15.092611312866211,0.0,0.0,0.0,1.0,1.0,1.0,1.0,1.0,1.0,1.0,1.0,1.0,0.3333333333333333,0.5,0.5,1.0,1,D4::D4-Q176,1.0
D4,D4-Q177,numerical,normal,advanced,128,175,89600,4.160682439804077,13.477325439453125,0.0,0.0,0.0,0.0,0.0,0.0,0.0,0.0,0.0,1.0,1.0,1.0,0.1,0.0,0.2890648263178879,1.0,1,D4::D4-Q177,1.0
D4,D4-Q178,numerical,normal,advanced,128,175,89600,4.160682439804077,13.440132141113281,0.0,0.0,0.0,0.0,0.0,0.0,1.0,1.0,1.0,1.0,1.0,1.0,0.25,0.43067655807339306,0.43067655807339306,1.0,1,D4::D4-Q178,1.0
D4,D4-Q179,exact_fact,normal,advanced,128,175,89600,4.160682439804077,13.806581497192383,1.0,1.0,1.0,1.0,1.0,1.0,1.0,1.0,1.0,1.0,1.0,1.0,1.0,1.0,1.0,1.0,1,D4::D4-Q179,1.0
D4,D4-Q180,exact_fact,normal,advanced,128,175,89600,4.160682439804077,14.691352844238281,1.0,1.0,1.0,1.0,1.0,1.0,1.0,1.0,1.0,1.0,1.0,1.0,1.0,1.0,1.0,1.0,1,D4::D4-Q180,1.0
D4,D4-Q181,procedural,normal,advanced,128,175,89600,4.160682439804077,20.447254180908203,1.0,1.0,1.0,1.0,1.0,1.0,1.0,1.0,1.0,1.0,1.0,1.0,1.0,1.0,1.0,1.0,1,D4::D4-Q181,1.0
D4,D4-Q182,procedural,normal,advanced,128,175,89600,4.160682439804077,14.801979064941406,1.0,1.0,1.0,1.0,1.0,1.0,1.0,1.0,1.0,1.0,1.0,1.0,1.0,1.0,1.0,1.0,1,D4::D4-Q182,1.0
D4,D4-Q183,conditional_exception,normal,advanced,128,175,89600,4.160682439804077,14.001846313476562,1.0,1.0,1.0,1.0,1.0,1.0,1.0,1.0,1.0,1.0,1.0,1.0,1.0,1.0,1.0,1.0,1,D4::D4-Q183,1.0
D4,D4-Q184,conditional_exception,normal,advanced,128,175,89600,4.160682439804077,15.325069427490234,1.0,1.0,1.0,1.0,1.0,1.0,1.0,1.0,1.0,1.0,1.0,1.0,1.0,1.0,1.0,1.0,1,D4::D4-Q184,1.0
D4,D4-Q185,procedural,normal,advanced,128,175,89600,4.160682439804077,15.179157257080078,1.0,1.0,1.0,1.0,1.0,1.0,1.0,1.0,1.0,1.0,1.0,1.0,1.0,1.0,1.0,1.0,1,D4::D4-Q185,1.0
D4,D4-Q186,procedural,normal,advanced,128,175,89600,4.160682439804077,14.088153839111328,0.0,0.0,0.0,1.0,1.0,1.0,1.0,1.0,1.0,1.0,1.0,1.0,0.5,0.6309297535714575,0.6309297535714575,1.0,1,D4::D4-Q186,1.0
D4,D4-Q187,procedural,normal,advanced,128,175,89600,4.160682439804077,13.808727264404297,1.0,1.0,1.0,1.0,1.0,1.0,1.0,1.0,1.0,1.0,1.0,1.0,1.0,1.0,1.0,1.0,1,D4::D4-Q187,1.0
D4,D4-Q188,procedural,normal,advanced,128,175,89600,4.160682439804077,14.095306396484375,1.0,1.0,1.0,1.0,1.0,1.0,1.0,1.0,1.0,1.0,1.0,1.0,1.0,1.0,1.0,1.0,1,D4::D4-Q188,1.0
D4,D4-Q189,procedural,normal,advanced,128,175,89600,4.160682439804077,16.592741012573242,1.0,1.0,1.0,1.0,1.0,1.0,1.0,1.0,1.0,1.0,1.0,1.0,1.0,1.0,1.0,1.0,1,D4::D4-Q189,1.0
D4,D4-Q190,procedural,normal,advanced,128,175,89600,4.160682439804077,14.636993408203125,1.0,1.0,1.0,1.0,1.0,1.0,1.0,1.0,1.0,1.0,1.0,1.0,1.0,1.0,1.0,1.0,1,D4::D4-Q190,1.0
D4,D4-Q191,procedural,normal,advanced,128,175,89600,4.160682439804077,14.292478561401367,0.0,0.0,0.0,0.0,0.0,0.0,0.0,0.0,0.0,0.0,0.0,0.0,0.0,0.0,0.0,0.0,0,D4::D4-Q191,0.0
D4,D4-Q192,procedural,normal,advanced,128,175,89600,4.160682439804077,14.340877532958984,1.0,1.0,1.0,1.0,1.0,1.0,1.0,1.0,1.0,1.0,1.0,1.0,1.0,1.0,1.0,1.0,1,D4::D4-Q192,1.0
D4,D4-Q193,procedural,normal,advanced,128,175,89600,4.160682439804077,14.00899887084961,1.0,1.0,1.0,1.0,1.0,1.0,1.0,1.0,1.0,1.0,1.0,1.0,1.0,1.0,1.0,1.0,1,D4::D4-Q193,1.0
D4,D4-Q194,procedural,normal,advanced,128,175,89600,4.160682439804077,14.918327331542969,0.0,0.0,0.0,0.0,0.0,0.0,0.0,0.0,0.0,0.0,0.0,0.0,0.0,0.0,0.0,0.0,0,D4::D4-Q194,0.0
D4,D4-Q195,procedural,normal,advanced,128,175,89600,4.160682439804077,14.180183410644531,0.0,0.0,0.0,0.0,0.0,0.0,0.0,0.0,0.0,0.0,0.0,0.0,0.0,0.0,0.0,0.0,0,D4::D4-Q195,0.0
D4,D4-Q196,procedural,normal,advanced,128,175,89600,4.160682439804077,14.33563232421875,1.0,1.0,1.0,1.0,1.0,1.0,1.0,1.0,1.0,1.0,1.0,1.0,1.0,1.0,1.0,1.0,1,D4::D4-Q196,1.0
D4,D4-Q197,exact_fact,normal,advanced,128,175,89600,4.160682439804077,14.670848846435547,1.0,1.0,1.0,1.0,1.0,1.0,1.0,1.0,1.0,1.0,1.0,1.0,1.0,1.0,1.0,1.0,1,D4::D4-Q197,1.0
D4,D4-Q198,conditional_exception,normal,advanced,128,175,89600,4.160682439804077,15.099287033081055,0.0,0.0,0.0,0.0,0.0,0.0,0.0,0.0,0.0,1.0,1.0,1.0,0.14285714285714285,0.0,0.3333333333333333,1.0,1,D4::D4-Q198,1.0
D4,D4-Q199,table_lookup,normal,advanced,128,175,89600,4.160682439804077,15.021324157714844,1.0,1.0,1.0,1.0,1.0,1.0,1.0,1.0,1.0,1.0,1.0,1.0,1.0,1.0,1.0,1.0,1,D4::D4-Q199,1.0
D4,D4-Q200,table_lookup,normal,advanced,128,175,89600,4.160682439804077,14.28532600402832,1.0,1.0,1.0,1.0,1.0,1.0,1.0,1.0,1.0,1.0,1.0,1.0,1.0,1.0,1.0,1.0,1,D4::D4-Q200,1.0
D4,D4-Q001,exact_fact,normal,advanced,256,175,179200,4.160682439804077,14.178276062011719,1.0,1.0,1.0,1.0,1.0,1.0,1.0,1.0,1.0,1.0,1.0,1.0,1.0,1.0,1.0,1.0,1,D4::D4-Q001,1.0
D4,D4-Q002,exact_fact,normal,advanced,256,175,179200,4.160682439804077,14.229059219360352,0.0,0.0,0.0,1.0,1.0,1.0,1.0,1.0,1.0,1.0,1.0,1.0,0.3333333333333333,0.5,0.5,1.0,1,D4::D4-Q002,1.0
D4,D4-Q003,temporal,normal,advanced,256,175,179200,4.160682439804077,14.246702194213867,0.0,0.0,0.0,0.0,0.0,0.0,0.0,0.0,0.0,1.0,1.0,1.0,0.125,0.0,0.31546487678572877,1.0,1,D4::D4-Q003,1.0
D4,D4-Q004,list_membership,normal,advanced,256,175,179200,4.160682439804077,14.3280029296875,0.0,0.0,0.0,0.0,0.0,0.0,0.0,0.0,0.0,1.0,1.0,1.0,0.14285714285714285,0.0,0.3333333333333333,1.0,1,D4::D4-Q004,1.0
D4,D4-Q005,exact_fact,normal,advanced,256,175,179200,4.160682439804077,14.115333557128906,1.0,1.0,1.0,1.0,1.0,1.0,1.0,1.0,1.0,1.0,1.0,1.0,1.0,1.0,1.0,1.0,1,D4::D4-Q005,1.0
D4,D4-Q006,exact_fact,normal,advanced,256,175,179200,4.160682439804077,18.356800079345703,0.0,0.0,0.0,0.0,0.0,0.0,0.0,0.0,0.0,0.0,0.0,0.0,0.0,0.0,0.0,0.0,0,D4::D4-Q006,0.0
D4,D4-Q007,exact_fact,normal,advanced,256,175,179200,4.160682439804077,24.62935447692871,1.0,1.0,1.0,1.0,1.0,1.0,1.0,1.0,1.0,1.0,1.0,1.0,1.0,1.0,1.0,1.0,1,D4::D4-Q007,1.0
D4,D4-Q008,exact_fact,normal,advanced,256,175,179200,4.160682439804077,15.236616134643555,1.0,1.0,1.0,1.0,1.0,1.0,1.0,1.0,1.0,1.0,1.0,1.0,1.0,1.0,1.0,1.0,1,D4::D4-Q008,1.0
D4,D4-Q009,exact_fact,normal,advanced,256,175,179200,4.160682439804077,14.445304870605469,0.0,0.0,0.0,1.0,1.0,1.0,1.0,1.0,1.0,1.0,1.0,1.0,0.5,0.6309297535714575,0.6309297535714575,1.0,1,D4::D4-Q009,1.0
D4,D4-Q010,exact_fact,normal,advanced,256,175,179200,4.160682439804077,13.906240463256836,1.0,1.0,1.0,1.0,1.0,1.0,1.0,1.0,1.0,1.0,1.0,1.0,1.0,1.0,1.0,1.0,1,D4::D4-Q010,1.0
D4,D4-Q011,exact_fact,normal,advanced,256,175,179200,4.160682439804077,13.878345489501953,1.0,1.0,1.0,1.0,1.0,1.0,1.0,1.0,1.0,1.0,1.0,1.0,1.0,1.0,1.0,1.0,1,D4::D4-Q011,1.0
D4,D4-Q012,exact_fact,normal,advanced,256,175,179200,4.160682439804077,15.162944793701172,0.0,0.0,0.0,0.0,0.0,0.0,0.0,0.0,0.0,0.0,0.0,0.0,0.0,0.0,0.0,0.0,0,D4::D4-Q012,0.0
D4,D4-Q013,exact_fact,normal,advanced,256,175,179200,4.160682439804077,13.83829116821289,1.0,1.0,1.0,1.0,1.0,1.0,1.0,1.0,1.0,1.0,1.0,1.0,1.0,1.0,1.0,1.0,1,D4::D4-Q013,1.0
D4,D4-Q014,exact_fact,normal,advanced,256,175,179200,4.160682439804077,14.284610748291016,1.0,1.0,1.0,1.0,1.0,1.0,1.0,1.0,1.0,1.0,1.0,1.0,1.0,1.0,1.0,1.0,1,D4::D4-Q014,1.0
D4,D4-Q015,exact_fact,normal,advanced,256,175,179200,4.160682439804077,13.740301132202148,1.0,1.0,1.0,1.0,1.0,1.0,1.0,1.0,1.0,1.0,1.0,1.0,1.0,1.0,1.0,1.0,1,D4::D4-Q015,1.0
D4,D4-Q016,exact_fact,normal,advanced,256,175,179200,4.160682439804077,13.806819915771484,0.0,0.0,0.0,0.0,0.0,0.0,0.0,0.0,0.0,1.0,1.0,1.0,0.1,0.0,0.2890648263178879,1.0,1,D4::D4-Q016,1.0
D4,D4-Q017,exact_fact,normal,advanced,256,175,179200,4.160682439804077,14.333486557006836,0.0,0.0,0.0,0.0,0.0,0.0,0.0,0.0,0.0,1.0,1.0,1.0,0.14285714285714285,0.0,0.3333333333333333,1.0,1,D4::D4-Q017,1.0
D4,D4-Q018,exact_fact,normal,advanced,256,175,179200,4.160682439804077,14.058589935302734,1.0,1.0,1.0,1.0,1.0,1.0,1.0,1.0,1.0,1.0,1.0,1.0,1.0,1.0,1.0,1.0,1,D4::D4-Q018,1.0
D4,D4-Q019,exact_fact,normal,advanced,256,175,179200,4.160682439804077,14.000415802001953,1.0,1.0,1.0,1.0,1.0,1.0,1.0,1.0,1.0,1.0,1.0,1.0,1.0,1.0,1.0,1.0,1,D4::D4-Q019,1.0
D4,D4-Q020,exact_fact,normal,advanced,256,175,179200,4.160682439804077,14.87112045288086,1.0,1.0,1.0,1.0,1.0,1.0,1.0,1.0,1.0,1.0,1.0,1.0,1.0,1.0,1.0,1.0,1,D4::D4-Q020,1.0
D4,D4-Q021,exact_fact,normal,advanced,256,175,179200,4.160682439804077,13.392448425292969,0.0,0.0,0.0,1.0,1.0,1.0,1.0,1.0,1.0,1.0,1.0,1.0,0.5,0.6309297535714575,0.6309297535714575,1.0,1,D4::D4-Q021,1.0
D4,D4-Q022,procedural,normal,advanced,256,175,179200,4.160682439804077,14.398813247680664,1.0,1.0,1.0,1.0,1.0,1.0,1.0,1.0,1.0,1.0,1.0,1.0,1.0,1.0,1.0,1.0,1,D4::D4-Q022,1.0
D4,D4-Q023,numerical,normal,advanced,256,175,179200,4.160682439804077,14.525175094604492,0.0,0.0,0.0,0.0,0.0,0.0,0.0,0.0,0.0,0.0,0.0,0.0,0.0,0.0,0.0,0.0,0,D4::D4-Q023,0.0
D4,D4-Q024,exact_fact,normal,advanced,256,175,179200,4.160682439804077,15.686273574829102,1.0,1.0,1.0,1.0,1.0,1.0,1.0,1.0,1.0,1.0,1.0,1.0,1.0,1.0,1.0,1.0,1,D4::D4-Q024,1.0
D4,D4-Q025,exact_fact,normal,advanced,256,175,179200,4.160682439804077,14.150857925415039,0.0,0.0,0.0,1.0,1.0,1.0,1.0,1.0,1.0,1.0,1.0,1.0,0.3333333333333333,0.5,0.5,1.0,1,D4::D4-Q025,1.0
D4,D4-Q026,exact_fact,normal,advanced,256,175,179200,4.160682439804077,15.976667404174805,0.0,0.0,0.0,0.0,0.0,0.0,1.0,1.0,1.0,1.0,1.0,1.0,0.2,0.38685280723454163,0.38685280723454163,1.0,1,D4::D4-Q026,1.0
D4,D4-Q027,exact_fact,normal,advanced,256,175,179200,4.160682439804077,17.81940460205078,0.0,0.0,0.0,0.0,0.0,0.0,0.0,0.0,0.0,1.0,1.0,1.0,0.16666666666666666,0.0,0.3562071871080222,1.0,1,D4::D4-Q027,1.0
D4,D4-Q028,exact_fact,normal,advanced,256,175,179200,4.160682439804077,13.9923095703125,1.0,1.0,1.0,1.0,1.0,1.0,1.0,1.0,1.0,1.0,1.0,1.0,1.0,1.0,1.0,1.0,1,D4::D4-Q028,1.0
D4,D4-Q029,exact_fact,normal,advanced,256,175,179200,4.160682439804077,13.63229751586914,0.0,0.0,0.0,1.0,1.0,1.0,1.0,1.0,1.0,1.0,1.0,1.0,0.5,0.6309297535714575,0.6309297535714575,1.0,1,D4::D4-Q029,1.0
D4,D4-Q030,exact_fact,normal,advanced,256,175,179200,4.160682439804077,14.57977294921875,0.0,0.0,0.0,0.0,0.0,0.0,0.0,0.0,0.0,0.0,0.0,0.0,0.0,0.0,0.0,0.0,0,D4::D4-Q030,0.0
D4,D4-Q031,exact_fact,normal,advanced,256,175,179200,4.160682439804077,14.317035675048828,1.0,1.0,1.0,1.0,1.0,1.0,1.0,1.0,1.0,1.0,1.0,1.0,1.0,1.0,1.0,1.0,1,D4::D4-Q031,1.0
D4,D4-Q032,exact_fact,normal,advanced,256,175,179200,4.160682439804077,14.46676254272461,0.0,0.0,0.0,0.0,0.0,0.0,0.0,0.0,0.0,0.0,0.0,0.0,0.0,0.0,0.0,0.0,0,D4::D4-Q032,0.0
D4,D4-Q033,exact_fact,normal,advanced,256,175,179200,4.160682439804077,14.198780059814453,1.0,1.0,1.0,1.0,1.0,1.0,1.0,1.0,1.0,1.0,1.0,1.0,1.0,1.0,1.0,1.0,1,D4::D4-Q033,1.0
D4,D4-Q034,exact_fact,normal,advanced,256,175,179200,4.160682439804077,14.422893524169922,0.0,0.0,0.0,1.0,1.0,1.0,1.0,1.0,1.0,1.0,1.0,1.0,0.3333333333333333,0.5,0.5,1.0,1,D4::D4-Q034,1.0
D4,D4-Q035,exact_fact,normal,advanced,256,175,179200,4.160682439804077,14.090538024902344,1.0,1.0,1.0,1.0,1.0,1.0,1.0,1.0,1.0,1.0,1.0,1.0,1.0,1.0,1.0,1.0,1,D4::D4-Q035,1.0
D4,D4-Q036,exact_fact,normal,advanced,256,175,179200,4.160682439804077,15.561342239379883,0.0,0.0,0.0,1.0,1.0,1.0,1.0,1.0,1.0,1.0,1.0,1.0,0.5,0.6309297535714575,0.6309297535714575,1.0,1,D4::D4-Q036,1.0
D4,D4-Q037,exact_fact,normal,advanced,256,175,179200,4.160682439804077,14.88947868347168,0.0,0.0,0.0,1.0,1.0,1.0,1.0,1.0,1.0,1.0,1.0,1.0,0.5,0.6309297535714575,0.6309297535714575,1.0,1,D4::D4-Q037,1.0
D4,D4-Q038,exact_fact,normal,advanced,256,175,179200,4.160682439804077,14.943122863769531,0.0,0.0,0.0,0.0,0.0,0.0,1.0,1.0,1.0,1.0,1.0,1.0,0.25,0.43067655807339306,0.43067655807339306,1.0,1,D4::D4-Q038,1.0
D4,D4-Q039,exact_fact,normal,advanced,256,175,179200,4.160682439804077,14.68801498413086,0.0,0.0,0.0,0.0,0.0,0.0,0.0,0.0,0.0,1.0,1.0,1.0,0.1111111111111111,0.0,0.3010299956639812,1.0,1,D4::D4-Q039,1.0
D4,D4-Q040,temporal,normal,advanced,256,175,179200,4.160682439804077,14.765262603759766,0.0,0.0,0.0,0.0,0.0,0.0,0.0,0.0,0.0,0.0,0.0,0.0,0.0,0.0,0.0,0.0,0,D4::D4-Q040,0.0
D4,D4-Q041,exact_fact,normal,advanced,256,175,179200,4.160682439804077,18.753767013549805,0.0,0.0,0.0,0.0,0.0,0.0,0.0,0.0,0.0,1.0,1.0,1.0,0.1111111111111111,0.0,0.3010299956639812,1.0,1,D4::D4-Q041,1.0
D4,D4-Q042,exact_fact,normal,advanced,256,175,179200,4.160682439804077,26.929616928100586,0.0,0.0,0.0,0.0,0.0,0.0,0.0,0.0,0.0,0.0,0.0,0.0,0.0,0.0,0.0,0.0,0,D4::D4-Q042,0.0
D4,D4-Q043,paraphrase,normal,advanced,256,175,179200,4.160682439804077,22.8884220123291,0.0,0.0,0.0,0.0,0.0,0.0,0.0,0.0,0.0,1.0,1.0,1.0,0.1111111111111111,0.0,0.3010299956639812,1.0,1,D4::D4-Q043,1.0
D4,D4-Q044,exact_fact,normal,advanced,256,175,179200,4.160682439804077,14.163970947265625,1.0,1.0,1.0,1.0,1.0,1.0,1.0,1.0,1.0,1.0,1.0,1.0,1.0,1.0,1.0,1.0,1,D4::D4-Q044,1.0
D4,D4-Q045,numerical,normal,advanced,256,175,179200,4.160682439804077,14.598369598388672,1.0,1.0,1.0,1.0,1.0,1.0,1.0,1.0,1.0,1.0,1.0,1.0,1.0,1.0,1.0,1.0,1,D4::D4-Q045,1.0
D4,D4-Q046,procedural,normal,advanced,256,175,179200,4.160682439804077,14.333248138427734,0.0,0.0,0.0,1.0,1.0,1.0,1.0,1.0,1.0,1.0,1.0,1.0,0.5,0.6309297535714575,0.6309297535714575,1.0,1,D4::D4-Q046,1.0
D4,D4-Q047,numerical,normal,advanced,256,175,179200,4.160682439804077,13.78774642944336,1.0,1.0,1.0,1.0,1.0,1.0,1.0,1.0,1.0,1.0,1.0,1.0,1.0,1.0,1.0,1.0,1,D4::D4-Q047,1.0
D4,D4-Q048,procedural,normal,advanced,256,175,179200,4.160682439804077,14.893293380737305,0.0,0.0,0.0,0.0,0.0,0.0,1.0,1.0,1.0,1.0,1.0,1.0,0.2,0.38685280723454163,0.38685280723454163,1.0,1,D4::D4-Q048,1.0
D4,D4-Q049,exact_fact,normal,advanced,256,175,179200,4.160682439804077,14.247894287109375,1.0,1.0,1.0,1.0,1.0,1.0,1.0,1.0,1.0,1.0,1.0,1.0,1.0,1.0,1.0,1.0,1,D4::D4-Q049,1.0
D4,D4-Q050,conditional_exception,normal,advanced,256,175,179200,4.160682439804077,14.679670333862305,0.0,0.0,0.0,0.0,0.0,0.0,1.0,1.0,1.0,1.0,1.0,1.0,0.25,0.43067655807339306,0.43067655807339306,1.0,1,D4::D4-Q050,1.0
D4,D4-Q051,exact_fact,normal,advanced,256,175,179200,4.160682439804077,14.012336730957031,1.0,1.0,1.0,1.0,1.0,1.0,1.0,1.0,1.0,1.0,1.0,1.0,1.0,1.0,1.0,1.0,1,D4::D4-Q051,1.0
D4,D4-Q052,negation,normal,advanced,256,175,179200,4.160682439804077,15.789031982421875,0.0,0.0,0.0,0.0,0.0,0.0,1.0,1.0,1.0,1.0,1.0,1.0,0.25,0.43067655807339306,0.43067655807339306,1.0,1,D4::D4-Q052,1.0
D4,D4-Q053,procedural,normal,advanced,256,175,179200,4.160682439804077,14.172077178955078,1.0,1.0,1.0,1.0,1.0,1.0,1.0,1.0,1.0,1.0,1.0,1.0,1.0,1.0,1.0,1.0,1,D4::D4-Q053,1.0
D4,D4-Q054,numerical,normal,advanced,256,175,179200,4.160682439804077,13.956308364868164,0.0,0.0,0.0,0.0,0.0,0.0,1.0,1.0,1.0,1.0,1.0,1.0,0.25,0.43067655807339306,0.43067655807339306,1.0,1,D4::D4-Q054,1.0
D4,D4-Q055,numerical,normal,advanced,256,175,179200,4.160682439804077,15.258550643920898,0.0,0.0,0.0,0.0,0.0,0.0,0.0,0.0,0.0,1.0,1.0,1.0,0.14285714285714285,0.0,0.3333333333333333,1.0,1,D4::D4-Q055,1.0
D4,D4-Q056,numerical,normal,advanced,256,175,179200,4.160682439804077,14.051675796508789,0.0,0.0,0.0,1.0,1.0,1.0,1.0,1.0,1.0,1.0,1.0,1.0,0.5,0.6309297535714575,0.6309297535714575,1.0,1,D4::D4-Q056,1.0
D4,D4-Q057,conditional_exception,normal,advanced,256,175,179200,4.160682439804077,15.188217163085938,0.0,0.0,0.0,0.0,0.0,0.0,1.0,1.0,1.0,1.0,1.0,1.0,0.2,0.38685280723454163,0.38685280723454163,1.0,1,D4::D4-Q057,1.0
D4,D4-Q058,procedural,normal,advanced,256,175,179200,4.160682439804077,14.567375183105469,0.0,0.0,0.0,1.0,1.0,1.0,1.0,1.0,1.0,1.0,1.0,1.0,0.3333333333333333,0.5,0.5,1.0,1,D4::D4-Q058,1.0
D4,D4-Q059,exact_fact,normal,advanced,256,175,179200,4.160682439804077,14.218330383300781,1.0,1.0,1.0,1.0,1.0,1.0,1.0,1.0,1.0,1.0,1.0,1.0,1.0,1.0,1.0,1.0,1,D4::D4-Q059,1.0
D4,D4-Q060,procedural,normal,advanced,256,175,179200,4.160682439804077,15.072822570800781,0.0,0.0,0.0,1.0,1.0,1.0,1.0,1.0,1.0,1.0,1.0,1.0,0.3333333333333333,0.5,0.5,1.0,1,D4::D4-Q060,1.0
D4,D4-Q061,negative_query,normal,advanced,256,175,179200,4.160682439804077,13.713359832763672,0.0,0.0,0.0,1.0,1.0,1.0,1.0,1.0,1.0,1.0,1.0,1.0,0.5,0.6309297535714575,0.6309297535714575,1.0,1,D4::D4-Q061,1.0
D4,D4-Q062,conditional_exception,normal,advanced,256,175,179200,4.160682439804077,14.349699020385742,0.0,0.0,0.0,0.0,0.0,0.0,1.0,1.0,1.0,1.0,1.0,1.0,0.25,0.43067655807339306,0.43067655807339306,1.0,1,D4::D4-Q062,1.0
D4,D4-Q063,procedural,normal,advanced,256,175,179200,4.160682439804077,14.294147491455078,0.0,0.0,0.0,0.0,0.0,0.0,0.0,0.0,0.0,1.0,1.0,1.0,0.16666666666666666,0.0,0.3562071871080222,1.0,1,D4::D4-Q063,1.0
D4,D4-Q064,conditional_exception,normal,advanced,256,175,179200,4.160682439804077,18.861770629882812,0.0,0.0,0.0,1.0,1.0,1.0,1.0,1.0,1.0,1.0,1.0,1.0,0.5,0.6309297535714575,0.6309297535714575,1.0,1,D4::D4-Q064,1.0
D4,D4-Q065,negative_query,normal,advanced,256,175,179200,4.160682439804077,15.76089859008789,0.0,0.0,0.0,1.0,1.0,1.0,1.0,1.0,1.0,1.0,1.0,1.0,0.5,0.6309297535714575,0.6309297535714575,1.0,1,D4::D4-Q065,1.0
D4,D4-Q066,negative_query,normal,advanced,256,175,179200,4.160682439804077,14.132261276245117,0.0,0.0,0.0,0.0,0.0,0.0,1.0,1.0,1.0,1.0,1.0,1.0,0.25,0.43067655807339306,0.43067655807339306,1.0,1,D4::D4-Q066,1.0
D4,D4-Q067,negative_query,normal,advanced,256,175,179200,4.160682439804077,14.510631561279297,0.0,0.0,0.0,0.0,0.0,0.0,1.0,1.0,1.0,1.0,1.0,1.0,0.2,0.38685280723454163,0.38685280723454163,1.0,1,D4::D4-Q067,1.0
D4,D4-Q068,conditional_exception,normal,advanced,256,175,179200,4.160682439804077,18.175601959228516,0.0,0.0,0.0,0.0,0.0,0.0,1.0,1.0,1.0,1.0,1.0,1.0,0.2,0.38685280723454163,0.38685280723454163,1.0,1,D4::D4-Q068,1.0
D4,D4-Q069,negative_query,normal,advanced,256,175,179200,4.160682439804077,25.616168975830078,0.0,0.0,0.0,0.0,0.0,0.0,1.0,1.0,1.0,1.0,1.0,1.0,0.2,0.38685280723454163,0.38685280723454163,1.0,1,D4::D4-Q069,1.0
D4,D4-Q070,negative_query,normal,advanced,256,175,179200,4.160682439804077,14.396429061889648,0.0,0.0,0.0,0.0,0.0,0.0,0.0,0.0,0.0,1.0,1.0,1.0,0.14285714285714285,0.0,0.3333333333333333,1.0,1,D4::D4-Q070,1.0
D4,D4-Q071,negative_query,normal,advanced,256,175,179200,4.160682439804077,14.82844352722168,0.0,0.0,0.0,0.0,0.0,0.0,0.0,0.0,0.0,0.0,0.0,0.0,0.0,0.0,0.0,0.0,0,D4::D4-Q071,0.0
D4,D4-Q072,negative_query,normal,advanced,256,175,179200,4.160682439804077,14.200687408447266,0.0,0.0,0.0,0.0,0.0,0.0,0.0,0.0,0.0,0.0,0.0,0.0,0.0,0.0,0.0,0.0,0,D4::D4-Q072,0.0
D4,D4-Q073,negative_query,normal,advanced,256,175,179200,4.160682439804077,14.704704284667969,0.0,0.0,0.0,1.0,1.0,1.0,1.0,1.0,1.0,1.0,1.0,1.0,0.5,0.6309297535714575,0.6309297535714575,1.0,1,D4::D4-Q073,1.0
D4,D4-Q074,temporal,normal,advanced,256,175,179200,4.160682439804077,14.15109634399414,0.0,0.0,0.0,0.0,0.0,0.0,0.0,0.0,0.0,1.0,1.0,1.0,0.14285714285714285,0.0,0.3333333333333333,1.0,1,D4::D4-Q074,1.0
D4,D4-Q075,negative_query,normal,advanced,256,175,179200,4.160682439804077,14.292001724243164,0.0,0.0,0.0,0.0,0.0,0.0,1.0,1.0,1.0,1.0,1.0,1.0,0.25,0.43067655807339306,0.43067655807339306,1.0,1,D4::D4-Q075,1.0
D4,D4-Q076,negation,normal,advanced,256,175,179200,4.160682439804077,15.364646911621094,0.0,0.0,0.0,0.0,0.0,0.0,1.0,1.0,1.0,1.0,1.0,1.0,0.25,0.43067655807339306,0.43067655807339306,1.0,1,D4::D4-Q076,1.0
D4,D4-Q077,conditional_exception,normal,advanced,256,175,179200,4.160682439804077,13.658285140991211,1.0,1.0,1.0,1.0,1.0,1.0,1.0,1.0,1.0,1.0,1.0,1.0,1.0,1.0,1.0,1.0,1,D4::D4-Q077,1.0
D4,D4-Q078,temporal,normal,advanced,256,175,179200,4.160682439804077,14.052867889404297,0.0,0.0,0.0,0.0,0.0,0.0,0.0,0.0,0.0,0.0,0.0,0.0,0.0,0.0,0.0,0.0,0,D4::D4-Q078,0.0
D4,D4-Q079,conditional_exception,normal,advanced,256,175,179200,4.160682439804077,14.060020446777344,0.0,0.0,0.0,1.0,1.0,1.0,1.0,1.0,1.0,1.0,1.0,1.0,0.5,0.6309297535714575,0.6309297535714575,1.0,1,D4::D4-Q079,1.0
D4,D4-Q080,conditional_exception,normal,advanced,256,175,179200,4.160682439804077,13.948202133178711,0.0,0.0,0.0,0.0,0.0,0.0,0.0,0.0,0.0,1.0,1.0,1.0,0.14285714285714285,0.0,0.3333333333333333,1.0,1,D4::D4-Q080,1.0
D4,D4-Q081,procedural,normal,advanced,256,175,179200,4.160682439804077,14.055967330932617,1.0,1.0,1.0,1.0,1.0,1.0,1.0,1.0,1.0,1.0,1.0,1.0,1.0,1.0,1.0,1.0,1,D4::D4-Q081,1.0
D4,D4-Q082,procedural,normal,advanced,256,175,179200,4.160682439804077,14.53852653503418,1.0,1.0,1.0,1.0,1.0,1.0,1.0,1.0,1.0,1.0,1.0,1.0,1.0,1.0,1.0,1.0,1,D4::D4-Q082,1.0
D4,D4-Q083,numerical,normal,advanced,256,175,179200,4.160682439804077,14.76287841796875,0.0,0.0,0.0,1.0,1.0,1.0,1.0,1.0,1.0,1.0,1.0,1.0,0.5,0.6309297535714575,0.6309297535714575,1.0,1,D4::D4-Q083,1.0
D4,D4-Q084,numerical,normal,advanced,256,175,179200,4.160682439804077,14.89567756652832,0.0,0.0,0.0,1.0,1.0,1.0,1.0,1.0,1.0,1.0,1.0,1.0,0.5,0.6309297535714575,0.6309297535714575,1.0,1,D4::D4-Q084,1.0
D4,D4-Q085,numerical,normal,advanced,256,175,179200,4.160682439804077,15.587806701660156,0.0,0.0,0.0,0.0,0.0,0.0,0.0,0.0,0.0,1.0,1.0,1.0,0.125,0.0,0.31546487678572877,1.0,1,D4::D4-Q085,1.0
D4,D4-Q086,procedural,normal,advanced,256,175,179200,4.160682439804077,15.638113021850586,1.0,1.0,1.0,1.0,1.0,1.0,1.0,1.0,1.0,1.0,1.0,1.0,1.0,1.0,1.0,1.0,1,D4::D4-Q086,1.0
D4,D4-Q087,procedural,normal,advanced,256,175,179200,4.160682439804077,14.211893081665039,1.0,1.0,1.0,1.0,1.0,1.0,1.0,1.0,1.0,1.0,1.0,1.0,1.0,1.0,1.0,1.0,1,D4::D4-Q087,1.0
D4,D4-Q088,exact_fact,normal,advanced,256,175,179200,4.160682439804077,14.864206314086914,1.0,1.0,1.0,1.0,1.0,1.0,1.0,1.0,1.0,1.0,1.0,1.0,1.0,1.0,1.0,1.0,1,D4::D4-Q088,1.0
D4,D4-Q089,exact_fact,normal,advanced,256,175,179200,4.160682439804077,15.090703964233398,0.0,0.0,0.0,1.0,1.0,1.0,1.0,1.0,1.0,1.0,1.0,1.0,0.3333333333333333,0.5,0.5,1.0,1,D4::D4-Q089,1.0
D4,D4-Q090,list_membership,normal,advanced,256,175,179200,4.160682439804077,14.341592788696289,1.0,1.0,1.0,1.0,1.0,1.0,1.0,1.0,1.0,1.0,1.0,1.0,1.0,1.0,1.0,1.0,1,D4::D4-Q090,1.0
D4,D4-Q091,conditional_exception,normal,advanced,256,175,179200,4.160682439804077,15.029668807983398,1.0,1.0,1.0,1.0,1.0,1.0,1.0,1.0,1.0,1.0,1.0,1.0,1.0,1.0,1.0,1.0,1,D4::D4-Q091,1.0
D4,D4-Q092,exact_fact,normal,advanced,256,175,179200,4.160682439804077,14.177322387695312,1.0,1.0,1.0,1.0,1.0,1.0,1.0,1.0,1.0,1.0,1.0,1.0,1.0,1.0,1.0,1.0,1,D4::D4-Q092,1.0
D4,D4-Q093,negative_query,normal,advanced,256,175,179200,4.160682439804077,15.141010284423828,1.0,1.0,1.0,1.0,1.0,1.0,1.0,1.0,1.0,1.0,1.0,1.0,1.0,1.0,1.0,1.0,1,D4::D4-Q093,1.0
D4,D4-Q094,exact_fact,normal,advanced,256,175,179200,4.160682439804077,15.140295028686523,1.0,1.0,1.0,1.0,1.0,1.0,1.0,1.0,1.0,1.0,1.0,1.0,1.0,1.0,1.0,1.0,1,D4::D4-Q094,1.0
D4,D4-Q095,temporal,normal,advanced,256,175,179200,4.160682439804077,15.407562255859375,1.0,1.0,1.0,1.0,1.0,1.0,1.0,1.0,1.0,1.0,1.0,1.0,1.0,1.0,1.0,1.0,1,D4::D4-Q095,1.0
D4,D4-Q096,numerical,normal,advanced,256,175,179200,4.160682439804077,14.949798583984375,1.0,1.0,1.0,1.0,1.0,1.0,1.0,1.0,1.0,1.0,1.0,1.0,1.0,1.0,1.0,1.0,1,D4::D4-Q096,1.0
D4,D4-Q097,temporal,normal,advanced,256,175,179200,4.160682439804077,14.963150024414062,1.0,1.0,1.0,1.0,1.0,1.0,1.0,1.0,1.0,1.0,1.0,1.0,1.0,1.0,1.0,1.0,1,D4::D4-Q097,1.0
D4,D4-Q098,negation,normal,advanced,256,175,179200,4.160682439804077,14.379501342773438,1.0,1.0,1.0,1.0,1.0,1.0,1.0,1.0,1.0,1.0,1.0,1.0,1.0,1.0,1.0,1.0,1,D4::D4-Q098,1.0
D4,D4-Q099,numerical,normal,advanced,256,175,179200,4.160682439804077,13.698339462280273,1.0,1.0,1.0,1.0,1.0,1.0,1.0,1.0,1.0,1.0,1.0,1.0,1.0,1.0,1.0,1.0,1,D4::D4-Q099,1.0
D4,D4-Q100,procedural,normal,advanced,256,175,179200,4.160682439804077,14.173507690429688,0.0,0.0,0.0,1.0,1.0,1.0,1.0,1.0,1.0,1.0,1.0,1.0,0.5,0.6309297535714575,0.6309297535714575,1.0,1,D4::D4-Q100,1.0
D4,D4-Q101,exact_fact,normal,advanced,256,175,179200,4.160682439804077,14.303922653198242,1.0,1.0,1.0,1.0,1.0,1.0,1.0,1.0,1.0,1.0,1.0,1.0,1.0,1.0,1.0,1.0,1,D4::D4-Q101,1.0
D4,D4-Q102,comparison,normal,advanced,256,175,179200,4.160682439804077,14.257192611694336,0.0,0.0,0.0,1.0,1.0,1.0,1.0,1.0,1.0,1.0,1.0,1.0,0.5,0.6309297535714575,0.6309297535714575,1.0,1,D4::D4-Q102,1.0
D4,D4-Q103,comparison,normal,advanced,256,175,179200,4.160682439804077,17.54617691040039,1.0,1.0,1.0,1.0,1.0,1.0,1.0,1.0,1.0,1.0,1.0,1.0,1.0,1.0,1.0,1.0,1,D4::D4-Q103,1.0
D4,D4-Q104,negation,normal,advanced,256,175,179200,4.160682439804077,15.138387680053711,1.0,1.0,1.0,1.0,1.0,1.0,1.0,1.0,1.0,1.0,1.0,1.0,1.0,1.0,1.0,1.0,1,D4::D4-Q104,1.0
D4,D4-Q105,procedural,normal,advanced,256,175,179200,4.160682439804077,14.751434326171875,0.0,0.0,0.0,1.0,1.0,1.0,1.0,1.0,1.0,1.0,1.0,1.0,0.5,0.6309297535714575,0.6309297535714575,1.0,1,D4::D4-Q105,1.0
D4,D4-Q106,procedural,normal,advanced,256,175,179200,4.160682439804077,15.813350677490234,1.0,1.0,1.0,1.0,1.0,1.0,1.0,1.0,1.0,1.0,1.0,1.0,1.0,1.0,1.0,1.0,1,D4::D4-Q106,1.0
D4,D4-Q107,conditional_exception,normal,advanced,256,175,179200,4.160682439804077,14.859437942504883,0.0,0.0,0.0,1.0,1.0,1.0,1.0,1.0,1.0,1.0,1.0,1.0,0.5,0.6309297535714575,0.6309297535714575,1.0,1,D4::D4-Q107,1.0
D4,D4-Q108,conditional_exception,normal,advanced,256,175,179200,4.160682439804077,13.954401016235352,1.0,1.0,1.0,1.0,1.0,1.0,1.0,1.0,1.0,1.0,1.0,1.0,1.0,1.0,1.0,1.0,1,D4::D4-Q108,1.0
D4,D4-Q109,procedural,normal,advanced,256,175,179200,4.160682439804077,14.383077621459961,1.0,1.0,1.0,1.0,1.0,1.0,1.0,1.0,1.0,1.0,1.0,1.0,1.0,1.0,1.0,1.0,1,D4::D4-Q109,1.0
D4,D4-Q110,exact_fact,normal,advanced,256,175,179200,4.160682439804077,13.707399368286133,1.0,1.0,1.0,1.0,1.0,1.0,1.0,1.0,1.0,1.0,1.0,1.0,1.0,1.0,1.0,1.0,1,D4::D4-Q110,1.0
D4,D4-Q111,exact_fact,normal,advanced,256,175,179200,4.160682439804077,16.663551330566406,1.0,1.0,1.0,1.0,1.0,1.0,1.0,1.0,1.0,1.0,1.0,1.0,1.0,1.0,1.0,1.0,1,D4::D4-Q111,1.0
D4,D4-Q112,list_membership,normal,advanced,256,175,179200,4.160682439804077,14.189481735229492,1.0,1.0,1.0,1.0,1.0,1.0,1.0,1.0,1.0,1.0,1.0,1.0,1.0,1.0,1.0,1.0,1,D4::D4-Q112,1.0
D4,D4-Q113,conditional_exception,normal,advanced,256,175,179200,4.160682439804077,16.431093215942383,1.0,1.0,1.0,1.0,1.0,1.0,1.0,1.0,1.0,1.0,1.0,1.0,1.0,1.0,1.0,1.0,1,D4::D4-Q113,1.0
D4,D4-Q114,exact_fact,normal,advanced,256,175,179200,4.160682439804077,13.94343376159668,0.0,0.0,0.0,0.0,0.0,0.0,0.0,0.0,0.0,1.0,1.0,1.0,0.1111111111111111,0.0,0.3010299956639812,1.0,1,D4::D4-Q114,1.0
D4,D4-Q115,temporal,normal,advanced,256,175,179200,4.160682439804077,13.910055160522461,1.0,1.0,1.0,1.0,1.0,1.0,1.0,1.0,1.0,1.0,1.0,1.0,1.0,1.0,1.0,1.0,1,D4::D4-Q115,1.0
D4,D4-Q116,comparison,normal,advanced,256,175,179200,4.160682439804077,15.018939971923828,0.0,0.0,0.0,1.0,1.0,1.0,1.0,1.0,1.0,1.0,1.0,1.0,0.5,0.6309297535714575,0.6309297535714575,1.0,1,D4::D4-Q116,1.0
D4,D4-Q117,comparison,normal,advanced,256,175,179200,4.160682439804077,14.083623886108398,1.0,1.0,1.0,1.0,1.0,1.0,1.0,1.0,1.0,1.0,1.0,1.0,1.0,1.0,1.0,1.0,1,D4::D4-Q117,1.0
D4,D4-Q118,procedural,normal,advanced,256,175,179200,4.160682439804077,14.3585205078125,0.5,1.0,0.0,1.0,1.0,1.0,1.0,1.0,1.0,1.0,1.0,1.0,1.0,1.0,1.0,1.0,2,D4::D4-Q118,1.0
D4,D4-Q119,procedural,normal,advanced,256,175,179200,4.160682439804077,15.422344207763672,0.0,0.0,0.0,1.0,1.0,1.0,1.0,1.0,1.0,1.0,1.0,1.0,0.5,0.6309297535714575,0.6309297535714575,1.0,1,D4::D4-Q119,1.0
D4,D4-Q120,procedural,normal,advanced,256,175,179200,4.160682439804077,14.27316665649414,1.0,1.0,1.0,1.0,1.0,1.0,1.0,1.0,1.0,1.0,1.0,1.0,1.0,1.0,1.0,1.0,1,D4::D4-Q120,1.0
D4,D4-Q121,negation,normal,advanced,256,175,179200,4.160682439804077,13.817548751831055,0.0,0.0,0.0,1.0,1.0,1.0,1.0,1.0,1.0,1.0,1.0,1.0,0.3333333333333333,0.5,0.5,1.0,1,D4::D4-Q121,1.0
D4,D4-Q122,numerical,normal,advanced,256,175,179200,4.160682439804077,14.237403869628906,0.0,0.0,0.0,1.0,1.0,1.0,1.0,1.0,1.0,1.0,1.0,1.0,0.3333333333333333,0.5,0.5,1.0,1,D4::D4-Q122,1.0
D4,D4-Q123,conditional_exception,normal,advanced,256,175,179200,4.160682439804077,13.924598693847656,0.0,0.0,0.0,1.0,1.0,1.0,1.0,1.0,1.0,1.0,1.0,1.0,0.5,0.6309297535714575,0.6309297535714575,1.0,1,D4::D4-Q123,1.0
D4,D4-Q124,numerical,normal,advanced,256,175,179200,4.160682439804077,14.814615249633789,1.0,1.0,1.0,1.0,1.0,1.0,1.0,1.0,1.0,1.0,1.0,1.0,1.0,1.0,1.0,1.0,1,D4::D4-Q124,1.0
D4,D4-Q125,procedural,normal,advanced,256,175,179200,4.160682439804077,14.293193817138672,1.0,1.0,1.0,1.0,1.0,1.0,1.0,1.0,1.0,1.0,1.0,1.0,1.0,1.0,1.0,1.0,1,D4::D4-Q125,1.0
D4,D4-Q126,numerical,normal,advanced,256,175,179200,4.160682439804077,14.114856719970703,0.0,0.0,0.0,0.0,0.0,0.0,1.0,1.0,1.0,1.0,1.0,1.0,0.2,0.38685280723454163,0.38685280723454163,1.0,1,D4::D4-Q126,1.0
D4,D4-Q127,exact_fact,normal,advanced,256,175,179200,4.160682439804077,14.622688293457031,1.0,1.0,1.0,1.0,1.0,1.0,1.0,1.0,1.0,1.0,1.0,1.0,1.0,1.0,1.0,1.0,1,D4::D4-Q127,1.0
D4,D4-Q128,list_membership,normal,advanced,256,175,179200,4.160682439804077,14.812469482421875,1.0,1.0,1.0,1.0,1.0,1.0,1.0,1.0,1.0,1.0,1.0,1.0,1.0,1.5615201999684067,1.5615201999684067,1.0,4,D4::D4-Q128,1.0
D4,D4-Q129,numerical,normal,advanced,256,175,179200,4.160682439804077,14.467000961303711,1.0,1.0,1.0,1.0,1.0,1.0,1.0,1.0,1.0,1.0,1.0,1.0,1.0,1.0,1.0,1.0,1,D4::D4-Q129,1.0
D4,D4-Q130,numerical,normal,advanced,256,175,179200,4.160682439804077,14.019489288330078,0.0,0.0,0.0,1.0,1.0,1.0,1.0,1.0,1.0,1.0,1.0,1.0,0.5,0.6309297535714575,0.6309297535714575,1.0,1,D4::D4-Q130,1.0
D4,D4-Q131,procedural,normal,advanced,256,175,179200,4.160682439804077,14.274120330810547,0.0,0.0,0.0,1.0,1.0,1.0,1.0,1.0,1.0,1.0,1.0,1.0,0.5,0.6309297535714575,0.6309297535714575,1.0,1,D4::D4-Q131,1.0
D4,D4-Q132,procedural,normal,advanced,256,175,179200,4.160682439804077,24.904966354370117,1.0,1.0,1.0,1.0,1.0,1.0,1.0,1.0,1.0,1.0,1.0,1.0,1.0,1.0,1.0,1.0,1,D4::D4-Q132,1.0
D4,D4-Q133,conditional_exception,normal,advanced,256,175,179200,4.160682439804077,18.055438995361328,0.0,0.0,0.0,0.6666666666666666,1.0,0.0,1.0,1.0,1.0,1.0,1.0,1.0,0.5,0.7942711684322781,0.7942711684322781,1.0,3,D4::D4-Q133,1.0
D4,D4-Q134,exact_fact,normal,advanced,256,175,179200,4.160682439804077,14.348030090332031,1.0,1.0,1.0,1.0,1.0,1.0,1.0,1.0,1.0,1.0,1.0,1.0,1.0,1.0,1.0,1.0,1,D4::D4-Q134,1.0
D4,D4-Q135,exact_fact,normal,advanced,256,175,179200,4.160682439804077,14.132261276245117,1.0,1.0,1.0,1.0,1.0,1.0,1.0,1.0,1.0,1.0,1.0,1.0,1.0,1.0,1.0,1.0,1,D4::D4-Q135,1.0
D4,D4-Q136,negation,normal,advanced,256,175,179200,4.160682439804077,13.983964920043945,1.0,1.0,1.0,1.0,1.0,1.0,1.0,1.0,1.0,1.0,1.0,1.0,1.0,1.0,1.0,1.0,1,D4::D4-Q136,1.0
D4,D4-Q137,negative_query,normal,advanced,256,175,179200,4.160682439804077,14.165401458740234,0.0,0.0,0.0,1.0,1.0,1.0,1.0,1.0,1.0,1.0,1.0,1.0,0.5,0.6309297535714575,0.6309297535714575,1.0,1,D4::D4-Q137,1.0
D4,D4-Q138,negative_query,normal,advanced,256,175,179200,4.160682439804077,14.020442962646484,1.0,1.0,1.0,1.0,1.0,1.0,1.0,1.0,1.0,1.0,1.0,1.0,1.0,1.0,1.0,1.0,1,D4::D4-Q138,1.0
D4,D4-Q139,numerical,normal,advanced,256,175,179200,4.160682439804077,14.242887496948242,1.0,1.0,1.0,1.0,1.0,1.0,1.0,1.0,1.0,1.0,1.0,1.0,1.0,1.0,1.0,1.0,1,D4::D4-Q139,1.0
D4,D4-Q140,procedural,normal,advanced,256,175,179200,4.160682439804077,15.152215957641602,1.0,1.0,1.0,1.0,1.0,1.0,1.0,1.0,1.0,1.0,1.0,1.0,1.0,1.0,1.0,1.0,1,D4::D4-Q140,1.0
D4,D4-Q141,procedural,normal,advanced,256,175,179200,4.160682439804077,13.94343376159668,0.0,0.0,0.0,0.0,0.0,0.0,0.0,0.0,0.0,0.0,0.0,0.0,0.0,0.0,0.0,0.0,0,D4::D4-Q141,0.0
D4,D4-Q142,exact_fact,normal,advanced,256,175,179200,4.160682439804077,14.065980911254883,1.0,1.0,1.0,1.0,1.0,1.0,1.0,1.0,1.0,1.0,1.0,1.0,1.0,1.0,1.0,1.0,1,D4::D4-Q142,1.0
D4,D4-Q143,exact_fact,normal,advanced,256,175,179200,4.160682439804077,14.27006721496582,0.0,0.0,0.0,1.0,1.0,1.0,1.0,1.0,1.0,1.0,1.0,1.0,0.5,0.6309297535714575,0.6309297535714575,1.0,1,D4::D4-Q143,1.0
D4,D4-Q144,exact_fact,normal,advanced,256,175,179200,4.160682439804077,15.186309814453125,1.0,1.0,1.0,1.0,1.0,1.0,1.0,1.0,1.0,1.0,1.0,1.0,1.0,1.0,1.0,1.0,1,D4::D4-Q144,1.0
D4,D4-Q145,procedural,normal,advanced,256,175,179200,4.160682439804077,14.705419540405273,1.0,1.0,1.0,1.0,1.0,1.0,1.0,1.0,1.0,1.0,1.0,1.0,1.0,1.0,1.0,1.0,1,D4::D4-Q145,1.0
D4,D4-Q146,numerical,normal,advanced,256,175,179200,4.160682439804077,14.381885528564453,1.0,1.0,1.0,1.0,1.0,1.0,1.0,1.0,1.0,1.0,1.0,1.0,1.0,1.0,1.0,1.0,1,D4::D4-Q146,1.0
D4,D4-Q147,exact_fact,normal,advanced,256,175,179200,4.160682439804077,15.104293823242188,0.0,0.0,0.0,1.0,1.0,1.0,1.0,1.0,1.0,1.0,1.0,1.0,0.3333333333333333,0.5,0.5,1.0,1,D4::D4-Q147,1.0
D4,D4-Q148,exact_fact,normal,advanced,256,175,179200,4.160682439804077,15.291929244995117,1.0,1.0,1.0,1.0,1.0,1.0,1.0,1.0,1.0,1.0,1.0,1.0,1.0,1.0,1.0,1.0,1,D4::D4-Q148,1.0
D4,D4-Q149,exact_fact,normal,advanced,256,175,179200,4.160682439804077,14.196395874023438,1.0,1.0,1.0,1.0,1.0,1.0,1.0,1.0,1.0,1.0,1.0,1.0,1.0,1.0,1.0,1.0,1,D4::D4-Q149,1.0
D4,D4-Q150,procedural,normal,advanced,256,175,179200,4.160682439804077,14.124393463134766,0.0,0.0,0.0,0.0,0.0,0.0,1.0,1.0,1.0,1.0,1.0,1.0,0.25,0.43067655807339306,0.43067655807339306,1.0,1,D4::D4-Q150,1.0
D4,D4-Q151,exact_fact,normal,advanced,256,175,179200,4.160682439804077,14.082193374633789,1.0,1.0,1.0,1.0,1.0,1.0,1.0,1.0,1.0,1.0,1.0,1.0,1.0,1.0,1.0,1.0,1,D4::D4-Q151,1.0
D4,D4-Q152,procedural,normal,advanced,256,175,179200,4.160682439804077,14.21666145324707,0.0,0.0,0.0,1.0,1.0,1.0,1.0,1.0,1.0,1.0,1.0,1.0,0.3333333333333333,0.5,0.5,1.0,1,D4::D4-Q152,1.0
D4,D4-Q153,procedural,normal,advanced,256,175,179200,4.160682439804077,14.240741729736328,1.0,1.0,1.0,1.0,1.0,1.0,1.0,1.0,1.0,1.0,1.0,1.0,1.0,1.0,1.0,1.0,1,D4::D4-Q153,1.0
D4,D4-Q154,temporal,normal,advanced,256,175,179200,4.160682439804077,14.151573181152344,0.0,0.0,0.0,0.0,0.0,0.0,1.0,1.0,1.0,1.0,1.0,1.0,0.25,0.43067655807339306,0.43067655807339306,1.0,1,D4::D4-Q154,1.0
D4,D4-Q155,exact_fact,normal,advanced,256,175,179200,4.160682439804077,14.713525772094727,0.0,0.0,0.0,0.0,0.0,0.0,1.0,1.0,1.0,1.0,1.0,1.0,0.2,0.38685280723454163,0.38685280723454163,1.0,1,D4::D4-Q155,1.0
D4,D4-Q156,exact_fact,normal,advanced,256,175,179200,4.160682439804077,14.683961868286133,1.0,1.0,1.0,1.0,1.0,1.0,1.0,1.0,1.0,1.0,1.0,1.0,1.0,1.5615201999684067,1.5615201999684067,1.0,4,D4::D4-Q156,1.0
D4,D4-Q157,list_membership,normal,advanced,256,175,179200,4.160682439804077,14.37234878540039,0.0,0.0,0.0,1.0,1.0,1.0,1.0,1.0,1.0,1.0,1.0,1.0,0.3333333333333333,0.5,0.5,1.0,1,D4::D4-Q157,1.0
D4,D4-Q158,list_membership,normal,advanced,256,175,179200,4.160682439804077,16.127586364746094,0.0,0.0,0.0,0.0,0.0,0.0,0.0,0.0,0.0,1.0,1.0,1.0,0.125,0.0,0.31546487678572877,1.0,1,D4::D4-Q158,1.0
D4,D4-Q159,list_membership,normal,advanced,256,175,179200,4.160682439804077,14.567852020263672,0.0,0.0,0.0,0.0,0.0,0.0,1.0,1.0,1.0,1.0,1.0,1.0,0.25,0.43067655807339306,0.43067655807339306,1.0,1,D4::D4-Q159,1.0
D4,D4-Q160,list_membership,normal,advanced,256,175,179200,4.160682439804077,15.673160552978516,0.0,0.0,0.0,1.0,1.0,1.0,1.0,1.0,1.0,1.0,1.0,1.0,0.3333333333333333,0.5,0.5,1.0,1,D4::D4-Q160,1.0
D4,D4-Q161,paraphrase,normal,advanced,256,175,179200,4.160682439804077,14.216899871826172,1.0,1.0,1.0,1.0,1.0,1.0,1.0,1.0,1.0,1.0,1.0,1.0,1.0,1.0,1.0,1.0,1,D4::D4-Q161,1.0
D4,D4-Q162,numerical,normal,advanced,256,175,179200,4.160682439804077,14.741897583007812,1.0,1.0,1.0,1.0,1.0,1.0,1.0,1.0,1.0,1.0,1.0,1.0,1.0,1.0,1.0,1.0,1,D4::D4-Q162,1.0
D4,D4-Q163,numerical,normal,advanced,256,175,179200,4.160682439804077,18.924474716186523,1.0,1.0,1.0,1.0,1.0,1.0,1.0,1.0,1.0,1.0,1.0,1.0,1.0,1.0,1.0,1.0,1,D4::D4-Q163,1.0
D4,D4-Q164,numerical,normal,advanced,256,175,179200,4.160682439804077,18.36705207824707,1.0,1.0,1.0,1.0,1.0,1.0,1.0,1.0,1.0,1.0,1.0,1.0,1.0,1.0,1.0,1.0,1,D4::D4-Q164,1.0
D4,D4-Q165,numerical,normal,advanced,256,175,179200,4.160682439804077,15.186548233032227,0.0,0.0,0.0,0.0,0.0,0.0,1.0,1.0,1.0,1.0,1.0,1.0,0.25,0.43067655807339306,0.43067655807339306,1.0,1,D4::D4-Q165,1.0
D4,D4-Q166,numerical,normal,advanced,256,175,179200,4.160682439804077,14.439582824707031,0.0,0.0,0.0,1.0,1.0,1.0,1.0,1.0,1.0,1.0,1.0,1.0,0.3333333333333333,0.5,0.5,1.0,1,D4::D4-Q166,1.0
D4,D4-Q167,negative_query,normal,advanced,256,175,179200,4.160682439804077,15.547513961791992,0.0,0.0,0.0,0.0,0.0,0.0,0.0,0.0,0.0,1.0,1.0,1.0,0.14285714285714285,0.0,0.3333333333333333,1.0,1,D4::D4-Q167,1.0
D4,D4-Q168,negation,normal,advanced,256,175,179200,4.160682439804077,14.218330383300781,0.0,0.0,0.0,1.0,1.0,1.0,1.0,1.0,1.0,1.0,1.0,1.0,0.5,0.6309297535714575,0.6309297535714575,1.0,1,D4::D4-Q168,1.0
D4,D4-Q169,negation,normal,advanced,256,175,179200,4.160682439804077,14.637947082519531,0.0,0.0,0.0,1.0,1.0,1.0,1.0,1.0,1.0,1.0,1.0,1.0,0.5,0.6309297535714575,0.6309297535714575,1.0,1,D4::D4-Q169,1.0
D4,D4-Q170,numerical,normal,advanced,256,175,179200,4.160682439804077,13.978004455566406,1.0,1.0,1.0,1.0,1.0,1.0,1.0,1.0,1.0,1.0,1.0,1.0,1.0,1.0,1.0,1.0,1,D4::D4-Q170,1.0
D4,D4-Q171,numerical,normal,advanced,256,175,179200,4.160682439804077,14.135599136352539,1.0,1.0,1.0,1.0,1.0,1.0,1.0,1.0,1.0,1.0,1.0,1.0,1.0,1.0,1.0,1.0,1,D4::D4-Q171,1.0
D4,D4-Q172,exact_fact,normal,advanced,256,175,179200,4.160682439804077,15.218973159790039,0.0,0.0,0.0,0.0,0.0,0.0,0.0,0.0,0.0,0.0,0.0,0.0,0.0,0.0,0.0,0.0,0,D4::D4-Q172,0.0
D4,D4-Q173,numerical,normal,advanced,256,175,179200,4.160682439804077,14.34016227722168,0.0,0.0,0.0,0.0,0.0,0.0,0.0,0.0,0.0,1.0,1.0,1.0,0.16666666666666666,0.0,0.3562071871080222,1.0,1,D4::D4-Q173,1.0
D4,D4-Q174,numerical,normal,advanced,256,175,179200,4.160682439804077,14.763116836547852,0.0,0.0,0.0,1.0,1.0,1.0,1.0,1.0,1.0,1.0,1.0,1.0,0.5,0.6309297535714575,0.6309297535714575,1.0,1,D4::D4-Q174,1.0
D4,D4-Q175,numerical,normal,advanced,256,175,179200,4.160682439804077,14.474868774414062,1.0,1.0,1.0,1.0,1.0,1.0,1.0,1.0,1.0,1.0,1.0,1.0,1.0,1.0,1.0,1.0,1,D4::D4-Q175,1.0
D4,D4-Q176,table_lookup,normal,advanced,256,175,179200,4.160682439804077,14.096736907958984,0.0,0.0,0.0,0.0,0.0,0.0,1.0,1.0,1.0,1.0,1.0,1.0,0.2,0.38685280723454163,0.38685280723454163,1.0,1,D4::D4-Q176,1.0
D4,D4-Q177,numerical,normal,advanced,256,175,179200,4.160682439804077,13.906478881835938,0.0,0.0,0.0,0.0,0.0,0.0,0.0,0.0,0.0,1.0,1.0,1.0,0.16666666666666666,0.0,0.3562071871080222,1.0,1,D4::D4-Q177,1.0
D4,D4-Q178,numerical,normal,advanced,256,175,179200,4.160682439804077,15.149116516113281,0.0,0.0,0.0,1.0,1.0,1.0,1.0,1.0,1.0,1.0,1.0,1.0,0.5,0.6309297535714575,0.6309297535714575,1.0,1,D4::D4-Q178,1.0
D4,D4-Q179,exact_fact,normal,advanced,256,175,179200,4.160682439804077,14.43624496459961,1.0,1.0,1.0,1.0,1.0,1.0,1.0,1.0,1.0,1.0,1.0,1.0,1.0,1.0,1.0,1.0,1,D4::D4-Q179,1.0
D4,D4-Q180,exact_fact,normal,advanced,256,175,179200,4.160682439804077,14.827489852905273,1.0,1.0,1.0,1.0,1.0,1.0,1.0,1.0,1.0,1.0,1.0,1.0,1.0,1.0,1.0,1.0,1,D4::D4-Q180,1.0
D4,D4-Q181,procedural,normal,advanced,256,175,179200,4.160682439804077,14.15252685546875,1.0,1.0,1.0,1.0,1.0,1.0,1.0,1.0,1.0,1.0,1.0,1.0,1.0,1.0,1.0,1.0,1,D4::D4-Q181,1.0
D4,D4-Q182,procedural,normal,advanced,256,175,179200,4.160682439804077,13.952016830444336,1.0,1.0,1.0,1.0,1.0,1.0,1.0,1.0,1.0,1.0,1.0,1.0,1.0,1.0,1.0,1.0,1,D4::D4-Q182,1.0
D4,D4-Q183,conditional_exception,normal,advanced,256,175,179200,4.160682439804077,14.115095138549805,1.0,1.0,1.0,1.0,1.0,1.0,1.0,1.0,1.0,1.0,1.0,1.0,1.0,1.0,1.0,1.0,1,D4::D4-Q183,1.0
D4,D4-Q184,conditional_exception,normal,advanced,256,175,179200,4.160682439804077,15.242338180541992,1.0,1.0,1.0,1.0,1.0,1.0,1.0,1.0,1.0,1.0,1.0,1.0,1.0,1.0,1.0,1.0,1,D4::D4-Q184,1.0
D4,D4-Q185,procedural,normal,advanced,256,175,179200,4.160682439804077,14.049530029296875,1.0,1.0,1.0,1.0,1.0,1.0,1.0,1.0,1.0,1.0,1.0,1.0,1.0,1.0,1.0,1.0,1,D4::D4-Q185,1.0
D4,D4-Q186,procedural,normal,advanced,256,175,179200,4.160682439804077,14.416694641113281,1.0,1.0,1.0,1.0,1.0,1.0,1.0,1.0,1.0,1.0,1.0,1.0,1.0,1.0,1.0,1.0,1,D4::D4-Q186,1.0
D4,D4-Q187,procedural,normal,advanced,256,175,179200,4.160682439804077,15.282869338989258,1.0,1.0,1.0,1.0,1.0,1.0,1.0,1.0,1.0,1.0,1.0,1.0,1.0,1.0,1.0,1.0,1,D4::D4-Q187,1.0
D4,D4-Q188,procedural,normal,advanced,256,175,179200,4.160682439804077,14.428138732910156,1.0,1.0,1.0,1.0,1.0,1.0,1.0,1.0,1.0,1.0,1.0,1.0,1.0,1.0,1.0,1.0,1,D4::D4-Q188,1.0
D4,D4-Q189,procedural,normal,advanced,256,175,179200,4.160682439804077,14.83607292175293,1.0,1.0,1.0,1.0,1.0,1.0,1.0,1.0,1.0,1.0,1.0,1.0,1.0,1.0,1.0,1.0,1,D4::D4-Q189,1.0
D4,D4-Q190,procedural,normal,advanced,256,175,179200,4.160682439804077,14.772415161132812,1.0,1.0,1.0,1.0,1.0,1.0,1.0,1.0,1.0,1.0,1.0,1.0,1.0,1.0,1.0,1.0,1,D4::D4-Q190,1.0
D4,D4-Q191,procedural,normal,advanced,256,175,179200,4.160682439804077,15.813827514648438,0.0,0.0,0.0,0.0,0.0,0.0,0.0,0.0,0.0,0.0,0.0,0.0,0.0,0.0,0.0,0.0,0,D4::D4-Q191,0.0
D4,D4-Q192,procedural,normal,advanced,256,175,179200,4.160682439804077,14.621734619140625,1.0,1.0,1.0,1.0,1.0,1.0,1.0,1.0,1.0,1.0,1.0,1.0,1.0,1.0,1.0,1.0,1,D4::D4-Q192,1.0
D4,D4-Q193,procedural,normal,advanced,256,175,179200,4.160682439804077,16.513586044311523,1.0,1.0,1.0,1.0,1.0,1.0,1.0,1.0,1.0,1.0,1.0,1.0,1.0,1.0,1.0,1.0,1,D4::D4-Q193,1.0
D4,D4-Q194,procedural,normal,advanced,256,175,179200,4.160682439804077,14.503002166748047,0.0,0.0,0.0,0.0,0.0,0.0,0.0,0.0,0.0,0.0,0.0,0.0,0.0,0.0,0.0,0.0,0,D4::D4-Q194,0.0
D4,D4-Q195,procedural,normal,advanced,256,175,179200,4.160682439804077,25.075435638427734,0.0,0.0,0.0,1.0,1.0,1.0,1.0,1.0,1.0,1.0,1.0,1.0,0.5,0.6309297535714575,0.6309297535714575,1.0,1,D4::D4-Q195,1.0
D4,D4-Q196,procedural,normal,advanced,256,175,179200,4.160682439804077,19.017934799194336,1.0,1.0,1.0,1.0,1.0,1.0,1.0,1.0,1.0,1.0,1.0,1.0,1.0,1.0,1.0,1.0,1,D4::D4-Q196,1.0
D4,D4-Q197,exact_fact,normal,advanced,256,175,179200,4.160682439804077,14.192819595336914,1.0,1.0,1.0,1.0,1.0,1.0,1.0,1.0,1.0,1.0,1.0,1.0,1.0,1.0,1.0,1.0,1,D4::D4-Q197,1.0
D4,D4-Q198,conditional_exception,normal,advanced,256,175,179200,4.160682439804077,14.032363891601562,1.0,1.0,1.0,1.0,1.0,1.0,1.0,1.0,1.0,1.0,1.0,1.0,1.0,1.0,1.0,1.0,1,D4::D4-Q198,1.0
D4,D4-Q199,table_lookup,normal,advanced,256,175,179200,4.160682439804077,14.946937561035156,1.0,1.0,1.0,1.0,1.0,1.0,1.0,1.0,1.0,1.0,1.0,1.0,1.0,1.0,1.0,1.0,1,D4::D4-Q199,1.0
D4,D4-Q200,table_lookup,normal,advanced,256,175,179200,4.160682439804077,15.192747116088867,0.0,0.0,0.0,1.0,1.0,1.0,1.0,1.0,1.0,1.0,1.0,1.0,0.5,0.6309297535714575,0.6309297535714575,1.0,1,D4::D4-Q200,1.0
D4,D4-Q001,exact_fact,normal,advanced,384,175,268800,4.160682439804077,15.435218811035156,1.0,1.0,1.0,1.0,1.0,1.0,1.0,1.0,1.0,1.0,1.0,1.0,1.0,1.0,1.0,1.0,1,D4::D4-Q001,1.0
D4,D4-Q002,exact_fact,normal,advanced,384,175,268800,4.160682439804077,14.199018478393555,0.0,0.0,0.0,1.0,1.0,1.0,1.0,1.0,1.0,1.0,1.0,1.0,0.3333333333333333,0.5,0.5,1.0,1,D4::D4-Q002,1.0
D4,D4-Q003,temporal,normal,advanced,384,175,268800,4.160682439804077,13.989448547363281,0.0,0.0,0.0,0.0,0.0,0.0,0.0,0.0,0.0,1.0,1.0,1.0,0.16666666666666666,0.0,0.3562071871080222,1.0,1,D4::D4-Q003,1.0
D4,D4-Q004,list_membership,normal,advanced,384,175,268800,4.160682439804077,15.036344528198242,0.0,0.0,0.0,0.0,0.0,0.0,0.0,0.0,0.0,1.0,1.0,1.0,0.16666666666666666,0.0,0.3562071871080222,1.0,1,D4::D4-Q004,1.0
D4,D4-Q005,exact_fact,normal,advanced,384,175,268800,4.160682439804077,16.089200973510742,1.0,1.0,1.0,1.0,1.0,1.0,1.0,1.0,1.0,1.0,1.0,1.0,1.0,1.0,1.0,1.0,1,D4::D4-Q005,1.0
D4,D4-Q006,exact_fact,normal,advanced,384,175,268800,4.160682439804077,15.901327133178711,0.0,0.0,0.0,0.0,0.0,0.0,0.0,0.0,0.0,0.0,0.0,0.0,0.0,0.0,0.0,0.0,0,D4::D4-Q006,0.0
D4,D4-Q007,exact_fact,normal,advanced,384,175,268800,4.160682439804077,14.351367950439453,1.0,1.0,1.0,1.0,1.0,1.0,1.0,1.0,1.0,1.0,1.0,1.0,1.0,1.0,1.0,1.0,1,D4::D4-Q007,1.0
D4,D4-Q008,exact_fact,normal,advanced,384,175,268800,4.160682439804077,16.18361473083496,1.0,1.0,1.0,1.0,1.0,1.0,1.0,1.0,1.0,1.0,1.0,1.0,1.0,1.0,1.0,1.0,1,D4::D4-Q008,1.0
D4,D4-Q009,exact_fact,normal,advanced,384,175,268800,4.160682439804077,14.290094375610352,1.0,1.0,1.0,1.0,1.0,1.0,1.0,1.0,1.0,1.0,1.0,1.0,1.0,1.0,1.0,1.0,1,D4::D4-Q009,1.0
D4,D4-Q010,exact_fact,normal,advanced,384,175,268800,4.160682439804077,14.219045639038086,1.0,1.0,1.0,1.0,1.0,1.0,1.0,1.0,1.0,1.0,1.0,1.0,1.0,1.0,1.0,1.0,1,D4::D4-Q010,1.0
D4,D4-Q011,exact_fact,normal,advanced,384,175,268800,4.160682439804077,14.606714248657227,1.0,1.0,1.0,1.0,1.0,1.0,1.0,1.0,1.0,1.0,1.0,1.0,1.0,1.0,1.0,1.0,1,D4::D4-Q011,1.0
D4,D4-Q012,exact_fact,normal,advanced,384,175,268800,4.160682439804077,14.73855972290039,0.0,0.0,0.0,0.0,0.0,0.0,0.0,0.0,0.0,0.0,0.0,0.0,0.0,0.0,0.0,0.0,0,D4::D4-Q012,0.0
D4,D4-Q013,exact_fact,normal,advanced,384,175,268800,4.160682439804077,14.509201049804688,1.0,1.0,1.0,1.0,1.0,1.0,1.0,1.0,1.0,1.0,1.0,1.0,1.0,1.0,1.0,1.0,1,D4::D4-Q013,1.0
D4,D4-Q014,exact_fact,normal,advanced,384,175,268800,4.160682439804077,15.255451202392578,1.0,1.0,1.0,1.0,1.0,1.0,1.0,1.0,1.0,1.0,1.0,1.0,1.0,1.0,1.0,1.0,1,D4::D4-Q014,1.0
D4,D4-Q015,exact_fact,normal,advanced,384,175,268800,4.160682439804077,14.080047607421875,1.0,1.0,1.0,1.0,1.0,1.0,1.0,1.0,1.0,1.0,1.0,1.0,1.0,1.0,1.0,1.0,1,D4::D4-Q015,1.0
D4,D4-Q016,exact_fact,normal,advanced,384,175,268800,4.160682439804077,14.673709869384766,0.0,0.0,0.0,0.0,0.0,0.0,0.0,0.0,0.0,1.0,1.0,1.0,0.1,0.0,0.2890648263178879,1.0,1,D4::D4-Q016,1.0
D4,D4-Q017,exact_fact,normal,advanced,384,175,268800,4.160682439804077,13.935089111328125,0.0,0.0,0.0,0.0,0.0,0.0,0.0,0.0,0.0,1.0,1.0,1.0,0.14285714285714285,0.0,0.3333333333333333,1.0,1,D4::D4-Q017,1.0
D4,D4-Q018,exact_fact,normal,advanced,384,175,268800,4.160682439804077,14.512777328491211,1.0,1.0,1.0,1.0,1.0,1.0,1.0,1.0,1.0,1.0,1.0,1.0,1.0,1.0,1.0,1.0,1,D4::D4-Q018,1.0
D4,D4-Q019,exact_fact,normal,advanced,384,175,268800,4.160682439804077,14.618158340454102,1.0,1.0,1.0,1.0,1.0,1.0,1.0,1.0,1.0,1.0,1.0,1.0,1.0,1.0,1.0,1.0,1,D4::D4-Q019,1.0
D4,D4-Q020,exact_fact,normal,advanced,384,175,268800,4.160682439804077,15.951395034790039,1.0,1.0,1.0,1.0,1.0,1.0,1.0,1.0,1.0,1.0,1.0,1.0,1.0,1.0,1.0,1.0,1,D4::D4-Q020,1.0
D4,D4-Q021,exact_fact,normal,advanced,384,175,268800,4.160682439804077,13.679981231689453,0.0,0.0,0.0,1.0,1.0,1.0,1.0,1.0,1.0,1.0,1.0,1.0,0.5,0.6309297535714575,0.6309297535714575,1.0,1,D4::D4-Q021,1.0
D4,D4-Q022,procedural,normal,advanced,384,175,268800,4.160682439804077,14.534473419189453,1.0,1.0,1.0,1.0,1.0,1.0,1.0,1.0,1.0,1.0,1.0,1.0,1.0,1.0,1.0,1.0,1,D4::D4-Q022,1.0
D4,D4-Q023,numerical,normal,advanced,384,175,268800,4.160682439804077,15.702486038208008,0.0,0.0,0.0,0.0,0.0,0.0,0.0,0.0,0.0,0.0,0.0,0.0,0.0,0.0,0.0,0.0,0,D4::D4-Q023,0.0
D4,D4-Q024,exact_fact,normal,advanced,384,175,268800,4.160682439804077,22.014856338500977,0.0,0.0,0.0,1.0,1.0,1.0,1.0,1.0,1.0,1.0,1.0,1.0,0.5,0.6309297535714575,0.6309297535714575,1.0,1,D4::D4-Q024,1.0
D4,D4-Q025,exact_fact,normal,advanced,384,175,268800,4.160682439804077,18.212080001831055,0.0,0.0,0.0,1.0,1.0,1.0,1.0,1.0,1.0,1.0,1.0,1.0,0.5,0.6309297535714575,0.6309297535714575,1.0,1,D4::D4-Q025,1.0
D4,D4-Q026,exact_fact,normal,advanced,384,175,268800,4.160682439804077,15.047788619995117,0.0,0.0,0.0,0.0,0.0,0.0,1.0,1.0,1.0,1.0,1.0,1.0,0.2,0.38685280723454163,0.38685280723454163,1.0,1,D4::D4-Q026,1.0
D4,D4-Q027,exact_fact,normal,advanced,384,175,268800,4.160682439804077,16.3421630859375,0.0,0.0,0.0,0.0,0.0,0.0,0.0,0.0,0.0,1.0,1.0,1.0,0.14285714285714285,0.0,0.3333333333333333,1.0,1,D4::D4-Q027,1.0
D4,D4-Q028,exact_fact,normal,advanced,384,175,268800,4.160682439804077,16.247272491455078,1.0,1.0,1.0,1.0,1.0,1.0,1.0,1.0,1.0,1.0,1.0,1.0,1.0,1.0,1.0,1.0,1,D4::D4-Q028,1.0
D4,D4-Q029,exact_fact,normal,advanced,384,175,268800,4.160682439804077,14.532804489135742,0.0,0.0,0.0,1.0,1.0,1.0,1.0,1.0,1.0,1.0,1.0,1.0,0.5,0.6309297535714575,0.6309297535714575,1.0,1,D4::D4-Q029,1.0
D4,D4-Q030,exact_fact,normal,advanced,384,175,268800,4.160682439804077,15.386343002319336,0.0,0.0,0.0,0.0,0.0,0.0,0.0,0.0,0.0,0.0,0.0,0.0,0.0,0.0,0.0,0.0,0,D4::D4-Q030,0.0
D4,D4-Q031,exact_fact,normal,advanced,384,175,268800,4.160682439804077,14.966249465942383,1.0,1.0,1.0,1.0,1.0,1.0,1.0,1.0,1.0,1.0,1.0,1.0,1.0,1.0,1.0,1.0,1,D4::D4-Q031,1.0
D4,D4-Q032,exact_fact,normal,advanced,384,175,268800,4.160682439804077,15.714883804321289,0.0,0.0,0.0,0.0,0.0,0.0,0.0,0.0,0.0,0.0,0.0,0.0,0.0,0.0,0.0,0.0,0,D4::D4-Q032,0.0
D4,D4-Q033,exact_fact,normal,advanced,384,175,268800,4.160682439804077,15.130043029785156,1.0,1.0,1.0,1.0,1.0,1.0,1.0,1.0,1.0,1.0,1.0,1.0,1.0,1.0,1.0,1.0,1,D4::D4-Q033,1.0
D4,D4-Q034,exact_fact,normal,advanced,384,175,268800,4.160682439804077,15.288829803466797,0.0,0.0,0.0,0.0,0.0,0.0,0.0,0.0,0.0,1.0,1.0,1.0,0.14285714285714285,0.0,0.3333333333333333,1.0,1,D4::D4-Q034,1.0
D4,D4-Q035,exact_fact,normal,advanced,384,175,268800,4.160682439804077,15.38705825805664,1.0,1.0,1.0,1.0,1.0,1.0,1.0,1.0,1.0,1.0,1.0,1.0,1.0,1.0,1.0,1.0,1,D4::D4-Q035,1.0
D4,D4-Q036,exact_fact,normal,advanced,384,175,268800,4.160682439804077,15.470266342163086,1.0,1.0,1.0,1.0,1.0,1.0,1.0,1.0,1.0,1.0,1.0,1.0,1.0,1.0,1.0,1.0,1,D4::D4-Q036,1.0
D4,D4-Q037,exact_fact,normal,advanced,384,175,268800,4.160682439804077,15.219449996948242,1.0,1.0,1.0,1.0,1.0,1.0,1.0,1.0,1.0,1.0,1.0,1.0,1.0,1.0,1.0,1.0,1,D4::D4-Q037,1.0
D4,D4-Q038,exact_fact,normal,advanced,384,175,268800,4.160682439804077,15.813112258911133,0.0,0.0,0.0,0.0,0.0,0.0,0.0,0.0,0.0,1.0,1.0,1.0,0.14285714285714285,0.0,0.3333333333333333,1.0,1,D4::D4-Q038,1.0
D4,D4-Q039,exact_fact,normal,advanced,384,175,268800,4.160682439804077,14.71400260925293,0.0,0.0,0.0,0.0,0.0,0.0,0.0,0.0,0.0,0.0,0.0,0.0,0.0,0.0,0.0,0.0,0,D4::D4-Q039,0.0
D4,D4-Q040,temporal,normal,advanced,384,175,268800,4.160682439804077,14.676809310913086,0.0,0.0,0.0,0.0,0.0,0.0,0.0,0.0,0.0,0.0,0.0,0.0,0.0,0.0,0.0,0.0,0,D4::D4-Q040,0.0
D4,D4-Q041,exact_fact,normal,advanced,384,175,268800,4.160682439804077,13.927936553955078,0.0,0.0,0.0,0.0,0.0,0.0,0.0,0.0,0.0,0.0,0.0,0.0,0.0,0.0,0.0,0.0,0,D4::D4-Q041,0.0
D4,D4-Q042,exact_fact,normal,advanced,384,175,268800,4.160682439804077,14.643669128417969,0.0,0.0,0.0,0.0,0.0,0.0,0.0,0.0,0.0,0.0,0.0,0.0,0.0,0.0,0.0,0.0,0,D4::D4-Q042,0.0
D4,D4-Q043,paraphrase,normal,advanced,384,175,268800,4.160682439804077,14.363288879394531,0.0,0.0,0.0,0.0,0.0,0.0,0.0,0.0,0.0,0.0,0.0,0.0,0.0,0.0,0.0,0.0,0,D4::D4-Q043,0.0
D4,D4-Q044,exact_fact,normal,advanced,384,175,268800,4.160682439804077,14.198064804077148,1.0,1.0,1.0,1.0,1.0,1.0,1.0,1.0,1.0,1.0,1.0,1.0,1.0,1.0,1.0,1.0,1,D4::D4-Q044,1.0
D4,D4-Q045,numerical,normal,advanced,384,175,268800,4.160682439804077,14.255523681640625,1.0,1.0,1.0,1.0,1.0,1.0,1.0,1.0,1.0,1.0,1.0,1.0,1.0,1.0,1.0,1.0,1,D4::D4-Q045,1.0
D4,D4-Q046,procedural,normal,advanced,384,175,268800,4.160682439804077,14.51253890991211,0.0,0.0,0.0,0.0,0.0,0.0,1.0,1.0,1.0,1.0,1.0,1.0,0.2,0.38685280723454163,0.38685280723454163,1.0,1,D4::D4-Q046,1.0
D4,D4-Q047,numerical,normal,advanced,384,175,268800,4.160682439804077,14.020681381225586,1.0,1.0,1.0,1.0,1.0,1.0,1.0,1.0,1.0,1.0,1.0,1.0,1.0,1.0,1.0,1.0,1,D4::D4-Q047,1.0
D4,D4-Q048,procedural,normal,advanced,384,175,268800,4.160682439804077,14.487743377685547,0.0,0.0,0.0,0.0,0.0,0.0,1.0,1.0,1.0,1.0,1.0,1.0,0.2,0.38685280723454163,0.38685280723454163,1.0,1,D4::D4-Q048,1.0
D4,D4-Q049,exact_fact,normal,advanced,384,175,268800,4.160682439804077,15.364408493041992,1.0,1.0,1.0,1.0,1.0,1.0,1.0,1.0,1.0,1.0,1.0,1.0,1.0,1.0,1.0,1.0,1,D4::D4-Q049,1.0
D4,D4-Q050,conditional_exception,normal,advanced,384,175,268800,4.160682439804077,14.422416687011719,0.0,0.0,0.0,0.0,0.0,0.0,1.0,1.0,1.0,1.0,1.0,1.0,0.2,0.38685280723454163,0.38685280723454163,1.0,1,D4::D4-Q050,1.0
D4,D4-Q051,exact_fact,normal,advanced,384,175,268800,4.160682439804077,14.478921890258789,1.0,1.0,1.0,1.0,1.0,1.0,1.0,1.0,1.0,1.0,1.0,1.0,1.0,1.0,1.0,1.0,1,D4::D4-Q051,1.0
D4,D4-Q052,negation,normal,advanced,384,175,268800,4.160682439804077,14.775991439819336,0.0,0.0,0.0,1.0,1.0,1.0,1.0,1.0,1.0,1.0,1.0,1.0,0.3333333333333333,0.5,0.5,1.0,1,D4::D4-Q052,1.0
D4,D4-Q053,procedural,normal,advanced,384,175,268800,4.160682439804077,16.37721061706543,1.0,1.0,1.0,1.0,1.0,1.0,1.0,1.0,1.0,1.0,1.0,1.0,1.0,1.0,1.0,1.0,1,D4::D4-Q053,1.0
D4,D4-Q054,numerical,normal,advanced,384,175,268800,4.160682439804077,16.127824783325195,0.0,0.0,0.0,0.0,0.0,0.0,1.0,1.0,1.0,1.0,1.0,1.0,0.25,0.43067655807339306,0.43067655807339306,1.0,1,D4::D4-Q054,1.0
D4,D4-Q055,numerical,normal,advanced,384,175,268800,4.160682439804077,14.205694198608398,0.0,0.0,0.0,0.0,0.0,0.0,0.0,0.0,0.0,1.0,1.0,1.0,0.125,0.0,0.31546487678572877,1.0,1,D4::D4-Q055,1.0
D4,D4-Q056,numerical,normal,advanced,384,175,268800,4.160682439804077,14.435529708862305,1.0,1.0,1.0,1.0,1.0,1.0,1.0,1.0,1.0,1.0,1.0,1.0,1.0,1.0,1.0,1.0,1,D4::D4-Q056,1.0
D4,D4-Q057,conditional_exception,normal,advanced,384,175,268800,4.160682439804077,21.29530906677246,0.0,0.0,0.0,0.0,0.0,0.0,0.0,0.0,0.0,1.0,1.0,1.0,0.16666666666666666,0.0,0.3562071871080222,1.0,1,D4::D4-Q057,1.0
D4,D4-Q058,procedural,normal,advanced,384,175,268800,4.160682439804077,25.996923446655273,0.0,0.0,0.0,1.0,1.0,1.0,1.0,1.0,1.0,1.0,1.0,1.0,0.3333333333333333,0.5,0.5,1.0,1,D4::D4-Q058,1.0
D4,D4-Q059,exact_fact,normal,advanced,384,175,268800,4.160682439804077,22.46713638305664,0.0,0.0,0.0,1.0,1.0,1.0,1.0,1.0,1.0,1.0,1.0,1.0,0.5,0.6309297535714575,0.6309297535714575,1.0,1,D4::D4-Q059,1.0
D4,D4-Q060,procedural,normal,advanced,384,175,268800,4.160682439804077,16.52979850769043,0.0,0.0,0.0,1.0,1.0,1.0,1.0,1.0,1.0,1.0,1.0,1.0,0.3333333333333333,0.5,0.5,1.0,1,D4::D4-Q060,1.0
D4,D4-Q061,negative_query,normal,advanced,384,175,268800,4.160682439804077,14.320850372314453,1.0,1.0,1.0,1.0,1.0,1.0,1.0,1.0,1.0,1.0,1.0,1.0,1.0,1.0,1.0,1.0,1,D4::D4-Q061,1.0
D4,D4-Q062,conditional_exception,normal,advanced,384,175,268800,4.160682439804077,14.634847640991211,0.0,0.0,0.0,0.0,0.0,0.0,1.0,1.0,1.0,1.0,1.0,1.0,0.25,0.43067655807339306,0.43067655807339306,1.0,1,D4::D4-Q062,1.0
D4,D4-Q063,procedural,normal,advanced,384,175,268800,4.160682439804077,15.407800674438477,0.0,0.0,0.0,0.0,0.0,0.0,0.0,0.0,0.0,1.0,1.0,1.0,0.14285714285714285,0.0,0.3333333333333333,1.0,1,D4::D4-Q063,1.0
D4,D4-Q064,conditional_exception,normal,advanced,384,175,268800,4.160682439804077,16.426563262939453,0.0,0.0,0.0,1.0,1.0,1.0,1.0,1.0,1.0,1.0,1.0,1.0,0.3333333333333333,0.5,0.5,1.0,1,D4::D4-Q064,1.0
D4,D4-Q065,negative_query,normal,advanced,384,175,268800,4.160682439804077,15.395402908325195,0.0,0.0,0.0,1.0,1.0,1.0,1.0,1.0,1.0,1.0,1.0,1.0,0.5,0.6309297535714575,0.6309297535714575,1.0,1,D4::D4-Q065,1.0
D4,D4-Q066,negative_query,normal,advanced,384,175,268800,4.160682439804077,15.621662139892578,0.0,0.0,0.0,1.0,1.0,1.0,1.0,1.0,1.0,1.0,1.0,1.0,0.5,0.6309297535714575,0.6309297535714575,1.0,1,D4::D4-Q066,1.0
D4,D4-Q067,negative_query,normal,advanced,384,175,268800,4.160682439804077,15.536785125732422,0.0,0.0,0.0,1.0,1.0,1.0,1.0,1.0,1.0,1.0,1.0,1.0,0.5,0.6309297535714575,0.6309297535714575,1.0,1,D4::D4-Q067,1.0
D4,D4-Q068,conditional_exception,normal,advanced,384,175,268800,4.160682439804077,14.060497283935547,0.0,0.0,0.0,0.0,0.0,0.0,1.0,1.0,1.0,1.0,1.0,1.0,0.25,0.43067655807339306,0.43067655807339306,1.0,1,D4::D4-Q068,1.0
D4,D4-Q069,negative_query,normal,advanced,384,175,268800,4.160682439804077,15.563249588012695,0.0,0.0,0.0,1.0,1.0,1.0,1.0,1.0,1.0,1.0,1.0,1.0,0.5,0.6309297535714575,0.6309297535714575,1.0,1,D4::D4-Q069,1.0
D4,D4-Q070,negative_query,normal,advanced,384,175,268800,4.160682439804077,13.981342315673828,0.0,0.0,0.0,0.0,0.0,0.0,0.0,0.0,0.0,1.0,1.0,1.0,0.14285714285714285,0.0,0.3333333333333333,1.0,1,D4::D4-Q070,1.0
D4,D4-Q071,negative_query,normal,advanced,384,175,268800,4.160682439804077,14.093160629272461,0.0,0.0,0.0,0.0,0.0,0.0,0.0,0.0,0.0,1.0,1.0,1.0,0.125,0.0,0.31546487678572877,1.0,1,D4::D4-Q071,1.0
D4,D4-Q072,negative_query,normal,advanced,384,175,268800,4.160682439804077,14.18447494506836,0.0,0.0,0.0,0.0,0.0,0.0,0.0,0.0,0.0,0.0,0.0,0.0,0.0,0.0,0.0,0.0,0,D4::D4-Q072,0.0
D4,D4-Q073,negative_query,normal,advanced,384,175,268800,4.160682439804077,14.297962188720703,0.0,0.0,0.0,1.0,1.0,1.0,1.0,1.0,1.0,1.0,1.0,1.0,0.3333333333333333,0.5,0.5,1.0,1,D4::D4-Q073,1.0
D4,D4-Q074,temporal,normal,advanced,384,175,268800,4.160682439804077,14.255523681640625,1.0,1.0,1.0,1.0,1.0,1.0,1.0,1.0,1.0,1.0,1.0,1.0,1.0,1.0,1.0,1.0,1,D4::D4-Q074,1.0
D4,D4-Q075,negative_query,normal,advanced,384,175,268800,4.160682439804077,14.570474624633789,0.0,0.0,0.0,0.0,0.0,0.0,1.0,1.0,1.0,1.0,1.0,1.0,0.25,0.43067655807339306,0.43067655807339306,1.0,1,D4::D4-Q075,1.0
D4,D4-Q076,negation,normal,advanced,384,175,268800,4.160682439804077,15.126466751098633,0.0,0.0,0.0,0.0,0.0,0.0,1.0,1.0,1.0,1.0,1.0,1.0,0.2,0.38685280723454163,0.38685280723454163,1.0,1,D4::D4-Q076,1.0
D4,D4-Q077,conditional_exception,normal,advanced,384,175,268800,4.160682439804077,14.743328094482422,1.0,1.0,1.0,1.0,1.0,1.0,1.0,1.0,1.0,1.0,1.0,1.0,1.0,1.0,1.0,1.0,1,D4::D4-Q077,1.0
D4,D4-Q078,temporal,normal,advanced,384,175,268800,4.160682439804077,14.460325241088867,0.0,0.0,0.0,0.0,0.0,0.0,0.0,0.0,0.0,0.0,0.0,0.0,0.0,0.0,0.0,0.0,0,D4::D4-Q078,0.0
D4,D4-Q079,conditional_exception,normal,advanced,384,175,268800,4.160682439804077,14.702081680297852,0.0,0.0,0.0,1.0,1.0,1.0,1.0,1.0,1.0,1.0,1.0,1.0,0.5,0.6309297535714575,0.6309297535714575,1.0,1,D4::D4-Q079,1.0
D4,D4-Q080,conditional_exception,normal,advanced,384,175,268800,4.160682439804077,14.816522598266602,0.0,0.0,0.0,0.0,0.0,0.0,0.0,0.0,0.0,1.0,1.0,1.0,0.16666666666666666,0.0,0.3562071871080222,1.0,1,D4::D4-Q080,1.0
D4,D4-Q081,procedural,normal,advanced,384,175,268800,4.160682439804077,14.655113220214844,1.0,1.0,1.0,1.0,1.0,1.0,1.0,1.0,1.0,1.0,1.0,1.0,1.0,1.0,1.0,1.0,1,D4::D4-Q081,1.0
D4,D4-Q082,procedural,normal,advanced,384,175,268800,4.160682439804077,15.003442764282227,1.0,1.0,1.0,1.0,1.0,1.0,1.0,1.0,1.0,1.0,1.0,1.0,1.0,1.0,1.0,1.0,1,D4::D4-Q082,1.0
D4,D4-Q083,numerical,normal,advanced,384,175,268800,4.160682439804077,19.249677658081055,0.0,0.0,0.0,1.0,1.0,1.0,1.0,1.0,1.0,1.0,1.0,1.0,0.5,0.6309297535714575,0.6309297535714575,1.0,1,D4::D4-Q083,1.0
D4,D4-Q084,numerical,normal,advanced,384,175,268800,4.160682439804077,18.864870071411133,0.0,0.0,0.0,1.0,1.0,1.0,1.0,1.0,1.0,1.0,1.0,1.0,0.5,0.6309297535714575,0.6309297535714575,1.0,1,D4::D4-Q084,1.0
D4,D4-Q085,numerical,normal,advanced,384,175,268800,4.160682439804077,15.000581741333008,0.0,0.0,0.0,0.0,0.0,0.0,0.0,0.0,0.0,1.0,1.0,1.0,0.125,0.0,0.31546487678572877,1.0,1,D4::D4-Q085,1.0
D4,D4-Q086,procedural,normal,advanced,384,175,268800,4.160682439804077,14.934301376342773,1.0,1.0,1.0,1.0,1.0,1.0,1.0,1.0,1.0,1.0,1.0,1.0,1.0,1.0,1.0,1.0,1,D4::D4-Q086,1.0
D4,D4-Q087,procedural,normal,advanced,384,175,268800,4.160682439804077,14.949560165405273,1.0,1.0,1.0,1.0,1.0,1.0,1.0,1.0,1.0,1.0,1.0,1.0,1.0,1.0,1.0,1.0,1,D4::D4-Q087,1.0
D4,D4-Q088,exact_fact,normal,advanced,384,175,268800,4.160682439804077,15.53201675415039,1.0,1.0,1.0,1.0,1.0,1.0,1.0,1.0,1.0,1.0,1.0,1.0,1.0,1.0,1.0,1.0,1,D4::D4-Q088,1.0
D4,D4-Q089,exact_fact,normal,advanced,384,175,268800,4.160682439804077,15.622854232788086,0.0,0.0,0.0,1.0,1.0,1.0,1.0,1.0,1.0,1.0,1.0,1.0,0.5,0.6309297535714575,0.6309297535714575,1.0,1,D4::D4-Q089,1.0
D4,D4-Q090,list_membership,normal,advanced,384,175,268800,4.160682439804077,15.934467315673828,1.0,1.0,1.0,1.0,1.0,1.0,1.0,1.0,1.0,1.0,1.0,1.0,1.0,1.0,1.0,1.0,1,D4::D4-Q090,1.0
D4,D4-Q091,conditional_exception,normal,advanced,384,175,268800,4.160682439804077,15.048980712890625,1.0,1.0,1.0,1.0,1.0,1.0,1.0,1.0,1.0,1.0,1.0,1.0,1.0,1.0,1.0,1.0,1,D4::D4-Q091,1.0
D4,D4-Q092,exact_fact,normal,advanced,384,175,268800,4.160682439804077,15.53034782409668,1.0,1.0,1.0,1.0,1.0,1.0,1.0,1.0,1.0,1.0,1.0,1.0,1.0,1.0,1.0,1.0,1,D4::D4-Q092,1.0
D4,D4-Q093,negative_query,normal,advanced,384,175,268800,4.160682439804077,14.567375183105469,1.0,1.0,1.0,1.0,1.0,1.0,1.0,1.0,1.0,1.0,1.0,1.0,1.0,1.0,1.0,1.0,1,D4::D4-Q093,1.0
D4,D4-Q094,exact_fact,normal,advanced,384,175,268800,4.160682439804077,14.031410217285156,1.0,1.0,1.0,1.0,1.0,1.0,1.0,1.0,1.0,1.0,1.0,1.0,1.0,1.0,1.0,1.0,1,D4::D4-Q094,1.0
D4,D4-Q095,temporal,normal,advanced,384,175,268800,4.160682439804077,15.403509140014648,1.0,1.0,1.0,1.0,1.0,1.0,1.0,1.0,1.0,1.0,1.0,1.0,1.0,1.0,1.0,1.0,1,D4::D4-Q095,1.0
D4,D4-Q096,numerical,normal,advanced,384,175,268800,4.160682439804077,15.497446060180664,1.0,1.0,1.0,1.0,1.0,1.0,1.0,1.0,1.0,1.0,1.0,1.0,1.0,1.0,1.0,1.0,1,D4::D4-Q096,1.0
D4,D4-Q097,temporal,normal,advanced,384,175,268800,4.160682439804077,14.379739761352539,1.0,1.0,1.0,1.0,1.0,1.0,1.0,1.0,1.0,1.0,1.0,1.0,1.0,1.0,1.0,1.0,1,D4::D4-Q097,1.0
D4,D4-Q098,negation,normal,advanced,384,175,268800,4.160682439804077,14.708995819091797,1.0,1.0,1.0,1.0,1.0,1.0,1.0,1.0,1.0,1.0,1.0,1.0,1.0,1.0,1.0,1.0,1,D4::D4-Q098,1.0
D4,D4-Q099,numerical,normal,advanced,384,175,268800,4.160682439804077,15.403270721435547,1.0,1.0,1.0,1.0,1.0,1.0,1.0,1.0,1.0,1.0,1.0,1.0,1.0,1.0,1.0,1.0,1,D4::D4-Q099,1.0
D4,D4-Q100,procedural,normal,advanced,384,175,268800,4.160682439804077,14.223337173461914,0.0,0.0,0.0,1.0,1.0,1.0,1.0,1.0,1.0,1.0,1.0,1.0,0.5,0.6309297535714575,0.6309297535714575,1.0,1,D4::D4-Q100,1.0
D4,D4-Q101,exact_fact,normal,advanced,384,175,268800,4.160682439804077,15.336990356445312,1.0,1.0,1.0,1.0,1.0,1.0,1.0,1.0,1.0,1.0,1.0,1.0,1.0,1.0,1.0,1.0,1,D4::D4-Q101,1.0
D4,D4-Q102,comparison,normal,advanced,384,175,268800,4.160682439804077,14.663457870483398,0.0,0.0,0.0,1.0,1.0,1.0,1.0,1.0,1.0,1.0,1.0,1.0,0.5,0.6309297535714575,0.6309297535714575,1.0,1,D4::D4-Q102,1.0
D4,D4-Q103,comparison,normal,advanced,384,175,268800,4.160682439804077,15.586614608764648,1.0,1.0,1.0,1.0,1.0,1.0,1.0,1.0,1.0,1.0,1.0,1.0,1.0,1.0,1.0,1.0,1,D4::D4-Q103,1.0
D4,D4-Q104,negation,normal,advanced,384,175,268800,4.160682439804077,14.06717300415039,1.0,1.0,1.0,1.0,1.0,1.0,1.0,1.0,1.0,1.0,1.0,1.0,1.0,1.0,1.0,1.0,1,D4::D4-Q104,1.0
D4,D4-Q105,procedural,normal,advanced,384,175,268800,4.160682439804077,14.413118362426758,0.0,0.0,0.0,1.0,1.0,1.0,1.0,1.0,1.0,1.0,1.0,1.0,0.5,0.6309297535714575,0.6309297535714575,1.0,1,D4::D4-Q105,1.0
D4,D4-Q106,procedural,normal,advanced,384,175,268800,4.160682439804077,15.111207962036133,0.0,0.0,0.0,1.0,1.0,1.0,1.0,1.0,1.0,1.0,1.0,1.0,0.5,0.6309297535714575,0.6309297535714575,1.0,1,D4::D4-Q106,1.0
D4,D4-Q107,conditional_exception,normal,advanced,384,175,268800,4.160682439804077,15.837907791137695,0.0,0.0,0.0,1.0,1.0,1.0,1.0,1.0,1.0,1.0,1.0,1.0,0.5,0.6309297535714575,0.6309297535714575,1.0,1,D4::D4-Q107,1.0
D4,D4-Q108,conditional_exception,normal,advanced,384,175,268800,4.160682439804077,14.966964721679688,0.0,0.0,0.0,1.0,1.0,1.0,1.0,1.0,1.0,1.0,1.0,1.0,0.3333333333333333,0.5,0.5,1.0,1,D4::D4-Q108,1.0
D4,D4-Q109,procedural,normal,advanced,384,175,268800,4.160682439804077,15.781641006469727,1.0,1.0,1.0,1.0,1.0,1.0,1.0,1.0,1.0,1.0,1.0,1.0,1.0,1.0,1.0,1.0,1,D4::D4-Q109,1.0
D4,D4-Q110,exact_fact,normal,advanced,384,175,268800,4.160682439804077,14.577150344848633,1.0,1.0,1.0,1.0,1.0,1.0,1.0,1.0,1.0,1.0,1.0,1.0,1.0,1.0,1.0,1.0,1,D4::D4-Q110,1.0
D4,D4-Q111,exact_fact,normal,advanced,384,175,268800,4.160682439804077,15.276193618774414,1.0,1.0,1.0,1.0,1.0,1.0,1.0,1.0,1.0,1.0,1.0,1.0,1.0,1.0,1.0,1.0,1,D4::D4-Q111,1.0
D4,D4-Q112,list_membership,normal,advanced,384,175,268800,4.160682439804077,14.976263046264648,1.0,1.0,1.0,1.0,1.0,1.0,1.0,1.0,1.0,1.0,1.0,1.0,1.0,1.0,1.0,1.0,1,D4::D4-Q112,1.0
D4,D4-Q113,conditional_exception,normal,advanced,384,175,268800,4.160682439804077,14.599800109863281,1.0,1.0,1.0,1.0,1.0,1.0,1.0,1.0,1.0,1.0,1.0,1.0,1.0,1.0,1.0,1.0,1,D4::D4-Q113,1.0
D4,D4-Q114,exact_fact,normal,advanced,384,175,268800,4.160682439804077,16.196012496948242,0.0,0.0,0.0,0.0,0.0,0.0,0.0,0.0,0.0,1.0,1.0,1.0,0.14285714285714285,0.0,0.3333333333333333,1.0,1,D4::D4-Q114,1.0
D4,D4-Q115,temporal,normal,advanced,384,175,268800,4.160682439804077,15.42806625366211,1.0,1.0,1.0,1.0,1.0,1.0,1.0,1.0,1.0,1.0,1.0,1.0,1.0,1.0,1.0,1.0,1,D4::D4-Q115,1.0
D4,D4-Q116,comparison,normal,advanced,384,175,268800,4.160682439804077,15.285968780517578,0.0,0.0,0.0,1.0,1.0,1.0,1.0,1.0,1.0,1.0,1.0,1.0,0.5,0.6309297535714575,0.6309297535714575,1.0,1,D4::D4-Q116,1.0
D4,D4-Q117,comparison,normal,advanced,384,175,268800,4.160682439804077,16.31784439086914,1.0,1.0,1.0,1.0,1.0,1.0,1.0,1.0,1.0,1.0,1.0,1.0,1.0,1.0,1.0,1.0,1,D4::D4-Q117,1.0
D4,D4-Q118,procedural,normal,advanced,384,175,268800,4.160682439804077,25.82406997680664,0.5,1.0,0.0,1.0,1.0,1.0,1.0,1.0,1.0,1.0,1.0,1.0,1.0,1.0,1.0,1.0,2,D4::D4-Q118,1.0
D4,D4-Q119,procedural,normal,advanced,384,175,268800,4.160682439804077,15.307426452636719,0.0,0.0,0.0,1.0,1.0,1.0,1.0,1.0,1.0,1.0,1.0,1.0,0.5,0.6309297535714575,0.6309297535714575,1.0,1,D4::D4-Q119,1.0
D4,D4-Q120,procedural,normal,advanced,384,175,268800,4.160682439804077,14.733314514160156,1.0,1.0,1.0,1.0,1.0,1.0,1.0,1.0,1.0,1.0,1.0,1.0,1.0,1.0,1.0,1.0,1,D4::D4-Q120,1.0
D4,D4-Q121,negation,normal,advanced,384,175,268800,4.160682439804077,14.362096786499023,0.0,0.0,0.0,1.0,1.0,1.0,1.0,1.0,1.0,1.0,1.0,1.0,0.5,0.6309297535714575,0.6309297535714575,1.0,1,D4::D4-Q121,1.0
D4,D4-Q122,numerical,normal,advanced,384,175,268800,4.160682439804077,14.547586441040039,0.0,0.0,0.0,1.0,1.0,1.0,1.0,1.0,1.0,1.0,1.0,1.0,0.3333333333333333,0.5,0.5,1.0,1,D4::D4-Q122,1.0
D4,D4-Q123,conditional_exception,normal,advanced,384,175,268800,4.160682439804077,15.392303466796875,0.0,0.0,0.0,1.0,1.0,1.0,1.0,1.0,1.0,1.0,1.0,1.0,0.3333333333333333,0.5,0.5,1.0,1,D4::D4-Q123,1.0
D4,D4-Q124,numerical,normal,advanced,384,175,268800,4.160682439804077,15.71345329284668,1.0,1.0,1.0,1.0,1.0,1.0,1.0,1.0,1.0,1.0,1.0,1.0,1.0,1.0,1.0,1.0,1,D4::D4-Q124,1.0
D4,D4-Q125,procedural,normal,advanced,384,175,268800,4.160682439804077,13.494491577148438,1.0,1.0,1.0,1.0,1.0,1.0,1.0,1.0,1.0,1.0,1.0,1.0,1.0,1.0,1.0,1.0,1,D4::D4-Q125,1.0
D4,D4-Q126,numerical,normal,advanced,384,175,268800,4.160682439804077,15.651702880859375,0.0,0.0,0.0,0.0,0.0,0.0,1.0,1.0,1.0,1.0,1.0,1.0,0.2,0.38685280723454163,0.38685280723454163,1.0,1,D4::D4-Q126,1.0
D4,D4-Q127,exact_fact,normal,advanced,384,175,268800,4.160682439804077,14.142036437988281,1.0,1.0,1.0,1.0,1.0,1.0,1.0,1.0,1.0,1.0,1.0,1.0,1.0,1.0,1.0,1.0,1,D4::D4-Q127,1.0
D4,D4-Q128,list_membership,normal,advanced,384,175,268800,4.160682439804077,14.957666397094727,1.0,1.0,1.0,1.0,1.0,1.0,1.0,1.0,1.0,1.0,1.0,1.0,1.0,1.5615201999684067,1.5615201999684067,1.0,4,D4::D4-Q128,1.0
D4,D4-Q129,numerical,normal,advanced,384,175,268800,4.160682439804077,14.49894905090332,1.0,1.0,1.0,1.0,1.0,1.0,1.0,1.0,1.0,1.0,1.0,1.0,1.0,1.0,1.0,1.0,1,D4::D4-Q129,1.0
D4,D4-Q130,numerical,normal,advanced,384,175,268800,4.160682439804077,14.077186584472656,1.0,1.0,1.0,1.0,1.0,1.0,1.0,1.0,1.0,1.0,1.0,1.0,1.0,1.0,1.0,1.0,1,D4::D4-Q130,1.0
D4,D4-Q131,procedural,normal,advanced,384,175,268800,4.160682439804077,15.00558853149414,0.0,0.0,0.0,1.0,1.0,1.0,1.0,1.0,1.0,1.0,1.0,1.0,0.5,0.6309297535714575,0.6309297535714575,1.0,1,D4::D4-Q131,1.0
D4,D4-Q132,procedural,normal,advanced,384,175,268800,4.160682439804077,13.952255249023438,1.0,1.0,1.0,1.0,1.0,1.0,1.0,1.0,1.0,1.0,1.0,1.0,1.0,1.0,1.0,1.0,1,D4::D4-Q132,1.0
D4,D4-Q133,conditional_exception,normal,advanced,384,175,268800,4.160682439804077,14.172077178955078,0.0,0.0,0.0,0.6666666666666666,1.0,0.0,1.0,1.0,1.0,1.0,1.0,1.0,0.5,0.7942711684322781,0.7942711684322781,1.0,3,D4::D4-Q133,1.0
D4,D4-Q134,exact_fact,normal,advanced,384,175,268800,4.160682439804077,14.818429946899414,1.0,1.0,1.0,1.0,1.0,1.0,1.0,1.0,1.0,1.0,1.0,1.0,1.0,1.0,1.0,1.0,1,D4::D4-Q134,1.0
D4,D4-Q135,exact_fact,normal,advanced,384,175,268800,4.160682439804077,13.979911804199219,1.0,1.0,1.0,1.0,1.0,1.0,1.0,1.0,1.0,1.0,1.0,1.0,1.0,1.0,1.0,1.0,1,D4::D4-Q135,1.0
D4,D4-Q136,negation,normal,advanced,384,175,268800,4.160682439804077,15.329360961914062,0.0,0.0,0.0,1.0,1.0,1.0,1.0,1.0,1.0,1.0,1.0,1.0,0.5,0.6309297535714575,0.6309297535714575,1.0,1,D4::D4-Q136,1.0
D4,D4-Q137,negative_query,normal,advanced,384,175,268800,4.160682439804077,14.448165893554688,1.0,1.0,1.0,1.0,1.0,1.0,1.0,1.0,1.0,1.0,1.0,1.0,1.0,1.0,1.0,1.0,1,D4::D4-Q137,1.0
D4,D4-Q138,negative_query,normal,advanced,384,175,268800,4.160682439804077,14.477014541625977,1.0,1.0,1.0,1.0,1.0,1.0,1.0,1.0,1.0,1.0,1.0,1.0,1.0,1.0,1.0,1.0,1,D4::D4-Q138,1.0
D4,D4-Q139,numerical,normal,advanced,384,175,268800,4.160682439804077,15.551090240478516,1.0,1.0,1.0,1.0,1.0,1.0,1.0,1.0,1.0,1.0,1.0,1.0,1.0,1.0,1.0,1.0,1,D4::D4-Q139,1.0
D4,D4-Q140,procedural,normal,advanced,384,175,268800,4.160682439804077,15.268564224243164,1.0,1.0,1.0,1.0,1.0,1.0,1.0,1.0,1.0,1.0,1.0,1.0,1.0,1.0,1.0,1.0,1,D4::D4-Q140,1.0
D4,D4-Q141,procedural,normal,advanced,384,175,268800,4.160682439804077,14.417171478271484,0.0,0.0,0.0,0.0,0.0,0.0,0.0,0.0,0.0,0.0,0.0,0.0,0.0,0.0,0.0,0.0,0,D4::D4-Q141,0.0
D4,D4-Q142,exact_fact,normal,advanced,384,175,268800,4.160682439804077,16.777515411376953,1.0,1.0,1.0,1.0,1.0,1.0,1.0,1.0,1.0,1.0,1.0,1.0,1.0,1.0,1.0,1.0,1,D4::D4-Q142,1.0
D4,D4-Q143,exact_fact,normal,advanced,384,175,268800,4.160682439804077,17.195701599121094,0.0,0.0,0.0,1.0,1.0,1.0,1.0,1.0,1.0,1.0,1.0,1.0,0.5,0.6309297535714575,0.6309297535714575,1.0,1,D4::D4-Q143,1.0
D4,D4-Q144,exact_fact,normal,advanced,384,175,268800,4.160682439804077,17.260313034057617,1.0,1.0,1.0,1.0,1.0,1.0,1.0,1.0,1.0,1.0,1.0,1.0,1.0,1.0,1.0,1.0,1,D4::D4-Q144,1.0
D4,D4-Q145,procedural,normal,advanced,384,175,268800,4.160682439804077,14.148712158203125,1.0,1.0,1.0,1.0,1.0,1.0,1.0,1.0,1.0,1.0,1.0,1.0,1.0,1.0,1.0,1.0,1,D4::D4-Q145,1.0
D4,D4-Q146,numerical,normal,advanced,384,175,268800,4.160682439804077,14.781951904296875,0.0,0.0,0.0,1.0,1.0,1.0,1.0,1.0,1.0,1.0,1.0,1.0,0.5,0.6309297535714575,0.6309297535714575,1.0,1,D4::D4-Q146,1.0
D4,D4-Q147,exact_fact,normal,advanced,384,175,268800,4.160682439804077,14.032840728759766,0.0,0.0,0.0,1.0,1.0,1.0,1.0,1.0,1.0,1.0,1.0,1.0,0.3333333333333333,0.5,0.5,1.0,1,D4::D4-Q147,1.0
D4,D4-Q148,exact_fact,normal,advanced,384,175,268800,4.160682439804077,13.842582702636719,1.0,1.0,1.0,1.0,1.0,1.0,1.0,1.0,1.0,1.0,1.0,1.0,1.0,1.0,1.0,1.0,1,D4::D4-Q148,1.0
D4,D4-Q149,exact_fact,normal,advanced,384,175,268800,4.160682439804077,14.740705490112305,1.0,1.0,1.0,1.0,1.0,1.0,1.0,1.0,1.0,1.0,1.0,1.0,1.0,1.0,1.0,1.0,1,D4::D4-Q149,1.0
D4,D4-Q150,procedural,normal,advanced,384,175,268800,4.160682439804077,16.865253448486328,0.0,0.0,0.0,1.0,1.0,1.0,1.0,1.0,1.0,1.0,1.0,1.0,0.3333333333333333,0.5,0.5,1.0,1,D4::D4-Q150,1.0
D4,D4-Q151,exact_fact,normal,advanced,384,175,268800,4.160682439804077,15.069961547851562,1.0,1.0,1.0,1.0,1.0,1.0,1.0,1.0,1.0,1.0,1.0,1.0,1.0,1.0,1.0,1.0,1,D4::D4-Q151,1.0
D4,D4-Q152,procedural,normal,advanced,384,175,268800,4.160682439804077,14.992237091064453,0.0,0.0,0.0,1.0,1.0,1.0,1.0,1.0,1.0,1.0,1.0,1.0,0.3333333333333333,0.5,0.5,1.0,1,D4::D4-Q152,1.0
D4,D4-Q153,procedural,normal,advanced,384,175,268800,4.160682439804077,14.603137969970703,1.0,1.0,1.0,1.0,1.0,1.0,1.0,1.0,1.0,1.0,1.0,1.0,1.0,1.0,1.0,1.0,1,D4::D4-Q153,1.0
D4,D4-Q154,temporal,normal,advanced,384,175,268800,4.160682439804077,14.376163482666016,0.0,0.0,0.0,1.0,1.0,1.0,1.0,1.0,1.0,1.0,1.0,1.0,0.5,0.6309297535714575,0.6309297535714575,1.0,1,D4::D4-Q154,1.0
D4,D4-Q155,exact_fact,normal,advanced,384,175,268800,4.160682439804077,13.75579833984375,0.0,0.0,0.0,0.0,0.0,0.0,0.0,0.0,0.0,1.0,1.0,1.0,0.125,0.0,0.31546487678572877,1.0,1,D4::D4-Q155,1.0
D4,D4-Q156,exact_fact,normal,advanced,384,175,268800,4.160682439804077,13.565778732299805,1.0,1.0,1.0,1.0,1.0,1.0,1.0,1.0,1.0,1.0,1.0,1.0,1.0,1.5615201999684067,1.5615201999684067,1.0,4,D4::D4-Q156,1.0
D4,D4-Q157,list_membership,normal,advanced,384,175,268800,4.160682439804077,14.133214950561523,0.0,0.0,0.0,1.0,1.0,1.0,1.0,1.0,1.0,1.0,1.0,1.0,0.3333333333333333,0.5,0.5,1.0,1,D4::D4-Q157,1.0
D4,D4-Q158,list_membership,normal,advanced,384,175,268800,4.160682439804077,13.95726203918457,0.0,0.0,0.0,0.0,0.0,0.0,1.0,1.0,1.0,1.0,1.0,1.0,0.2,0.38685280723454163,0.38685280723454163,1.0,1,D4::D4-Q158,1.0
D4,D4-Q159,list_membership,normal,advanced,384,175,268800,4.160682439804077,13.999462127685547,0.0,0.0,0.0,1.0,1.0,1.0,1.0,1.0,1.0,1.0,1.0,1.0,0.3333333333333333,0.5,0.5,1.0,1,D4::D4-Q159,1.0
D4,D4-Q160,list_membership,normal,advanced,384,175,268800,4.160682439804077,13.629913330078125,0.0,0.0,0.0,1.0,1.0,1.0,1.0,1.0,1.0,1.0,1.0,1.0,0.3333333333333333,0.5,0.5,1.0,1,D4::D4-Q160,1.0
D4,D4-Q161,paraphrase,normal,advanced,384,175,268800,4.160682439804077,14.154434204101562,1.0,1.0,1.0,1.0,1.0,1.0,1.0,1.0,1.0,1.0,1.0,1.0,1.0,1.0,1.0,1.0,1,D4::D4-Q161,1.0
D4,D4-Q162,numerical,normal,advanced,384,175,268800,4.160682439804077,14.415979385375977,1.0,1.0,1.0,1.0,1.0,1.0,1.0,1.0,1.0,1.0,1.0,1.0,1.0,1.0,1.0,1.0,1,D4::D4-Q162,1.0
D4,D4-Q163,numerical,normal,advanced,384,175,268800,4.160682439804077,13.7939453125,1.0,1.0,1.0,1.0,1.0,1.0,1.0,1.0,1.0,1.0,1.0,1.0,1.0,1.0,1.0,1.0,1,D4::D4-Q163,1.0
D4,D4-Q164,numerical,normal,advanced,384,175,268800,4.160682439804077,13.173341751098633,1.0,1.0,1.0,1.0,1.0,1.0,1.0,1.0,1.0,1.0,1.0,1.0,1.0,1.0,1.0,1.0,1,D4::D4-Q164,1.0
D4,D4-Q165,numerical,normal,advanced,384,175,268800,4.160682439804077,13.757705688476562,0.0,0.0,0.0,1.0,1.0,1.0,1.0,1.0,1.0,1.0,1.0,1.0,0.3333333333333333,0.5,0.5,1.0,1,D4::D4-Q165,1.0
D4,D4-Q166,numerical,normal,advanced,384,175,268800,4.160682439804077,13.834238052368164,0.0,0.0,0.0,1.0,1.0,1.0,1.0,1.0,1.0,1.0,1.0,1.0,0.5,0.6309297535714575,0.6309297535714575,1.0,1,D4::D4-Q166,1.0
D4,D4-Q167,negative_query,normal,advanced,384,175,268800,4.160682439804077,13.756513595581055,0.0,0.0,0.0,0.0,0.0,0.0,0.0,0.0,0.0,1.0,1.0,1.0,0.125,0.0,0.31546487678572877,1.0,1,D4::D4-Q167,1.0
D4,D4-Q168,negation,normal,advanced,384,175,268800,4.160682439804077,13.915300369262695,0.0,0.0,0.0,1.0,1.0,1.0,1.0,1.0,1.0,1.0,1.0,1.0,0.5,0.6309297535714575,0.6309297535714575,1.0,1,D4::D4-Q168,1.0
D4,D4-Q169,negation,normal,advanced,384,175,268800,4.160682439804077,14.015913009643555,0.0,0.0,0.0,1.0,1.0,1.0,1.0,1.0,1.0,1.0,1.0,1.0,0.5,0.6309297535714575,0.6309297535714575,1.0,1,D4::D4-Q169,1.0
D4,D4-Q170,numerical,normal,advanced,384,175,268800,4.160682439804077,14.71400260925293,1.0,1.0,1.0,1.0,1.0,1.0,1.0,1.0,1.0,1.0,1.0,1.0,1.0,1.0,1.0,1.0,1,D4::D4-Q170,1.0
D4,D4-Q171,numerical,normal,advanced,384,175,268800,4.160682439804077,13.904094696044922,1.0,1.0,1.0,1.0,1.0,1.0,1.0,1.0,1.0,1.0,1.0,1.0,1.0,1.0,1.0,1.0,1,D4::D4-Q171,1.0
D4,D4-Q172,exact_fact,normal,advanced,384,175,268800,4.160682439804077,13.417243957519531,0.0,0.0,0.0,0.0,0.0,0.0,0.0,0.0,0.0,0.0,0.0,0.0,0.0,0.0,0.0,0.0,0,D4::D4-Q172,0.0
D4,D4-Q173,numerical,normal,advanced,384,175,268800,4.160682439804077,13.959407806396484,0.0,0.0,0.0,0.0,0.0,0.0,0.0,0.0,0.0,1.0,1.0,1.0,0.16666666666666666,0.0,0.3562071871080222,1.0,1,D4::D4-Q173,1.0
D4,D4-Q174,numerical,normal,advanced,384,175,268800,4.160682439804077,13.960838317871094,0.0,0.0,0.0,1.0,1.0,1.0,1.0,1.0,1.0,1.0,1.0,1.0,0.5,0.6309297535714575,0.6309297535714575,1.0,1,D4::D4-Q174,1.0
D4,D4-Q175,numerical,normal,advanced,384,175,268800,4.160682439804077,14.67275619506836,1.0,1.0,1.0,1.0,1.0,1.0,1.0,1.0,1.0,1.0,1.0,1.0,1.0,1.0,1.0,1.0,1,D4::D4-Q175,1.0
D4,D4-Q176,table_lookup,normal,advanced,384,175,268800,4.160682439804077,13.881921768188477,0.0,0.0,0.0,1.0,1.0,1.0,1.0,1.0,1.0,1.0,1.0,1.0,0.3333333333333333,0.5,0.5,1.0,1,D4::D4-Q176,1.0
D4,D4-Q177,numerical,normal,advanced,384,175,268800,4.160682439804077,13.545751571655273,0.0,0.0,0.0,0.0,0.0,0.0,0.0,0.0,0.0,1.0,1.0,1.0,0.1,0.0,0.2890648263178879,1.0,1,D4::D4-Q177,1.0
D4,D4-Q178,numerical,normal,advanced,384,175,268800,4.160682439804077,13.501405715942383,0.0,0.0,0.0,0.0,0.0,0.0,1.0,1.0,1.0,1.0,1.0,1.0,0.25,0.43067655807339306,0.43067655807339306,1.0,1,D4::D4-Q178,1.0
D4,D4-Q179,exact_fact,normal,advanced,384,175,268800,4.160682439804077,14.314413070678711,1.0,1.0,1.0,1.0,1.0,1.0,1.0,1.0,1.0,1.0,1.0,1.0,1.0,1.0,1.0,1.0,1,D4::D4-Q179,1.0
D4,D4-Q180,exact_fact,normal,advanced,384,175,268800,4.160682439804077,14.35399055480957,1.0,1.0,1.0,1.0,1.0,1.0,1.0,1.0,1.0,1.0,1.0,1.0,1.0,1.0,1.0,1.0,1,D4::D4-Q180,1.0
D4,D4-Q181,procedural,normal,advanced,384,175,268800,4.160682439804077,19.186735153198242,1.0,1.0,1.0,1.0,1.0,1.0,1.0,1.0,1.0,1.0,1.0,1.0,1.0,1.0,1.0,1.0,1,D4::D4-Q181,1.0
D4,D4-Q182,procedural,normal,advanced,384,175,268800,4.160682439804077,25.605440139770508,1.0,1.0,1.0,1.0,1.0,1.0,1.0,1.0,1.0,1.0,1.0,1.0,1.0,1.0,1.0,1.0,1,D4::D4-Q182,1.0
D4,D4-Q183,conditional_exception,normal,advanced,384,175,268800,4.160682439804077,15.106916427612305,1.0,1.0,1.0,1.0,1.0,1.0,1.0,1.0,1.0,1.0,1.0,1.0,1.0,1.0,1.0,1.0,1,D4::D4-Q183,1.0
D4,D4-Q184,conditional_exception,normal,advanced,384,175,268800,4.160682439804077,16.2353515625,1.0,1.0,1.0,1.0,1.0,1.0,1.0,1.0,1.0,1.0,1.0,1.0,1.0,1.0,1.0,1.0,1,D4::D4-Q184,1.0
D4,D4-Q185,procedural,normal,advanced,384,175,268800,4.160682439804077,14.59956169128418,1.0,1.0,1.0,1.0,1.0,1.0,1.0,1.0,1.0,1.0,1.0,1.0,1.0,1.0,1.0,1.0,1,D4::D4-Q185,1.0
D4,D4-Q186,procedural,normal,advanced,384,175,268800,4.160682439804077,16.080856323242188,0.0,0.0,0.0,1.0,1.0,1.0,1.0,1.0,1.0,1.0,1.0,1.0,0.5,0.6309297535714575,0.6309297535714575,1.0,1,D4::D4-Q186,1.0
D4,D4-Q187,procedural,normal,advanced,384,175,268800,4.160682439804077,14.29128646850586,1.0,1.0,1.0,1.0,1.0,1.0,1.0,1.0,1.0,1.0,1.0,1.0,1.0,1.0,1.0,1.0,1,D4::D4-Q187,1.0
D4,D4-Q188,procedural,normal,advanced,384,175,268800,4.160682439804077,15.920400619506836,1.0,1.0,1.0,1.0,1.0,1.0,1.0,1.0,1.0,1.0,1.0,1.0,1.0,1.0,1.0,1.0,1,D4::D4-Q188,1.0
D4,D4-Q189,procedural,normal,advanced,384,175,268800,4.160682439804077,15.595674514770508,1.0,1.0,1.0,1.0,1.0,1.0,1.0,1.0,1.0,1.0,1.0,1.0,1.0,1.0,1.0,1.0,1,D4::D4-Q189,1.0
D4,D4-Q190,procedural,normal,advanced,384,175,268800,4.160682439804077,14.095544815063477,1.0,1.0,1.0,1.0,1.0,1.0,1.0,1.0,1.0,1.0,1.0,1.0,1.0,1.0,1.0,1.0,1,D4::D4-Q190,1.0
D4,D4-Q191,procedural,normal,advanced,384,175,268800,4.160682439804077,15.06948471069336,0.0,0.0,0.0,0.0,0.0,0.0,0.0,0.0,0.0,0.0,0.0,0.0,0.0,0.0,0.0,0.0,0,D4::D4-Q191,0.0
D4,D4-Q192,procedural,normal,advanced,384,175,268800,4.160682439804077,15.142202377319336,1.0,1.0,1.0,1.0,1.0,1.0,1.0,1.0,1.0,1.0,1.0,1.0,1.0,1.0,1.0,1.0,1,D4::D4-Q192,1.0
D4,D4-Q193,procedural,normal,advanced,384,175,268800,4.160682439804077,15.264749526977539,1.0,1.0,1.0,1.0,1.0,1.0,1.0,1.0,1.0,1.0,1.0,1.0,1.0,1.0,1.0,1.0,1,D4::D4-Q193,1.0
D4,D4-Q194,procedural,normal,advanced,384,175,268800,4.160682439804077,14.263391494750977,0.0,0.0,0.0,0.0,0.0,0.0,0.0,0.0,0.0,0.0,0.0,0.0,0.0,0.0,0.0,0.0,0,D4::D4-Q194,0.0
D4,D4-Q195,procedural,normal,advanced,384,175,268800,4.160682439804077,15.758991241455078,1.0,1.0,1.0,1.0,1.0,1.0,1.0,1.0,1.0,1.0,1.0,1.0,1.0,1.0,1.0,1.0,1,D4::D4-Q195,1.0
D4,D4-Q196,procedural,normal,advanced,384,175,268800,4.160682439804077,16.658782958984375,1.0,1.0,1.0,1.0,1.0,1.0,1.0,1.0,1.0,1.0,1.0,1.0,1.0,1.0,1.0,1.0,1,D4::D4-Q196,1.0
D4,D4-Q197,exact_fact,normal,advanced,384,175,268800,4.160682439804077,14.90330696105957,1.0,1.0,1.0,1.0,1.0,1.0,1.0,1.0,1.0,1.0,1.0,1.0,1.0,1.0,1.0,1.0,1,D4::D4-Q197,1.0
D4,D4-Q198,conditional_exception,normal,advanced,384,175,268800,4.160682439804077,14.939069747924805,1.0,1.0,1.0,1.0,1.0,1.0,1.0,1.0,1.0,1.0,1.0,1.0,1.0,1.0,1.0,1.0,1,D4::D4-Q198,1.0
D4,D4-Q199,table_lookup,normal,advanced,384,175,268800,4.160682439804077,16.005277633666992,1.0,1.0,1.0,1.0,1.0,1.0,1.0,1.0,1.0,1.0,1.0,1.0,1.0,1.0,1.0,1.0,1,D4::D4-Q199,1.0
D4,D4-Q200,table_lookup,normal,advanced,384,175,268800,4.160682439804077,16.516685485839844,1.0,1.0,1.0,1.0,1.0,1.0,1.0,1.0,1.0,1.0,1.0,1.0,1.0,1.0,1.0,1.0,1,D4::D4-Q200,1.0
D4,D4-Q001,exact_fact,normal,advanced,512,175,358400,4.160682439804077,14.27602767944336,1.0,1.0,1.0,1.0,1.0,1.0,1.0,1.0,1.0,1.0,1.0,1.0,1.0,1.0,1.0,1.0,1,D4::D4-Q001,1.0
D4,D4-Q002,exact_fact,normal,advanced,512,175,358400,4.160682439804077,14.980077743530273,0.0,0.0,0.0,1.0,1.0,1.0,1.0,1.0,1.0,1.0,1.0,1.0,0.3333333333333333,0.5,0.5,1.0,1,D4::D4-Q002,1.0
D4,D4-Q003,temporal,normal,advanced,512,175,358400,4.160682439804077,17.56119728088379,0.0,0.0,0.0,0.0,0.0,0.0,1.0,1.0,1.0,1.0,1.0,1.0,0.2,0.38685280723454163,0.38685280723454163,1.0,1,D4::D4-Q003,1.0
D4,D4-Q004,list_membership,normal,advanced,512,175,358400,4.160682439804077,18.67079734802246,0.0,0.0,0.0,0.0,0.0,0.0,1.0,1.0,1.0,1.0,1.0,1.0,0.2,0.38685280723454163,0.38685280723454163,1.0,1,D4::D4-Q004,1.0
D4,D4-Q005,exact_fact,normal,advanced,512,175,358400,4.160682439804077,16.179800033569336,1.0,1.0,1.0,1.0,1.0,1.0,1.0,1.0,1.0,1.0,1.0,1.0,1.0,1.0,1.0,1.0,1,D4::D4-Q005,1.0
D4,D4-Q006,exact_fact,normal,advanced,512,175,358400,4.160682439804077,20.752429962158203,0.0,0.0,0.0,0.0,0.0,0.0,0.0,0.0,0.0,0.0,0.0,0.0,0.0,0.0,0.0,0.0,0,D4::D4-Q006,0.0
D4,D4-Q007,exact_fact,normal,advanced,512,175,358400,4.160682439804077,16.226768493652344,1.0,1.0,1.0,1.0,1.0,1.0,1.0,1.0,1.0,1.0,1.0,1.0,1.0,1.0,1.0,1.0,1,D4::D4-Q007,1.0
D4,D4-Q008,exact_fact,normal,advanced,512,175,358400,4.160682439804077,17.240047454833984,1.0,1.0,1.0,1.0,1.0,1.0,1.0,1.0,1.0,1.0,1.0,1.0,1.0,1.0,1.0,1.0,1,D4::D4-Q008,1.0
D4,D4-Q009,exact_fact,normal,advanced,512,175,358400,4.160682439804077,26.50928497314453,1.0,1.0,1.0,1.0,1.0,1.0,1.0,1.0,1.0,1.0,1.0,1.0,1.0,1.0,1.0,1.0,1,D4::D4-Q009,1.0
D4,D4-Q010,exact_fact,normal,advanced,512,175,358400,4.160682439804077,25.790929794311523,1.0,1.0,1.0,1.0,1.0,1.0,1.0,1.0,1.0,1.0,1.0,1.0,1.0,1.0,1.0,1.0,1,D4::D4-Q010,1.0
D4,D4-Q011,exact_fact,normal,advanced,512,175,358400,4.160682439804077,26.340484619140625,1.0,1.0,1.0,1.0,1.0,1.0,1.0,1.0,1.0,1.0,1.0,1.0,1.0,1.0,1.0,1.0,1,D4::D4-Q011,1.0
D4,D4-Q012,exact_fact,normal,advanced,512,175,358400,4.160682439804077,25.70199966430664,0.0,0.0,0.0,0.0,0.0,0.0,0.0,0.0,0.0,1.0,1.0,1.0,0.1,0.0,0.2890648263178879,1.0,1,D4::D4-Q012,1.0
D4,D4-Q013,exact_fact,normal,advanced,512,175,358400,4.160682439804077,26.74555778503418,1.0,1.0,1.0,1.0,1.0,1.0,1.0,1.0,1.0,1.0,1.0,1.0,1.0,1.0,1.0,1.0,1,D4::D4-Q013,1.0
D4,D4-Q014,exact_fact,normal,advanced,512,175,358400,4.160682439804077,22.418498992919922,1.0,1.0,1.0,1.0,1.0,1.0,1.0,1.0,1.0,1.0,1.0,1.0,1.0,1.0,1.0,1.0,1,D4::D4-Q014,1.0
D4,D4-Q015,exact_fact,normal,advanced,512,175,358400,4.160682439804077,25.55251121520996,1.0,1.0,1.0,1.0,1.0,1.0,1.0,1.0,1.0,1.0,1.0,1.0,1.0,1.0,1.0,1.0,1,D4::D4-Q015,1.0
D4,D4-Q016,exact_fact,normal,advanced,512,175,358400,4.160682439804077,21.34108543395996,0.0,0.0,0.0,0.0,0.0,0.0,0.0,0.0,0.0,1.0,1.0,1.0,0.1,0.0,0.2890648263178879,1.0,1,D4::D4-Q016,1.0
D4,D4-Q017,exact_fact,normal,advanced,512,175,358400,4.160682439804077,18.208742141723633,0.0,0.0,0.0,0.0,0.0,0.0,1.0,1.0,1.0,1.0,1.0,1.0,0.25,0.43067655807339306,0.43067655807339306,1.0,1,D4::D4-Q017,1.0
D4,D4-Q018,exact_fact,normal,advanced,512,175,358400,4.160682439804077,22.957801818847656,1.0,1.0,1.0,1.0,1.0,1.0,1.0,1.0,1.0,1.0,1.0,1.0,1.0,1.0,1.0,1.0,1,D4::D4-Q018,1.0
D4,D4-Q019,exact_fact,normal,advanced,512,175,358400,4.160682439804077,25.391578674316406,1.0,1.0,1.0,1.0,1.0,1.0,1.0,1.0,1.0,1.0,1.0,1.0,1.0,1.0,1.0,1.0,1,D4::D4-Q019,1.0
D4,D4-Q020,exact_fact,normal,advanced,512,175,358400,4.160682439804077,23.0867862701416,1.0,1.0,1.0,1.0,1.0,1.0,1.0,1.0,1.0,1.0,1.0,1.0,1.0,1.0,1.0,1.0,1,D4::D4-Q020,1.0
D4,D4-Q021,exact_fact,normal,advanced,512,175,358400,4.160682439804077,21.45671844482422,0.0,0.0,0.0,1.0,1.0,1.0,1.0,1.0,1.0,1.0,1.0,1.0,0.5,0.6309297535714575,0.6309297535714575,1.0,1,D4::D4-Q021,1.0
D4,D4-Q022,procedural,normal,advanced,512,175,358400,4.160682439804077,22.66383171081543,1.0,1.0,1.0,1.0,1.0,1.0,1.0,1.0,1.0,1.0,1.0,1.0,1.0,1.0,1.0,1.0,1,D4::D4-Q022,1.0
D4,D4-Q023,numerical,normal,advanced,512,175,358400,4.160682439804077,20.08533477783203,0.0,0.0,0.0,0.0,0.0,0.0,0.0,0.0,0.0,0.0,0.0,0.0,0.0,0.0,0.0,0.0,0,D4::D4-Q023,0.0
D4,D4-Q024,exact_fact,normal,advanced,512,175,358400,4.160682439804077,19.39868927001953,0.0,0.0,0.0,1.0,1.0,1.0,1.0,1.0,1.0,1.0,1.0,1.0,0.5,0.6309297535714575,0.6309297535714575,1.0,1,D4::D4-Q024,1.0
D4,D4-Q025,exact_fact,normal,advanced,512,175,358400,4.160682439804077,19.37103271484375,1.0,1.0,1.0,1.0,1.0,1.0,1.0,1.0,1.0,1.0,1.0,1.0,1.0,1.0,1.0,1.0,1,D4::D4-Q025,1.0
D4,D4-Q026,exact_fact,normal,advanced,512,175,358400,4.160682439804077,20.472288131713867,0.0,0.0,0.0,0.0,0.0,0.0,1.0,1.0,1.0,1.0,1.0,1.0,0.2,0.38685280723454163,0.38685280723454163,1.0,1,D4::D4-Q026,1.0
D4,D4-Q027,exact_fact,normal,advanced,512,175,358400,4.160682439804077,23.01311492919922,0.0,0.0,0.0,0.0,0.0,0.0,1.0,1.0,1.0,1.0,1.0,1.0,0.2,0.38685280723454163,0.38685280723454163,1.0,1,D4::D4-Q027,1.0
D4,D4-Q028,exact_fact,normal,advanced,512,175,358400,4.160682439804077,20.908117294311523,1.0,1.0,1.0,1.0,1.0,1.0,1.0,1.0,1.0,1.0,1.0,1.0,1.0,1.0,1.0,1.0,1,D4::D4-Q028,1.0
D4,D4-Q029,exact_fact,normal,advanced,512,175,358400,4.160682439804077,19.94490623474121,0.0,0.0,0.0,1.0,1.0,1.0,1.0,1.0,1.0,1.0,1.0,1.0,0.3333333333333333,0.5,0.5,1.0,1,D4::D4-Q029,1.0
D4,D4-Q030,exact_fact,normal,advanced,512,175,358400,4.160682439804077,20.703554153442383,0.0,0.0,0.0,0.0,0.0,0.0,0.0,0.0,0.0,0.0,0.0,0.0,0.0,0.0,0.0,0.0,0,D4::D4-Q030,0.0
D4,D4-Q031,exact_fact,normal,advanced,512,175,358400,4.160682439804077,29.990673065185547,1.0,1.0,1.0,1.0,1.0,1.0,1.0,1.0,1.0,1.0,1.0,1.0,1.0,1.0,1.0,1.0,1,D4::D4-Q031,1.0
D4,D4-Q032,exact_fact,normal,advanced,512,175,358400,4.160682439804077,24.869203567504883,0.0,0.0,0.0,0.0,0.0,0.0,0.0,0.0,0.0,0.0,0.0,0.0,0.0,0.0,0.0,0.0,0,D4::D4-Q032,0.0
D4,D4-Q033,exact_fact,normal,advanced,512,175,358400,4.160682439804077,23.88143539428711,1.0,1.0,1.0,1.0,1.0,1.0,1.0,1.0,1.0,1.0,1.0,1.0,1.0,1.0,1.0,1.0,1,D4::D4-Q033,1.0
D4,D4-Q034,exact_fact,normal,advanced,512,175,358400,4.160682439804077,21.727561950683594,0.0,0.0,0.0,1.0,1.0,1.0,1.0,1.0,1.0,1.0,1.0,1.0,0.3333333333333333,0.5,0.5,1.0,1,D4::D4-Q034,1.0
D4,D4-Q035,exact_fact,normal,advanced,512,175,358400,4.160682439804077,19.88053321838379,1.0,1.0,1.0,1.0,1.0,1.0,1.0,1.0,1.0,1.0,1.0,1.0,1.0,1.0,1.0,1.0,1,D4::D4-Q035,1.0
D4,D4-Q036,exact_fact,normal,advanced,512,175,358400,4.160682439804077,19.99354362487793,1.0,1.0,1.0,1.0,1.0,1.0,1.0,1.0,1.0,1.0,1.0,1.0,1.0,1.0,1.0,1.0,1,D4::D4-Q036,1.0
D4,D4-Q037,exact_fact,normal,advanced,512,175,358400,4.160682439804077,19.983530044555664,1.0,1.0,1.0,1.0,1.0,1.0,1.0,1.0,1.0,1.0,1.0,1.0,1.0,1.0,1.0,1.0,1,D4::D4-Q037,1.0
D4,D4-Q038,exact_fact,normal,advanced,512,175,358400,4.160682439804077,20.228147506713867,0.0,0.0,0.0,0.0,0.0,0.0,1.0,1.0,1.0,1.0,1.0,1.0,0.2,0.38685280723454163,0.38685280723454163,1.0,1,D4::D4-Q038,1.0
D4,D4-Q039,exact_fact,normal,advanced,512,175,358400,4.160682439804077,20.116806030273438,0.0,0.0,0.0,0.0,0.0,0.0,0.0,0.0,0.0,0.0,0.0,0.0,0.0,0.0,0.0,0.0,0,D4::D4-Q039,0.0
D4,D4-Q040,temporal,normal,advanced,512,175,358400,4.160682439804077,20.500898361206055,0.0,0.0,0.0,0.0,0.0,0.0,0.0,0.0,0.0,0.0,0.0,0.0,0.0,0.0,0.0,0.0,0,D4::D4-Q040,0.0
D4,D4-Q041,exact_fact,normal,advanced,512,175,358400,4.160682439804077,20.271778106689453,0.0,0.0,0.0,0.0,0.0,0.0,0.0,0.0,0.0,1.0,1.0,1.0,0.14285714285714285,0.0,0.3333333333333333,1.0,1,D4::D4-Q041,1.0
D4,D4-Q042,exact_fact,normal,advanced,512,175,358400,4.160682439804077,19.678831100463867,0.0,0.0,0.0,0.0,0.0,0.0,0.0,0.0,0.0,0.0,0.0,0.0,0.0,0.0,0.0,0.0,0,D4::D4-Q042,0.0
D4,D4-Q043,paraphrase,normal,advanced,512,175,358400,4.160682439804077,21.494388580322266,0.0,0.0,0.0,0.0,0.0,0.0,0.0,0.0,0.0,0.0,0.0,0.0,0.0,0.0,0.0,0.0,0,D4::D4-Q043,0.0
D4,D4-Q044,exact_fact,normal,advanced,512,175,358400,4.160682439804077,19.70052719116211,1.0,1.0,1.0,1.0,1.0,1.0,1.0,1.0,1.0,1.0,1.0,1.0,1.0,1.0,1.0,1.0,1,D4::D4-Q044,1.0
D4,D4-Q045,numerical,normal,advanced,512,175,358400,4.160682439804077,21.273374557495117,1.0,1.0,1.0,1.0,1.0,1.0,1.0,1.0,1.0,1.0,1.0,1.0,1.0,1.0,1.0,1.0,1,D4::D4-Q045,1.0
D4,D4-Q046,procedural,normal,advanced,512,175,358400,4.160682439804077,20.547151565551758,0.0,0.0,0.0,0.0,0.0,0.0,1.0,1.0,1.0,1.0,1.0,1.0,0.25,0.43067655807339306,0.43067655807339306,1.0,1,D4::D4-Q046,1.0
D4,D4-Q047,numerical,normal,advanced,512,175,358400,4.160682439804077,26.432275772094727,1.0,1.0,1.0,1.0,1.0,1.0,1.0,1.0,1.0,1.0,1.0,1.0,1.0,1.0,1.0,1.0,1,D4::D4-Q047,1.0
D4,D4-Q048,procedural,normal,advanced,512,175,358400,4.160682439804077,21.656274795532227,0.0,0.0,0.0,0.0,0.0,0.0,0.0,0.0,0.0,1.0,1.0,1.0,0.16666666666666666,0.0,0.3562071871080222,1.0,1,D4::D4-Q048,1.0
D4,D4-Q049,exact_fact,normal,advanced,512,175,358400,4.160682439804077,18.851280212402344,1.0,1.0,1.0,1.0,1.0,1.0,1.0,1.0,1.0,1.0,1.0,1.0,1.0,1.0,1.0,1.0,1,D4::D4-Q049,1.0
D4,D4-Q050,conditional_exception,normal,advanced,512,175,358400,4.160682439804077,19.7598934173584,0.0,0.0,0.0,1.0,1.0,1.0,1.0,1.0,1.0,1.0,1.0,1.0,0.3333333333333333,0.5,0.5,1.0,1,D4::D4-Q050,1.0
D4,D4-Q051,exact_fact,normal,advanced,512,175,358400,4.160682439804077,21.245956420898438,1.0,1.0,1.0,1.0,1.0,1.0,1.0,1.0,1.0,1.0,1.0,1.0,1.0,1.0,1.0,1.0,1,D4::D4-Q051,1.0
D4,D4-Q052,negation,normal,advanced,512,175,358400,4.160682439804077,21.393537521362305,0.0,0.0,0.0,1.0,1.0,1.0,1.0,1.0,1.0,1.0,1.0,1.0,0.3333333333333333,0.5,0.5,1.0,1,D4::D4-Q052,1.0
D4,D4-Q053,procedural,normal,advanced,512,175,358400,4.160682439804077,19.455671310424805,1.0,1.0,1.0,1.0,1.0,1.0,1.0,1.0,1.0,1.0,1.0,1.0,1.0,1.0,1.0,1.0,1,D4::D4-Q053,1.0
D4,D4-Q054,numerical,normal,advanced,512,175,358400,4.160682439804077,19.705772399902344,0.0,0.0,0.0,0.0,0.0,0.0,1.0,1.0,1.0,1.0,1.0,1.0,0.25,0.43067655807339306,0.43067655807339306,1.0,1,D4::D4-Q054,1.0
D4,D4-Q055,numerical,normal,advanced,512,175,358400,4.160682439804077,19.296884536743164,0.0,0.0,0.0,0.0,0.0,0.0,0.0,0.0,0.0,1.0,1.0,1.0,0.1111111111111111,0.0,0.3010299956639812,1.0,1,D4::D4-Q055,1.0
D4,D4-Q056,numerical,normal,advanced,512,175,358400,4.160682439804077,19.196271896362305,1.0,1.0,1.0,1.0,1.0,1.0,1.0,1.0,1.0,1.0,1.0,1.0,1.0,1.0,1.0,1.0,1,D4::D4-Q056,1.0
D4,D4-Q057,conditional_exception,normal,advanced,512,175,358400,4.160682439804077,18.882274627685547,0.0,0.0,0.0,0.0,0.0,0.0,0.0,0.0,0.0,1.0,1.0,1.0,0.16666666666666666,0.0,0.3562071871080222,1.0,1,D4::D4-Q057,1.0
D4,D4-Q058,procedural,normal,advanced,512,175,358400,4.160682439804077,18.707990646362305,0.0,0.0,0.0,1.0,1.0,1.0,1.0,1.0,1.0,1.0,1.0,1.0,0.3333333333333333,0.5,0.5,1.0,1,D4::D4-Q058,1.0
D4,D4-Q059,exact_fact,normal,advanced,512,175,358400,4.160682439804077,18.659114837646484,0.0,0.0,0.0,1.0,1.0,1.0,1.0,1.0,1.0,1.0,1.0,1.0,0.5,0.6309297535714575,0.6309297535714575,1.0,1,D4::D4-Q059,1.0
D4,D4-Q060,procedural,normal,advanced,512,175,358400,4.160682439804077,20.330429077148438,0.0,0.0,0.0,1.0,1.0,1.0,1.0,1.0,1.0,1.0,1.0,1.0,0.3333333333333333,0.5,0.5,1.0,1,D4::D4-Q060,1.0
D4,D4-Q061,negative_query,normal,advanced,512,175,358400,4.160682439804077,18.073081970214844,1.0,1.0,1.0,1.0,1.0,1.0,1.0,1.0,1.0,1.0,1.0,1.0,1.0,1.0,1.0,1.0,1,D4::D4-Q061,1.0
D4,D4-Q062,conditional_exception,normal,advanced,512,175,358400,4.160682439804077,18.396377563476562,0.0,0.0,0.0,0.0,0.0,0.0,1.0,1.0,1.0,1.0,1.0,1.0,0.25,0.43067655807339306,0.43067655807339306,1.0,1,D4::D4-Q062,1.0
D4,D4-Q063,procedural,normal,advanced,512,175,358400,4.160682439804077,18.715620040893555,0.0,0.0,0.0,0.0,0.0,0.0,0.0,0.0,0.0,1.0,1.0,1.0,0.125,0.0,0.31546487678572877,1.0,1,D4::D4-Q063,1.0
D4,D4-Q064,conditional_exception,normal,advanced,512,175,358400,4.160682439804077,20.067691802978516,0.0,0.0,0.0,1.0,1.0,1.0,1.0,1.0,1.0,1.0,1.0,1.0,0.3333333333333333,0.5,0.5,1.0,1,D4::D4-Q064,1.0
D4,D4-Q065,negative_query,normal,advanced,512,175,358400,4.160682439804077,18.05424690246582,0.0,0.0,0.0,1.0,1.0,1.0,1.0,1.0,1.0,1.0,1.0,1.0,0.5,0.6309297535714575,0.6309297535714575,1.0,1,D4::D4-Q065,1.0
D4,D4-Q066,negative_query,normal,advanced,512,175,358400,4.160682439804077,18.819332122802734,0.0,0.0,0.0,1.0,1.0,1.0,1.0,1.0,1.0,1.0,1.0,1.0,0.5,0.6309297535714575,0.6309297535714575,1.0,1,D4::D4-Q066,1.0
D4,D4-Q067,negative_query,normal,advanced,512,175,358400,4.160682439804077,18.657922744750977,0.0,0.0,0.0,1.0,1.0,1.0,1.0,1.0,1.0,1.0,1.0,1.0,0.5,0.6309297535714575,0.6309297535714575,1.0,1,D4::D4-Q067,1.0
D4,D4-Q068,conditional_exception,normal,advanced,512,175,358400,4.160682439804077,18.731355667114258,0.0,0.0,0.0,0.0,0.0,0.0,1.0,1.0,1.0,1.0,1.0,1.0,0.25,0.43067655807339306,0.43067655807339306,1.0,1,D4::D4-Q068,1.0
D4,D4-Q069,negative_query,normal,advanced,512,175,358400,4.160682439804077,19.629716873168945,0.0,0.0,0.0,1.0,1.0,1.0,1.0,1.0,1.0,1.0,1.0,1.0,0.5,0.6309297535714575,0.6309297535714575,1.0,1,D4::D4-Q069,1.0
D4,D4-Q070,negative_query,normal,advanced,512,175,358400,4.160682439804077,18.761396408081055,0.0,0.0,0.0,0.0,0.0,0.0,1.0,1.0,1.0,1.0,1.0,1.0,0.2,0.38685280723454163,0.38685280723454163,1.0,1,D4::D4-Q070,1.0
D4,D4-Q071,negative_query,normal,advanced,512,175,358400,4.160682439804077,19.060134887695312,0.0,0.0,0.0,0.0,0.0,0.0,0.0,0.0,0.0,1.0,1.0,1.0,0.14285714285714285,0.0,0.3333333333333333,1.0,1,D4::D4-Q071,1.0
D4,D4-Q072,negative_query,normal,advanced,512,175,358400,4.160682439804077,18.691539764404297,0.0,0.0,0.0,0.0,0.0,0.0,0.0,0.0,0.0,1.0,1.0,1.0,0.1111111111111111,0.0,0.3010299956639812,1.0,1,D4::D4-Q072,1.0
D4,D4-Q073,negative_query,normal,advanced,512,175,358400,4.160682439804077,18.3718204498291,0.0,0.0,0.0,1.0,1.0,1.0,1.0,1.0,1.0,1.0,1.0,1.0,0.3333333333333333,0.5,0.5,1.0,1,D4::D4-Q073,1.0
D4,D4-Q074,temporal,normal,advanced,512,175,358400,4.160682439804077,18.20683479309082,0.0,0.0,0.0,1.0,1.0,1.0,1.0,1.0,1.0,1.0,1.0,1.0,0.5,0.6309297535714575,0.6309297535714575,1.0,1,D4::D4-Q074,1.0
D4,D4-Q075,negative_query,normal,advanced,512,175,358400,4.160682439804077,19.808053970336914,0.0,0.0,0.0,0.0,0.0,0.0,1.0,1.0,1.0,1.0,1.0,1.0,0.25,0.43067655807339306,0.43067655807339306,1.0,1,D4::D4-Q075,1.0
D4,D4-Q076,negation,normal,advanced,512,175,358400,4.160682439804077,25.218725204467773,0.0,0.0,0.0,0.0,0.0,0.0,1.0,1.0,1.0,1.0,1.0,1.0,0.25,0.43067655807339306,0.43067655807339306,1.0,1,D4::D4-Q076,1.0
D4,D4-Q077,conditional_exception,normal,advanced,512,175,358400,4.160682439804077,22.010087966918945,1.0,1.0,1.0,1.0,1.0,1.0,1.0,1.0,1.0,1.0,1.0,1.0,1.0,1.0,1.0,1.0,1,D4::D4-Q077,1.0
D4,D4-Q078,temporal,normal,advanced,512,175,358400,4.160682439804077,25.30503273010254,0.0,0.0,0.0,0.0,0.0,0.0,0.0,0.0,0.0,1.0,1.0,1.0,0.1,0.0,0.2890648263178879,1.0,1,D4::D4-Q078,1.0
D4,D4-Q079,conditional_exception,normal,advanced,512,175,358400,4.160682439804077,30.82752227783203,0.0,0.0,0.0,0.0,0.0,0.0,0.0,0.0,0.0,1.0,1.0,1.0,0.16666666666666666,0.0,0.3562071871080222,1.0,1,D4::D4-Q079,1.0
D4,D4-Q080,conditional_exception,normal,advanced,512,175,358400,4.160682439804077,29.121875762939453,0.0,0.0,0.0,0.0,0.0,0.0,1.0,1.0,1.0,1.0,1.0,1.0,0.25,0.43067655807339306,0.43067655807339306,1.0,1,D4::D4-Q080,1.0
D4,D4-Q081,procedural,normal,advanced,512,175,358400,4.160682439804077,20.032644271850586,1.0,1.0,1.0,1.0,1.0,1.0,1.0,1.0,1.0,1.0,1.0,1.0,1.0,1.0,1.0,1.0,1,D4::D4-Q081,1.0
D4,D4-Q082,procedural,normal,advanced,512,175,358400,4.160682439804077,24.77884292602539,1.0,1.0,1.0,1.0,1.0,1.0,1.0,1.0,1.0,1.0,1.0,1.0,1.0,1.0,1.0,1.0,1,D4::D4-Q082,1.0
D4,D4-Q083,numerical,normal,advanced,512,175,358400,4.160682439804077,22.567272186279297,0.0,0.0,0.0,1.0,1.0,1.0,1.0,1.0,1.0,1.0,1.0,1.0,0.3333333333333333,0.5,0.5,1.0,1,D4::D4-Q083,1.0
D4,D4-Q084,numerical,normal,advanced,512,175,358400,4.160682439804077,19.91581916809082,0.0,0.0,0.0,1.0,1.0,1.0,1.0,1.0,1.0,1.0,1.0,1.0,0.5,0.6309297535714575,0.6309297535714575,1.0,1,D4::D4-Q084,1.0
D4,D4-Q085,numerical,normal,advanced,512,175,358400,4.160682439804077,20.459413528442383,0.0,0.0,0.0,0.0,0.0,0.0,0.0,0.0,0.0,1.0,1.0,1.0,0.125,0.0,0.31546487678572877,1.0,1,D4::D4-Q085,1.0
D4,D4-Q086,procedural,normal,advanced,512,175,358400,4.160682439804077,20.383119583129883,1.0,1.0,1.0,1.0,1.0,1.0,1.0,1.0,1.0,1.0,1.0,1.0,1.0,1.0,1.0,1.0,1,D4::D4-Q086,1.0
D4,D4-Q087,procedural,normal,advanced,512,175,358400,4.160682439804077,21.224021911621094,1.0,1.0,1.0,1.0,1.0,1.0,1.0,1.0,1.0,1.0,1.0,1.0,1.0,1.0,1.0,1.0,1,D4::D4-Q087,1.0
D4,D4-Q088,exact_fact,normal,advanced,512,175,358400,4.160682439804077,21.898508071899414,1.0,1.0,1.0,1.0,1.0,1.0,1.0,1.0,1.0,1.0,1.0,1.0,1.0,1.0,1.0,1.0,1,D4::D4-Q088,1.0
D4,D4-Q089,exact_fact,normal,advanced,512,175,358400,4.160682439804077,25.999784469604492,0.0,0.0,0.0,1.0,1.0,1.0,1.0,1.0,1.0,1.0,1.0,1.0,0.5,0.6309297535714575,0.6309297535714575,1.0,1,D4::D4-Q089,1.0
D4,D4-Q090,list_membership,normal,advanced,512,175,358400,4.160682439804077,20.30801773071289,1.0,1.0,1.0,1.0,1.0,1.0,1.0,1.0,1.0,1.0,1.0,1.0,1.0,1.0,1.0,1.0,1,D4::D4-Q090,1.0
D4,D4-Q091,conditional_exception,normal,advanced,512,175,358400,4.160682439804077,20.886659622192383,1.0,1.0,1.0,1.0,1.0,1.0,1.0,1.0,1.0,1.0,1.0,1.0,1.0,1.0,1.0,1.0,1,D4::D4-Q091,1.0
D4,D4-Q092,exact_fact,normal,advanced,512,175,358400,4.160682439804077,18.855571746826172,1.0,1.0,1.0,1.0,1.0,1.0,1.0,1.0,1.0,1.0,1.0,1.0,1.0,1.0,1.0,1.0,1,D4::D4-Q092,1.0
D4,D4-Q093,negative_query,normal,advanced,512,175,358400,4.160682439804077,18.703699111938477,0.0,0.0,0.0,1.0,1.0,1.0,1.0,1.0,1.0,1.0,1.0,1.0,0.5,0.6309297535714575,0.6309297535714575,1.0,1,D4::D4-Q093,1.0
D4,D4-Q094,exact_fact,normal,advanced,512,175,358400,4.160682439804077,18.25690269470215,1.0,1.0,1.0,1.0,1.0,1.0,1.0,1.0,1.0,1.0,1.0,1.0,1.0,1.0,1.0,1.0,1,D4::D4-Q094,1.0
D4,D4-Q095,temporal,normal,advanced,512,175,358400,4.160682439804077,18.938779830932617,1.0,1.0,1.0,1.0,1.0,1.0,1.0,1.0,1.0,1.0,1.0,1.0,1.0,1.0,1.0,1.0,1,D4::D4-Q095,1.0
D4,D4-Q096,numerical,normal,advanced,512,175,358400,4.160682439804077,20.556211471557617,1.0,1.0,1.0,1.0,1.0,1.0,1.0,1.0,1.0,1.0,1.0,1.0,1.0,1.0,1.0,1.0,1,D4::D4-Q096,1.0
D4,D4-Q097,temporal,normal,advanced,512,175,358400,4.160682439804077,24.27387237548828,1.0,1.0,1.0,1.0,1.0,1.0,1.0,1.0,1.0,1.0,1.0,1.0,1.0,1.0,1.0,1.0,1,D4::D4-Q097,1.0
D4,D4-Q098,negation,normal,advanced,512,175,358400,4.160682439804077,20.6601619720459,1.0,1.0,1.0,1.0,1.0,1.0,1.0,1.0,1.0,1.0,1.0,1.0,1.0,1.0,1.0,1.0,1,D4::D4-Q098,1.0
D4,D4-Q099,numerical,normal,advanced,512,175,358400,4.160682439804077,24.96194839477539,1.0,1.0,1.0,1.0,1.0,1.0,1.0,1.0,1.0,1.0,1.0,1.0,1.0,1.0,1.0,1.0,1,D4::D4-Q099,1.0
D4,D4-Q100,procedural,normal,advanced,512,175,358400,4.160682439804077,24.769067764282227,0.0,0.0,0.0,1.0,1.0,1.0,1.0,1.0,1.0,1.0,1.0,1.0,0.5,0.6309297535714575,0.6309297535714575,1.0,1,D4::D4-Q100,1.0
D4,D4-Q101,exact_fact,normal,advanced,512,175,358400,4.160682439804077,25.0241756439209,1.0,1.0,1.0,1.0,1.0,1.0,1.0,1.0,1.0,1.0,1.0,1.0,1.0,1.0,1.0,1.0,1,D4::D4-Q101,1.0
D4,D4-Q102,comparison,normal,advanced,512,175,358400,4.160682439804077,22.65310287475586,0.0,0.0,0.0,1.0,1.0,1.0,1.0,1.0,1.0,1.0,1.0,1.0,0.5,0.6309297535714575,0.6309297535714575,1.0,1,D4::D4-Q102,1.0
D4,D4-Q103,comparison,normal,advanced,512,175,358400,4.160682439804077,25.52199363708496,1.0,1.0,1.0,1.0,1.0,1.0,1.0,1.0,1.0,1.0,1.0,1.0,1.0,1.0,1.0,1.0,1,D4::D4-Q103,1.0
D4,D4-Q104,negation,normal,advanced,512,175,358400,4.160682439804077,25.417804718017578,1.0,1.0,1.0,1.0,1.0,1.0,1.0,1.0,1.0,1.0,1.0,1.0,1.0,1.0,1.0,1.0,1,D4::D4-Q104,1.0
D4,D4-Q105,procedural,normal,advanced,512,175,358400,4.160682439804077,25.10976791381836,0.0,0.0,0.0,1.0,1.0,1.0,1.0,1.0,1.0,1.0,1.0,1.0,0.5,0.6309297535714575,0.6309297535714575,1.0,1,D4::D4-Q105,1.0
D4,D4-Q106,procedural,normal,advanced,512,175,358400,4.160682439804077,25.379657745361328,1.0,1.0,1.0,1.0,1.0,1.0,1.0,1.0,1.0,1.0,1.0,1.0,1.0,1.0,1.0,1.0,1,D4::D4-Q106,1.0
D4,D4-Q107,conditional_exception,normal,advanced,512,175,358400,4.160682439804077,25.359392166137695,0.0,0.0,0.0,1.0,1.0,1.0,1.0,1.0,1.0,1.0,1.0,1.0,0.5,0.6309297535714575,0.6309297535714575,1.0,1,D4::D4-Q107,1.0
D4,D4-Q108,conditional_exception,normal,advanced,512,175,358400,4.160682439804077,22.79210090637207,0.0,0.0,0.0,1.0,1.0,1.0,1.0,1.0,1.0,1.0,1.0,1.0,0.5,0.6309297535714575,0.6309297535714575,1.0,1,D4::D4-Q108,1.0
D4,D4-Q109,procedural,normal,advanced,512,175,358400,4.160682439804077,23.041486740112305,1.0,1.0,1.0,1.0,1.0,1.0,1.0,1.0,1.0,1.0,1.0,1.0,1.0,1.0,1.0,1.0,1,D4::D4-Q109,1.0
D4,D4-Q110,exact_fact,normal,advanced,512,175,358400,4.160682439804077,22.87912368774414,1.0,1.0,1.0,1.0,1.0,1.0,1.0,1.0,1.0,1.0,1.0,1.0,1.0,1.0,1.0,1.0,1,D4::D4-Q110,1.0
D4,D4-Q111,exact_fact,normal,advanced,512,175,358400,4.160682439804077,24.483919143676758,1.0,1.0,1.0,1.0,1.0,1.0,1.0,1.0,1.0,1.0,1.0,1.0,1.0,1.0,1.0,1.0,1,D4::D4-Q111,1.0
D4,D4-Q112,list_membership,normal,advanced,512,175,358400,4.160682439804077,23.99420738220215,1.0,1.0,1.0,1.0,1.0,1.0,1.0,1.0,1.0,1.0,1.0,1.0,1.0,1.0,1.0,1.0,1,D4::D4-Q112,1.0
D4,D4-Q113,conditional_exception,normal,advanced,512,175,358400,4.160682439804077,23.24509620666504,1.0,1.0,1.0,1.0,1.0,1.0,1.0,1.0,1.0,1.0,1.0,1.0,1.0,1.0,1.0,1.0,1,D4::D4-Q113,1.0
D4,D4-Q114,exact_fact,normal,advanced,512,175,358400,4.160682439804077,24.75762367248535,0.0,0.0,0.0,0.0,0.0,0.0,1.0,1.0,1.0,1.0,1.0,1.0,0.2,0.38685280723454163,0.38685280723454163,1.0,1,D4::D4-Q114,1.0
D4,D4-Q115,temporal,normal,advanced,512,175,358400,4.160682439804077,26.4129638671875,1.0,1.0,1.0,1.0,1.0,1.0,1.0,1.0,1.0,1.0,1.0,1.0,1.0,1.0,1.0,1.0,1,D4::D4-Q115,1.0
D4,D4-Q116,comparison,normal,advanced,512,175,358400,4.160682439804077,22.243976593017578,0.0,0.0,0.0,1.0,1.0,1.0,1.0,1.0,1.0,1.0,1.0,1.0,0.5,0.6309297535714575,0.6309297535714575,1.0,1,D4::D4-Q116,1.0
D4,D4-Q117,comparison,normal,advanced,512,175,358400,4.160682439804077,16.37101173400879,1.0,1.0,1.0,1.0,1.0,1.0,1.0,1.0,1.0,1.0,1.0,1.0,1.0,1.0,1.0,1.0,1,D4::D4-Q117,1.0
D4,D4-Q118,procedural,normal,advanced,512,175,358400,4.160682439804077,14.292478561401367,0.5,1.0,0.0,1.0,1.0,1.0,1.0,1.0,1.0,1.0,1.0,1.0,1.0,1.0,1.0,1.0,2,D4::D4-Q118,1.0
D4,D4-Q119,procedural,normal,advanced,512,175,358400,4.160682439804077,14.307737350463867,0.0,0.0,0.0,1.0,1.0,1.0,1.0,1.0,1.0,1.0,1.0,1.0,0.5,0.6309297535714575,0.6309297535714575,1.0,1,D4::D4-Q119,1.0
D4,D4-Q120,procedural,normal,advanced,512,175,358400,4.160682439804077,14.259815216064453,1.0,1.0,1.0,1.0,1.0,1.0,1.0,1.0,1.0,1.0,1.0,1.0,1.0,1.0,1.0,1.0,1,D4::D4-Q120,1.0
D4,D4-Q121,negation,normal,advanced,512,175,358400,4.160682439804077,13.794422149658203,1.0,1.0,1.0,1.0,1.0,1.0,1.0,1.0,1.0,1.0,1.0,1.0,1.0,1.0,1.0,1.0,1,D4::D4-Q121,1.0
D4,D4-Q122,numerical,normal,advanced,512,175,358400,4.160682439804077,19.980192184448242,0.0,0.0,0.0,1.0,1.0,1.0,1.0,1.0,1.0,1.0,1.0,1.0,0.3333333333333333,0.5,0.5,1.0,1,D4::D4-Q122,1.0
D4,D4-Q123,conditional_exception,normal,advanced,512,175,358400,4.160682439804077,22.0334529876709,0.0,0.0,0.0,1.0,1.0,1.0,1.0,1.0,1.0,1.0,1.0,1.0,0.3333333333333333,0.5,0.5,1.0,1,D4::D4-Q123,1.0
D4,D4-Q124,numerical,normal,advanced,512,175,358400,4.160682439804077,14.560937881469727,1.0,1.0,1.0,1.0,1.0,1.0,1.0,1.0,1.0,1.0,1.0,1.0,1.0,1.0,1.0,1.0,1,D4::D4-Q124,1.0
D4,D4-Q125,procedural,normal,advanced,512,175,358400,4.160682439804077,14.18614387512207,1.0,1.0,1.0,1.0,1.0,1.0,1.0,1.0,1.0,1.0,1.0,1.0,1.0,1.0,1.0,1.0,1,D4::D4-Q125,1.0
D4,D4-Q126,numerical,normal,advanced,512,175,358400,4.160682439804077,13.977766036987305,0.0,0.0,0.0,0.0,0.0,0.0,0.0,0.0,0.0,1.0,1.0,1.0,0.16666666666666666,0.0,0.3562071871080222,1.0,1,D4::D4-Q126,1.0
D4,D4-Q127,exact_fact,normal,advanced,512,175,358400,4.160682439804077,14.618873596191406,1.0,1.0,1.0,1.0,1.0,1.0,1.0,1.0,1.0,1.0,1.0,1.0,1.0,1.0,1.0,1.0,1,D4::D4-Q127,1.0
D4,D4-Q128,list_membership,normal,advanced,512,175,358400,4.160682439804077,15.498876571655273,1.0,1.0,1.0,1.0,1.0,1.0,1.0,1.0,1.0,1.0,1.0,1.0,1.0,1.5615201999684067,1.5615201999684067,1.0,4,D4::D4-Q128,1.0
D4,D4-Q129,numerical,normal,advanced,512,175,358400,4.160682439804077,15.394210815429688,1.0,1.0,1.0,1.0,1.0,1.0,1.0,1.0,1.0,1.0,1.0,1.0,1.0,1.0,1.0,1.0,1,D4::D4-Q129,1.0
D4,D4-Q130,numerical,normal,advanced,512,175,358400,4.160682439804077,14.369487762451172,1.0,1.0,1.0,1.0,1.0,1.0,1.0,1.0,1.0,1.0,1.0,1.0,1.0,1.0,1.0,1.0,1,D4::D4-Q130,1.0
D4,D4-Q131,procedural,normal,advanced,512,175,358400,4.160682439804077,15.38848876953125,0.0,0.0,0.0,1.0,1.0,1.0,1.0,1.0,1.0,1.0,1.0,1.0,0.3333333333333333,0.5,0.5,1.0,1,D4::D4-Q131,1.0
D4,D4-Q132,procedural,normal,advanced,512,175,358400,4.160682439804077,19.979238510131836,1.0,1.0,1.0,1.0,1.0,1.0,1.0,1.0,1.0,1.0,1.0,1.0,1.0,1.0,1.0,1.0,1,D4::D4-Q132,1.0
D4,D4-Q133,conditional_exception,normal,advanced,512,175,358400,4.160682439804077,18.061161041259766,0.0,0.0,0.0,1.0,1.0,1.0,1.0,1.0,1.0,1.0,1.0,1.0,0.5,0.8268031849431087,0.8268031849431087,1.0,3,D4::D4-Q133,1.0
D4,D4-Q134,exact_fact,normal,advanced,512,175,358400,4.160682439804077,14.133214950561523,1.0,1.0,1.0,1.0,1.0,1.0,1.0,1.0,1.0,1.0,1.0,1.0,1.0,1.0,1.0,1.0,1,D4::D4-Q134,1.0
D4,D4-Q135,exact_fact,normal,advanced,512,175,358400,4.160682439804077,14.13416862487793,1.0,1.0,1.0,1.0,1.0,1.0,1.0,1.0,1.0,1.0,1.0,1.0,1.0,1.0,1.0,1.0,1,D4::D4-Q135,1.0
D4,D4-Q136,negation,normal,advanced,512,175,358400,4.160682439804077,16.577959060668945,1.0,1.0,1.0,1.0,1.0,1.0,1.0,1.0,1.0,1.0,1.0,1.0,1.0,1.0,1.0,1.0,1,D4::D4-Q136,1.0
D4,D4-Q137,negative_query,normal,advanced,512,175,358400,4.160682439804077,15.536069869995117,0.0,0.0,0.0,1.0,1.0,1.0,1.0,1.0,1.0,1.0,1.0,1.0,0.5,0.6309297535714575,0.6309297535714575,1.0,1,D4::D4-Q137,1.0
D4,D4-Q138,negative_query,normal,advanced,512,175,358400,4.160682439804077,13.976335525512695,1.0,1.0,1.0,1.0,1.0,1.0,1.0,1.0,1.0,1.0,1.0,1.0,1.0,1.0,1.0,1.0,1,D4::D4-Q138,1.0
D4,D4-Q139,numerical,normal,advanced,512,175,358400,4.160682439804077,14.227628707885742,1.0,1.0,1.0,1.0,1.0,1.0,1.0,1.0,1.0,1.0,1.0,1.0,1.0,1.0,1.0,1.0,1,D4::D4-Q139,1.0
D4,D4-Q140,procedural,normal,advanced,512,175,358400,4.160682439804077,13.998031616210938,1.0,1.0,1.0,1.0,1.0,1.0,1.0,1.0,1.0,1.0,1.0,1.0,1.0,1.0,1.0,1.0,1,D4::D4-Q140,1.0
D4,D4-Q141,procedural,normal,advanced,512,175,358400,4.160682439804077,14.535188674926758,0.0,0.0,0.0,0.0,0.0,0.0,0.0,0.0,0.0,0.0,0.0,0.0,0.0,0.0,0.0,0.0,0,D4::D4-Q141,0.0
D4,D4-Q142,exact_fact,normal,advanced,512,175,358400,4.160682439804077,14.956474304199219,1.0,1.0,1.0,1.0,1.0,1.0,1.0,1.0,1.0,1.0,1.0,1.0,1.0,1.0,1.0,1.0,1,D4::D4-Q142,1.0
D4,D4-Q143,exact_fact,normal,advanced,512,175,358400,4.160682439804077,15.11836051940918,0.0,0.0,0.0,1.0,1.0,1.0,1.0,1.0,1.0,1.0,1.0,1.0,0.5,0.6309297535714575,0.6309297535714575,1.0,1,D4::D4-Q143,1.0
D4,D4-Q144,exact_fact,normal,advanced,512,175,358400,4.160682439804077,14.984369277954102,1.0,1.0,1.0,1.0,1.0,1.0,1.0,1.0,1.0,1.0,1.0,1.0,1.0,1.0,1.0,1.0,1,D4::D4-Q144,1.0
D4,D4-Q145,procedural,normal,advanced,512,175,358400,4.160682439804077,14.319658279418945,1.0,1.0,1.0,1.0,1.0,1.0,1.0,1.0,1.0,1.0,1.0,1.0,1.0,1.0,1.0,1.0,1,D4::D4-Q145,1.0
D4,D4-Q146,numerical,normal,advanced,512,175,358400,4.160682439804077,13.996124267578125,1.0,1.0,1.0,1.0,1.0,1.0,1.0,1.0,1.0,1.0,1.0,1.0,1.0,1.0,1.0,1.0,1,D4::D4-Q146,1.0
D4,D4-Q147,exact_fact,normal,advanced,512,175,358400,4.160682439804077,14.267444610595703,0.0,0.0,0.0,1.0,1.0,1.0,1.0,1.0,1.0,1.0,1.0,1.0,0.3333333333333333,0.5,0.5,1.0,1,D4::D4-Q147,1.0
D4,D4-Q148,exact_fact,normal,advanced,512,175,358400,4.160682439804077,14.153242111206055,1.0,1.0,1.0,1.0,1.0,1.0,1.0,1.0,1.0,1.0,1.0,1.0,1.0,1.0,1.0,1.0,1,D4::D4-Q148,1.0
D4,D4-Q149,exact_fact,normal,advanced,512,175,358400,4.160682439804077,15.553712844848633,1.0,1.0,1.0,1.0,1.0,1.0,1.0,1.0,1.0,1.0,1.0,1.0,1.0,1.0,1.0,1.0,1,D4::D4-Q149,1.0
D4,D4-Q150,procedural,normal,advanced,512,175,358400,4.160682439804077,13.885498046875,0.0,0.0,0.0,1.0,1.0,1.0,1.0,1.0,1.0,1.0,1.0,1.0,0.3333333333333333,0.5,0.5,1.0,1,D4::D4-Q150,1.0
D4,D4-Q151,exact_fact,normal,advanced,512,175,358400,4.160682439804077,14.118671417236328,1.0,1.0,1.0,1.0,1.0,1.0,1.0,1.0,1.0,1.0,1.0,1.0,1.0,1.0,1.0,1.0,1,D4::D4-Q151,1.0
D4,D4-Q152,procedural,normal,advanced,512,175,358400,4.160682439804077,15.53797721862793,0.0,0.0,0.0,1.0,1.0,1.0,1.0,1.0,1.0,1.0,1.0,1.0,0.3333333333333333,0.5,0.5,1.0,1,D4::D4-Q152,1.0
D4,D4-Q153,procedural,normal,advanced,512,175,358400,4.160682439804077,14.198780059814453,1.0,1.0,1.0,1.0,1.0,1.0,1.0,1.0,1.0,1.0,1.0,1.0,1.0,1.0,1.0,1.0,1,D4::D4-Q153,1.0
D4,D4-Q154,temporal,normal,advanced,512,175,358400,4.160682439804077,14.221668243408203,0.0,0.0,0.0,0.0,0.0,0.0,1.0,1.0,1.0,1.0,1.0,1.0,0.2,0.38685280723454163,0.38685280723454163,1.0,1,D4::D4-Q154,1.0
D4,D4-Q155,exact_fact,normal,advanced,512,175,358400,4.160682439804077,14.278888702392578,0.0,0.0,0.0,0.0,0.0,0.0,0.0,0.0,0.0,1.0,1.0,1.0,0.14285714285714285,0.0,0.3333333333333333,1.0,1,D4::D4-Q155,1.0
D4,D4-Q156,exact_fact,normal,advanced,512,175,358400,4.160682439804077,13.909578323364258,1.0,1.0,1.0,1.0,1.0,1.0,1.0,1.0,1.0,1.0,1.0,1.0,1.0,1.5615201999684067,1.5615201999684067,1.0,4,D4::D4-Q156,1.0
D4,D4-Q157,list_membership,normal,advanced,512,175,358400,4.160682439804077,14.161825180053711,0.0,0.0,0.0,0.0,0.0,0.0,1.0,1.0,1.0,1.0,1.0,1.0,0.25,0.43067655807339306,0.43067655807339306,1.0,1,D4::D4-Q157,1.0
D4,D4-Q158,list_membership,normal,advanced,512,175,358400,4.160682439804077,14.566183090209961,0.0,0.0,0.0,0.0,0.0,0.0,1.0,1.0,1.0,1.0,1.0,1.0,0.2,0.38685280723454163,0.38685280723454163,1.0,1,D4::D4-Q158,1.0
D4,D4-Q159,list_membership,normal,advanced,512,175,358400,4.160682439804077,14.1448974609375,0.0,0.0,0.0,0.0,0.0,0.0,1.0,1.0,1.0,1.0,1.0,1.0,0.25,0.43067655807339306,0.43067655807339306,1.0,1,D4::D4-Q159,1.0
D4,D4-Q160,list_membership,normal,advanced,512,175,358400,4.160682439804077,14.44697380065918,0.0,0.0,0.0,1.0,1.0,1.0,1.0,1.0,1.0,1.0,1.0,1.0,0.3333333333333333,0.5,0.5,1.0,1,D4::D4-Q160,1.0
D4,D4-Q161,paraphrase,normal,advanced,512,175,358400,4.160682439804077,14.286994934082031,1.0,1.0,1.0,1.0,1.0,1.0,1.0,1.0,1.0,1.0,1.0,1.0,1.0,1.0,1.0,1.0,1,D4::D4-Q161,1.0
D4,D4-Q162,numerical,normal,advanced,512,175,358400,4.160682439804077,15.093088150024414,1.0,1.0,1.0,1.0,1.0,1.0,1.0,1.0,1.0,1.0,1.0,1.0,1.0,1.0,1.0,1.0,1,D4::D4-Q162,1.0
D4,D4-Q163,numerical,normal,advanced,512,175,358400,4.160682439804077,14.257192611694336,1.0,1.0,1.0,1.0,1.0,1.0,1.0,1.0,1.0,1.0,1.0,1.0,1.0,1.0,1.0,1.0,1,D4::D4-Q163,1.0
D4,D4-Q164,numerical,normal,advanced,512,175,358400,4.160682439804077,13.690710067749023,1.0,1.0,1.0,1.0,1.0,1.0,1.0,1.0,1.0,1.0,1.0,1.0,1.0,1.0,1.0,1.0,1,D4::D4-Q164,1.0
D4,D4-Q165,numerical,normal,advanced,512,175,358400,4.160682439804077,14.372110366821289,0.0,0.0,0.0,0.0,0.0,0.0,0.0,0.0,0.0,1.0,1.0,1.0,0.14285714285714285,0.0,0.3333333333333333,1.0,1,D4::D4-Q165,1.0
D4,D4-Q166,numerical,normal,advanced,512,175,358400,4.160682439804077,14.373302459716797,0.0,0.0,0.0,1.0,1.0,1.0,1.0,1.0,1.0,1.0,1.0,1.0,0.3333333333333333,0.5,0.5,1.0,1,D4::D4-Q166,1.0
D4,D4-Q167,negative_query,normal,advanced,512,175,358400,4.160682439804077,14.212846755981445,0.0,0.0,0.0,0.0,0.0,0.0,0.0,0.0,0.0,1.0,1.0,1.0,0.125,0.0,0.31546487678572877,1.0,1,D4::D4-Q167,1.0
D4,D4-Q168,negation,normal,advanced,512,175,358400,4.160682439804077,15.290498733520508,0.0,0.0,0.0,1.0,1.0,1.0,1.0,1.0,1.0,1.0,1.0,1.0,0.5,0.6309297535714575,0.6309297535714575,1.0,1,D4::D4-Q168,1.0
D4,D4-Q169,negation,normal,advanced,512,175,358400,4.160682439804077,14.116287231445312,0.0,0.0,0.0,1.0,1.0,1.0,1.0,1.0,1.0,1.0,1.0,1.0,0.5,0.6309297535714575,0.6309297535714575,1.0,1,D4::D4-Q169,1.0
D4,D4-Q170,numerical,normal,advanced,512,175,358400,4.160682439804077,14.47296142578125,1.0,1.0,1.0,1.0,1.0,1.0,1.0,1.0,1.0,1.0,1.0,1.0,1.0,1.0,1.0,1.0,1,D4::D4-Q170,1.0
D4,D4-Q171,numerical,normal,advanced,512,175,358400,4.160682439804077,14.233827590942383,1.0,1.0,1.0,1.0,1.0,1.0,1.0,1.0,1.0,1.0,1.0,1.0,1.0,1.0,1.0,1.0,1,D4::D4-Q171,1.0
D4,D4-Q172,exact_fact,normal,advanced,512,175,358400,4.160682439804077,13.826847076416016,0.0,0.0,0.0,0.0,0.0,0.0,0.0,0.0,0.0,0.0,0.0,0.0,0.0,0.0,0.0,0.0,0,D4::D4-Q172,0.0
D4,D4-Q173,numerical,normal,advanced,512,175,358400,4.160682439804077,14.532804489135742,0.0,0.0,0.0,0.0,0.0,0.0,0.0,0.0,0.0,1.0,1.0,1.0,0.16666666666666666,0.0,0.3562071871080222,1.0,1,D4::D4-Q173,1.0
D4,D4-Q174,numerical,normal,advanced,512,175,358400,4.160682439804077,14.526605606079102,0.0,0.0,0.0,1.0,1.0,1.0,1.0,1.0,1.0,1.0,1.0,1.0,0.5,0.6309297535714575,0.6309297535714575,1.0,1,D4::D4-Q174,1.0
D4,D4-Q175,numerical,normal,advanced,512,175,358400,4.160682439804077,14.980077743530273,1.0,1.0,1.0,1.0,1.0,1.0,1.0,1.0,1.0,1.0,1.0,1.0,1.0,1.0,1.0,1.0,1,D4::D4-Q175,1.0
D4,D4-Q176,table_lookup,normal,advanced,512,175,358400,4.160682439804077,14.631271362304688,0.0,0.0,0.0,0.0,0.0,0.0,1.0,1.0,1.0,1.0,1.0,1.0,0.25,0.43067655807339306,0.43067655807339306,1.0,1,D4::D4-Q176,1.0
D4,D4-Q177,numerical,normal,advanced,512,175,358400,4.160682439804077,13.679981231689453,0.0,0.0,0.0,0.0,0.0,0.0,0.0,0.0,0.0,1.0,1.0,1.0,0.16666666666666666,0.0,0.3562071871080222,1.0,1,D4::D4-Q177,1.0
D4,D4-Q178,numerical,normal,advanced,512,175,358400,4.160682439804077,13.952255249023438,0.0,0.0,0.0,0.0,0.0,0.0,1.0,1.0,1.0,1.0,1.0,1.0,0.25,0.43067655807339306,0.43067655807339306,1.0,1,D4::D4-Q178,1.0
D4,D4-Q179,exact_fact,normal,advanced,512,175,358400,4.160682439804077,14.175176620483398,1.0,1.0,1.0,1.0,1.0,1.0,1.0,1.0,1.0,1.0,1.0,1.0,1.0,1.0,1.0,1.0,1,D4::D4-Q179,1.0
D4,D4-Q180,exact_fact,normal,advanced,512,175,358400,4.160682439804077,14.175176620483398,1.0,1.0,1.0,1.0,1.0,1.0,1.0,1.0,1.0,1.0,1.0,1.0,1.0,1.0,1.0,1.0,1,D4::D4-Q180,1.0
D4,D4-Q181,procedural,normal,advanced,512,175,358400,4.160682439804077,13.911724090576172,1.0,1.0,1.0,1.0,1.0,1.0,1.0,1.0,1.0,1.0,1.0,1.0,1.0,1.0,1.0,1.0,1,D4::D4-Q181,1.0
D4,D4-Q182,procedural,normal,advanced,512,175,358400,4.160682439804077,13.76962661743164,1.0,1.0,1.0,1.0,1.0,1.0,1.0,1.0,1.0,1.0,1.0,1.0,1.0,1.0,1.0,1.0,1,D4::D4-Q182,1.0
D4,D4-Q183,conditional_exception,normal,advanced,512,175,358400,4.160682439804077,13.965845108032227,1.0,1.0,1.0,1.0,1.0,1.0,1.0,1.0,1.0,1.0,1.0,1.0,1.0,1.0,1.0,1.0,1,D4::D4-Q183,1.0
D4,D4-Q184,conditional_exception,normal,advanced,512,175,358400,4.160682439804077,14.966726303100586,1.0,1.0,1.0,1.0,1.0,1.0,1.0,1.0,1.0,1.0,1.0,1.0,1.0,1.0,1.0,1.0,1,D4::D4-Q184,1.0
D4,D4-Q185,procedural,normal,advanced,512,175,358400,4.160682439804077,16.5402889251709,1.0,1.0,1.0,1.0,1.0,1.0,1.0,1.0,1.0,1.0,1.0,1.0,1.0,1.0,1.0,1.0,1,D4::D4-Q185,1.0
D4,D4-Q186,procedural,normal,advanced,512,175,358400,4.160682439804077,26.47089958190918,0.0,0.0,0.0,1.0,1.0,1.0,1.0,1.0,1.0,1.0,1.0,1.0,0.5,0.6309297535714575,0.6309297535714575,1.0,1,D4::D4-Q186,1.0
D4,D4-Q187,procedural,normal,advanced,512,175,358400,4.160682439804077,14.560461044311523,0.0,0.0,0.0,1.0,1.0,1.0,1.0,1.0,1.0,1.0,1.0,1.0,0.5,0.6309297535714575,0.6309297535714575,1.0,1,D4::D4-Q187,1.0
D4,D4-Q188,procedural,normal,advanced,512,175,358400,4.160682439804077,15.201091766357422,1.0,1.0,1.0,1.0,1.0,1.0,1.0,1.0,1.0,1.0,1.0,1.0,1.0,1.0,1.0,1.0,1,D4::D4-Q188,1.0
D4,D4-Q189,procedural,normal,advanced,512,175,358400,4.160682439804077,14.004707336425781,1.0,1.0,1.0,1.0,1.0,1.0,1.0,1.0,1.0,1.0,1.0,1.0,1.0,1.0,1.0,1.0,1,D4::D4-Q189,1.0
D4,D4-Q190,procedural,normal,advanced,512,175,358400,4.160682439804077,15.604972839355469,1.0,1.0,1.0,1.0,1.0,1.0,1.0,1.0,1.0,1.0,1.0,1.0,1.0,1.0,1.0,1.0,1,D4::D4-Q190,1.0
D4,D4-Q191,procedural,normal,advanced,512,175,358400,4.160682439804077,14.324426651000977,0.0,0.0,0.0,0.0,0.0,0.0,0.0,0.0,0.0,0.0,0.0,0.0,0.0,0.0,0.0,0.0,0,D4::D4-Q191,0.0
D4,D4-Q192,procedural,normal,advanced,512,175,358400,4.160682439804077,14.399290084838867,1.0,1.0,1.0,1.0,1.0,1.0,1.0,1.0,1.0,1.0,1.0,1.0,1.0,1.0,1.0,1.0,1,D4::D4-Q192,1.0
D4,D4-Q193,procedural,normal,advanced,512,175,358400,4.160682439804077,14.8773193359375,1.0,1.0,1.0,1.0,1.0,1.0,1.0,1.0,1.0,1.0,1.0,1.0,1.0,1.0,1.0,1.0,1,D4::D4-Q193,1.0
D4,D4-Q194,procedural,normal,advanced,512,175,358400,4.160682439804077,22.68385887145996,0.0,0.0,0.0,0.0,0.0,0.0,0.0,0.0,0.0,0.0,0.0,0.0,0.0,0.0,0.0,0.0,0,D4::D4-Q194,0.0
D4,D4-Q195,procedural,normal,advanced,512,175,358400,4.160682439804077,15.009641647338867,1.0,1.0,1.0,1.0,1.0,1.0,1.0,1.0,1.0,1.0,1.0,1.0,1.0,1.0,1.0,1.0,1,D4::D4-Q195,1.0
D4,D4-Q196,procedural,normal,advanced,512,175,358400,4.160682439804077,14.63007926940918,1.0,1.0,1.0,1.0,1.0,1.0,1.0,1.0,1.0,1.0,1.0,1.0,1.0,1.0,1.0,1.0,1,D4::D4-Q196,1.0
D4,D4-Q197,exact_fact,normal,advanced,512,175,358400,4.160682439804077,21.971464157104492,1.0,1.0,1.0,1.0,1.0,1.0,1.0,1.0,1.0,1.0,1.0,1.0,1.0,1.0,1.0,1.0,1,D4::D4-Q197,1.0
D4,D4-Q198,conditional_exception,normal,advanced,512,175,358400,4.160682439804077,15.153169631958008,1.0,1.0,1.0,1.0,1.0,1.0,1.0,1.0,1.0,1.0,1.0,1.0,1.0,1.0,1.0,1.0,1,D4::D4-Q198,1.0
D4,D4-Q199,table_lookup,normal,advanced,512,175,358400,4.160682439804077,14.870166778564453,1.0,1.0,1.0,1.0,1.0,1.0,1.0,1.0,1.0,1.0,1.0,1.0,1.0,1.0,1.0,1.0,1,D4::D4-Q199,1.0
D4,D4-Q200,table_lookup,normal,advanced,512,175,358400,4.160682439804077,14.763116836547852,1.0,1.0,1.0,1.0,1.0,1.0,1.0,1.0,1.0,1.0,1.0,1.0,1.0,1.0,1.0,1.0,1,D4::D4-Q200,1.0
D4,D4-Q001,exact_fact,normal,advanced,768,175,537600,4.160682439804077,14.256477355957031,1.0,1.0,1.0,1.0,1.0,1.0,1.0,1.0,1.0,1.0,1.0,1.0,1.0,1.0,1.0,1.0,1,D4::D4-Q001,1.0
D4,D4-Q002,exact_fact,normal,advanced,768,175,537600,4.160682439804077,15.661478042602539,0.0,0.0,0.0,0.0,0.0,0.0,1.0,1.0,1.0,1.0,1.0,1.0,0.25,0.43067655807339306,0.43067655807339306,1.0,1,D4::D4-Q002,1.0
D4,D4-Q003,temporal,normal,advanced,768,175,537600,4.160682439804077,14.615535736083984,0.0,0.0,0.0,0.0,0.0,0.0,0.0,0.0,0.0,1.0,1.0,1.0,0.16666666666666666,0.0,0.3562071871080222,1.0,1,D4::D4-Q003,1.0
D4,D4-Q004,list_membership,normal,advanced,768,175,537600,4.160682439804077,18.007278442382812,0.0,0.0,0.0,0.0,0.0,0.0,1.0,1.0,1.0,1.0,1.0,1.0,0.2,0.38685280723454163,0.38685280723454163,1.0,1,D4::D4-Q004,1.0
D4,D4-Q005,exact_fact,normal,advanced,768,175,537600,4.160682439804077,15.10310173034668,1.0,1.0,1.0,1.0,1.0,1.0,1.0,1.0,1.0,1.0,1.0,1.0,1.0,1.0,1.0,1.0,1,D4::D4-Q005,1.0
D4,D4-Q006,exact_fact,normal,advanced,768,175,537600,4.160682439804077,16.025066375732422,0.0,0.0,0.0,0.0,0.0,0.0,0.0,0.0,0.0,0.0,0.0,0.0,0.0,0.0,0.0,0.0,0,D4::D4-Q006,0.0
D4,D4-Q007,exact_fact,normal,advanced,768,175,537600,4.160682439804077,14.615297317504883,1.0,1.0,1.0,1.0,1.0,1.0,1.0,1.0,1.0,1.0,1.0,1.0,1.0,1.0,1.0,1.0,1,D4::D4-Q007,1.0
D4,D4-Q008,exact_fact,normal,advanced,768,175,537600,4.160682439804077,14.791011810302734,1.0,1.0,1.0,1.0,1.0,1.0,1.0,1.0,1.0,1.0,1.0,1.0,1.0,1.0,1.0,1.0,1,D4::D4-Q008,1.0
D4,D4-Q009,exact_fact,normal,advanced,768,175,537600,4.160682439804077,14.783859252929688,1.0,1.0,1.0,1.0,1.0,1.0,1.0,1.0,1.0,1.0,1.0,1.0,1.0,1.0,1.0,1.0,1,D4::D4-Q009,1.0
D4,D4-Q010,exact_fact,normal,advanced,768,175,537600,4.160682439804077,13.935327529907227,1.0,1.0,1.0,1.0,1.0,1.0,1.0,1.0,1.0,1.0,1.0,1.0,1.0,1.0,1.0,1.0,1,D4::D4-Q010,1.0
D4,D4-Q011,exact_fact,normal,advanced,768,175,537600,4.160682439804077,14.484167098999023,1.0,1.0,1.0,1.0,1.0,1.0,1.0,1.0,1.0,1.0,1.0,1.0,1.0,1.0,1.0,1.0,1,D4::D4-Q011,1.0
D4,D4-Q012,exact_fact,normal,advanced,768,175,537600,4.160682439804077,14.606237411499023,0.0,0.0,0.0,0.0,0.0,0.0,0.0,0.0,0.0,1.0,1.0,1.0,0.125,0.0,0.31546487678572877,1.0,1,D4::D4-Q012,1.0
D4,D4-Q013,exact_fact,normal,advanced,768,175,537600,4.160682439804077,17.208099365234375,1.0,1.0,1.0,1.0,1.0,1.0,1.0,1.0,1.0,1.0,1.0,1.0,1.0,1.0,1.0,1.0,1,D4::D4-Q013,1.0
D4,D4-Q014,exact_fact,normal,advanced,768,175,537600,4.160682439804077,26.883363723754883,1.0,1.0,1.0,1.0,1.0,1.0,1.0,1.0,1.0,1.0,1.0,1.0,1.0,1.0,1.0,1.0,1,D4::D4-Q014,1.0
D4,D4-Q015,exact_fact,normal,advanced,768,175,537600,4.160682439804077,17.794370651245117,1.0,1.0,1.0,1.0,1.0,1.0,1.0,1.0,1.0,1.0,1.0,1.0,1.0,1.0,1.0,1.0,1,D4::D4-Q015,1.0
D4,D4-Q016,exact_fact,normal,advanced,768,175,537600,4.160682439804077,14.732599258422852,0.0,0.0,0.0,0.0,0.0,0.0,0.0,0.0,0.0,1.0,1.0,1.0,0.1111111111111111,0.0,0.3010299956639812,1.0,1,D4::D4-Q016,1.0
D4,D4-Q017,exact_fact,normal,advanced,768,175,537600,4.160682439804077,15.103340148925781,0.0,0.0,0.0,1.0,1.0,1.0,1.0,1.0,1.0,1.0,1.0,1.0,0.5,0.6309297535714575,0.6309297535714575,1.0,1,D4::D4-Q017,1.0
D4,D4-Q018,exact_fact,normal,advanced,768,175,537600,4.160682439804077,14.579534530639648,1.0,1.0,1.0,1.0,1.0,1.0,1.0,1.0,1.0,1.0,1.0,1.0,1.0,1.0,1.0,1.0,1,D4::D4-Q018,1.0
D4,D4-Q019,exact_fact,normal,advanced,768,175,537600,4.160682439804077,14.650106430053711,1.0,1.0,1.0,1.0,1.0,1.0,1.0,1.0,1.0,1.0,1.0,1.0,1.0,1.0,1.0,1.0,1,D4::D4-Q019,1.0
D4,D4-Q020,exact_fact,normal,advanced,768,175,537600,4.160682439804077,15.480995178222656,1.0,1.0,1.0,1.0,1.0,1.0,1.0,1.0,1.0,1.0,1.0,1.0,1.0,1.0,1.0,1.0,1,D4::D4-Q020,1.0
D4,D4-Q021,exact_fact,normal,advanced,768,175,537600,4.160682439804077,14.020442962646484,0.0,0.0,0.0,1.0,1.0,1.0,1.0,1.0,1.0,1.0,1.0,1.0,0.5,0.6309297535714575,0.6309297535714575,1.0,1,D4::D4-Q021,1.0
D4,D4-Q022,procedural,normal,advanced,768,175,537600,4.160682439804077,14.998435974121094,1.0,1.0,1.0,1.0,1.0,1.0,1.0,1.0,1.0,1.0,1.0,1.0,1.0,1.0,1.0,1.0,1,D4::D4-Q022,1.0
D4,D4-Q023,numerical,normal,advanced,768,175,537600,4.160682439804077,14.719724655151367,0.0,0.0,0.0,0.0,0.0,0.0,0.0,0.0,0.0,0.0,0.0,0.0,0.0,0.0,0.0,0.0,0,D4::D4-Q023,0.0
D4,D4-Q024,exact_fact,normal,advanced,768,175,537600,4.160682439804077,15.864133834838867,1.0,1.0,1.0,1.0,1.0,1.0,1.0,1.0,1.0,1.0,1.0,1.0,1.0,1.0,1.0,1.0,1,D4::D4-Q024,1.0
D4,D4-Q025,exact_fact,normal,advanced,768,175,537600,4.160682439804077,15.52128791809082,1.0,1.0,1.0,1.0,1.0,1.0,1.0,1.0,1.0,1.0,1.0,1.0,1.0,1.0,1.0,1.0,1,D4::D4-Q025,1.0
D4,D4-Q026,exact_fact,normal,advanced,768,175,537600,4.160682439804077,14.651060104370117,0.0,0.0,0.0,0.0,0.0,0.0,1.0,1.0,1.0,1.0,1.0,1.0,0.2,0.38685280723454163,0.38685280723454163,1.0,1,D4::D4-Q026,1.0
D4,D4-Q027,exact_fact,normal,advanced,768,175,537600,4.160682439804077,14.525175094604492,0.0,0.0,0.0,0.0,0.0,0.0,0.0,0.0,0.0,1.0,1.0,1.0,0.14285714285714285,0.0,0.3333333333333333,1.0,1,D4::D4-Q027,1.0
D4,D4-Q028,exact_fact,normal,advanced,768,175,537600,4.160682439804077,16.05844497680664,1.0,1.0,1.0,1.0,1.0,1.0,1.0,1.0,1.0,1.0,1.0,1.0,1.0,1.0,1.0,1.0,1,D4::D4-Q028,1.0
D4,D4-Q029,exact_fact,normal,advanced,768,175,537600,4.160682439804077,14.720439910888672,0.0,0.0,0.0,0.0,0.0,0.0,1.0,1.0,1.0,1.0,1.0,1.0,0.2,0.38685280723454163,0.38685280723454163,1.0,1,D4::D4-Q029,1.0
D4,D4-Q030,exact_fact,normal,advanced,768,175,537600,4.160682439804077,16.495704650878906,0.0,0.0,0.0,0.0,0.0,0.0,0.0,0.0,0.0,0.0,0.0,0.0,0.0,0.0,0.0,0.0,0,D4::D4-Q030,0.0
D4,D4-Q031,exact_fact,normal,advanced,768,175,537600,4.160682439804077,14.890670776367188,1.0,1.0,1.0,1.0,1.0,1.0,1.0,1.0,1.0,1.0,1.0,1.0,1.0,1.0,1.0,1.0,1,D4::D4-Q031,1.0
D4,D4-Q032,exact_fact,normal,advanced,768,175,537600,4.160682439804077,14.555215835571289,0.0,0.0,0.0,0.0,0.0,0.0,0.0,0.0,0.0,0.0,0.0,0.0,0.0,0.0,0.0,0.0,0,D4::D4-Q032,0.0
D4,D4-Q033,exact_fact,normal,advanced,768,175,537600,4.160682439804077,14.557838439941406,0.0,0.0,0.0,1.0,1.0,1.0,1.0,1.0,1.0,1.0,1.0,1.0,0.5,0.6309297535714575,0.6309297535714575,1.0,1,D4::D4-Q033,1.0
D4,D4-Q034,exact_fact,normal,advanced,768,175,537600,4.160682439804077,15.08188247680664,0.0,0.0,0.0,1.0,1.0,1.0,1.0,1.0,1.0,1.0,1.0,1.0,0.3333333333333333,0.5,0.5,1.0,1,D4::D4-Q034,1.0
D4,D4-Q035,exact_fact,normal,advanced,768,175,537600,4.160682439804077,14.496564865112305,1.0,1.0,1.0,1.0,1.0,1.0,1.0,1.0,1.0,1.0,1.0,1.0,1.0,1.0,1.0,1.0,1,D4::D4-Q035,1.0
D4,D4-Q036,exact_fact,normal,advanced,768,175,537600,4.160682439804077,14.17231559753418,1.0,1.0,1.0,1.0,1.0,1.0,1.0,1.0,1.0,1.0,1.0,1.0,1.0,1.0,1.0,1.0,1,D4::D4-Q036,1.0
D4,D4-Q037,exact_fact,normal,advanced,768,175,537600,4.160682439804077,14.357566833496094,1.0,1.0,1.0,1.0,1.0,1.0,1.0,1.0,1.0,1.0,1.0,1.0,1.0,1.0,1.0,1.0,1,D4::D4-Q037,1.0
D4,D4-Q038,exact_fact,normal,advanced,768,175,537600,4.160682439804077,14.019012451171875,0.0,0.0,0.0,1.0,1.0,1.0,1.0,1.0,1.0,1.0,1.0,1.0,0.3333333333333333,0.5,0.5,1.0,1,D4::D4-Q038,1.0
D4,D4-Q039,exact_fact,normal,advanced,768,175,537600,4.160682439804077,13.592243194580078,0.0,0.0,0.0,0.0,0.0,0.0,0.0,0.0,0.0,0.0,0.0,0.0,0.0,0.0,0.0,0.0,0,D4::D4-Q039,0.0
D4,D4-Q040,temporal,normal,advanced,768,175,537600,4.160682439804077,13.72838020324707,0.0,0.0,0.0,0.0,0.0,0.0,0.0,0.0,0.0,0.0,0.0,0.0,0.0,0.0,0.0,0.0,0,D4::D4-Q040,0.0
D4,D4-Q041,exact_fact,normal,advanced,768,175,537600,4.160682439804077,13.671636581420898,0.0,0.0,0.0,0.0,0.0,0.0,0.0,0.0,0.0,1.0,1.0,1.0,0.125,0.0,0.31546487678572877,1.0,1,D4::D4-Q041,1.0
D4,D4-Q042,exact_fact,normal,advanced,768,175,537600,4.160682439804077,13.47970962524414,0.0,0.0,0.0,0.0,0.0,0.0,0.0,0.0,0.0,0.0,0.0,0.0,0.0,0.0,0.0,0.0,0,D4::D4-Q042,0.0
D4,D4-Q043,paraphrase,normal,advanced,768,175,537600,4.160682439804077,13.794660568237305,0.0,0.0,0.0,0.0,0.0,0.0,0.0,0.0,0.0,0.0,0.0,0.0,0.0,0.0,0.0,0.0,0,D4::D4-Q043,0.0
D4,D4-Q044,exact_fact,normal,advanced,768,175,537600,4.160682439804077,14.606952667236328,1.0,1.0,1.0,1.0,1.0,1.0,1.0,1.0,1.0,1.0,1.0,1.0,1.0,1.0,1.0,1.0,1,D4::D4-Q044,1.0
D4,D4-Q045,numerical,normal,advanced,768,175,537600,4.160682439804077,13.921022415161133,1.0,1.0,1.0,1.0,1.0,1.0,1.0,1.0,1.0,1.0,1.0,1.0,1.0,1.0,1.0,1.0,1,D4::D4-Q045,1.0
D4,D4-Q046,procedural,normal,advanced,768,175,537600,4.160682439804077,15.577316284179688,0.0,0.0,0.0,0.0,0.0,0.0,1.0,1.0,1.0,1.0,1.0,1.0,0.2,0.38685280723454163,0.38685280723454163,1.0,1,D4::D4-Q046,1.0
D4,D4-Q047,numerical,normal,advanced,768,175,537600,4.160682439804077,24.493694305419922,1.0,1.0,1.0,1.0,1.0,1.0,1.0,1.0,1.0,1.0,1.0,1.0,1.0,1.0,1.0,1.0,1,D4::D4-Q047,1.0
D4,D4-Q048,procedural,normal,advanced,768,175,537600,4.160682439804077,17.299652099609375,0.0,0.0,0.0,0.0,0.0,0.0,0.0,0.0,0.0,1.0,1.0,1.0,0.125,0.0,0.31546487678572877,1.0,1,D4::D4-Q048,1.0
D4,D4-Q049,exact_fact,normal,advanced,768,175,537600,4.160682439804077,15.027761459350586,1.0,1.0,1.0,1.0,1.0,1.0,1.0,1.0,1.0,1.0,1.0,1.0,1.0,1.0,1.0,1.0,1,D4::D4-Q049,1.0
D4,D4-Q050,conditional_exception,normal,advanced,768,175,537600,4.160682439804077,14.241456985473633,0.0,0.0,0.0,0.0,0.0,0.0,1.0,1.0,1.0,1.0,1.0,1.0,0.25,0.43067655807339306,0.43067655807339306,1.0,1,D4::D4-Q050,1.0
D4,D4-Q051,exact_fact,normal,advanced,768,175,537600,4.160682439804077,13.738632202148438,1.0,1.0,1.0,1.0,1.0,1.0,1.0,1.0,1.0,1.0,1.0,1.0,1.0,1.0,1.0,1.0,1,D4::D4-Q051,1.0
D4,D4-Q052,negation,normal,advanced,768,175,537600,4.160682439804077,14.579057693481445,1.0,1.0,1.0,1.0,1.0,1.0,1.0,1.0,1.0,1.0,1.0,1.0,1.0,1.0,1.0,1.0,1,D4::D4-Q052,1.0
D4,D4-Q053,procedural,normal,advanced,768,175,537600,4.160682439804077,14.208555221557617,1.0,1.0,1.0,1.0,1.0,1.0,1.0,1.0,1.0,1.0,1.0,1.0,1.0,1.0,1.0,1.0,1,D4::D4-Q053,1.0
D4,D4-Q054,numerical,normal,advanced,768,175,537600,4.160682439804077,14.228343963623047,0.0,0.0,0.0,0.0,0.0,0.0,1.0,1.0,1.0,1.0,1.0,1.0,0.25,0.43067655807339306,0.43067655807339306,1.0,1,D4::D4-Q054,1.0
D4,D4-Q055,numerical,normal,advanced,768,175,537600,4.160682439804077,14.790773391723633,0.0,0.0,0.0,0.0,0.0,0.0,0.0,0.0,0.0,1.0,1.0,1.0,0.16666666666666666,0.0,0.3562071871080222,1.0,1,D4::D4-Q055,1.0
D4,D4-Q056,numerical,normal,advanced,768,175,537600,4.160682439804077,14.32657241821289,1.0,1.0,1.0,1.0,1.0,1.0,1.0,1.0,1.0,1.0,1.0,1.0,1.0,1.0,1.0,1.0,1,D4::D4-Q056,1.0
D4,D4-Q057,conditional_exception,normal,advanced,768,175,537600,4.160682439804077,14.937877655029297,0.0,0.0,0.0,0.0,0.0,0.0,0.0,0.0,0.0,1.0,1.0,1.0,0.125,0.0,0.31546487678572877,1.0,1,D4::D4-Q057,1.0
D4,D4-Q058,procedural,normal,advanced,768,175,537600,4.160682439804077,16.167402267456055,0.0,0.0,0.0,1.0,1.0,1.0,1.0,1.0,1.0,1.0,1.0,1.0,0.5,0.6309297535714575,0.6309297535714575,1.0,1,D4::D4-Q058,1.0
D4,D4-Q059,exact_fact,normal,advanced,768,175,537600,4.160682439804077,15.183210372924805,1.0,1.0,1.0,1.0,1.0,1.0,1.0,1.0,1.0,1.0,1.0,1.0,1.0,1.0,1.0,1.0,1,D4::D4-Q059,1.0
D4,D4-Q060,procedural,normal,advanced,768,175,537600,4.160682439804077,13.991832733154297,0.0,0.0,0.0,0.0,0.0,0.0,1.0,1.0,1.0,1.0,1.0,1.0,0.25,0.43067655807339306,0.43067655807339306,1.0,1,D4::D4-Q060,1.0
D4,D4-Q061,negative_query,normal,advanced,768,175,537600,4.160682439804077,13.944625854492188,1.0,1.0,1.0,1.0,1.0,1.0,1.0,1.0,1.0,1.0,1.0,1.0,1.0,1.0,1.0,1.0,1,D4::D4-Q061,1.0
D4,D4-Q062,conditional_exception,normal,advanced,768,175,537600,4.160682439804077,14.091968536376953,0.0,0.0,0.0,0.0,0.0,0.0,1.0,1.0,1.0,1.0,1.0,1.0,0.25,0.43067655807339306,0.43067655807339306,1.0,1,D4::D4-Q062,1.0
D4,D4-Q063,procedural,normal,advanced,768,175,537600,4.160682439804077,15.37322998046875,0.0,0.0,0.0,0.0,0.0,0.0,0.0,0.0,0.0,1.0,1.0,1.0,0.16666666666666666,0.0,0.3562071871080222,1.0,1,D4::D4-Q063,1.0
D4,D4-Q064,conditional_exception,normal,advanced,768,175,537600,4.160682439804077,16.36338233947754,0.0,0.0,0.0,1.0,1.0,1.0,1.0,1.0,1.0,1.0,1.0,1.0,0.5,0.6309297535714575,0.6309297535714575,1.0,1,D4::D4-Q064,1.0
D4,D4-Q065,negative_query,normal,advanced,768,175,537600,4.160682439804077,13.463735580444336,0.0,0.0,0.0,1.0,1.0,1.0,1.0,1.0,1.0,1.0,1.0,1.0,0.5,0.6309297535714575,0.6309297535714575,1.0,1,D4::D4-Q065,1.0
D4,D4-Q066,negative_query,normal,advanced,768,175,537600,4.160682439804077,13.810396194458008,0.0,0.0,0.0,1.0,1.0,1.0,1.0,1.0,1.0,1.0,1.0,1.0,0.5,0.6309297535714575,0.6309297535714575,1.0,1,D4::D4-Q066,1.0
D4,D4-Q067,negative_query,normal,advanced,768,175,537600,4.160682439804077,13.946771621704102,0.0,0.0,0.0,1.0,1.0,1.0,1.0,1.0,1.0,1.0,1.0,1.0,0.5,0.6309297535714575,0.6309297535714575,1.0,1,D4::D4-Q067,1.0
D4,D4-Q068,conditional_exception,normal,advanced,768,175,537600,4.160682439804077,14.699459075927734,0.0,0.0,0.0,0.0,0.0,0.0,1.0,1.0,1.0,1.0,1.0,1.0,0.25,0.43067655807339306,0.43067655807339306,1.0,1,D4::D4-Q068,1.0
D4,D4-Q069,negative_query,normal,advanced,768,175,537600,4.160682439804077,13.994216918945312,0.0,0.0,0.0,1.0,1.0,1.0,1.0,1.0,1.0,1.0,1.0,1.0,0.5,0.6309297535714575,0.6309297535714575,1.0,1,D4::D4-Q069,1.0
D4,D4-Q070,negative_query,normal,advanced,768,175,537600,4.160682439804077,14.10818099975586,0.0,0.0,0.0,0.0,0.0,0.0,0.0,0.0,0.0,1.0,1.0,1.0,0.16666666666666666,0.0,0.3562071871080222,1.0,1,D4::D4-Q070,1.0
D4,D4-Q071,negative_query,normal,advanced,768,175,537600,4.160682439804077,14.838218688964844,0.0,0.0,0.0,0.0,0.0,0.0,0.0,0.0,0.0,1.0,1.0,1.0,0.14285714285714285,0.0,0.3333333333333333,1.0,1,D4::D4-Q071,1.0
D4,D4-Q072,negative_query,normal,advanced,768,175,537600,4.160682439804077,14.75977897644043,0.0,0.0,0.0,0.0,0.0,0.0,0.0,0.0,0.0,1.0,1.0,1.0,0.125,0.0,0.31546487678572877,1.0,1,D4::D4-Q072,1.0
D4,D4-Q073,negative_query,normal,advanced,768,175,537600,4.160682439804077,14.055490493774414,0.0,0.0,0.0,1.0,1.0,1.0,1.0,1.0,1.0,1.0,1.0,1.0,0.5,0.6309297535714575,0.6309297535714575,1.0,1,D4::D4-Q073,1.0
D4,D4-Q074,temporal,normal,advanced,768,175,537600,4.160682439804077,14.13273811340332,0.0,0.0,0.0,0.0,0.0,0.0,0.0,0.0,0.0,1.0,1.0,1.0,0.14285714285714285,0.0,0.3333333333333333,1.0,1,D4::D4-Q074,1.0
D4,D4-Q075,negative_query,normal,advanced,768,175,537600,4.160682439804077,14.032125473022461,0.0,0.0,0.0,0.0,0.0,0.0,1.0,1.0,1.0,1.0,1.0,1.0,0.25,0.43067655807339306,0.43067655807339306,1.0,1,D4::D4-Q075,1.0
D4,D4-Q076,negation,normal,advanced,768,175,537600,4.160682439804077,14.544010162353516,0.0,0.0,0.0,1.0,1.0,1.0,1.0,1.0,1.0,1.0,1.0,1.0,0.5,0.6309297535714575,0.6309297535714575,1.0,1,D4::D4-Q076,1.0
D4,D4-Q077,conditional_exception,normal,advanced,768,175,537600,4.160682439804077,13.364553451538086,1.0,1.0,1.0,1.0,1.0,1.0,1.0,1.0,1.0,1.0,1.0,1.0,1.0,1.0,1.0,1.0,1,D4::D4-Q077,1.0
D4,D4-Q078,temporal,normal,advanced,768,175,537600,4.160682439804077,14.487743377685547,0.0,0.0,0.0,0.0,0.0,0.0,0.0,0.0,0.0,1.0,1.0,1.0,0.1111111111111111,0.0,0.3010299956639812,1.0,1,D4::D4-Q078,1.0
D4,D4-Q079,conditional_exception,normal,advanced,768,175,537600,4.160682439804077,14.375925064086914,0.0,0.0,0.0,0.0,0.0,0.0,0.0,0.0,0.0,1.0,1.0,1.0,0.14285714285714285,0.0,0.3333333333333333,1.0,1,D4::D4-Q079,1.0
D4,D4-Q080,conditional_exception,normal,advanced,768,175,537600,4.160682439804077,13.83066177368164,0.0,0.0,0.0,0.0,0.0,0.0,1.0,1.0,1.0,1.0,1.0,1.0,0.2,0.38685280723454163,0.38685280723454163,1.0,1,D4::D4-Q080,1.0
D4,D4-Q081,procedural,normal,advanced,768,175,537600,4.160682439804077,13.668060302734375,1.0,1.0,1.0,1.0,1.0,1.0,1.0,1.0,1.0,1.0,1.0,1.0,1.0,1.0,1.0,1.0,1,D4::D4-Q081,1.0
D4,D4-Q082,procedural,normal,advanced,768,175,537600,4.160682439804077,13.85807991027832,1.0,1.0,1.0,1.0,1.0,1.0,1.0,1.0,1.0,1.0,1.0,1.0,1.0,1.0,1.0,1.0,1,D4::D4-Q082,1.0
D4,D4-Q083,numerical,normal,advanced,768,175,537600,4.160682439804077,23.637056350708008,1.0,1.0,1.0,1.0,1.0,1.0,1.0,1.0,1.0,1.0,1.0,1.0,1.0,1.0,1.0,1.0,1,D4::D4-Q083,1.0
D4,D4-Q084,numerical,normal,advanced,768,175,537600,4.160682439804077,13.809680938720703,0.0,0.0,0.0,1.0,1.0,1.0,1.0,1.0,1.0,1.0,1.0,1.0,0.5,0.6309297535714575,0.6309297535714575,1.0,1,D4::D4-Q084,1.0
D4,D4-Q085,numerical,normal,advanced,768,175,537600,4.160682439804077,14.311790466308594,0.0,0.0,0.0,0.0,0.0,0.0,0.0,0.0,0.0,1.0,1.0,1.0,0.125,0.0,0.31546487678572877,1.0,1,D4::D4-Q085,1.0
D4,D4-Q086,procedural,normal,advanced,768,175,537600,4.160682439804077,15.082597732543945,1.0,1.0,1.0,1.0,1.0,1.0,1.0,1.0,1.0,1.0,1.0,1.0,1.0,1.0,1.0,1.0,1,D4::D4-Q086,1.0
D4,D4-Q087,procedural,normal,advanced,768,175,537600,4.160682439804077,14.200210571289062,1.0,1.0,1.0,1.0,1.0,1.0,1.0,1.0,1.0,1.0,1.0,1.0,1.0,1.0,1.0,1.0,1,D4::D4-Q087,1.0
D4,D4-Q088,exact_fact,normal,advanced,768,175,537600,4.160682439804077,13.339996337890625,1.0,1.0,1.0,1.0,1.0,1.0,1.0,1.0,1.0,1.0,1.0,1.0,1.0,1.0,1.0,1.0,1,D4::D4-Q088,1.0
D4,D4-Q089,exact_fact,normal,advanced,768,175,537600,4.160682439804077,14.303445816040039,0.0,0.0,0.0,1.0,1.0,1.0,1.0,1.0,1.0,1.0,1.0,1.0,0.5,0.6309297535714575,0.6309297535714575,1.0,1,D4::D4-Q089,1.0
D4,D4-Q090,list_membership,normal,advanced,768,175,537600,4.160682439804077,14.383316040039062,1.0,1.0,1.0,1.0,1.0,1.0,1.0,1.0,1.0,1.0,1.0,1.0,1.0,1.0,1.0,1.0,1,D4::D4-Q090,1.0
D4,D4-Q091,conditional_exception,normal,advanced,768,175,537600,4.160682439804077,13.971090316772461,1.0,1.0,1.0,1.0,1.0,1.0,1.0,1.0,1.0,1.0,1.0,1.0,1.0,1.0,1.0,1.0,1,D4::D4-Q091,1.0
D4,D4-Q092,exact_fact,normal,advanced,768,175,537600,4.160682439804077,15.302896499633789,1.0,1.0,1.0,1.0,1.0,1.0,1.0,1.0,1.0,1.0,1.0,1.0,1.0,1.0,1.0,1.0,1,D4::D4-Q092,1.0
D4,D4-Q093,negative_query,normal,advanced,768,175,537600,4.160682439804077,14.303922653198242,0.0,0.0,0.0,1.0,1.0,1.0,1.0,1.0,1.0,1.0,1.0,1.0,0.5,0.6309297535714575,0.6309297535714575,1.0,1,D4::D4-Q093,1.0
D4,D4-Q094,exact_fact,normal,advanced,768,175,537600,4.160682439804077,13.94033432006836,1.0,1.0,1.0,1.0,1.0,1.0,1.0,1.0,1.0,1.0,1.0,1.0,1.0,1.0,1.0,1.0,1,D4::D4-Q094,1.0
D4,D4-Q095,temporal,normal,advanced,768,175,537600,4.160682439804077,15.303850173950195,1.0,1.0,1.0,1.0,1.0,1.0,1.0,1.0,1.0,1.0,1.0,1.0,1.0,1.0,1.0,1.0,1,D4::D4-Q095,1.0
D4,D4-Q096,numerical,normal,advanced,768,175,537600,4.160682439804077,15.610218048095703,1.0,1.0,1.0,1.0,1.0,1.0,1.0,1.0,1.0,1.0,1.0,1.0,1.0,1.0,1.0,1.0,1,D4::D4-Q096,1.0
D4,D4-Q097,temporal,normal,advanced,768,175,537600,4.160682439804077,13.491153717041016,1.0,1.0,1.0,1.0,1.0,1.0,1.0,1.0,1.0,1.0,1.0,1.0,1.0,1.0,1.0,1.0,1,D4::D4-Q097,1.0
D4,D4-Q098,negation,normal,advanced,768,175,537600,4.160682439804077,13.950347900390625,1.0,1.0,1.0,1.0,1.0,1.0,1.0,1.0,1.0,1.0,1.0,1.0,1.0,1.0,1.0,1.0,1,D4::D4-Q098,1.0
D4,D4-Q099,numerical,normal,advanced,768,175,537600,4.160682439804077,13.605833053588867,1.0,1.0,1.0,1.0,1.0,1.0,1.0,1.0,1.0,1.0,1.0,1.0,1.0,1.0,1.0,1.0,1,D4::D4-Q099,1.0
D4,D4-Q100,procedural,normal,advanced,768,175,537600,4.160682439804077,14.155149459838867,0.0,0.0,0.0,1.0,1.0,1.0,1.0,1.0,1.0,1.0,1.0,1.0,0.5,0.6309297535714575,0.6309297535714575,1.0,1,D4::D4-Q100,1.0
D4,D4-Q101,exact_fact,normal,advanced,768,175,537600,4.160682439804077,14.142274856567383,1.0,1.0,1.0,1.0,1.0,1.0,1.0,1.0,1.0,1.0,1.0,1.0,1.0,1.0,1.0,1.0,1,D4::D4-Q101,1.0
D4,D4-Q102,comparison,normal,advanced,768,175,537600,4.160682439804077,13.843059539794922,0.0,0.0,0.0,1.0,1.0,1.0,1.0,1.0,1.0,1.0,1.0,1.0,0.3333333333333333,0.5,0.5,1.0,1,D4::D4-Q102,1.0
D4,D4-Q103,comparison,normal,advanced,768,175,537600,4.160682439804077,13.720512390136719,1.0,1.0,1.0,1.0,1.0,1.0,1.0,1.0,1.0,1.0,1.0,1.0,1.0,1.0,1.0,1.0,1,D4::D4-Q103,1.0
D4,D4-Q104,negation,normal,advanced,768,175,537600,4.160682439804077,15.274524688720703,1.0,1.0,1.0,1.0,1.0,1.0,1.0,1.0,1.0,1.0,1.0,1.0,1.0,1.0,1.0,1.0,1,D4::D4-Q104,1.0
D4,D4-Q105,procedural,normal,advanced,768,175,537600,4.160682439804077,15.149831771850586,0.0,0.0,0.0,1.0,1.0,1.0,1.0,1.0,1.0,1.0,1.0,1.0,0.5,0.6309297535714575,0.6309297535714575,1.0,1,D4::D4-Q105,1.0
D4,D4-Q106,procedural,normal,advanced,768,175,537600,4.160682439804077,14.118194580078125,0.0,0.0,0.0,1.0,1.0,1.0,1.0,1.0,1.0,1.0,1.0,1.0,0.5,0.6309297535714575,0.6309297535714575,1.0,1,D4::D4-Q106,1.0
D4,D4-Q107,conditional_exception,normal,advanced,768,175,537600,4.160682439804077,15.546560287475586,0.0,0.0,0.0,1.0,1.0,1.0,1.0,1.0,1.0,1.0,1.0,1.0,0.5,0.6309297535714575,0.6309297535714575,1.0,1,D4::D4-Q107,1.0
D4,D4-Q108,conditional_exception,normal,advanced,768,175,537600,4.160682439804077,13.864755630493164,0.0,0.0,0.0,1.0,1.0,1.0,1.0,1.0,1.0,1.0,1.0,1.0,0.5,0.6309297535714575,0.6309297535714575,1.0,1,D4::D4-Q108,1.0
D4,D4-Q109,procedural,normal,advanced,768,175,537600,4.160682439804077,14.49275016784668,1.0,1.0,1.0,1.0,1.0,1.0,1.0,1.0,1.0,1.0,1.0,1.0,1.0,1.0,1.0,1.0,1,D4::D4-Q109,1.0
D4,D4-Q110,exact_fact,normal,advanced,768,175,537600,4.160682439804077,15.045166015625,1.0,1.0,1.0,1.0,1.0,1.0,1.0,1.0,1.0,1.0,1.0,1.0,1.0,1.0,1.0,1.0,1,D4::D4-Q110,1.0
D4,D4-Q111,exact_fact,normal,advanced,768,175,537600,4.160682439804077,25.01225471496582,1.0,1.0,1.0,1.0,1.0,1.0,1.0,1.0,1.0,1.0,1.0,1.0,1.0,1.0,1.0,1.0,1,D4::D4-Q111,1.0
D4,D4-Q112,list_membership,normal,advanced,768,175,537600,4.160682439804077,15.022993087768555,1.0,1.0,1.0,1.0,1.0,1.0,1.0,1.0,1.0,1.0,1.0,1.0,1.0,1.0,1.0,1.0,1,D4::D4-Q112,1.0
D4,D4-Q113,conditional_exception,normal,advanced,768,175,537600,4.160682439804077,15.130758285522461,1.0,1.0,1.0,1.0,1.0,1.0,1.0,1.0,1.0,1.0,1.0,1.0,1.0,1.0,1.0,1.0,1,D4::D4-Q113,1.0
D4,D4-Q114,exact_fact,normal,advanced,768,175,537600,4.160682439804077,15.314579010009766,0.0,0.0,0.0,0.0,0.0,0.0,0.0,0.0,0.0,1.0,1.0,1.0,0.125,0.0,0.31546487678572877,1.0,1,D4::D4-Q114,1.0
D4,D4-Q115,temporal,normal,advanced,768,175,537600,4.160682439804077,21.874666213989258,1.0,1.0,1.0,1.0,1.0,1.0,1.0,1.0,1.0,1.0,1.0,1.0,1.0,1.0,1.0,1.0,1,D4::D4-Q115,1.0
D4,D4-Q116,comparison,normal,advanced,768,175,537600,4.160682439804077,15.544652938842773,0.0,0.0,0.0,1.0,1.0,1.0,1.0,1.0,1.0,1.0,1.0,1.0,0.5,0.6309297535714575,0.6309297535714575,1.0,1,D4::D4-Q116,1.0
D4,D4-Q117,comparison,normal,advanced,768,175,537600,4.160682439804077,15.259981155395508,1.0,1.0,1.0,1.0,1.0,1.0,1.0,1.0,1.0,1.0,1.0,1.0,1.0,1.0,1.0,1.0,1,D4::D4-Q117,1.0
D4,D4-Q118,procedural,normal,advanced,768,175,537600,4.160682439804077,15.239238739013672,0.5,1.0,0.0,1.0,1.0,1.0,1.0,1.0,1.0,1.0,1.0,1.0,1.0,1.0,1.0,1.0,2,D4::D4-Q118,1.0
D4,D4-Q119,procedural,normal,advanced,768,175,537600,4.160682439804077,17.830610275268555,0.0,0.0,0.0,1.0,1.0,1.0,1.0,1.0,1.0,1.0,1.0,1.0,0.5,0.6309297535714575,0.6309297535714575,1.0,1,D4::D4-Q119,1.0
D4,D4-Q120,procedural,normal,advanced,768,175,537600,4.160682439804077,14.086723327636719,1.0,1.0,1.0,1.0,1.0,1.0,1.0,1.0,1.0,1.0,1.0,1.0,1.0,1.0,1.0,1.0,1,D4::D4-Q120,1.0
D4,D4-Q121,negation,normal,advanced,768,175,537600,4.160682439804077,14.807462692260742,1.0,1.0,1.0,1.0,1.0,1.0,1.0,1.0,1.0,1.0,1.0,1.0,1.0,1.0,1.0,1.0,1,D4::D4-Q121,1.0
D4,D4-Q122,numerical,normal,advanced,768,175,537600,4.160682439804077,15.32292366027832,0.0,0.0,0.0,1.0,1.0,1.0,1.0,1.0,1.0,1.0,1.0,1.0,0.3333333333333333,0.5,0.5,1.0,1,D4::D4-Q122,1.0
D4,D4-Q123,conditional_exception,normal,advanced,768,175,537600,4.160682439804077,14.16921615600586,0.0,0.0,0.0,1.0,1.0,1.0,1.0,1.0,1.0,1.0,1.0,1.0,0.5,0.6309297535714575,0.6309297535714575,1.0,1,D4::D4-Q123,1.0
D4,D4-Q124,numerical,normal,advanced,768,175,537600,4.160682439804077,14.649629592895508,1.0,1.0,1.0,1.0,1.0,1.0,1.0,1.0,1.0,1.0,1.0,1.0,1.0,1.0,1.0,1.0,1,D4::D4-Q124,1.0
D4,D4-Q125,procedural,normal,advanced,768,175,537600,4.160682439804077,16.021728515625,1.0,1.0,1.0,1.0,1.0,1.0,1.0,1.0,1.0,1.0,1.0,1.0,1.0,1.0,1.0,1.0,1,D4::D4-Q125,1.0
D4,D4-Q126,numerical,normal,advanced,768,175,537600,4.160682439804077,14.609575271606445,0.0,0.0,0.0,0.0,0.0,0.0,0.0,0.0,0.0,1.0,1.0,1.0,0.16666666666666666,0.0,0.3562071871080222,1.0,1,D4::D4-Q126,1.0
D4,D4-Q127,exact_fact,normal,advanced,768,175,537600,4.160682439804077,14.811515808105469,1.0,1.0,1.0,1.0,1.0,1.0,1.0,1.0,1.0,1.0,1.0,1.0,1.0,1.0,1.0,1.0,1,D4::D4-Q127,1.0
D4,D4-Q128,list_membership,normal,advanced,768,175,537600,4.160682439804077,14.262914657592773,1.0,1.0,1.0,1.0,1.0,1.0,1.0,1.0,1.0,1.0,1.0,1.0,1.0,1.5615201999684067,1.5615201999684067,1.0,4,D4::D4-Q128,1.0
D4,D4-Q129,numerical,normal,advanced,768,175,537600,4.160682439804077,14.36161994934082,1.0,1.0,1.0,1.0,1.0,1.0,1.0,1.0,1.0,1.0,1.0,1.0,1.0,1.0,1.0,1.0,1,D4::D4-Q129,1.0
D4,D4-Q130,numerical,normal,advanced,768,175,537600,4.160682439804077,14.540433883666992,1.0,1.0,1.0,1.0,1.0,1.0,1.0,1.0,1.0,1.0,1.0,1.0,1.0,1.0,1.0,1.0,1,D4::D4-Q130,1.0
D4,D4-Q131,procedural,normal,advanced,768,175,537600,4.160682439804077,14.304399490356445,0.0,0.0,0.0,1.0,1.0,1.0,1.0,1.0,1.0,1.0,1.0,1.0,0.5,0.6309297535714575,0.6309297535714575,1.0,1,D4::D4-Q131,1.0
D4,D4-Q132,procedural,normal,advanced,768,175,537600,4.160682439804077,14.241456985473633,1.0,1.0,1.0,1.0,1.0,1.0,1.0,1.0,1.0,1.0,1.0,1.0,1.0,1.0,1.0,1.0,1,D4::D4-Q132,1.0
D4,D4-Q133,conditional_exception,normal,advanced,768,175,537600,4.160682439804077,14.349937438964844,0.6666666666666666,1.0,0.0,1.0,1.0,1.0,1.0,1.0,1.0,1.0,1.0,1.0,1.0,1.173196815056891,1.173196815056891,1.0,3,D4::D4-Q133,1.0
D4,D4-Q134,exact_fact,normal,advanced,768,175,537600,4.160682439804077,14.050960540771484,1.0,1.0,1.0,1.0,1.0,1.0,1.0,1.0,1.0,1.0,1.0,1.0,1.0,1.0,1.0,1.0,1,D4::D4-Q134,1.0
D4,D4-Q135,exact_fact,normal,advanced,768,175,537600,4.160682439804077,13.767480850219727,1.0,1.0,1.0,1.0,1.0,1.0,1.0,1.0,1.0,1.0,1.0,1.0,1.0,1.0,1.0,1.0,1,D4::D4-Q135,1.0
D4,D4-Q136,negation,normal,advanced,768,175,537600,4.160682439804077,15.676498413085938,0.0,0.0,0.0,1.0,1.0,1.0,1.0,1.0,1.0,1.0,1.0,1.0,0.5,0.6309297535714575,0.6309297535714575,1.0,1,D4::D4-Q136,1.0
D4,D4-Q137,negative_query,normal,advanced,768,175,537600,4.160682439804077,14.11890983581543,0.0,0.0,0.0,1.0,1.0,1.0,1.0,1.0,1.0,1.0,1.0,1.0,0.3333333333333333,0.5,0.5,1.0,1,D4::D4-Q137,1.0
D4,D4-Q138,negative_query,normal,advanced,768,175,537600,4.160682439804077,15.624046325683594,1.0,1.0,1.0,1.0,1.0,1.0,1.0,1.0,1.0,1.0,1.0,1.0,1.0,1.0,1.0,1.0,1,D4::D4-Q138,1.0
D4,D4-Q139,numerical,normal,advanced,768,175,537600,4.160682439804077,14.074087142944336,1.0,1.0,1.0,1.0,1.0,1.0,1.0,1.0,1.0,1.0,1.0,1.0,1.0,1.0,1.0,1.0,1,D4::D4-Q139,1.0
D4,D4-Q140,procedural,normal,advanced,768,175,537600,4.160682439804077,15.00844955444336,1.0,1.0,1.0,1.0,1.0,1.0,1.0,1.0,1.0,1.0,1.0,1.0,1.0,1.0,1.0,1.0,1,D4::D4-Q140,1.0
D4,D4-Q141,procedural,normal,advanced,768,175,537600,4.160682439804077,13.983488082885742,0.0,0.0,0.0,0.0,0.0,0.0,0.0,0.0,0.0,0.0,0.0,0.0,0.0,0.0,0.0,0.0,0,D4::D4-Q141,0.0
D4,D4-Q142,exact_fact,normal,advanced,768,175,537600,4.160682439804077,14.971256256103516,1.0,1.0,1.0,1.0,1.0,1.0,1.0,1.0,1.0,1.0,1.0,1.0,1.0,1.0,1.0,1.0,1,D4::D4-Q142,1.0
D4,D4-Q143,exact_fact,normal,advanced,768,175,537600,4.160682439804077,14.444828033447266,0.0,0.0,0.0,1.0,1.0,1.0,1.0,1.0,1.0,1.0,1.0,1.0,0.5,0.6309297535714575,0.6309297535714575,1.0,1,D4::D4-Q143,1.0
D4,D4-Q144,exact_fact,normal,advanced,768,175,537600,4.160682439804077,14.834880828857422,1.0,1.0,1.0,1.0,1.0,1.0,1.0,1.0,1.0,1.0,1.0,1.0,1.0,1.0,1.0,1.0,1,D4::D4-Q144,1.0
D4,D4-Q145,procedural,normal,advanced,768,175,537600,4.160682439804077,13.85807991027832,1.0,1.0,1.0,1.0,1.0,1.0,1.0,1.0,1.0,1.0,1.0,1.0,1.0,1.0,1.0,1.0,1,D4::D4-Q145,1.0
D4,D4-Q146,numerical,normal,advanced,768,175,537600,4.160682439804077,13.857126235961914,1.0,1.0,1.0,1.0,1.0,1.0,1.0,1.0,1.0,1.0,1.0,1.0,1.0,1.0,1.0,1.0,1,D4::D4-Q146,1.0
D4,D4-Q147,exact_fact,normal,advanced,768,175,537600,4.160682439804077,14.103174209594727,0.0,0.0,0.0,1.0,1.0,1.0,1.0,1.0,1.0,1.0,1.0,1.0,0.3333333333333333,0.5,0.5,1.0,1,D4::D4-Q147,1.0
D4,D4-Q148,exact_fact,normal,advanced,768,175,537600,4.160682439804077,14.360189437866211,1.0,1.0,1.0,1.0,1.0,1.0,1.0,1.0,1.0,1.0,1.0,1.0,1.0,1.0,1.0,1.0,1,D4::D4-Q148,1.0
D4,D4-Q149,exact_fact,normal,advanced,768,175,537600,4.160682439804077,15.19322395324707,1.0,1.0,1.0,1.0,1.0,1.0,1.0,1.0,1.0,1.0,1.0,1.0,1.0,1.0,1.0,1.0,1,D4::D4-Q149,1.0
D4,D4-Q150,procedural,normal,advanced,768,175,537600,4.160682439804077,14.989852905273438,0.0,0.0,0.0,1.0,1.0,1.0,1.0,1.0,1.0,1.0,1.0,1.0,0.3333333333333333,0.5,0.5,1.0,1,D4::D4-Q150,1.0
D4,D4-Q151,exact_fact,normal,advanced,768,175,537600,4.160682439804077,15.379667282104492,0.0,0.0,0.0,1.0,1.0,1.0,1.0,1.0,1.0,1.0,1.0,1.0,0.5,0.6309297535714575,0.6309297535714575,1.0,1,D4::D4-Q151,1.0
D4,D4-Q152,procedural,normal,advanced,768,175,537600,4.160682439804077,14.321088790893555,0.0,0.0,0.0,1.0,1.0,1.0,1.0,1.0,1.0,1.0,1.0,1.0,0.3333333333333333,0.5,0.5,1.0,1,D4::D4-Q152,1.0
D4,D4-Q153,procedural,normal,advanced,768,175,537600,4.160682439804077,14.023303985595703,1.0,1.0,1.0,1.0,1.0,1.0,1.0,1.0,1.0,1.0,1.0,1.0,1.0,1.0,1.0,1.0,1,D4::D4-Q153,1.0
D4,D4-Q154,temporal,normal,advanced,768,175,537600,4.160682439804077,14.039039611816406,0.0,0.0,0.0,0.0,0.0,0.0,1.0,1.0,1.0,1.0,1.0,1.0,0.25,0.43067655807339306,0.43067655807339306,1.0,1,D4::D4-Q154,1.0
D4,D4-Q155,exact_fact,normal,advanced,768,175,537600,4.160682439804077,15.417337417602539,0.0,0.0,0.0,0.0,0.0,0.0,0.0,0.0,0.0,1.0,1.0,1.0,0.14285714285714285,0.0,0.3333333333333333,1.0,1,D4::D4-Q155,1.0
D4,D4-Q156,exact_fact,normal,advanced,768,175,537600,4.160682439804077,15.739202499389648,1.0,1.0,1.0,1.0,1.0,1.0,1.0,1.0,1.0,1.0,1.0,1.0,1.0,1.5615201999684067,1.5615201999684067,1.0,4,D4::D4-Q156,1.0
D4,D4-Q157,list_membership,normal,advanced,768,175,537600,4.160682439804077,14.577865600585938,0.0,0.0,0.0,1.0,1.0,1.0,1.0,1.0,1.0,1.0,1.0,1.0,0.3333333333333333,0.5,0.5,1.0,1,D4::D4-Q157,1.0
D4,D4-Q158,list_membership,normal,advanced,768,175,537600,4.160682439804077,15.728235244750977,0.0,0.0,0.0,0.0,0.0,0.0,1.0,1.0,1.0,1.0,1.0,1.0,0.25,0.43067655807339306,0.43067655807339306,1.0,1,D4::D4-Q158,1.0
D4,D4-Q159,list_membership,normal,advanced,768,175,537600,4.160682439804077,14.947175979614258,0.0,0.0,0.0,0.0,0.0,0.0,1.0,1.0,1.0,1.0,1.0,1.0,0.25,0.43067655807339306,0.43067655807339306,1.0,1,D4::D4-Q159,1.0
D4,D4-Q160,list_membership,normal,advanced,768,175,537600,4.160682439804077,14.628171920776367,0.0,0.0,0.0,1.0,1.0,1.0,1.0,1.0,1.0,1.0,1.0,1.0,0.5,0.6309297535714575,0.6309297535714575,1.0,1,D4::D4-Q160,1.0
D4,D4-Q161,paraphrase,normal,advanced,768,175,537600,4.160682439804077,14.274358749389648,1.0,1.0,1.0,1.0,1.0,1.0,1.0,1.0,1.0,1.0,1.0,1.0,1.0,1.0,1.0,1.0,1,D4::D4-Q161,1.0
D4,D4-Q162,numerical,normal,advanced,768,175,537600,4.160682439804077,14.171361923217773,1.0,1.0,1.0,1.0,1.0,1.0,1.0,1.0,1.0,1.0,1.0,1.0,1.0,1.0,1.0,1.0,1,D4::D4-Q162,1.0
D4,D4-Q163,numerical,normal,advanced,768,175,537600,4.160682439804077,14.173030853271484,1.0,1.0,1.0,1.0,1.0,1.0,1.0,1.0,1.0,1.0,1.0,1.0,1.0,1.0,1.0,1.0,1,D4::D4-Q163,1.0
D4,D4-Q164,numerical,normal,advanced,768,175,537600,4.160682439804077,13.762712478637695,1.0,1.0,1.0,1.0,1.0,1.0,1.0,1.0,1.0,1.0,1.0,1.0,1.0,1.0,1.0,1.0,1,D4::D4-Q164,1.0
D4,D4-Q165,numerical,normal,advanced,768,175,537600,4.160682439804077,14.285564422607422,0.0,0.0,0.0,0.0,0.0,0.0,1.0,1.0,1.0,1.0,1.0,1.0,0.2,0.38685280723454163,0.38685280723454163,1.0,1,D4::D4-Q165,1.0
D4,D4-Q166,numerical,normal,advanced,768,175,537600,4.160682439804077,14.051198959350586,0.0,0.0,0.0,1.0,1.0,1.0,1.0,1.0,1.0,1.0,1.0,1.0,0.3333333333333333,0.5,0.5,1.0,1,D4::D4-Q166,1.0
D4,D4-Q167,negative_query,normal,advanced,768,175,537600,4.160682439804077,14.294147491455078,0.0,0.0,0.0,0.0,0.0,0.0,0.0,0.0,0.0,1.0,1.0,1.0,0.14285714285714285,0.0,0.3333333333333333,1.0,1,D4::D4-Q167,1.0
D4,D4-Q168,negation,normal,advanced,768,175,537600,4.160682439804077,14.520406723022461,0.0,0.0,0.0,1.0,1.0,1.0,1.0,1.0,1.0,1.0,1.0,1.0,0.5,0.6309297535714575,0.6309297535714575,1.0,1,D4::D4-Q168,1.0
D4,D4-Q169,negation,normal,advanced,768,175,537600,4.160682439804077,14.27912712097168,0.0,0.0,0.0,1.0,1.0,1.0,1.0,1.0,1.0,1.0,1.0,1.0,0.5,0.6309297535714575,0.6309297535714575,1.0,1,D4::D4-Q169,1.0
D4,D4-Q170,numerical,normal,advanced,768,175,537600,4.160682439804077,14.687061309814453,1.0,1.0,1.0,1.0,1.0,1.0,1.0,1.0,1.0,1.0,1.0,1.0,1.0,1.0,1.0,1.0,1,D4::D4-Q170,1.0
D4,D4-Q171,numerical,normal,advanced,768,175,537600,4.160682439804077,14.17088508605957,1.0,1.0,1.0,1.0,1.0,1.0,1.0,1.0,1.0,1.0,1.0,1.0,1.0,1.0,1.0,1.0,1,D4::D4-Q171,1.0
D4,D4-Q172,exact_fact,normal,advanced,768,175,537600,4.160682439804077,14.32037353515625,0.0,0.0,0.0,0.0,0.0,0.0,0.0,0.0,0.0,0.0,0.0,0.0,0.0,0.0,0.0,0.0,0,D4::D4-Q172,0.0
D4,D4-Q173,numerical,normal,advanced,768,175,537600,4.160682439804077,18.853425979614258,0.0,0.0,0.0,0.0,0.0,0.0,0.0,0.0,0.0,1.0,1.0,1.0,0.16666666666666666,0.0,0.3562071871080222,1.0,1,D4::D4-Q173,1.0
D4,D4-Q174,numerical,normal,advanced,768,175,537600,4.160682439804077,27.532100677490234,1.0,1.0,1.0,1.0,1.0,1.0,1.0,1.0,1.0,1.0,1.0,1.0,1.0,1.0,1.0,1.0,1,D4::D4-Q174,1.0
D4,D4-Q175,numerical,normal,advanced,768,175,537600,4.160682439804077,22.769927978515625,1.0,1.0,1.0,1.0,1.0,1.0,1.0,1.0,1.0,1.0,1.0,1.0,1.0,1.0,1.0,1.0,1,D4::D4-Q175,1.0
D4,D4-Q176,table_lookup,normal,advanced,768,175,537600,4.160682439804077,16.33000373840332,0.0,0.0,0.0,0.0,0.0,0.0,1.0,1.0,1.0,1.0,1.0,1.0,0.25,0.43067655807339306,0.43067655807339306,1.0,1,D4::D4-Q176,1.0
D4,D4-Q177,numerical,normal,advanced,768,175,537600,4.160682439804077,14.375686645507812,0.0,0.0,0.0,0.0,0.0,0.0,0.0,0.0,0.0,1.0,1.0,1.0,0.16666666666666666,0.0,0.3562071871080222,1.0,1,D4::D4-Q177,1.0
D4,D4-Q178,numerical,normal,advanced,768,175,537600,4.160682439804077,14.277219772338867,0.0,0.0,0.0,1.0,1.0,1.0,1.0,1.0,1.0,1.0,1.0,1.0,0.3333333333333333,0.5,0.5,1.0,1,D4::D4-Q178,1.0
D4,D4-Q179,exact_fact,normal,advanced,768,175,537600,4.160682439804077,17.52495765686035,1.0,1.0,1.0,1.0,1.0,1.0,1.0,1.0,1.0,1.0,1.0,1.0,1.0,1.0,1.0,1.0,1,D4::D4-Q179,1.0
D4,D4-Q180,exact_fact,normal,advanced,768,175,537600,4.160682439804077,14.758586883544922,1.0,1.0,1.0,1.0,1.0,1.0,1.0,1.0,1.0,1.0,1.0,1.0,1.0,1.0,1.0,1.0,1,D4::D4-Q180,1.0
D4,D4-Q181,procedural,normal,advanced,768,175,537600,4.160682439804077,14.340400695800781,1.0,1.0,1.0,1.0,1.0,1.0,1.0,1.0,1.0,1.0,1.0,1.0,1.0,1.0,1.0,1.0,1,D4::D4-Q181,1.0
D4,D4-Q182,procedural,normal,advanced,768,175,537600,4.160682439804077,14.207124710083008,1.0,1.0,1.0,1.0,1.0,1.0,1.0,1.0,1.0,1.0,1.0,1.0,1.0,1.0,1.0,1.0,1,D4::D4-Q182,1.0
D4,D4-Q183,conditional_exception,normal,advanced,768,175,537600,4.160682439804077,14.118194580078125,1.0,1.0,1.0,1.0,1.0,1.0,1.0,1.0,1.0,1.0,1.0,1.0,1.0,1.0,1.0,1.0,1,D4::D4-Q183,1.0
D4,D4-Q184,conditional_exception,normal,advanced,768,175,537600,4.160682439804077,15.521049499511719,1.0,1.0,1.0,1.0,1.0,1.0,1.0,1.0,1.0,1.0,1.0,1.0,1.0,1.0,1.0,1.0,1,D4::D4-Q184,1.0
D4,D4-Q185,procedural,normal,advanced,768,175,537600,4.160682439804077,14.866352081298828,1.0,1.0,1.0,1.0,1.0,1.0,1.0,1.0,1.0,1.0,1.0,1.0,1.0,1.0,1.0,1.0,1,D4::D4-Q185,1.0
D4,D4-Q186,procedural,normal,advanced,768,175,537600,4.160682439804077,16.73293113708496,0.0,0.0,0.0,1.0,1.0,1.0,1.0,1.0,1.0,1.0,1.0,1.0,0.5,0.6309297535714575,0.6309297535714575,1.0,1,D4::D4-Q186,1.0
D4,D4-Q187,procedural,normal,advanced,768,175,537600,4.160682439804077,14.16468620300293,1.0,1.0,1.0,1.0,1.0,1.0,1.0,1.0,1.0,1.0,1.0,1.0,1.0,1.0,1.0,1.0,1,D4::D4-Q187,1.0
D4,D4-Q188,procedural,normal,advanced,768,175,537600,4.160682439804077,14.099836349487305,1.0,1.0,1.0,1.0,1.0,1.0,1.0,1.0,1.0,1.0,1.0,1.0,1.0,1.0,1.0,1.0,1,D4::D4-Q188,1.0
D4,D4-Q189,procedural,normal,advanced,768,175,537600,4.160682439804077,14.328956604003906,1.0,1.0,1.0,1.0,1.0,1.0,1.0,1.0,1.0,1.0,1.0,1.0,1.0,1.0,1.0,1.0,1,D4::D4-Q189,1.0
D4,D4-Q190,procedural,normal,advanced,768,175,537600,4.160682439804077,15.625,1.0,1.0,1.0,1.0,1.0,1.0,1.0,1.0,1.0,1.0,1.0,1.0,1.0,1.0,1.0,1.0,1,D4::D4-Q190,1.0
D4,D4-Q191,procedural,normal,advanced,768,175,537600,4.160682439804077,15.149593353271484,0.0,0.0,0.0,0.0,0.0,0.0,1.0,1.0,1.0,1.0,1.0,1.0,0.25,0.43067655807339306,0.43067655807339306,1.0,1,D4::D4-Q191,1.0
D4,D4-Q192,procedural,normal,advanced,768,175,537600,4.160682439804077,14.564037322998047,1.0,1.0,1.0,1.0,1.0,1.0,1.0,1.0,1.0,1.0,1.0,1.0,1.0,1.0,1.0,1.0,1,D4::D4-Q192,1.0
D4,D4-Q193,procedural,normal,advanced,768,175,537600,4.160682439804077,14.852762222290039,1.0,1.0,1.0,1.0,1.0,1.0,1.0,1.0,1.0,1.0,1.0,1.0,1.0,1.0,1.0,1.0,1,D4::D4-Q193,1.0
D4,D4-Q194,procedural,normal,advanced,768,175,537600,4.160682439804077,14.124155044555664,0.0,0.0,0.0,0.0,0.0,0.0,0.0,0.0,0.0,1.0,1.0,1.0,0.1,0.0,0.2890648263178879,1.0,1,D4::D4-Q194,1.0
D4,D4-Q195,procedural,normal,advanced,768,175,537600,4.160682439804077,14.151573181152344,1.0,1.0,1.0,1.0,1.0,1.0,1.0,1.0,1.0,1.0,1.0,1.0,1.0,1.0,1.0,1.0,1,D4::D4-Q195,1.0
D4,D4-Q196,procedural,normal,advanced,768,175,537600,4.160682439804077,14.148235321044922,1.0,1.0,1.0,1.0,1.0,1.0,1.0,1.0,1.0,1.0,1.0,1.0,1.0,1.0,1.0,1.0,1,D4::D4-Q196,1.0
D4,D4-Q197,exact_fact,normal,advanced,768,175,537600,4.160682439804077,14.303445816040039,1.0,1.0,1.0,1.0,1.0,1.0,1.0,1.0,1.0,1.0,1.0,1.0,1.0,1.0,1.0,1.0,1,D4::D4-Q197,1.0
D4,D4-Q198,conditional_exception,normal,advanced,768,175,537600,4.160682439804077,14.469385147094727,1.0,1.0,1.0,1.0,1.0,1.0,1.0,1.0,1.0,1.0,1.0,1.0,1.0,1.0,1.0,1.0,1,D4::D4-Q198,1.0
D4,D4-Q199,table_lookup,normal,advanced,768,175,537600,4.160682439804077,14.199972152709961,1.0,1.0,1.0,1.0,1.0,1.0,1.0,1.0,1.0,1.0,1.0,1.0,1.0,1.0,1.0,1.0,1,D4::D4-Q199,1.0
D4,D4-Q200,table_lookup,normal,advanced,768,175,537600,4.160682439804077,17.325162887573242,1.0,1.0,1.0,1.0,1.0,1.0,1.0,1.0,1.0,1.0,1.0,1.0,1.0,1.0,1.0,1.0,1,D4::D4-Q200,1.0
